Date,AAPL,ADBE,BBY,CAT,CHD,EL,ETSY,F,FDX,HSY,IBM,LEVI,MA,MBG.DE,MDLZ,META,MMM,MSI,NFLX,NSRGY,PEP,TMUS,TPR,ULTA,UPS,ZM
2019-06-04,0.01515201557722956,0.015937790113577766,-0.010043613908721216,-0.009579740973553852,-0.03275252909561499,0.009576228259136288,-0.018484928189361094,0.010825723397220433,0.02615825857510168,-0.01538697681572998,0.013026329300476869,0.019769613218653337,0.007131847922194456,0.0198278945613084,-0.010183195568039372,-0.0010243162843708298,0.005123584852825713,0.010456327866346982,0.02838499695172536,-0.03682916050129159,-0.02073455071726049,-0.0013511808696173855,0.021246330507643352,-0.006520112296069636,0.01606865160635995,0.015985235239394324
2019-06-05,0.007981206823434395,0.007282282126233053,-0.019422368193769857,0.0003570882500927297,0.017267529605202725,-0.0037303814617652975,-0.004243460030933566,-0.02227502286052019,-0.014427430097896266,0.013471028173764221,-0.01720537171560954,-0.01514480286702391,0.020251449986963932,-0.019071795723289986,0.0071813442613795075,-0.0041619675267075,-0.010840237021542354,0.01535046366063364,-0.0015687108091895219,-0.00268369901267973,0.009812798098916664,-0.000235003395303357,-0.0041685116973431136,-0.0023501174877997855,-0.0025299927627593366,-0.017051834045232583
2019-06-06,0.008546167482043732,0.0009742957755185522,-0.02068777647578468,-0.003942628787207747,0.0042511706713901365,0.017041903298970373,0.001507890128471745,-0.009202700988066304,-0.01710744687683674,0.0029082064746188685,-0.0005838210044388781,-0.030045753577669587,-9.040704989526915e-06,-0.021432136611370223,0.0036868587619851567,-0.0051840874262594205,-0.0008258593991927743,-0.003956547888762207,-0.0022000350009541148,-0.0014800306250166706,0.005709429111176112,-0.010592371568846737,-0.013577248917185591,0.0023092855197708317,-0.008273680869083866,0.011675784001461631
2019-06-07,0.016119233959311696,0.001729435064025342,0.01229499711882287,-0.0018260762645252449,-0.008441381347034094,0.006348325032709656,0.020651436392716382,-0.00947224988946438,-0.003038312584595193,-0.004887203494393644,-0.0022539091919979715,-0.0032931751358269423,0.02041411209375643,-0.0043684842723064055,-2.2537983853210264e-05,0.019324851468757176,0.000976357235917158,0.00565328812396082,-2.5305442814316237e-05,-0.00024317572783649766,0.0007921168297397863,0.0037221500194333235,0.011116437922063627,-0.01687381181006664,-0.008150992321054096,0.17356377415250157
2019-06-10,0.008119409375086706,0.0031771450897504216,0.018409846263214735,0.005624524818986121,-0.013508672895996665,0.0018991000008501402,0.01756562750852897,0.0014875136614893592,0.01951428677429079,-0.013862200919214085,0.006066782896823497,0.02776741611351996,-0.003531401837309822,,-0.0015130910444542955,0.0038197486242226297,0.005423432594531041,-0.017314605384342263,-0.029211864865047565,-0.007392828975925636,-0.0037610637634326594,-0.009333296910926325,-0.013916221691200104,-0.007942561196031206,0.01427505652708394,0.07986942592414503
2019-06-11,0.011929392369382952,-0.015167014108216526,0.0054117320608121355,0.01259730522593927,-0.0074127872492931735,-0.002627463320952761,0.02898259829538985,0.010533253666761833,-0.014479654470142544,0.0009346988727224614,0.009330152278918091,-0.03383004703199344,-0.00881920281376769,,-0.003340916628358004,0.01911226995144044,0.004033927309968877,-0.005532310713607602,-0.0017523700359105554,-0.003271332430146434,-0.002569481021028275,-0.015432310606689259,-0.007991578899725127,0.009132025554851597,-0.00044929901534351835,-0.069552053621458
2019-06-12,-0.001145061349379417,0.005117423095359452,-0.006728858315161679,0.0006233669118643759,0.0033414427391231794,0.0002343661973541744,0.03165945848867269,-0.005018766793461249,0.01414223132001613,0.012270164619197832,-0.00590642125784302,-0.01135341360855835,0.0027576297986988685,-0.0058025615777181905,0.012409908559950278,-0.015143976090745581,0.002629690352031977,0.0067088368395806786,-0.01421769923308236,0.0033147027178190847,0.001586931366850397,0.0009775068695758726,-0.027908789377656062,0.010302034530876192,0.005937366771033625,0.08530935807591677
2019-06-13,-0.004303265823542679,-0.006047997979946151,0.01746973619000003,-0.003546542989565804,-0.002144295309949973,0.0003052265257899034,0.008624967460005184,0.01722209347732795,0.022549688235687704,-0.008365579941904566,0.00250144526966678,0.02256285202348396,-0.014140701839028269,-0.00232966525470224,-0.002264203552363009,0.00978511658211767,-0.005043951403707725,-0.009012075242148199,-0.010261326024416428,-0.0094927792701337,-0.00559958488794654,-0.016434786414392888,0.034404126413649205,0.01629229805068433,0.012037921274622665,-0.02180682780420906
2019-06-14,-0.005650778742238849,-0.005699342612384695,0.004497440544979137,0.0020833699100248904,0.004471339184673351,-0.004401236790860574,-0.03050840104343777,-0.006340618604718129,-0.005149012115958196,0.006624677231657161,-0.002881585954762955,0.016248088303713937,-0.0025998260610637924,-0.01406051889812987,0.008930890684333948,0.023361645546678522,-0.011181212987675049,0.004112506458078036,-0.009162123130517785,0.0047675617002285176,3.182929570644255e-05,0.0076556707467103635,-0.011748317185246604,0.015361826624027186,-0.002309387281838937,-0.004926339038572314
2019-06-17,0.005034734691005793,0.003880877746130995,0.0081549993549217,-0.0002244692669333137,0.0012713708170950522,0.0032516034977931874,0.008802705080416029,0.006082444616732907,-0.005975685855749924,-0.005414093939957398,-0.0024117385866391228,0.014889544704250524,-0.004391756273031011,-0.0031461510039977325,-0.00638125125785749,0.04142201688362679,-0.0003917797743542284,0.020833272647235335,0.031123138922888538,-0.0005384726680528473,-0.0025137899791679574,0.004008099194370951,0.003130485346713563,-0.013423973979763248,-0.00309662754826856,-0.022668714893588793
2019-06-18,0.013801111260556498,-0.005435859051878378,0.020599244531196215,0.013923729218857872,-0.02264930541444432,-0.001159551765810507,-0.03177410680057735,-0.004742542424791996,0.006285291674410276,-0.00572348756200447,0.0008793865814096247,-0.012924214297825198,-0.011222264458537023,0.01870934986179118,-0.013187789252426696,-0.012574238195486864,0.020742040839844433,-0.0020880825298388306,0.008821232289172976,-0.005098262785320218,-0.013188539196110516,0.005826913598870442,0.012197570273864367,-0.01822709736500039,-0.0023208750565677505,0.005877328187450903
2019-06-19,-0.005907721858539272,0.049150080110741845,-0.01798899130190501,-0.0008368198820256634,-0.0048190738254120236,0.0008110107115502085,0.014789332281081702,-0.008925774541916343,-0.0016625669571066481,-0.00551675195088408,0.0021473345972242708,0.02229080692861629,0.0011104694974410911,0.008111994092350416,0.006178881353378296,-0.008238277317161646,-0.009443927732552093,0.005797799942800275,0.01493596541251807,-0.005626398501754726,0.002996925598263145,0.021085880507967225,0.00262346657489565,0.027630328934866277,-0.00876125636948022,0.024614194310340176
2019-06-20,-0.0014365771193245447,0.027957828257757278,0.001914926204106937,0.013650111893413808,-0.007241124952058753,0.007989361070367407,0.000654061471874634,-0.009472185190685156,0.0021755718720164463,-0.011357624511877384,0.003439932095480991,-0.033228596550890055,0.017156696983050557,-0.006016730075942833,-0.0022074735838939485,0.0014625857255115005,0.00921020852861476,-0.007550681507503043,-0.004823232925923904,0.008968206902758569,0.00038854237596730457,-0.013943090550540993,0.003651101972542037,-0.008074912652352495,0.008645387452935971,-0.01035114151871619
2019-06-21,-0.00215008635404923,-0.007942719924010966,-0.011169372240784403,0.0032049625460176534,-0.004241106781884274,-0.007758971259180458,-0.04305289359016129,-0.003720725533299274,-0.013635089320766403,-0.0024458360644903365,0.0037800530731008086,0.0003409739856762295,-0.007436886150693489,0.00632284681834594,-0.0025272942817354815,0.009753724519794393,-0.002133048415797867,-0.009348392982322373,0.012211867213035021,-0.002785866761080835,-0.0002315590677649526,-0.027356469483529655,0.015831810394813073,-0.005801107634317182,-0.010636402121854238,-0.016629357622564456
2019-06-24,0.0007256762140382955,0.0035359446363187885,0.0006955092651830252,0.005316894214059786,0.004102349099839753,0.016072027411572654,-0.026392140177921464,-0.0022723080922067984,-0.025180987435924784,0.004065361349006258,0.00280960326798807,-0.030437074850963697,0.0048700760052495795,-0.03575285686737839,0.0031800789643818828,0.009370224210827116,0.0019049169923073261,0.004881477256920341,0.006688379253833254,0.004536223717845456,0.0030756008544761126,-0.0003816405407059964,0.003966360622615683,-0.02432131294815809,-0.022247483223074127,-0.10835069907707773
2019-06-25,-0.005660954747003011,-0.03018744595587275,-0.0065105476013817,0.004584801605865163,-0.0016704710436554748,0.009713670486195869,-0.023977705259628057,-0.0015587644504448939,-0.02108152035551969,0.007677502104965761,0.002391757973091213,-0.0052236831879132195,-0.011498521011654272,0.005936832054166952,0.012207359686638442,-0.010025876417956492,0.0017101201799417654,0.0009220051220083514,-0.019449304187254435,0.004096183015388388,0.0070363558141586235,-0.0032120468986520656,-0.02872016179010528,0.015700569570519574,-0.016476499201648176,-0.03949146423118577
2019-06-26,0.022862853794623827,0.0038383717069552237,0.027593224161120977,0.012003497618401804,-0.0326437807206843,-0.006648600726650189,-0.021908974222732414,0.008347854911931352,0.026493408548518005,-0.02099636823341222,0.002390440879628919,-0.0006936179011981514,0.007278812327433437,0.012265576778017762,-0.017151227307404926,-0.005014714901744988,0.0003621455327482703,0.005436483821643634,0.006507384986447873,-0.003129130838047667,-0.009901198835344127,-0.019414912962447683,0.020439339592043693,-0.009864735807776026,0.030473201547650985,0.016522691493222164
2019-06-27,-0.004123449847754923,0.011797528749542208,0.0010195520332341168,-0.0012336177579295171,0.0019524722115418225,-0.006289072802275419,0.029311350287092308,0.02544026280947409,0.017375007986022206,0.0016183952084518616,-0.003823175554131808,0.013559688543564041,-0.004588723793935712,-8.195360357543535e-05,-0.005299031276712829,0.005981683606424593,-0.006033993793125081,-0.005521393400567232,0.01776704129591833,-0.003141372693679534,-0.008584498525523121,-0.00040059668049519104,0.004623767618841201,-0.00556323149859872,0.013481836042643636,0.04181559113699107
2019-06-28,-0.014869227259055151,-0.0009148960785991811,0.012644842922784783,7.285388004119042e-05,-0.006851512394851378,6.541937426640665e-05,-0.021633040645502977,-0.00281616912867233,-0.00036898152943076745,-0.012059264894173083,-0.010233344472641237,-0.014774768613709077,0.0073794728667619935,0.007287214180068835,-0.009822262946205251,0.012712288301007124,0.004971474097467787,0.007183105409994006,-0.013054368086001356,0.0004704937842932022,-0.010009805537689709,0.005840424824422374,0.016471798569445584,0.0019992536014368234,0.009680134560867915,-0.022152664576250314
2019-07-01,0.010668302932467899,0.013776901259121122,0.031048573991387052,-0.005397602020053682,-0.0009654207862290765,-0.012478190747744144,0.003571017420075373,-0.01549261167422944,-0.015102710130962427,-0.006030776750435507,0.0066857666538695515,0.010047733537360326,0.0007953578027866115,-0.010022773276745278,0.007355555600903285,-0.007672301032188189,-0.0009228047642590997,-0.006712544165264678,0.012146948442813166,-0.019857856171501265,-0.002029146591832065,-0.007537553221438786,-0.02122411556778081,-0.026439084423813597,-0.010577159898094601,-0.029408986303899542
2019-07-02,0.0029264687136296708,-0.001532593355839218,-0.01383531391217152,-0.0084187547241793,0.001286920299333083,0.006784751889360452,0.006417636334990151,-0.0058837656920516235,-0.022440764281286052,0.010777475285117744,-0.0004971670933160421,0.0022484136753893047,0.01131642766737917,-0.006308566643611457,0.0014582486312315623,0.007434614653145877,-0.005735673904594951,0.005580600633983579,-0.0007124242020519755,0.013519951510805317,0.0013183517506278886,0.01500857557316837,-0.033599010730963386,-0.0001371814258641635,-0.01234846748205487,-0.02284527238497247
2019-07-03,0.0006143389401713772,0.006628020640494503,-0.0030658953747930706,-0.0095863866600433,0.008303846165406137,0.003360369319198364,0.01850896560579729,0.00023280315784868222,0.0025283775586040225,0.006362285738957585,0.0017412660496927135,0.012458785090751823,0.0016041965140094483,3.651383108560502e-05,0.00797853668241899,0.0036097066621669782,-0.002155937025313026,0.0045666571720903715,0.009081786676069736,-0.007479917276783876,0.004107710477452287,-0.0031678718008272266,-0.006353905133854143,0.004339475734124187,0.004092227651815827,0.054820278045659254
2019-07-04,,,,,,,,,,,,,,,,,,,,,,,,,,
2019-07-05,,,,,,,,,,,,,,0.0035393347282702825,,,,,,,,,,,,
2019-07-08,-0.015778736218637124,0.0013483810644765448,0.006365483384725978,3.797073690525732e-05,0.0013374289510387216,0.00429594302250591,0.01477550528785998,0.004835444424841517,-0.002264265774757912,0.007222007679406284,-0.0008935940835214096,0.04614639386041919,0.0027014300482376408,-0.006158007969371604,0.0037542769069294213,0.00157690213449857,-0.011501899675272598,-0.004481711156698598,-0.006700468661609893,0.010548047743669686,0.0013774230792638065,-0.0030354640980968517,0.00549659962085669,0.027273449818300266,-4.636477045361076e-05,-0.0073543155954858275
2019-07-09,0.004863023511601394,0.0029889769134316957,-0.0031808476564429977,-0.005315461150873335,-0.006366832387847077,-0.008524251256110449,0.04328771078980753,-0.007118925474320026,-0.011372194283864157,-0.001019877178662476,-0.01005779219741576,0.019030729128372448,0.006542672947822847,-0.017910107303386047,-0.0023188133295443114,0.016387087387083055,-0.02186426196192648,0.0063939251861635515,0.008785744450294342,-0.0026806305008978404,-0.0074225289246426795,-0.007583321864242709,-0.02172562451945914,-0.013173361031050823,-0.0031007390920481104,0.0006364946536996374
2019-07-10,0.005378015702189876,0.0046280305361952045,-0.003536615732802506,-0.016797322031160244,0.004717328239928209,-0.0023899442602242083,-0.010642960896353193,-0.007469310642873039,0.0005145825847121532,-0.004871592921134149,0.00367137338605672,-0.12454444841515722,0.0029525111040942242,-0.020210880864629188,-0.0018022394728052227,0.013159067124268953,-0.0045106896075925995,-0.0022800479504037074,-0.0016944223078907417,-0.0035464612512947635,0.01575645537537196,0.04179662805327222,-0.03082633055391193,-0.008183780571042742,-0.005592157780994422,0.015174792736186271
2019-07-11,-0.009567613029544786,-0.00026556716770764766,0.02301729718143042,0.007666749337871703,0.007530515210248945,0.007427675751320528,-0.024256621042709536,0.005627774372596317,0.014028679842384761,-0.012965679985188938,0.003196350507923107,-0.029662646496205314,0.008391006459538941,-0.01015438097207122,-0.018492519484107905,-0.009684263442782837,0.017871920805238917,-0.00029376991830831756,-0.006222174696075111,-0.010761468448218348,-0.002731538799948696,-0.006990741519335764,0.027514054125318044,-0.002918870784927363,0.014542245231592421,-0.01652163395843964
2019-07-12,0.0030625679397371375,0.0012966241780756338,0.009210193529295196,0.02822494246524232,-0.0020906599546886007,-0.0006968435079666158,-0.010621088572623671,0.024820531835682225,0.025330199899466832,-0.004036717673196577,0.0059997344494648885,-0.011039862630638275,-0.00023691300260986203,-0.011265203655073774,-0.00626758768743485,0.013468688659591166,0.020817580838532912,0.00245294857769518,-0.0210892124249632,-0.005688716869422739,-0.01258434370404471,0.010585456910607416,0.01624108590721951,0.02249955386344471,0.02034871617723688,0.016167587970269404
2019-07-15,0.009219005963113647,-0.002308904009822421,0.009587456242992953,0.009075549798126303,-0.0003082945263087611,0.002393605425062839,0.014530084369994034,-0.006848854749140987,0.0023917668857855734,0.008572323448514885,0.0038874987824226714,-0.00017586919155743175,-0.0007835360694369298,0.003708274264503819,0.00275768888886585,-0.004861866252919511,-0.003060695557953519,0.002842468595925185,-0.017992370248072653,0.00828459289938488,0.006351612504879034,-0.0019380553570776948,0.01333768359130838,-0.002168130319739281,-0.0013094815605598775,0.06949186700770249
2019-07-16,-5.587030612796973e-05,-0.006506823439889953,-0.006132654298843798,-0.0005351058305180789,0.004333743457880068,0.013121422799292404,-0.017038691422889496,0.012040874694157822,0.014660806454632302,0.0182917246028913,0.0048689241804200645,-0.012500801950582563,-0.00643987397198309,0.009852860414500286,0.004683451020999874,0.0030606255329688192,0.02452180507671664,-0.003945653153005546,0.0017398171411572294,-0.0010320214841555986,0.0007949779577689498,-5.512177549960029e-07,0.018037823373506123,0.01706779103123579,0.0017028220317314435,-0.02365037473506859
2019-07-17,0.000907635473476609,0.018601908581093785,-0.0008234960204082098,-0.01762554507954761,0.007327143988768325,0.009809540709299958,-0.005772150400202403,-0.010595412793816372,-0.02138567842272654,0.04413004478046312,0.0033266575104528018,-0.03942844578692817,0.001687360353063827,-0.008206244870588963,0.008722152429816,-0.003476646377483239,-0.003781081547120424,-0.0014556157967233752,-0.00316846275336391,0.01970439291659165,-0.0010923312435091592,0.005139701666531105,-0.023276365760753537,0.022756921621452042,-0.025473627993368497,0.033616773169262926
2019-07-18,0.0077777628147643885,-0.0013518937368732775,-0.008836169182402709,-0.009770807630773093,0.01259636035930356,-0.000894243165697528,0.024484839659782542,-0.010358211120652383,-0.0015827285557650228,0.008702324274660889,0.04226951555746017,-0.029521649327388544,0.001866600604020885,-0.019840282152946753,0.002612321756427116,-0.00863648983565768,-0.012799385439305144,0.004410218077146144,-0.10630243774778703,0.005691326983985778,-0.0028288952238477716,-0.015744620765472672,0.0007125209259530862,-0.004073340850638485,0.001993888576047542,-0.04910491729384037
2019-07-19,-0.008750763533025618,-0.004175405551033351,0.017959003653979733,0.023881702351818856,-0.008308407487782166,0.009278246426746795,0.016146083545817924,0.0003287659201363091,0.01675887873816595,-0.009551911641765276,0.006511338247558451,0.0251981981890671,0.0019132959170958808,0.007498812406658062,2.054836647769065e-05,-0.005876317810886045,0.0035763978868081914,-0.009040014586900402,-0.02491086064378978,-0.004716422543281751,-0.014819508651955582,-0.000748937542814132,0.0028874648503952605,-0.01897274711339425,0.011137403210395358,-0.01283792186514987
2019-07-22,0.02002525377023212,0.002645912255763827,0.01042241424118795,-0.010095813272233523,-0.0049470876648847195,-0.014304583927714942,0.03786986798966918,-0.005813778429521688,0.011650796267733465,0.01012075991892658,-0.002428278235485859,-0.019895139369444426,0.008093240938101598,0.010375482636223454,-0.007383157990650369,0.017135099324573577,0.008932244180551718,0.0035062745484293334,-0.017046402022951712,-0.001200692739373288,-0.0013682122000628905,0.00014168896900468297,-0.03286167974771392,-0.014173198536827858,0.003947177576566041,0.03240369973363766
2019-07-23,0.0009700804306713717,-0.00901887446329519,0.0038527024301211465,0.014300111139785798,-0.011624562727737375,-0.0023948325263376535,-0.0172078955895536,0.008122754633442586,0.018041731250286297,-0.005283621544428074,-0.0025733108964975937,-0.003048948070962787,-0.0055556075362810375,0.03670180025447123,-0.004102434057260851,-0.006649778249395055,0.00964349036227441,-0.002023707168352429,-0.01753580697631929,-0.006465035408934172,-0.0033166618152746796,-0.000666824139863964,0.015268737554335665,-0.009567476835685484,0.005266786816628732,0.0006005491286742437
2019-07-24,-0.005501792500872238,0.0030745650942565206,0.012956582165031927,-0.04951073290147745,-0.017888313936511246,-0.0048462686953290035,-0.0012967684487827924,0.011044116071976084,0.008202776620470864,-0.0082861798463022,-0.007015699893904936,0.035311472309203396,-9.951565101884441e-05,0.01966389726168316,-0.011441115802669155,0.006677723381181444,0.0060146118592947495,-0.023482269992646243,0.02993603360336472,-0.008224298412260245,-0.016390622358073204,0.026921788931425272,0.020611446767746733,-0.001989172887154167,0.08194631936735197,-0.019576708968697232
2019-07-25,-0.002644822582695827,0.00029905296488086375,-0.004883793973219586,0.026489176433307393,0.011612862171356153,0.005737277575968869,0.015255057778331804,-0.06927755269128777,0.004466714893074708,0.025431249224619035,0.007662225662297906,0.009420292532601127,0.002050765089261719,-0.01424373280923652,0.005078768694784852,-0.014037933408864611,-0.0019270171034003747,0.013258175522118054,0.03205988716056074,-0.004520870739523231,0.003559653739613089,-0.003421343404301558,0.005911975842144757,0.01002239636222424,0.03900656305655914,0.017457503835926924
2019-07-26,-0.003909759801242529,0.0008394910241651399,0.001435367083194361,-0.020675492923525662,0.010872026620588615,-0.0003707043372376262,0.02360310112226882,-0.006341732566016667,-0.012675946870861932,0.014386334494913333,-0.0009381042194573919,-0.004799539224015659,0.00234919231045283,-0.004900926132906047,-3.598279117689174e-05,-0.012170658879253171,-0.030685549340954132,-0.0004616804925881013,0.02116095832662679,0.007722699436793157,0.009900306498495937,0.046923326140663635,-0.013877092816460546,-0.009474404326249686,0.012316346860109517,0.0450270582149368
2019-07-29,0.010954591739929409,-0.01139505876618696,-0.00031310754833124843,0.013202147553955212,0.005308289303280311,0.007850782652504051,-0.02293931650748704,0.004750989475128087,-0.011759661021604417,-0.0034170613781919768,-0.0015551337977206536,-0.002514100684899767,-0.0006174131258348536,0.003579999068877404,0.0025281555218577,-0.017457806045189317,0.017595061329333195,-0.006202704904122225,-0.007556518228187148,0.015070231915996324,0.003978773329184726,-0.02057974437102561,0.0012894919277225414,-0.02028396421355616,-0.013560762559974182,-0.05445038146566816
2019-07-30,-0.0017137605148075385,-0.009074188513467973,-0.005153407246158537,-0.008651781686083604,0.00927853621434116,-0.01345790425476101,-0.013625087881427134,-0.002629762473927877,0.0013622448186237923,0.0029066849578874843,-0.004777952173871447,-0.021786447875035697,-0.00907572418215552,-0.022797948879424212,0.0016674450607732094,0.008192674635828845,0.0075005759035639,-0.0138343935426124,-0.01777006596915487,0.0036142989933637404,-0.005404426993701916,-0.010531291595473391,0.004211858774990529,0.009801374600300616,0.011505100693756432,-0.007579978282362454
2019-07-31,0.03129000109130431,-0.004856896052608861,0.004781664374542971,0.0012576022514773078,-0.004643415540711904,-0.0144613584229758,-0.0035262879598570995,0.008791418405124762,9.581194976038265e-05,0.007470641906552999,0.0006700891280638777,0.023637928107435813,-0.01028943731537224,0.0035824445280542294,-0.013197702043163284,-0.0033756733705968545,-0.005497048764094181,0.010644832803548221,0.0018652232332330154,0.008628356838040308,-0.00957740333171997,-0.008425488734791098,0.01969209835585295,0.012663901778886433,0.008047656994555008,0.011095016875167896
2019-08-01,-0.01264048029681808,0.007593510691123018,-0.09893259644525765,-0.028063271073750284,-0.0057149451803726325,0.0012350004716024099,0.025710265112307007,-0.014086404859029233,-0.03333992152147924,0.008669036289517429,0.0230297553207931,-0.030350326941989136,0.01594032404775836,0.006972854254928329,0.011616202291361177,0.0012760353425760318,0.0012150973533279208,0.001768023650382644,-0.0018064640561373801,0.01880266522391938,0.003756650412200413,0.0037307027393498338,-0.04467093650004628,-0.0017098395859461712,-0.011843111994146005,0.004706011407742294
2019-08-02,-0.013875295013647815,-0.008566378648333983,0.011091022927949057,-0.010463199238987642,0.007148046356027837,0.004218861335275159,-0.11643314473228061,0.004060388692681771,0.009854587089096478,0.010052027886607418,-0.013140167068362074,0.03841321034296774,-0.00989664116147726,-0.026370993811008603,0.009706389255260017,-0.011966877365094053,-0.008926305245671395,0.03957217693374848,0.0051856713457076875,0.007469447159166531,0.013417669908799335,-0.012638982300025692,0.02368164597152056,-0.017289690717481765,0.009163012568307094,-0.007859161598897213
2019-08-05,-0.02256990666945624,-0.015675199955163754,-0.005097549910851318,0.006572371850402603,0.027355799336177378,-0.012153936600466375,-0.06685591883865705,0.02438987275392368,-0.009738769469348929,0.010120458795306875,-0.014296966589212423,0.017065889236205223,-0.01702128385222279,0.001253696731066678,0.0011322619141326262,-0.008789651369327967,-0.004464499077569295,0.021840328532037212,-0.005350585487507775,0.01017730763758018,0.002260505972171978,0.009965661673546289,-0.03442382082305784,0.009363676659828624,0.009727160049389783,-0.01260954990386809
2019-08-06,0.005913124117999047,0.007849035081353817,0.010569302490091026,-0.009482056025237107,-0.00600305581563787,0.015626401147960323,0.013864718088797412,0.014068439126121879,0.01197387037996367,-0.004634445091528772,-0.013230217278443202,-0.019991136495719486,0.017507808154915594,-0.02792537614167112,-0.0013357430815039706,0.002280362344301068,-0.019088196336506935,0.003873915593687549,-0.004987899831567777,-0.008732962695901847,0.0034623367975050723,0.001289471652338614,-0.011580145958416832,0.017697175841954627,-0.011711076581476076,-0.004766400115339797
2019-08-07,0.009587962348529988,0.009051081359092716,-0.000618898444008309,-0.011415879404717333,0.015573664370406748,0.016107378715589205,0.011329205930113773,0.004507752724367986,-0.004054965985501924,0.014129938518565588,-0.012278330550484773,-0.03210121644956043,0.016726024236354275,-7.35997104699404e-05,0.010400690533370671,0.002701899492680404,-0.0011945762101142066,0.013337224794360392,-0.019502747568287404,0.01629633113545359,0.009750868013352232,-0.011118865853580462,0.009993587436936124,0.009224877348216864,0.0027982746159411764,0.021570806352781746
2019-08-08,0.0032941506130568232,0.011547052685142445,-0.0010397955752479149,-0.008495545742708499,-0.0013662633817548286,0.002268400616134203,0.01655698830840069,-0.015614410567561077,0.003458653493374708,-0.005919070806985394,0.0002208408518227234,-0.03660968090877237,0.013654073142947754,-0.006294090530820862,0.009878844727958747,0.008296769005830651,-0.015217799847029978,0.010317869329219853,0.019392064643290352,-0.006552400153573501,-0.005536260343915078,-0.00019539179976346688,-0.008471458835358492,0.008472380216102193,-0.00021958453624915109,0.01714899788170654
2019-08-09,-0.0016238006764681678,-0.0032900771668856743,-0.01587644052016124,-0.015019299341913372,1.0561624684823911e-05,-0.008509362631271888,-0.021122893730453618,-0.004889980825942719,-0.006170485502069223,0.012503981795149777,-0.021720260013509907,-0.009283460718306435,-0.004497275558498992,-0.022345821396790422,0.0018850907713855447,-0.005531027234554231,0.0020497246957439375,-0.008797132788150086,-0.015447353764523886,0.01757424943000574,-0.0001031094295897983,0.0017385491273640419,-0.03131780668290485,-0.011341687845275894,-0.008696197027461272,-0.009776833656101935
2019-08-12,0.009779746245539678,-0.008643885830855846,0.0063788524215947495,-0.009964417284830884,0.01648990201839151,-0.019761629184129048,-0.013555424172850383,-0.004613666907865577,-0.008160215203125487,0.014953952734465092,-0.005753527900846489,-0.00037733894591418515,-0.005685794320351101,0.006915707894816103,0.004271936207238758,-0.000884719888064156,0.003936317385511923,0.008006602575482358,0.018467600112004767,0.010859903446493901,0.010373368954697315,0.00483544443783035,-0.029304021809791303,-0.017074088501648155,0.004887647995947431,-0.009338658206546002
2019-08-13,0.027216773875179623,0.0005274823926151306,0.04953390244114386,0.004487871848369851,0.0033073181724170286,0.0021424884768306285,-0.0011240397745282404,-0.01836083344153039,-0.00436401340982151,-0.018530881038437585,0.0007283041075980545,-0.009287182123575821,0.0016461341926992112,-0.0033253147492269264,-0.009232958509626243,0.0014837138044150322,0.0020183263237121274,-0.01222635497720459,-0.010466744239901793,-0.017685658665568926,-0.0028217553908671533,-0.006293525594049054,0.002392396820467768,-0.0011945027844530998,-0.0069500827529089815,0.020567022131380286
2019-08-14,-0.0004724626152642353,-0.0031457958144189835,-0.031304657365617716,-0.002637160347948142,0.02248973900472173,-0.002069575818574254,-0.022734542361899646,0.00121492050024119,-0.004721409180928449,0.010368567665412831,-0.00414125874932969,-0.02648880278549226,0.002410350761362867,-0.0013956829452571595,0.004187468889700785,-0.017085457800676385,-0.007521847660080239,0.0007781531947809173,-0.012880979499734102,0.022525464865911338,0.023058671893574023,0.02040310798128242,-0.03472836175997163,-0.029910094345995453,0.013839180040680077,-4.1930292926095625e-05
2019-08-15,-0.007445294256809842,-0.005813390902806859,-0.04785791524731986,-0.0021171858302200253,0.014530755847757648,-0.0006939329948820738,-0.02384960233598088,-0.018019942287265667,-0.01691031228222195,0.017743231186455377,0.0026403689626275373,-0.0104641875838265,0.015278514436056323,-0.026660773195043008,0.008437954596930863,0.01356154524339237,-0.00583216559726385,0.0035582708027206422,-0.01366413069803718,-0.0002545178889821198,0.009927364343420786,0.0019552333949905965,-0.22446433204972494,-0.004208808708629497,-0.0036917737733762612,-0.024158840106736634
2019-08-16,0.009168365957875624,0.0023402468721007708,0.009819237196095676,-0.004187678196415634,-0.005437620845918367,0.007177775486111981,0.0029786624590644184,-0.003139634208700448,0.006382497415609034,-0.0148121265804122,-0.0004781689738446726,-0.0032599688305938734,-0.005341506882810432,0.0032151709718974963,-0.00029449351426857895,-0.008346892757249202,0.015285725127853755,-0.007103187395047339,0.009376974745004096,-0.0034934759324674047,-0.006470143946537332,-0.008214064314191472,0.011795050826058917,-0.00946420877409615,0.006469705118575586,0.006425589843243706
2019-08-19,0.0065381892642333295,-0.01029689352655927,-0.0001938389865505652,-0.004118110813296605,-0.01223101479471811,0.11304784813981517,-0.015907438589164324,-0.004293414773868687,0.0027017879203643513,0.002883992256772272,-0.0025366446981476276,-0.011492317016372766,0.0014165222740736283,0.005471989877753769,-0.01173916039683398,0.0013398418927379474,-0.0031276478289774534,0.00837650292621861,0.00962461745919252,-0.003836326535827883,-0.0059582987104589424,-0.005932054542721277,0.03849545930790632,-0.002106793254101902,0.0008171236159009165,-0.005189196324683509
2019-08-20,0.007962158898068283,6.665399608618561e-05,0.004594414395234447,0.0020354343208965897,-0.010281103471414088,0.010642091225525396,0.01707327642070422,0.00016283813698381167,-0.0076876525999982626,-0.00026194173756755035,-0.007191933670523176,0.017111630048674886,0.004210575025936358,-0.007215157848359244,-0.0025325778853942937,-0.004761884515816939,-0.003990863138111034,-0.0004531180989856276,-0.025668554017558964,0.0009746788923694627,0.004067608794085964,0.000884066620204349,0.011252471227793936,0.0012428953867289483,-0.007069594720351402,-0.010975414519989402
2019-08-21,0.0025917205275780564,0.012123533203383108,0.019312114649755685,0.00041007593185171665,6.116289517477114e-05,-0.0007295146839658706,0.017466958750723904,0.0006818013251173038,0.006768552677272943,0.006259849686010899,0.0011518640659506918,0.023345022482742506,0.009692824299849079,0.006752738537453062,-0.002504924738224501,-0.009661329062157997,-0.0073769922193338555,0.013476099437470523,-0.012193419882417067,-0.005160926761754725,-0.006126543807335905,-0.0018101081936257035,0.025498705320402548,0.007353079931079032,-0.0005103348250889983,0.00925673942018701
2019-08-22,-0.00034043668293892715,-0.012665798888561786,0.014358709017753712,0.002290623903607125,0.005956376294722565,-0.0051880172477452025,0.021704259669004022,0.0005060748601761755,5.352569368843874e-07,0.0030570004334913303,0.0010273749663922693,0.013462466958280794,-0.0038909944497909077,0.002055219696383892,0.004373538328849458,-0.007720581335738719,-0.0011697824069230034,-0.0021164912397678703,-0.0024488072279430506,-0.0007606692379363844,0.0029241570673230743,-0.004482600620145383,-0.021103089288835752,0.02104731079420641,-0.005618175416418292,0.009859855068816925
2019-08-23,-0.020273991171506522,0.007697527427052875,-0.011699459952176916,-0.006541517337769198,0.015608757328719025,-0.0007618674480392995,0.0023001032309768465,-0.003920940793736616,-0.012826863452547244,0.01742241763072583,-0.009416905406480991,-0.005449187851478854,-0.005680909006227752,-0.004991409466529206,0.009802598597913659,0.002380196560249126,-0.005318972585423021,0.006587637990603246,0.007457073997229169,0.022413116318223958,0.007930199424973527,0.009106301028106278,-0.019636365918683563,-0.012159079856000288,-0.00824941852628669,0.0019795699690760005
2019-08-26,0.008016288386514692,0.011322591285148231,0.010765940167700716,-0.007826756029828852,-0.0027025443865007492,0.004284723105534294,-0.020411686572237908,-0.00528133620484228,-0.007561169601306483,0.0018812864301942511,-0.0077414769131403105,0.017228131177084105,0.0057149385209147585,0.003997499297489826,0.004493118553532627,0.0037004598001133537,-0.009250731030692627,0.006590033155056352,0.0011635982683495527,-0.007073483354728349,0.015654195488573164,0.009675895726813932,0.01708199879595429,0.014226558875527706,0.01669511728690609,-0.00956418508641832
2019-08-27,-0.008080906502377472,0.005662216435040279,0.005716016208468289,-0.005886091610002642,0.010404439821682376,0.005151896180685678,3.0318040942778346e-05,-0.003599710208311513,-0.016207776302229027,0.005277591966572293,0.012280763983098741,-0.021315000528748684,0.003962994825971955,0.008284229731946868,0.002468692961662411,0.008415135543522134,0.0008332745657957386,0.004100126246861291,-0.010187508944648038,0.006553993532649849,0.010829826216542826,-0.00883873169643512,-0.015953800876640334,-0.01632928918185239,0.0011921438829669562,0.0028762541035667333
2019-08-28,0.00016511240761984958,-0.031834846258305904,0.010853887406912177,0.0065076943705031365,0.00047896627322741026,0.0034268353175344046,0.010866995172884586,0.02085186121372873,0.017864352932793537,0.00035633301510284987,0.005576204589625711,0.01739229558688682,-0.0007619827874263407,-0.0025733367514428895,0.0019072537100162101,-0.004008404378365471,0.0050116709738017295,-0.008058122009687696,-0.004002807476344961,-0.003205857718803662,-0.003354789083410914,-0.007323652248408918,-0.0060572513588996735,0.013870296754464384,0.012730824026676357,-0.02366092372142825
2019-08-29,0.004244234005656322,0.003262801858774589,-0.09254260238391632,0.012648016592108347,-0.017047204212016664,-0.00531539288933125,-0.01158310752551972,0.0006460060763715525,0.015188322503270513,-0.02820331261943887,0.003281573366193058,0.0013396010428099459,-0.0014021620672723945,-0.005973476629106189,-0.0053985433495404855,0.008274419839882308,0.005148319377946686,0.0036951340069117933,0.004483748748615568,-0.007289645369603415,-0.006547693132553434,-0.0003593672078145982,-0.02293619676609171,0.008712330519368594,0.004848886989216705,-0.004812413181774167
2019-08-30,-0.0019341515445568946,-0.008039064972804377,0.0018775331334550671,0.009801169870150561,-0.0025189713209319287,-0.028244782260692824,-0.030238385883979424,0.004839539050153441,0.00672475634781744,0.0024588253459734144,0.00417616578739155,-0.026579385205687256,-0.0006780533945053291,0.01650619794447028,-0.0017280944963523615,-0.00010387149995039202,0.007838029420848214,-0.0020228427758901546,-0.010852353321554653,0.004994356314322657,0.0045770125517476945,-0.00012982267168237804,0.01760183666378734,-0.29615327139658343,0.0018071156294499069,0.00816094772693643
2019-09-02,,,,,,,,,,,,,,,,,,,,,,,,,,
2019-09-03,,,,,,,,,,,,,,0.016875662462029872,,,,,,,,,,,,
2019-09-04,0.0061245768546345225,-0.003230134431220222,0.0005484557367783083,0.006845759089270986,-0.0068355745322041805,0.0053489579165821866,-0.01382414111057706,0.0001468916276610166,0.0129076461156723,-0.0016505611143819987,0.005712649863141683,0.01155035741430388,0.010542453827378395,0.011121951779964778,-0.0007775725796814736,0.015200916759951388,-0.0018277275020897044,-0.009050419103765028,-0.0031335664344036562,0.006778267033427987,0.001452647891982295,-0.004618743432011518,0.040527802739246166,-0.047276976739658694,0.007397182267391944,0.0007304895241309062
2019-09-05,0.00654158795149784,-0.0019416694787748323,0.015615382198892691,0.019651780525875573,-0.04655507172837203,-0.0018613689937216904,-0.014006883437608808,0.002207479303776738,0.020436956015945196,-0.019825024406381453,0.021100993776256294,0.0002465658205703658,0.007892200375518632,0.01837524079858177,-0.014077514854114792,0.007082040091247022,0.01297874498439966,-0.04291143506998807,-0.007075389480703187,-0.022891834464242033,-0.029037890069697703,-0.01017514395004393,0.07057550841641858,0.021742819676203062,0.0014709913600889912,-0.02199085019581959
2019-09-06,-0.0010044625170558819,-0.010676018041979152,0.008061261259415753,-0.0032684322484485273,-0.02155584135319888,0.009090544021993718,-0.04322595438432586,-0.0009106051537297599,-0.01227081942393382,-0.009145446176898608,-0.00374800934166708,-0.029352003115475478,-0.003307359695607248,0.0003019714875667212,0.00781789971518232,-0.018773306516643107,-0.0026763437592680628,0.006175641744555316,-0.011413607935043979,0.011719680973731217,0.009311385229833213,0.016049337165134236,0.03268477407272985,-0.016161336039455687,-0.01015165301582932,-0.07945196438930546
2019-09-09,0.004361196299285108,-0.019699681746072728,0.043349623044185215,0.037176119733348,-0.029682055757306647,-0.007779236489422914,0.052615904419856196,0.021507495952985067,0.034381038490280735,-0.017706915037970616,0.01453518943994725,0.06508235922261685,-0.027430271102756976,0.023109184251295156,-0.0025548148423132355,0.006867651050982415,0.012293615978978822,-0.0178120314673772,0.014464889883460508,-0.02554927175426458,-0.006967048538028431,-0.00015852724602083423,0.025420999948261525,-0.02967862920704456,0.013252069395832677,-0.07905365214969717
2019-09-10,0.011490705199764584,-0.011636207980458946,-0.003211897617055315,0.023567887480168803,-0.028296269117424444,-0.029241385174432977,0.0002717308787796302,-0.012900957529762946,0.028586601231915143,-0.023441010590654288,0.016858764152468453,0.018369142794128823,-0.039248110009531656,0.008289150510256693,-0.03838885934596725,-0.014043383755743544,0.01727408527992691,-0.04249634234908528,-0.02189600240988232,-0.020105625018688067,-0.004281252428377957,-0.009800518721367779,0.035906682828947156,0.022935541513869007,0.005759895516626479,0.02129240531155774
2019-09-11,0.02456543626488683,-0.00129072253132545,-0.024326032400755593,0.01426068474209674,-0.003178474360362449,-0.018209452251095937,0.03512138632183026,-0.007229681189480308,0.002639041238966078,-0.016341927642111953,-0.017226455858263323,0.01867433739140001,-0.01596911879955132,-0.00018602950631785298,-0.003916578684587169,0.005232158499919093,-0.01184881278700467,-0.0018778907741656692,-0.006257429439857631,-0.004946524406982622,-0.003549512441147984,0.01012169490771142,0.017005540063085967,-0.02135985273184504,-0.00355316251233595,-0.002749275250611305
2019-09-12,-0.005115258710332249,-0.0020151951651778965,-0.0025844701753294785,-0.012947596139109785,0.007973957229745254,-0.003132697228047543,0.0390802730618387,-0.0039409391378334435,-0.005466041305607794,-0.0021517001447364237,-0.002739560431438637,-0.026024881109593445,0.0210141879489949,0.00941434967632726,0.0026244504045338513,-0.008290724798430071,0.01199477914564584,0.005619180060086881,-0.0008324602108591428,0.007690364029144803,0.003941180040152759,-0.003506074291096728,-0.010637173702746971,-0.011601442330127942,-0.005239633226275742,0.007280674728524117
2019-09-13,-0.01872964897100249,0.001911440845386525,-0.003991034980056041,0.01613254005783038,-0.008498067496559125,-0.011444665779178576,0.03680312251989559,0.004975224903392639,0.004125043242124371,-0.017059303862643094,0.0010722782250779384,-0.029970200305368122,0.00043502271655504465,0.01705598964268773,-0.01259442724309734,-0.0007691416169280929,0.005766107194290826,0.00614117751455312,0.019037827151340836,-0.03317699292398102,-0.005467025861799701,-0.002914706561232494,-0.014912506840741635,0.0038195546915403833,0.0016218250328440265,-0.03214692557782839
2019-09-16,0.00839256779884634,0.0195896426073765,0.023419929419164598,-0.0015737001919686744,0.0086928229808092,-0.008516308432642616,0.020370893236579812,-0.012737127648952407,9.150570154115023e-05,-0.00043215391820872195,-0.005147224569758468,-0.0018645862476566188,-0.004970757632069334,-0.006959241935318383,0.0025808085594010155,-0.002046236813057045,-0.0071886794906290685,-0.002910443202826074,0.0036115322199812283,-0.00862367513709239,-0.00829825770907655,0.0051507245831241555,0.01624102096769464,-0.003079716422992873,0.002320490257716079,0.026217384128102372
2019-09-17,0.0010563420533991064,0.003638902248389142,-0.009692528509986587,-0.009941876181723597,0.0025303252876709426,-0.008865548345931562,0.032169255863566226,-0.0047324391526624154,-0.004137411970779992,0.028828969182233433,-0.004546952526569892,0.016960744153282192,0.005335900065523758,-0.01985532335680318,0.009444166552707856,0.007406364820298883,-0.01201183881429091,0.01434275744164748,0.012063656693998226,0.012622720708870272,0.0034979816108249295,0.00558825674688701,-0.01630189601563925,0.03467710444514305,-0.004050204915959088,0.04663110632360312
2019-09-18,0.009036671237180105,-0.017800281571694,-0.011679640141706304,-0.008665155619020815,0.00048198511402941513,0.003211003242509447,-0.007026029021996227,-0.0035754603391928708,-0.12954060638405185,0.0020151284587053286,-0.00020209733991816137,0.0018477677645110102,-0.004506086936621134,0.0026222247199396698,2.2940501691381954e-05,-2.3723182141166532e-05,-0.004090996057263263,-0.0025338926095581638,-0.023919398574898887,-0.004807912919765234,-0.001816591337293283,-0.0014648343626449956,0.00045245755380940444,-0.019628600255366724,-0.011373146370628695,-0.0014059757626714298
2019-09-19,-0.008145085306865307,0.005485561308183895,0.006532619875333934,-0.007268302083116462,-0.0005695336203227486,0.00466695537869799,-0.006411918594231847,-0.016236168012027652,0.010184884599777178,0.0025934163134269106,0.0052535938345974476,0.010362803083622474,0.0029244949997493386,0.0013522236014107403,0.005828089341997744,0.010610372647540611,-0.002230003927051194,-0.006252802511599764,-0.017031920378602128,0.00680116390200336,-0.00016745170415932709,0.010963485712370602,0.0035540739648183273,0.003163120237961836,-0.015882405705230362,0.000807934117107667
2019-09-20,-0.00972223464414157,-0.007015132391278378,-0.007236430068088606,-0.010167182965134414,0.0053079154984333465,-0.00033972553848049536,0.027580529275403776,0.012587834183032443,-0.019177693753929415,0.008088953781779318,-0.0027283046087617224,-0.008084597117101855,-0.012283540080029298,0.0032087679364760646,-0.0021901720039704253,0.00379107851724092,0.0030405360483524158,-0.0023316258762323683,-0.050407950801429235,0.003967498517934653,-0.0007878994420260632,-0.0001661893714218765,-0.00024894423281529576,-0.0008418394106595173,0.01815933900812039,-0.018621386714810062
2019-09-23,0.004643687959847376,-0.0015942634421015622,0.009682137214027997,0.0021254515881526936,0.007652080568072539,0.005776808825993851,0.002248915201535362,-0.0009933624052661516,-0.020806609945014598,-0.003996064398874233,0.0014359706051693122,0.00557654299794097,0.007398422229769275,-0.02324230448440756,-0.0006352455739736529,-0.016277360739346047,9.693591923765066e-05,0.013694329007973738,-0.01774246187850914,0.005391938151739661,0.005515869284114072,-0.007720433321120268,9.693591923765066e-05,0.03751769027374585,-0.013573415778686204,-2.4019026522381637e-05
2019-09-24,0.003661463949134469,-0.009497416080460841,0.012867054210032314,-0.010505907048930174,0.015096255986357776,0.01877890340344035,-0.05170915452199454,0.0029576954014535195,-0.008196751895726329,0.023745107432187607,0.0056712233878507545,-0.0003032200691082121,0.000984309752282142,-0.00834395793905296,0.016473709125572777,-0.021237885836047576,-0.0036970906827680228,0.012927161016331401,-0.03419040742616153,0.019504938853170617,0.007825721037790334,0.0009127255841342441,0.00881412964330075,0.01756052113151141,-0.00048738714320928356,-0.023053079380897623
2019-09-25,0.009230968397859307,0.012045235770224316,-0.01029410221655258,-0.0012375406369458108,-0.011846210505537025,-0.014466290269631421,-0.039550513304865365,0.0037206384000003645,0.020298583836541262,-0.02087008699920334,0.004287355178363095,0.03342345652964296,-0.00014658307910342394,-0.007588274527804195,-0.0036154169570590255,0.002226155563484822,-0.010650302970176662,0.007964430442872317,0.03374876013651362,-0.022791793890399092,-0.008153254741843252,-0.00048816466574819195,0.002191474246552305,-0.022610895575718826,0.002825175841912886,-0.011407236907771123
2019-09-26,-0.002728769807773812,0.025425726597710807,-0.004541418629884997,0.0006913974957062363,0.019045343765151546,0.012564463935545445,-0.008480146758972351,-0.004092987073068044,-0.01035662088723699,0.008362184044599208,0.005153385539251043,0.011419095984732786,0.0066090088589522145,-0.009355222318754186,0.011488326829404039,-0.01228652309404199,0.00139211509217807,0.006799153361364829,-0.0030102150380904025,0.011536759573140709,0.0070924331368108495,-0.0077203856415770655,0.008343707165395675,0.005698018446473552,-0.0026106261089404725,0.004313357722875
2019-09-27,0.000450335752917419,-0.016775853801320406,0.024880433568736815,0.006898532296437776,0.018982201917023933,0.010384223378549495,0.012853114179797953,-0.0012481471948223577,0.003938727013454435,0.0020755120280253614,0.0031568182739238893,0.0121295839129002,-0.012063193414950546,0.01679528798701513,0.005045646607849452,-0.011395452486304025,0.009589187006715183,-0.007330894969877488,0.004442902550591765,0.0050401005543416755,0.004432444895856591,-0.012911419477442343,0.024132442327804093,0.03955102906538077,0.009537540138761291,-0.04120401220534131
2019-09-30,0.018487797059570488,-0.009695615989966155,0.005498444346498488,-0.007259256077548293,-0.010598646376103527,0.008297644119035885,0.02578615695118658,0.003763286681050859,-0.0008397679033174121,0.0028210183395467325,0.010171635531877943,-0.013896808817811301,0.004018739010450467,0.00024109379826176003,-0.006311269866449365,0.0004858849993254477,-0.005837909066476521,-0.003755081418669315,0.012209446537871482,-0.006429420633146332,0.006014136132326708,0.010553179829954518,-0.0027390230591524123,0.02052522538728274,0.00226617954808761,-0.0029435031667266465
2019-10-01,0.015026311735867881,-0.0005561371969396989,-0.001946257737404089,-0.018934791303769738,0.016511533811222168,0.0037133381335082705,-0.008980578183537258,-0.016126204236113106,-0.014738818904917794,0.011612943620900595,0.00015556052206422422,0.010682436068526147,0.009938371402318347,0.002284380239468864,-3.367061775294555e-05,-0.0004887599923147912,-0.024359576472691824,-0.016906532510394534,0.019582230305368875,0.0008191280791328692,0.01422767299117822,0.005022253457133141,-0.0050160814175091994,0.07345923797068321,-0.021208468997596097,0.007140270941579319
2019-10-02,-0.007164428595883066,-0.004281491314431896,-0.026061104278924496,-0.001791173519017919,0.008506236481720664,-0.00856055280913226,-0.007232410193979688,-0.014680944787157535,0.011831359953651255,0.009252072164401492,0.004190287110704127,0.03263224415412436,-0.005939516262693956,-0.006673159672181628,0.005823987227615124,0.011020783189647942,0.000666116114114268,0.011798401654502522,0.012153492858909543,0.0029723733986162237,-0.007065904247056554,-0.004986923736522875,-0.01569056670693647,0.005872743919605461,0.012981510464430634,-0.007950894727107638
2019-10-03,0.0005227719761007332,0.01355358862381384,0.0018712728337448858,-0.007305015828478201,-0.004097249431165961,0.0007243251565707265,0.02745750407555403,0.0036423697854000014,-0.0013654037221788595,0.0045973766711984165,-0.005642779699599254,0.008224698234278183,0.006433635796585513,,0.002031928129127225,0.019404867582471397,-0.010670079057130577,-0.006451636578306497,-0.007524162799488199,0.0013118545390489178,0.02181768055117672,0.00014215246089244182,0.013450930953116114,-0.02836848664798175,-0.0022448184832395413,0.03238019868945763
2019-10-04,0.013814957144836715,0.0025231819327744542,0.004515908970660121,-0.005886352979139975,-0.002105915953140247,0.008705467663188804,-0.0023931811572905914,-0.010772569927502307,-0.00511402935731331,-0.0011609295352874582,-0.007387104959166724,-0.022443006536010612,0.00728979513187733,,0.0125621988568283,-0.008251950831635435,-0.010415979675854281,0.0072187707067583595,0.003086805018100769,-0.00239039469706559,0.0028209003219423767,-0.0017540669703104417,-0.005511232589783255,-0.04074833046658377,-0.0004983626461751989,-0.018121661930221022
2019-10-07,0.00469832646902657,0.0042616657002936265,0.0034319409519842914,-0.0020484142411164585,0.004478294673592398,-0.0102588747932163,-0.005436743885716355,-0.002386715298604125,-0.0018856504446018718,0.005684957681431069,-0.0074804294289959605,0.02936165499414578,-0.0023450175850252553,0.004364200139018726,-0.011777709501650135,0.00021125243380304415,-0.01028260704263051,0.001981171641247781,0.010600213402457426,0.010600768126797666,-0.009351596883964142,0.01076099907514827,-0.007682820084930708,-0.02684654935004671,-0.011863512452820135,0.010488997558865343
2019-10-08,0.0038459339104321977,-0.006360478949606008,-0.007486410093208273,-0.00339979150498515,0.01056384959572454,-0.01583941413113188,0.0028641255726346015,-0.000568263715450712,-0.010478811694906498,0.006556553228020956,-0.004965874427142025,-0.02541053226127854,-0.0020586595987736045,0.009853588078411413,0.0063001772231059405,0.004819554786173796,-0.0025476547058346233,0.033202002751081094,0.0019341102597882909,0.007447369442687535,0.007609439790073891,0.004475333595279851,-0.005090899231599111,-0.008002522593455685,-0.008926411981153626,-0.028600781269020326
2019-10-09,0.0026156609783916096,0.00359721188443185,-0.002670621882243429,0.003356273023679579,-0.005800715454067351,0.0015253400900234748,0.027030315993156417,-0.006762331113577824,-0.002889807811351952,-0.00788890605007797,0.00021756177616283345,-0.08399899565903268,0.010253774586841402,0.010296453527716798,-0.001956476583632627,0.0027097666318203206,-0.0074458326180593115,-0.007054592458259901,-0.020887893783954947,-0.002226125455063288,-0.004659708709506827,-0.006785328884344022,-0.004238214366226956,-0.00484345170263345,0.0008298258584096274,-0.019024261049280233
2019-10-10,0.007062725800210723,-0.003826925187037311,0.009261912206466327,0.02079474802457959,-0.010235313371264931,-0.01379408986028774,0.0034610393209371093,0.0005935934239491569,0.008736498803737724,-0.007502558989912922,0.004037796742245581,-0.005845616988615632,-0.0005750426701736089,0.019259733293469417,0.0019557788686692668,-0.005414915039113843,0.002326451897092463,-0.012786208170156965,0.04199009326840719,-0.01269333013212337,-0.006125364506428754,0.00014052348428217343,0.002058669340215813,0.00916994912625868,0.006055840529719747,-0.03180683535661566
2019-10-11,0.015659292189033946,0.0010982521993871952,0.031021157108186204,0.0356010286202717,-0.030904989461442267,0.010991351013857953,0.01485291883381068,0.007622563246560077,0.018630811650233836,-0.01727239596104857,0.0006107094005383118,-0.018916156198441336,-0.003343327657500561,0.022438451126419512,-0.021587207942883158,0.012168372901309121,0.027075693147906588,-0.025526437077735054,-0.002203990029088221,-0.016884572335440495,-0.01275187132040434,0.00476974788890594,0.02867724924975512,0.01681699648424928,-0.0045198168281535,-0.0061509712089176105
2019-10-14,-5.222141921579215e-05,-0.0004455369493442385,-0.010262569755801865,0.0012313707010644936,-0.004549180093583072,-0.003874704612294444,-0.001144061074684899,0.005943092312469922,0.009906993894351901,0.0018375389604203818,-0.0036565839111382115,-0.015269867984747387,0.0030903578142322807,0.001493333808025632,-0.009557649519682632,-0.0035534820103357845,0.016630781943974382,0.00025287070698720715,0.010576679247092935,-0.0075848784446771456,6.687265780791485e-06,-0.009929355111526927,-0.026711357186331552,-0.006219736851258761,9.413469500840765e-05,-0.006321296601172421
2019-10-15,-0.012287468244343569,-0.004159665854846617,-0.021306297867746737,0.010686196518649105,-0.021899062216422682,-0.01897921352531129,0.005439346840773185,0.018388621286218543,0.011709651069008231,-0.028233444553643627,-0.00319707171524386,0.0052312734152784035,-0.0020676020822256724,0.010972771027655703,-0.013275557015887118,0.020653292446736415,0.005432620845691405,0.00420696974120216,-0.014438577270028619,-0.008635415002295588,-0.01810419466518376,0.004161069533941575,0.0007373625817717055,-0.014700833768848676,-0.004691099050904368,-0.005577180239560553
2019-10-16,-0.002037547636374204,-0.021945487770263394,0.008917555444411529,-0.004411110770217719,0.004609795173791897,0.010634401503806123,-0.022492313407474485,0.0019995427986508885,0.007400956761916544,-0.004621922011017965,-0.004224213560840795,0.01638352910148988,0.0009584028214220108,0.017608393088614283,0.006255682278813235,0.0054936422671149066,-0.0029089726377024006,0.019971437735951336,0.009141179660128507,0.003035391126317344,0.002659797352007609,0.005385812826543934,0.0012156973733175036,0.0002880587750511143,0.010756472663076111,-0.046094932515521214
2019-10-17,0.001120003340491449,-0.015450847040393345,0.01872511827710599,0.011677399328101634,0.007786176436347825,-0.02891210871122929,0.029175664690231473,0.0016474722826069765,-0.0032271506694507845,0.005156815861162789,-0.0580016708229667,-0.035661221174766555,-0.009087188541059166,0.0038969347127733034,0.003870812099079801,0.0016688304663128317,0.005622954987295703,0.014370943216967413,0.021933228879972066,-0.013864578980699815,0.0011953995904059322,0.010235402408814931,-0.005115776240517178,0.009972944532084416,0.0048114886476642305,-0.012513217720889203
2019-10-18,0.00872217677483289,-0.00989732922829567,0.013078029618770692,0.001401439824315176,0.005682127421073435,-0.007641509725405227,-0.042588394933842366,0.023677911213715985,-0.0013227567327318557,0.0061453636948169965,0.002653300725664165,0.007438569562175923,-0.01734594775345466,-0.010330003266766363,0.0011734729965747759,-0.01992646361957895,0.0012286840300984592,0.00010662978207454099,-0.05761119720696284,-0.0010277841621941786,-0.0012646609959633404,0.010705288677661073,0.00863624563027332,-0.029051262601213268,-0.004865051666387177,-0.010253368246716521
2019-10-21,0.010470928875963015,-0.0019002113452248892,0.0065998656474473005,0.004756798225490133,-0.009443362130220012,-0.005901529040869047,0.0005923711096544881,-0.01890681134012695,0.007336724311009846,-0.0035397702235859807,-0.018133097512445184,-0.012131586174479958,0.006689127884055512,0.009132464967777532,-0.023574949862973704,0.014166726422138565,0.010541158722125576,-0.0013876644921564374,0.003117472635175922,-0.019301152162811586,-0.007825656982328288,-0.0008668599002701338,0.019732552525745684,-0.02612801465751391,0.003098721851819919,-0.01156297772981818
2019-10-22,0.0012821244627601036,-0.017979827396557235,0.01658105183712133,0.014610223341067763,0.01008149227781463,0.00028409698952658324,-0.01727900876607469,0.00799848635145628,0.020603727035137465,-0.021369372087112204,0.013977838494403039,0.03647087805345073,-0.04397025805426624,0.012613505430443595,-0.012485090193087633,-0.03553329411701023,0.013210721680855131,-0.03580413107129876,-0.037287282806884425,0.0033751267037315236,0.007535553079711321,-0.001547587289328134,0.010047178973857318,0.0104109978253758,-0.01685006640582898,-0.05375225251301097
2019-10-23,0.010571578443130836,-0.0019661844187266464,-0.007405211595802652,0.00949470765457483,0.011981928203970149,0.0014746638279554691,-0.006190496241855303,0.012588229355905867,0.0058834383322532435,-0.003114438226434313,0.000287976023314096,-0.009673089719017258,-0.004416522134352063,0.012763639118695602,-0.003985420702383724,0.0180479687595827,0.004434795781707912,-0.0027881280041226475,0.01432635498485868,0.00083244965096263,0.002933887752092801,-0.00664298290125187,-0.02026468133440551,0.0012049867828012317,-0.011029625175524638,-0.0018793847117795082
2019-10-24,-0.00027553952678416316,0.0301475340788131,-0.0012265831210533928,-0.01292966574061849,0.004322638319468108,0.007062816197921151,0.017677022255548236,-0.06815262055615123,-0.014294024277367923,-0.02423004142149665,-0.004227424486884734,-0.029411612168617207,0.02836483500957443,0.030606321648787738,0.00548705068135269,-0.0006848766905640513,-0.04262951880450494,-0.0364580437728913,-0.0010726265066003382,0.010718337553155877,0.001280590280920535,-0.0004455019800240212,-0.011169100896049722,0.0025357590490633353,-0.011820599238514196,0.03771853551911941
2019-10-25,0.008243580274646112,0.0006733088426567058,0.010209103394410723,0.039856816582999555,-0.015425706370571501,0.001578582540024076,0.011858003718052013,0.009880620865444945,0.022152614112292746,-0.024978973782618485,0.006145831830961512,0.004172261930576182,0.001285906095934486,0.011678522161894911,-0.009163181307011548,0.0040288753517607745,0.02187117643810943,-0.0030925078830528197,0.015522128056967288,2.3980487026120656e-05,-0.013137979532997335,-0.0023545150571913087,0.024710151242181677,0.00417239756065535,0.010926018423970785,-0.020656642474462306
2019-10-28,0.004435574437591017,-0.0042159415211882045,0.011096672794682183,-0.0032194655028812136,-0.00945359950759228,-0.02106132437562591,-0.028591368825582775,-0.01819606167831256,-0.0036204025876005463,-0.020653401361407586,-0.0016682143702939634,-0.002660696215064151,0.015662547903085855,0.007088747006411156,-0.012403628103217823,0.0024552117844454102,0.012300426779958462,-0.009192011089233842,0.012625498049380734,-0.00747896991273822,-0.00609330304503064,0.003852618892705939,-0.017679792868469324,-0.002094365606277737,-0.0010014380025515912,0.04343358345948567
2019-10-29,-0.02229525637699703,0.0012009555313686748,-0.005487410671338622,0.00989968215150483,-0.011902282571432332,0.026409855317968023,-0.04993521267028733,0.00431693184392945,-0.0016297041393973366,0.018544135275880724,-0.01497978787877885,0.00956836470329614,-0.00511111335566683,-0.0010351002725561553,0.008846089691217807,0.00035716479380953903,-0.0006463792012549874,0.012685948977129491,-0.0014737229814268948,0.0051104399872022865,-0.0027557082284911383,-0.0066929205232573175,-0.009117915039719704,0.002362955115328247,0.006510002375004764,-0.01524331184372818
2019-10-30,-0.003376855423977587,0.022386678255255754,-0.019491434249818473,-0.01025815730005264,0.020643576574184808,0.01150036499181084,-0.032843530329457526,-0.014827696977047444,-0.01698653989692822,0.012896827306734693,0.007432606524183205,0.024460199086442147,0.007173727318434464,-0.009801472814882195,-0.018396310575897634,-0.008852550533891002,-0.005860032905505297,0.000448878502878447,0.03316070321269815,0.009904531578422304,0.0027723385006208634,0.015090945613412288,0.011435624903896713,-0.010935831047430233,-0.00351020502853594,0.06561214035151353
2019-10-31,0.02563259821646957,0.0012987451219979018,-0.008944181481468472,-0.015076071540759517,-0.06951380375301142,-0.033195940574450744,-0.15436345910847526,0.008878058965086977,-0.017382693353421907,0.009188778367544836,-0.008215633333512384,0.004146487398244858,0.0017959052496593353,-0.009971598000035442,0.011095159610363892,0.021083915583731905,-0.0170516501171164,0.008829075200150971,-0.010838907479807314,0.004237346733076519,0.004995173397547514,-0.004302677628950979,-0.01183451498885102,-0.026529714269226568,-0.011607565336436254,0.0014514232725680865
2019-11-01,0.018718304097029126,-0.010058042583937499,0.00551226653928949,0.038886588082485574,-0.026248596072140806,-0.007998273337721518,0.016523281378233445,0.02526178616036079,0.015622472894344819,-0.03553591007635826,0.0037977842304852683,-0.009662312168146059,-0.0015702910663641934,-0.004129013230042666,-0.017669970998460238,0.0006168709954377238,0.02124866611790277,-0.002207213724407131,-0.011749903677381712,-0.0143280762142175,-0.011412118615994227,-0.011960840770014913,0.006965783626206257,-0.00983384674751464,0.028021092293581518,-0.0025082128067708265
2019-11-04,0.0028630056109795188,-0.004855940305130257,0.022214912186687474,0.013113291651646097,-0.027256862149338645,-0.029590680380115697,-0.02374564255523226,0.008669407395409667,0.04945249976721566,-0.02145765032136071,0.012085756791251567,-0.042985651206508546,-0.013450973042551273,0.004834963984244434,-0.009277540124401518,0.001977199322164447,0.024574942367728392,-0.04530106704364201,0.017389999280069457,-0.01411107361158992,-0.01663027463543887,-0.02249886311013194,0.005044596747322272,0.013798385406011748,0.02566607120516906,-0.0075398135191967475
2019-11-05,-0.000250999155794962,0.04367221649335895,0.0015864247440531276,-0.0025575215151414366,0.002823264689271854,0.013565261551498065,-0.03256490605119966,0.0034078101412373663,0.0012458770801078156,-0.0005219194020643636,0.002783667229771858,0.014620199855182259,-0.025340700045837217,0.004384085788164516,0.00041265367768694716,-0.0008684309741655571,0.003301266554637028,-0.0206091707246826,-0.015306816431746362,-0.00658316140659021,-0.007322961701728636,0.00798264342340671,0.01739988633652989,0.035883602341927334,-0.012064371238614258,-0.04487823732892471
2019-11-06,-0.0002749949478826341,-0.0072357842154571195,0.0021035755043954385,-0.006714687056255997,0.0028654258160396573,0.015928008190175813,-0.014813082858567639,-0.011788925414012108,-0.01089311505164059,0.003075111825072696,0.005751902099430772,-0.012230004270198824,0.002494492876301768,-0.014018320908249837,0.00935539023123133,-0.014957394306884919,-0.007948442651400378,0.008909952184088521,0.0012417362490451112,0.007413687887745102,0.0025065341771186578,0.004084526061497007,-0.03855066498423543,-0.006529213414301571,0.003910920329248668,-0.001599455803855676
2019-11-07,0.00881136315368991,0.008995705749978766,0.010061554142354101,0.0077173761716893274,-0.007470188220417784,-0.0023025310159150436,-0.020562060004009952,-0.0060933023427814925,0.0018661035289297967,0.0008208328019283506,0.0011339463454560494,0.01826135847909338,0.008127255327977645,0.019699200455831622,-0.011921889018024268,-0.008629413696646604,0.00025813701887278384,0.019968708053186512,0.0006657772512324023,-0.013622307779292187,-0.011060637340204016,-0.0027300951851503275,0.041234844007463245,-0.003631776466145653,0.009897902012462989,-0.003029425903582905
2019-11-08,0.00017626513103841113,0.0032514864620292183,0.00849064420878598,0.0052617365794407345,0.0032437934807934,-0.0018661147272576173,0.0005449394431749077,0.014312106360839572,-0.006831065792844315,-0.0050373721764314094,-0.0031415363271615204,-0.024262784263323955,0.005137875727432739,-0.008881667808271043,-0.0027544794298411945,-0.0003550091792436927,-0.010410334713774727,0.014454926604553942,0.004346077045043639,-0.002081839750239345,-0.003985977380049022,-0.013799513031360067,0.0033497147113874526,-0.020938700079066175,0.003998579568223581,0.04294150960997056
2019-11-11,0.009881628590818758,-0.005525744830194967,-0.005845160070488853,0.0008827612829597209,0.0012226617890602753,0.0019089265251992504,-0.025663153159224072,0.006387169802318571,-0.00440965580299979,0.007353714167402936,-0.013588719644740288,-0.002707703771192116,0.009637913552623445,0.0015883333565382962,0.0033159711404784353,-0.004482671947087957,-0.015594961948874664,-0.02113380056562486,0.010913994612042677,0.007705215272469701,-0.0035964235236218833,-0.014345913902212737,-0.0182358609007377,0.013120532789682615,-0.007369795806563717,-0.01893945281108056
2019-11-12,-0.0024805914538855722,0.0034307453161748214,-0.015466115018965443,-0.012780741391942518,-0.00867240403066094,0.00212028781207918,-0.002299463440709748,-0.0059698568880401925,-0.007483437949338367,0.0063379052023939675,-0.0006790004428560703,-0.00449714997901518,-0.0010589201444237695,0.007606353361521823,0.003647866300952707,0.02406683399010867,0.0027266653449120604,-0.001750936683334925,-0.00894105030509984,-0.007179392733252743,-0.004661511318829303,-0.029070063422725112,-0.012808874601102582,0.00674248919005338,-0.0026200634700311864,-0.007267225308627112
2019-11-13,0.008870205942774989,0.005527349670106707,-0.002972724447397157,-0.013353391373599477,0.018975002466640634,-1.99665278224348e-05,-0.003652684937129669,-0.026153755177551807,-0.03166322647021402,0.019799041351142632,-0.008897742769744754,-0.0036525984784639975,0.002644061601909886,-0.007759227897159882,0.01138743746311155,-0.007293612871340227,-0.002408819879187951,0.0022679184062834867,-0.031189921739824822,0.013835188120160602,0.009214268710724616,0.006262436914382219,-0.01397910994239182,-0.0004246465919881537,-0.0006304139837320921,-0.0005644443521550802
2019-11-14,-0.007756557095860983,0.0025355477272039906,0.006894067494594314,-0.008104091773323052,-0.002627382898551134,0.01734657116949956,0.02767819420040807,-0.003107224856653157,0.0020430917057912,0.0027989184874479545,-0.004406560472747567,0.002702618343845442,0.00477263220193902,-0.04566331280635738,0.002958286182189518,-0.001044010944908691,0.0013909586369966753,2.9447128982118542e-05,0.022157519454374164,-0.01262838536288935,-0.0005369189819575126,-0.01533004857589082,0.001467907552558323,-0.005631331385215654,0.007779378684920957,-0.004807109846848068
2019-11-15,0.004184200258555704,0.002388378604351038,0.012013829127215603,0.00534149837943243,-0.017398600139422404,-0.010358295431868725,-0.0038713998895842927,0.010506920429001365,0.002835810505781078,-0.011522952524595786,-0.0047104292335791165,0.002298653034492837,-0.0035824192694411394,-0.016690226620802218,-0.00920801525045789,0.0024003612941483343,-0.002137529698604812,-0.005593402583349727,0.010984173902017336,-0.0027318312845989734,-0.004095223100452294,0.008311920776632453,0.0179847013687906,0.006427326682146406,-0.0027411109453008287,0.02581505737318568
2019-11-18,0.004538526971835655,-0.0016459976950127242,0.002091180503067669,-0.012339995319141317,0.009295032158701533,0.009444673460999198,-0.000741208136367022,-0.0005031528617669423,-0.005429439354497245,0.005946450102094714,-0.0011727532382818096,-0.007487636260048891,-0.0002185082649055481,-0.009382413885252627,0.004419285104064752,0.011285661987888052,-0.00829924177732011,0.004926156145792504,0.02505356013194926,-0.0003130935171602456,0.0013648786680122704,0.001033948108681182,0.0062233983148098915,-0.008501533683098694,-0.008261745009987664,0.0004966999119553339
2019-11-19,-0.0024397737447533485,0.012168857735385896,-0.024378498115587233,-0.002263061718791759,0.013529976301320912,0.01723444832185972,-0.02631859924147406,-0.004994156582245557,-0.012292538524957264,0.0065231237520800844,0.002156094157778843,-0.0023386418786778274,0.0164369467269202,-0.0008011338747371255,-0.00637800308671177,0.010319009278901059,0.0014132538347685353,0.01924746007256506,0.0006917536292857518,-0.004915499288978942,0.004397298126641247,-0.012580327928510493,0.0009638590759527554,-0.01876645148385403,-0.01757147488867683,-0.005685979039950273
2019-11-20,-0.007885186584407289,0.0020928442928270785,-0.012299914044556215,-0.007837249370991062,0.015076938511263904,-0.0004764221966860882,-0.0016280844134997086,-0.01534494157971611,-0.01714127646753294,0.014327904970163896,-0.0060565089027248,-0.033868496935090975,0.00400146026839554,0.002560023361298902,-0.0019354306320871206,-0.0053247262602544865,-0.013293035814665233,0.005924656722481103,0.01221621454523425,0.007575998437160614,-0.0024116967647845877,0.009976893871475268,-0.02667060254217024,-0.018405805245558127,-0.008936928069584793,0.02314157318820831
2019-11-21,-0.002900969510049034,-0.0027491980862384136,-0.024580501759869477,0.014584213465954066,-0.008750002365203402,-0.011373579190383176,0.022252047614312764,-0.0007081591337959603,0.00033482428137388,-0.010530373672324678,0.006387610292826085,0.013800022509267484,-0.0016758450191299845,0.02014576695848025,-0.004904434566037952,0.003709242529162826,-0.0055718327299272286,-0.006231570101065453,0.022981358251134787,-0.010308599021060072,0.0028539512431097203,0.002355712519893749,-0.01219453582907215,-0.02317284111030382,0.005868353038538943,-0.013489789372955419
2019-11-22,-0.003052613210659194,-0.0005015755157340429,0.0037797453588896968,0.0014523555614056605,-0.003915230802640779,0.00010771076965121473,0.0065039605075654094,0.01849105999752454,0.027217687823833936,-0.00019645383873090339,0.0015609265848566256,0.023172118277231313,-0.008784236111904042,0.017421306390345004,-0.007360418682459402,0.002321612588565669,0.012721587544341828,0.00261132433534339,-0.006057007220221511,-0.0042929763471106774,-0.0009802078405209969,0.00927897822895396,0.020332004286099492,-0.0005556302148366221,-0.003848606428721202,0.044163816854758675
2019-11-25,0.010026524043915241,0.01247269939280593,0.014656968336765441,0.010146214991287428,-0.008233468894893181,0.00036121664666688424,0.014720249320600898,0.004866205092098452,0.011591796427980361,-0.012682696841153418,0.004626075261049856,-0.003975898642204045,0.01032897817876166,0.006330949934452823,-0.0028740432463647547,-0.0026285792575164724,0.0082446066373425,-0.00829120649555326,0.008822261726110003,0.0006934621676966124,-0.009297348755647805,-0.015014423946816402,0.00539589577245736,0.0027610215773710145,0.0007062800939774405,0.01149215260639358
2019-11-26,-0.010004560100276172,0.006386698767618215,0.09639022467641789,-0.0044490533744216965,0.008125453712738873,0.0015025326273914175,0.012066777141708673,-0.0010842241669548613,0.010089943096760923,0.021832022871441925,-0.008667551651632355,-0.013925974093366822,0.00395863620728365,-0.006555706742523926,0.00894979220473302,-0.006299796801595425,-0.00812832878843528,0.0016662617298963678,-0.011892916383344998,-0.003535467876836229,0.011777241355059864,0.0035737059651548275,-0.007815785755412197,0.018391750094414183,0.005285661336040137,0.005986865365462224
2019-11-27,0.009258039605728241,-0.0004069554276970866,-0.014349694849527861,-0.006912826348045575,0.005897533442241754,0.0010577816431458498,0.01991497497369199,0.0058141920648773215,-0.004112363228385707,-0.011059898572843063,-0.013945635353465047,0.003541188142330398,0.0038425004142754737,-0.005888208671794959,-0.002083866965192138,0.011054009095279538,0.003979727774687802,0.002076973600662946,0.006833923316333701,-0.003982779263267844,-0.0026268609126873788,0.0025817309757156792,0.013911511499747897,-0.012607723014572692,-0.015148274189232924,-0.018543793421196386
2019-11-28,,,,,,,,,,,,,,,,,,,,,,,,,,
2019-11-29,,,,,,,,,,,,,,-0.01061552614942185,,,,,,,,,,,,
2019-12-02,-0.0029311347819853673,-0.013273152727313886,-0.009225728416558332,-0.0035987617121739923,0.0025093932269997232,0.009244875588612533,0.0024083781360518808,0.0031126048882077484,-0.003990116062414284,0.014030093644528119,-0.0028229125147254397,0.0002875229531964507,-0.011079461529648671,-0.017638395757102132,0.014341222713416535,-0.0009900194105491034,-0.00020441799206138977,-0.004877585328004974,-0.006210365536787998,0.006033313094471304,0.008999125770246863,-0.002953922705960954,-0.028557440124100553,0.018936347218672545,-0.003980731242372415,-0.06613407585841335
2019-12-03,-0.01119208072826483,0.010469651390150103,-0.007124654705379041,-0.013647117628800554,-0.0032456128396842754,-0.0023602072783608374,-0.004725491987962904,-0.006680713598381183,-0.036961082136453216,0.0055642346701407774,0.0006940589948695175,0.021662422246193858,0.00880204292930964,-0.005597424746152657,0.012126107033965328,0.002231456549250166,-0.011784751559153928,0.005547702931608334,-0.0057171847555763655,0.002683267993727867,0.0035471367562043277,0.011403508356078396,-0.034304436895776114,0.010151032924268666,-0.004273808453400307,0.022451185686719777
2019-12-04,0.002502566481076718,-0.010930174294514927,0.007375079168487675,-0.005895153638133088,0.00843314917301563,0.014519474984528546,-0.01781785942986447,0.0004256190976394958,0.011738951680945187,0.0028159442117383637,-0.007307397410448613,-0.00040300124517345104,-0.007194138017719842,0.000885319429501541,-0.0023710670584620175,-0.006876767663343997,0.005603332309055631,-0.004625360101954135,-0.012333497571202057,-0.00215944171281901,0.007260001531760318,-0.0020933134038896295,0.02227093024345428,0.0035034528250468266,-0.010257566519852213,-0.0071804306743392665
2019-12-05,0.013170838459272804,0.0002186638877621494,0.012897408886800132,0.005136855016798947,-0.007203173424369935,-0.009434705418329248,-0.02689179627457372,-0.0037348492570147274,-0.001045286635527054,-0.0027651102783579073,-0.002106433701678845,0.010271317522910994,0.008993452300721794,-0.008355072125160512,0.007311223024183189,0.0017707146554710729,-0.018073215518903063,-0.02996117537389198,-0.006297829788946774,-5.3670803169314496e-05,-0.0015372641108113427,-0.019370785976382754,0.008340326770886808,-0.015742361639944025,-0.014035483035110374,-0.005645490163155742
2019-12-06,0.01018064349801362,0.001424326557335931,0.01240310490077512,0.0027039165303957002,-0.0018229884144480568,-0.0008832180684488211,-0.005239940335250326,0.0009425244049485748,0.01252266691053383,-0.013936707756857403,0.0007951963869814449,0.004826142603990835,-0.0072383356085905515,-0.00517719288342855,-0.008578181107184779,-0.0006584004524281539,0.034059586836683975,-0.007452724079867634,0.0056896511804198635,1.304821070080564e-05,-0.001654225547522703,0.0012618047771366658,-0.005992606072515283,0.10178711043409172,0.012775170872108443,-0.10860460150100604
2019-12-09,-0.010837241096906425,0.005840471451321605,0.009500499722891576,0.003933496711073348,0.004586847778768499,0.007103820941306349,0.0014650359071161079,0.002054519456924364,0.0025244412350013956,0.005105630784857373,0.00841749571095085,0.0020152161777402533,-0.0014515058757360588,-0.004925239129426218,0.00929212934179735,0.004605137065832432,-0.006401490967785306,0.00807852967367384,-0.012617253463237055,0.004880638778445023,0.0017066343480002244,-0.020891530405659053,0.013738639742220338,-0.033297942802988034,0.008353010590137266,0.05416697627598821
2019-12-10,0.006941326076969068,-0.0082825626621581,0.004851024950629723,0.0013772677062060534,-0.01311804167820585,-0.0028285949432406143,-0.014695134132136967,0.007755939106295129,0.00422765133061942,0.00016082422080510028,0.0010221458363142144,0.033262173857622424,-0.0004599169849176521,-0.005018663844543747,-0.0009337220362273246,-0.0012374192020646602,-0.011680474961355491,-0.0024945482546829822,-0.029911321286751225,-0.005285822091938841,-0.005391574421268697,-0.010106654164309448,-0.00936820682296724,-0.007888199999280587,0.0044827845483350615,-0.01967957023867639
2019-12-11,0.005621236962142673,-0.0043219173669285516,0.008554485616208973,0.005001012350680956,-0.0021871424567039277,0.0003255984619192631,0.009928190498540213,0.0015019809155221164,0.0103404351240024,-0.00043174158220304903,-0.00402826829442815,-0.00012584915971647348,0.002081489740668907,0.012269796218604467,-0.00531292268775263,0.004011760209316817,0.003533407002828781,0.002436263320695131,0.016913054055262444,0.0012144460738277019,0.0031826674266055566,-0.00824002946065372,0.008450977812895166,0.0021643518339864443,-0.017670920401133938,-0.019169568014346106
2019-12-12,-0.006026909733354291,-0.0012663389242302259,0.009556497319949786,0.010730277138924604,-0.006413618714842029,0.0017994030829264762,0.014578583418269453,0.014476361073974209,0.0279470518015843,-0.028271908598022644,0.0030873906873567503,0.013067695524745071,-0.001128241081175707,1.1388122126865241e-05,-0.026190477002246304,-0.035817337130526705,-0.009641790524812954,-0.003424356077022628,-0.010214398389150503,-0.010866662993167964,-0.007991808183057003,-0.004956821862654337,0.011564410556143212,0.020156278536928474,-0.0072054019033644945,-0.024790571679904838
2019-12-13,0.013520379069836386,0.039082900373355045,-0.006633731560797718,-0.008588783044973014,0.006253776175975112,0.012837348003434945,0.007311919804025013,-0.009729242203355914,0.004657885015532326,0.0021749279300820046,-0.008275277939063463,0.029802477848132725,0.013205683890182618,0.014150240211439957,0.004834904590511391,-0.013490711332731276,0.0012915967998992084,-0.009148392572946973,0.0001284810367383482,0.0018413946186033314,0.005467664302283071,0.00767194011517236,-0.015258746277100332,-0.02081656609471194,0.014206912993604215,0.016730093985703354
2019-12-16,0.009970340252089205,0.011283319037222128,0.010648278899360708,-0.00831565248806554,-0.022435904999397516,-0.003112499612183184,0.012005620751338819,0.010187046602285532,-0.016624521860036823,-0.009662128225486621,-0.0077437848384679375,-0.016641254774766745,-0.004209715529525093,-0.0026051487518319316,0.0016800686610110027,0.012480263559107474,0.0044642721032548405,-0.0015403935840945238,0.011981164073958661,0.004505713131976341,-0.013527437398464293,-0.007147785279833618,-0.024880935409918536,-0.024504763175235533,-0.0029324929624301443,0.037076286456165786
2019-12-17,0.001629808890905693,-0.0032691456088789206,0.0063083184949406235,0.006612867669714362,-0.002947071149544067,-0.00817742084283124,-0.0014953673732215345,-0.00033529222633799094,-0.005636954957964901,-0.014438192771910052,0.0003355778729863257,0.026288571161495078,-0.00356811909981114,0.003400568160507378,0.0067394854041165075,0.0020393980293433867,-0.00513747980030943,-0.002937319559460305,0.03671151183137833,-0.005434157424343056,-0.006828870972301004,-7.023041205145297e-05,0.0008421619392078306,0.027203850456383627,0.009486559172394493,-0.0030481830977068247
2019-12-18,-0.0019565575045251693,0.005171339200429448,0.00795916950936737,0.005556107933599841,-0.0014586042880843086,0.007891811048232111,-0.016060129492604047,0.016406567892521262,-0.09985567493252068,0.008103007206639812,0.0018476839715214632,0.02999692262097875,-0.003824185703178995,-0.014063315573723978,0.008567023053965284,0.02114909526685793,-0.004863918375447307,-0.009444891426337532,0.0172955399873983,0.0068858649282587114,-0.001036409085334089,0.011294747365382274,0.017288290715110066,-0.022579104872489486,-0.01902075697146466,0.022043307346516605
2019-12-19,-0.0034587672248034274,0.005559821229856654,0.014274398897893947,-0.01873345611120114,0.00836683445544617,-0.002743092153326021,0.033329996336064704,-0.01808592612501958,-0.003369956084789738,0.0013695462450582507,-0.0033430368664382204,-0.020580531065844343,0.005006802068629357,-0.012409898651453699,0.006910716096883096,0.013120989816413298,0.013998861111370609,0.0063320047313086825,0.03113915643132459,0.00016114403702860436,-0.0007821181626039841,0.0074659225924318395,0.012888643754820794,-0.001980005808883911,0.0007126704963753561,0.0041206169322161035
2019-12-20,-0.007016122145315884,-0.005005885165524138,-0.01521121148625848,0.012639564150120908,0.005991600717796031,0.007635550251058776,-0.0022137216750472977,0.0024940884436299715,0.002537432983792387,0.000305663554664104,0.0027096384617490976,0.014512554111855591,-0.0014493157998638484,-0.003742699463453514,-0.0004118849630523336,-0.0037800845950888284,0.013759893091483955,-0.00556563665526888,0.009142224604768545,0.00960367096733683,0.005680258834909857,-0.0026140075027520915,0.007180782175447931,-0.0057026989866028055,-0.014729004331508477,-0.023278603234993533
2019-12-23,0.015452500818062154,0.0032241677925579637,-0.0018919088385895844,0.005435419509292938,-0.0022893486123720663,-0.0051687655034299285,0.015475149717184777,-0.005085755541660131,0.023235754836755884,-0.008530726885347506,-0.0011609946745623212,-0.020454667708704743,-0.005220361611037894,-0.004568441520012345,-0.012959762674008446,-0.001447814373659928,0.016810580459335478,0.006524963528161676,-0.012145373903199252,0.005702526444518741,-0.007246789198614212,-0.006550763018586703,0.013361027508252965,0.009193753695041051,0.012251482873131492,-0.012520092139587269
2019-12-24,0.001146051094376932,0.0022930387632899007,0.003504098115089227,-0.006673131356819573,0.0030467375667794228,-0.0023291997184842206,-0.002261019270993536,0.0033736022371916308,-0.005803361382676897,-0.0013079523779329083,-0.004009735096675571,0.005831135181193603,0.000901778285252619,,0.004945853343982454,-0.004945820519156818,-0.009834152951120778,-0.003010632003721647,0.0004956079454313533,-0.0017347495535932067,-0.0008989222668827068,0.004873156683718682,-0.012724835892274133,-0.001899243011574403,-0.004933212269811138,0.004881730156790609
2019-12-26,0.014711895446363643,-0.00039573890782418353,-0.0060380460616896725,-0.00011025143486964595,-0.004843906998344805,0.00358441665018705,0.011437799494387502,-0.00723999331899583,0.006212715589614559,-0.00375924249181514,-0.005646720480841028,-0.003599907477147335,0.0006533504164982773,,-0.007674121548302049,0.007888706151830682,-0.005637515717779262,-0.006983655604152372,-0.006838827151442239,-0.004023088110340023,-0.006589150974142477,-0.004093595516899473,0.013196668933261213,-0.009722422435419875,0.000872141517779701,0.009767979539073934
2019-12-27,-0.0004134898655776542,-0.0012719184339063938,-0.009595466195285729,0.00037066779119321325,0.004655201350471261,0.003391941719304681,-0.009503271363693888,-0.009557939289798978,0.00022837875451475753,0.009057479485603537,0.0026345241016216825,-0.020888472525079305,0.005113488408869715,,0.007805699130388977,0.0014579082677137478,0.003760019999391906,0.00039992807870059544,-0.010676442894566374,0.0024498266476387087,0.0061844523903722415,-0.0021011936109215368,-0.012887278339850705,0.007287052661959503,-0.0008741524216495655,-0.012042844542801912
2019-12-30,0.011716052739989102,-0.0016257259450558337,0.012216868381736967,0.0006553460345877227,0.0008306696739107666,-0.001672749203955215,-0.005557512959162403,-0.005971215435217725,-0.009888393124686923,0.0003615757718720136,-0.012405083613567958,-0.005647721476481293,-0.004260929387360224,-0.0036493926827046996,0.005871640516684096,-0.01195097196557382,-0.002286705184990079,0.002745877093685678,-0.011782734874990375,-0.00458822161772765,0.0004731422439587796,0.016656150718178164,-0.005008226456227116,-0.001407991700506983,-0.015238007922986685,0.008031745728533046
2019-12-31,0.004360807684465007,0.0015310485613295732,-0.00031951962895204744,-0.0018613962883609059,-0.0029460216619106028,-0.0022678359743002474,-0.006768868052196564,0.0024593248699698034,0.00418116800739865,-0.001856509314680288,0.006315160945206344,0.010716646246746508,-2.3931515525266178e-05,,-0.0014913603508861506,0.0011632457291417264,0.0004098444664515366,-0.0018279952246593734,-0.0021419277324126185,0.0008556133851203018,-0.003969200703852871,0.0014084888255816441,0.011345026953318849,0.004175495118143191,0.0023783870593732104,0.01576935463492357
2020-01-02,0.014437540726777609,0.005629247871115961,-0.013959994067962889,0.01091982404331282,-0.012927894885978453,-0.009734575507541976,0.011711477344692245,0.0045243396234369015,0.017346783223451734,-0.028925398216493314,0.0019167338205894335,-0.01719173092792947,0.007696770875350811,,-0.021995400090338957,0.013691882827584045,0.01191387390312837,-0.005337812794029118,0.010906068581777228,-0.009856645547660525,-0.014598217463311358,-0.006211290767713207,-0.009861709640662464,-0.0028087479032679052,-0.010685113258963708,0.001615322778653061
2020-01-03,-0.0026620485669193172,-0.0007743404075655214,0.005571056684644415,-0.006824506293582333,0.010487163618495887,-0.0005033449698873538,0.000642585551138608,-0.015233188978109324,-0.005319335462358077,0.01608974646520467,-0.0009152752130842101,0.010720886744676084,-0.0026967004854239196,-0.011049122587739713,0.005403328894279857,0.0017685061011011305,-0.001551497380934519,0.024073863836056364,-0.0047954052716541185,0.0164029777500575,0.005661076050028968,0.0017159658010156287,0.006688409804028961,-0.010146984006021209,0.006460337356135715,-0.013894762962792573
2020-01-06,0.004434973136134168,0.0021927773472529832,0.004840293426966014,-0.004206872240851145,0.00030897168200660907,0.009461353628986258,-0.0049810886857653,-0.008962196543316536,-0.002750051500744588,-0.008283286319091476,-0.005319875123153794,-0.009786688437689706,-0.0008704668607970589,-0.008933979055229302,-0.005192663242098661,0.015300337751111837,-0.0025808902450314974,0.011918710207633687,0.02693609706534228,0.0045319145551214746,0.0003004880905665974,0.0022232546411586895,0.009096663237386338,-0.0004154979056936181,-0.00798857036145284,0.04165094593632368
2020-01-07,-0.001900368974951494,0.0018443917054451475,0.008490913207424455,-0.01041006023887836,-0.006836845399708857,-0.003514227013832416,0.023880515649016276,0.012628717735525763,0.012587929665151654,0.004740375497491511,0.0034743369565057858,0.012242294844441393,-0.0005830676935636436,0.010794256009320602,-0.0014443643223381875,0.004966866371780343,-0.001227554022948496,-0.004385922852363056,-0.012323445008368017,-0.01583485058120271,-0.012914965074064866,0.006619057927168992,0.012341081455367275,0.011330831462908586,0.0010821783641955518,0.025271979237532216
2020-01-08,0.011184161816139682,0.008535205045159477,-0.0021880793533284315,0.0039787484705891,-0.013920029297859071,0.003202345206639201,-0.021831191688912788,-0.004902451368978156,0.010149152597878075,0.0033126030159227327,0.0034438785848049935,-0.011655713123130296,0.012742567419508743,0.0006876439909233589,-0.0024912902957532346,0.005235499248508857,0.010443306375879091,-0.003876417288598999,0.02082688816767364,-0.019447410127669484,0.0002464685917114018,0.001433005178332225,0.0016383412811691311,0.01449777674416386,0.00078737321708644,0.004137903458343306
2020-01-09,0.014585423057210223,0.0009808611318344873,0.0014666984347342371,-0.00916058699286415,0.0008555317800851281,0.013756971278047647,0.025007868229766528,-0.005574165009237353,-0.0008000753684940243,-0.003026111920664487,0.00391312200828331,-0.028098967198989633,0.006454890227790555,-0.002410342056909487,-0.004065254582938271,0.007655876369874193,-0.003499506497235183,0.010223199863066634,-0.017266499107845723,-0.010979806764804811,-0.005986931607082857,-0.0017444752589368395,-0.018207696568565246,0.014662566851875392,-0.004341044729511134,-0.005690415026168072
2020-01-10,0.00511610247213945,0.0009752708456637338,0.017177683900109986,-0.005155173701499649,0.00787310720698986,0.0012510252815650658,-0.003606144486919538,0.0017752486032314163,-0.006129393901910252,0.013498367366094333,0.002489561465103707,-0.0003516340897693482,0.009552139572802099,-0.00217692030384653,0.003962667632687711,0.0017555046116434214,-0.0011736696483926057,-0.005384758234059039,-0.016837458965486385,-0.0011105562144565484,0.0009261989629781864,-0.0072941233587802135,0.0046813957667529715,0.017200525100656505,-0.006210108605058551,0.009327136463455399
2020-01-13,0.014387652513990323,0.0101510245756673,-0.0002472246511275866,-0.002254432410388585,0.003294689940548823,0.0017657684062426515,0.03269423725089449,-0.008057242124132502,0.009942634034841857,0.0035553698830843583,-0.0076345975874957395,0.003747825764885304,0.006006858093756007,-0.017799741639735855,-0.0007090327243959305,0.010679690225089633,-0.00448263667659643,0.01436256125346258,0.02301921244335059,0.004304475037016031,0.00789060990012791,-0.0019127611152442991,0.01744966865364095,0.024526379278220656,0.0006183272037110221,0.005884675272867845
2020-01-14,-0.01198836605270548,-0.001378734553161176,-0.0071419811816562095,0.0005607095461483969,0.006456647411238747,0.011960901820799896,0.026326927771190056,0.006925728953160903,0.019407577551469157,-0.004230900397053539,-0.004195691885858777,0.008941442958865786,-0.012983655743677436,-0.007484281054377484,-0.00581299059706708,-0.011328560544061506,0.004001719342563326,-0.013291993853228323,0.0008359416311123358,0.0006707531776214415,0.0038580813730365593,0.006552177695786976,0.02037566229179355,0.026614215775209282,0.0059688431646983675,-0.010237393899264702
2020-01-15,-0.0061556394999757735,-0.0067740137822339674,-0.019002982805176316,-0.009437353423823902,0.007543830850732958,0.011064493156680788,-0.00777052051674354,-0.01263455360295207,-0.020250769936031587,-0.004020451659154434,0.004019920524853227,0.002342547704590414,0.009750664656467567,-0.026944969452423195,0.008279396488476864,0.007670516033208452,-0.01063684772617135,0.011258194376680075,-0.0007481674551739204,0.006104537077167516,0.0153018942765486,0.004019624906416386,-0.004315335041375268,-0.024586151243984333,0.003757667155562139,0.04979736175524474
2020-01-16,0.004159570409750346,-0.0012515987369838832,-0.008028911786619464,0.007433330499171387,-0.010593695385958668,-0.010883865327579234,0.033385409520481524,-0.010542793866730293,-0.005915744003480938,-0.005268882306455058,0.0015882428194378129,0.02414545602740059,0.010885996700387812,-0.01609317493445761,-0.00014588156835082522,-0.005562882817859771,-0.001524569703278189,0.00517782008807921,-0.009693771053952527,0.004012278722211882,-0.005421030942456051,0.006209209512970881,0.0017875416001391642,-0.005470145504338664,-0.002600230532295189,-0.01915420320475847
2020-01-17,0.007209124699921521,0.008761571870217644,0.007267492506149775,0.0025393201605119486,0.0006024099343264755,0.00503950545696541,0.00674681780340558,-0.004952762857887927,-0.0011042315613878362,0.008757732430469511,-0.0014704864211518842,0.010865916786117591,0.006627771463015852,-0.00780876016316856,-0.0044057114932460895,-0.0021939415715519495,-0.0019838232949909163,0.01499708096114638,-0.000761354743026299,0.008641335466755384,0.007956426603330291,0.0048560437953342195,-0.0024755841328731876,-0.01869965449240929,-0.003946567843160276,-0.011088585154126807
2020-01-20,,,,,,,,,,,,,,,,,,,,,,,,,,
2020-01-21,,,,,,,,,,,,,,-0.0008914417485610393,,,,,,,,,,,,
2020-01-22,0.003280640221897002,-0.00011765447513600868,-0.011038338157354444,-0.022366762987213074,-0.00415126387788789,-0.023666783580614692,-0.009362036180596056,-0.005717899723707398,-0.012921476817355781,-0.002840798448758286,0.03362640279551532,-0.005788843518031439,0.007103926611906397,-0.02151739328525315,-0.0015494187689296668,-0.0008309081914984473,-0.007870601120831044,0.004232286413219821,-0.0361058907273355,0.0032823665399392965,0.01042586839530868,0.0053184542649158395,-0.025324426544037104,0.006916509696725415,-0.0013966460262083702,-0.015798034618540235
2020-01-23,0.0036743405053352163,0.003715368639442884,0.005020283678901061,-0.0002996472153402596,-0.018310793209435072,-0.018870180659527835,-0.0013400637123252013,-0.003324416408618247,-0.005384260885669123,0.007977420226667364,-0.008229614332104451,0.0018754763032855504,0.0009245361115890471,-0.0228298645755447,-0.0016819430522818646,-0.008189724581069813,-0.0027696031492032702,-0.005079501493614025,0.07125168353519018,-0.007368842357074912,0.0007417985699056384,-0.0048988855505703865,0.009347222793382404,-0.007601497858547246,-0.003955191721851659,-0.01530565336461065
2020-01-24,0.0061605247907488,0.007933408877295212,0.004811478898273491,-0.0075601568170756694,0.013691049734060434,-0.007858570793054187,0.014815621419563274,-0.006275004609707202,0.0038125282234623414,0.014567372785379562,-0.007126405498897759,0.018566180053647297,0.005011703090059605,-0.0019864898734258674,0.0027290799789441156,0.0007605244508922526,0.011348761845052624,0.02384123314791975,0.019225307911854395,0.010474658841730489,0.003960364910831515,0.0017410260177752601,-0.014221882465020652,0.011907696405203727,0.00673328633718806,-0.010697347507154786
2020-01-27,-0.01367450791160052,0.0030090755410718817,-0.002605637162465202,-0.017394100340977547,0.030735960820368446,-0.02493347191443618,-0.00802227234846209,0.003508447357950528,-0.020486597976547838,0.0039001465947019476,0.00192877710400563,0.021192465744545363,-0.00867729949590712,-0.015334262535014909,0.008469935584086485,0.0016442626398159854,0.0015852716539672684,0.006491097732726603,-0.013378010663578799,0.008489530680156121,0.010273478845165163,0.005189026682029363,-0.02274511404947388,0.018368271889697474,0.0008154357057654771,-0.01933774804758126
2020-01-28,0.018235610615658704,0.012229526164058813,0.002360851249290752,-0.0026120206187616457,-0.015027325343948572,-0.009444382337290502,0.0002870913860202329,-0.001054497462727344,-0.010659775373129565,-0.014371623156270052,-0.003344745711141295,-0.03721401144952796,0.004197473739115276,0.006622860222025739,-0.0071281792882815775,0.0035358777010365827,-0.06727610080920199,-0.004042233102967696,0.006395406898761502,-0.004020200426059661,-0.00794311665847447,0.0015916020162629607,-0.00395593433083441,-0.009432529050380278,-0.0061378942644398915,0.005136643368308658
2020-01-29,0.021799526412021653,-0.00750805511519681,-0.007795343944468347,-0.006153868514313987,0.01030862804760857,0.009085467414903903,0.007288702066957198,0.005401808574349909,-0.0014246201820847793,-0.00596668469621664,-0.012461686407232442,0.00594270825584986,0.0010229790459368449,0.0038702087917996675,-0.004420033092873754,0.025845074578399796,-0.020754024266748217,0.0028210945087747685,-0.01451242340443415,-0.001639401140204777,-0.004117735539457379,-0.016277395548829454,0.014503353129764474,0.0012685825601752576,0.004247328403571338,0.029813869478055643
2020-01-30,-0.004583633730258163,0.011311374356924864,-0.014709550044685327,-0.006153866886894344,-0.00203396064236272,-0.0034361680063523803,-0.00034274592343730426,-0.005391807400128457,-0.0017832910328283713,0.04311117932591535,-0.009815999725055535,-0.005659514539880339,0.009790112762391612,-0.017530322517385177,0.07457821327331349,-0.06450609250776007,1.3948790977602599e-05,0.0004886322305734936,0.010212078529796553,-0.0010705860199475836,0.011682764584667549,0.005337911709450749,-0.007618892582750281,-0.0012729848689714274,-0.07016955634951949,0.009912652087835871
2020-01-31,-0.026632820886638875,0.0020081813688694883,-0.0099633832594207,-0.011990338209097007,0.03749178156810906,3.8399680416967286e-05,-0.011723479988223984,0.015443628000543663,-0.00671071927622191,-0.0010750156926898624,0.06859420853316678,0.012136101383418918,-0.00855285066216016,-0.0053135966917269295,-0.006443881909162896,-0.018661222868150196,-0.00598522281308167,0.0006569200422266164,0.010085201438834512,0.005079239358012688,0.005121306114719726,-0.003915031796235091,-0.014951780664941072,-0.006265860947524016,-0.023775740050079985,0.04131733251147329
2020-02-03,-0.010001363309501632,0.012281710836775872,-0.0005244788885223617,-0.01928379465639818,0.004736587732271369,-0.0019255513890372722,0.004013552909247764,0.01088578135587115,-0.012785601614721198,-0.010606061680833556,0.010417388277528916,-0.031694426973566725,0.019902442480237648,-0.011679928808039142,-0.004292033063312939,0.00403765127160427,-0.020301486657875678,-0.012735089167749014,0.030155928530003706,-0.005168499349081479,-0.003804177807680942,-0.003845025842573513,0.002834784600845852,0.01906014739539863,-0.021648088618836603,0.14163136456095904
2020-02-04,0.018033696721619474,0.009432966378864815,0.0017920374658171312,0.013839832559552345,-0.019906388463852398,0.006528121324068881,0.012572272090673575,0.0072914066917277864,0.010534057501236482,-0.02927046734491756,0.004435916758553038,-0.007673667460067701,-0.00080578291760669,0.0025592463977410773,-0.017065452293739902,0.012640765294466227,-0.010829208643604371,-0.0019711853571864335,0.015773825024900434,-0.00783054482802692,-0.009998448212801936,0.010818718534961524,0.029967824548542632,-0.02021754860602698,-0.0017490738000038863,-0.03631286532151157
2020-02-05,-0.0030963358006825814,-0.014495408225644213,0.021163595699915883,0.018185401483088226,-0.01767321466843519,-0.0067602279177045865,-0.03392412701380909,-0.10602188627472908,0.0052909826152238715,-0.008364355776837584,0.03716983657122053,0.01983755392160269,-0.013681207168195653,0.029009085473510332,-0.0027183054483781444,-0.009916050242892105,0.02112040486012834,-0.020391398820506668,-0.009462078631492954,-0.004151315919215692,-0.003709596866332987,-0.00781549020015948,0.03249926586422003,0.005786563539427636,0.014479932313844923,0.002737012628036828
2020-02-06,0.00837138620326705,0.0018993407352818625,-0.012934331418496314,-0.004707944777150197,-0.007365507775702107,0.04738976181777477,-0.005141290249026431,-0.010545861538022505,-0.012128838308206769,0.00622413631344787,-0.0005753301299735725,-0.008853409437816984,-0.00034099875652437994,-0.0028717526324555376,0.005306896852780518,0.00019636286572888295,0.00012380562090408276,0.009351717500404977,-0.010683569543860627,-0.004485624980802627,-0.0031180158007331205,0.008656135636835316,0.01816065222140817,0.05012890872038356,0.0011064648374847774,-0.0002218186511104836
2020-02-07,-0.008192004475557124,0.001672569916551514,-0.012875807502851,-0.022868904753319153,0.012567171677186018,-0.006748657088640919,0.008634480368210129,-0.011568907091700886,0.052699210943289776,0.016480664665615263,-0.005750000345036921,-0.01683232665092871,-0.0015833467213597352,-0.021598550692105478,0.00950890389715675,0.012419983951747149,-0.011849913051793948,0.008362901362197084,0.004910281209282941,0.001827496755799074,0.01260644144694445,0.037659051167668434,-0.030116263146447997,0.015330912650126205,-0.026426967225973264,0.02121562813564526
2020-02-10,-0.0025767127075508878,0.0033540460783685333,0.011979639906234851,-0.00020309278162300437,0.006903482187659904,-0.00866662744601221,0.0073794755071980855,-0.013491655161097738,-0.00013092286186222601,-0.0013029051448059104,-0.000677632128611716,0.024197824500423515,0.00270422701572004,-0.0035953877668790657,-0.002041542458174561,-0.003888409145588856,-0.006889116722124333,0.018362039656547147,0.004397579810530905,-0.004726381410963265,-0.0053313620601291856,-0.017977206794395517,0.011979889027603052,-0.016483011986944462,-0.007811141835722735,0.004293624604734703
2020-02-11,-0.0077217481558082834,-0.0036344217983786953,0.011727672046986548,0.01223316104986183,-0.011880414316061794,0.0037746267877252215,0.0020836625556654997,0.003274314326581207,0.006092848541731755,0.002515581733106398,-0.007839935579701529,0.0028388511371471026,0.00024912914643904216,-0.01121344736061658,-0.003384441555762785,-0.029239330484208237,0.012673044231690023,0.00042992176191702924,0.005372218113940619,-0.012240243959136698,0.0011947559316765055,0.11613964396451704,0.0007670346633406044,0.00011885491239782553,0.015775138017933177,-0.012728930721911502
2020-02-12,0.01728494533698921,0.007104321098214905,0.00510699490526334,0.018502316588051793,0.005572912252249207,0.017224506205966605,0.02696295837569118,0.010821370624602089,-0.003234682450975246,-0.005130546633958621,0.005460504144695122,0.015069483899796232,0.0033280840276428414,0.025436027972239428,-0.005103535979218865,0.010767780921735248,0.001847477123882113,-0.005323873520272526,0.010449766984966802,-0.018934453358958936,-0.006462646466197652,0.006025388845986024,0.024677652048603615,0.012326886642279211,-7.377353567639133e-05,-0.010973263567036318
2020-02-13,-0.005490476452709059,0.0030998619125288673,-0.00419828940222422,0.002561972298029458,0.00534189365023896,0.002095798755174849,0.01541037340576179,0.002844059286368994,0.02030432027308482,0.010942626822047385,-0.004808071970971994,0.005552021966404919,0.006657961463048645,-0.015416903938067605,0.002987105830151382,0.0129229707451608,-0.014201191117115708,-0.00134789893190157,0.005288242662518261,-0.01694733444903629,0.004299941913768146,-0.003909477616794943,-0.020086278122402823,-0.005753421771427569,-0.0012120859056036215,0.01952806527579609
2020-02-14,-0.00159731008906272,0.011042010210224662,-0.003945466342872406,-0.01422545194749436,0.007533221945472457,-0.0012850766121181856,0.0017433766725891697,-0.02002543656189748,-0.0194937921243854,0.004495533826187614,-0.025238045174955315,-0.014538628962757039,0.01337203659395736,-0.0060059876444911175,0.009168195440227622,0.003035835318442759,0.0059804528013929215,-0.0002686202581858588,-0.004465412599966134,0.019044189893364427,0.0017073492856998218,0.01224102070983446,0.011337066802913132,-0.010325774542739419,0.004903202894655179,0.010286405812518495
2020-02-17,,,,,,,,,,,,,,,,,,,,,,,,,,
2020-02-18,,,,,,,,,,,,,,-0.024670158876003323,,,,,,,,,,,,
2020-02-19,0.009776919718328836,0.00698747689938517,0.003945706262321602,-0.002655704316506524,-0.009564508182222986,0.003239550828812776,-0.007331430863342314,-0.012149846486814053,0.011501357565134374,-0.0020193812253825882,-0.006294029396939349,-0.027398702763507865,0.00502348881210124,0.002357956445218301,-0.010739824851566881,-0.006129112106575185,-0.0018102962242818599,0.0020556941869620537,-0.00880605916057653,0.006479169615570379,-0.005186395037876768,0.0014016772185199144,-0.006841204171625037,-0.010899104338655263,-0.0015109339968977231,0.073518106257765
2020-02-20,-0.0064437271038210175,-0.0074556327566637215,0.014701629238229263,0.004326912871510102,0.010809447285325624,-0.004630436419871042,0.02656841704698698,0.007565263865343508,0.02721151445806702,0.00627641710049176,0.006201880801969151,0.03580735110583044,0.00349631788945981,0.026611965794349213,-0.000568994918120791,-0.009564418439406364,-0.0010796837658493263,0.0010217485937471515,0.00332350786960367,0.007052858138905438,0.0012730554913100711,-0.00603618780751447,0.03127633767772975,0.018906846339766692,0.0011924589713773193,0.01690125637825457
2020-02-21,-0.01211654001953888,-0.0053410361526374794,-0.00764753726954881,0.012563070532490395,0.014449434478958967,0.0008173269195841382,-0.00216802740957478,-0.006916266449460751,0.00045206535199282527,0.011829839648831886,0.0013923004860186827,-0.0034816469518406112,-0.003272001823503956,-0.015770619658844298,0.0056060997358221565,-0.009987132432198065,0.00023780804866224692,0.008740193129871288,-0.004844553140758601,0.006305064852494491,0.015271587228210981,0.0011711966199574597,-0.017944039970032022,0.0040801841813585815,-0.022727217811870593,-0.02300833584268913
2020-02-24,-0.0139866436388566,-0.008154178761895725,-0.019223096199728285,-0.0032183436911212837,0.0191555142148766,-0.016613167074320367,-0.010620431023621424,-0.007044018426492937,-0.017941173129951804,0.024905409358571662,0.010755923755151997,0.003087450304148698,-0.010731428363853324,-0.03386517835612146,0.016322296341394482,-0.01149539974790903,0.005603062208789811,0.014784114808657378,0.003598057473164662,0.001827563735734672,0.011504405745235702,0.011194511079793301,-0.053660435365684545,-0.012678714191172613,-0.0002352305676680544,0.06545151908251745
2020-02-25,-0.0035924172408715593,0.003392063580293314,-0.011942212069237068,0.00629556716070645,0.020347216316227046,-0.006695580364856402,0.00222617927754043,-0.014634160617632785,-0.029455143367163816,0.020087825889621658,-0.0019537776814362307,0.013020508500593775,-0.036803321981373704,0.02461599905124867,0.01781031712432246,0.010601112087019082,-0.007084617840676488,0.009982884888063093,0.006927674274626816,0.019682376517644373,0.019483679800682996,0.011705750168991669,-0.01668672489748524,0.0037365319819290255,-0.016323654030240276,0.04999240059994792
2020-02-26,0.019642358523684345,0.013956828900803742,0.007319631612226707,-0.0020351895129203657,-0.0006358029612473226,-0.007400405226054896,0.019813803119807738,0.0010121514198369042,-0.003570412442530535,0.010516187154712031,-0.010052623821492634,-0.04997336176507594,-0.012234162397160242,0.021120408617595232,0.0009723628028154296,0.005963671927345593,0.01814682219078001,0.0017570513480934524,0.05695971685506207,0.0010537783013790936,0.010015121946304828,-0.006054336311348996,-0.03030796650447587,-0.015035016186203398,0.0019682393569495638,0.0019107354669519738
2020-02-27,-0.021204945316104618,0.004828104346849327,-0.0029284575949029,0.005332814912319295,0.009634379458657638,0.00957837109458759,0.18679492019526733,0.010876267058074984,0.004240556011187002,0.0036279367177970423,-0.003350064690564314,0.03010242994940271,0.0031618881837103263,0.0106931072607922,0.001954400083318264,0.006384382902182351,0.05221943225990067,-0.006132090719852101,0.024307785451594066,0.017594368278571304,0.0046508040243355975,0.018429089215754257,0.01992870695417448,0.017106472461677624,0.006928398289301918,0.10656973556447202
2020-02-28,0.007653327746362626,0.030755543427583576,-0.025729281500831203,0.01610729643476183,-0.024324851600795783,0.015480022287726825,0.0063392244372540985,0.006803595056755429,0.025606673187558715,-0.04420986215244316,-0.013998992806179777,-0.02256595551585716,0.023737758261932362,-0.02523240903820312,-0.022242815396412374,0.022572995102131732,0.002111299106239417,-0.010303306791134448,0.0010283771381541795,0.0042701156190886325,-0.023586883695334793,-0.003598630343090714,0.03002486158309081,-0.0229999156125803,0.01100878160230756,-0.06705891029952926
2020-03-02,0.047061257151969293,-0.0021124676576065315,0.006307443007665503,-0.018994998423929488,0.03221147886431219,0.006956171819801682,-0.02822226386462945,-0.01155651181638806,-0.05609828798304961,0.012090113644069866,-0.014152889010835557,0.005756098864411863,0.010774121855153362,-0.056960886492956164,0.006991070181737946,-0.025412725869998765,-0.02071088527094922,0.0011001682655629175,-0.01346736036988272,-0.018636533222047946,-0.00400340393287113,-0.011323118016013378,-0.03580482026945209,-0.030869467630569636,-0.021064268471762793,0.031198872044857273
2020-03-03,-0.00365127427406442,-0.005033001186189101,-0.01032982752341427,0.002872942371478948,0.0027613816545867254,0.0025558519276375202,0.017400875956536943,-0.003836485163419723,-0.019548633426598405,0.03552433106656805,-0.012100617662167301,0.06112382323259813,-0.019945831963229632,0.01571904765337484,0.013539484424506254,-0.025597970745022125,-0.022735144886529834,0.036753796294222596,-0.004118862981965177,0.048158871465095565,0.013571055370035334,-0.01391169963553296,0.014177996245706814,0.011670568300605644,0.01247460945087353,0.06665444891768635
2020-03-04,0.004181875611452002,0.002322901355847673,0.00822224537281735,-0.017922077055299246,0.00447078199166695,-0.01560867985386949,0.03080892042365413,-0.026420852962443675,-0.01725688690758509,0.006400196317782658,-0.0009303506460289768,-0.02703445315857622,-0.006723403143261919,-0.01602321244736693,0.01656735948214383,-0.010624939206537176,0.017973616432530592,0.00019986170521746338,-0.0014725216036843847,-0.0034450743414615737,0.008025883464526151,0.0074784985826408246,-0.0006786241669864967,0.0050899045646533025,0.007304508696556633,-0.04790615902155804
2020-03-05,0.0014851009235329338,-0.001312242340676506,0.0023340220218315277,-0.008699871577771301,0.015091379892242296,0.014376921888163308,0.028638727363979877,-0.014100373218971063,-0.013581693880519219,0.021806463835907453,-0.0008714378621594854,-0.01143550808680438,-0.004541565216388599,-0.004212438969634413,0.014097859897338805,-0.0004437629781970376,0.01723177697063627,0.023177044935553615,0.005234469420277388,0.01865837193865094,0.010342376542709086,-0.008184254568217253,-0.039935756455819704,-0.00959816491423704,0.004387649279136818,0.10412752853654739
2020-03-06,0.0037736054150009357,-0.023569484509939675,-0.034956163285833175,0.012462909791898347,0.012389052786601518,0.02934155330596988,-0.006767160663282534,-0.020038119421166067,0.004677571816206871,9.548427991945552e-06,0.0030050510453842882,-0.020397441116788095,0.004258427492852657,-0.019829612029314103,-0.004050569250010239,-0.004980045882421957,0.03184776496259201,-0.008049960534268763,0.006833332657957714,-0.004972939573743784,0.010971363902089859,-0.005202910966331742,-0.006348580325481912,0.014875940962535195,0.02791513603590612,-0.06838615044103613
2020-03-09,-0.0031224798304589907,-0.016021814472541362,-0.018178140459762515,-0.06685213100493104,0.023210948813333854,0.0027734757422399614,0.04052037395251229,-0.01493950155830781,-0.01785863652125963,0.04212261393774086,-0.001693904101159771,0.03183507592211521,-0.011135581917527504,-0.058425106879902544,0.045067698604285944,0.011968535743835274,0.013555398238831673,0.017818197849411854,0.015043304066640895,0.03481668232065782,0.02424300520290823,-0.016336394179821467,-0.0747215322784297,-0.005408394021289564,0.0034164957991622558,0.07098369593488774
2020-03-10,0.02262575702517755,0.03755877921785378,-0.0007946419027260454,-0.026142905744737543,-0.02069932224451576,0.0038921422350790547,-0.05845611447467036,0.011620739332808716,-0.00644049692073434,-0.025886196727841204,0.00968177930273506,-0.037245682432878846,0.02144060107998924,-0.032826182853771924,-0.03141313909402732,0.0018720868270782898,0.014743655812680112,-0.01897823522953579,0.0015142547021282926,-0.02358677060526926,-0.018818369817400926,0.016183766889874107,-0.00978704066662428,-0.035140894088707686,0.015297352087624505,-0.09563808330336776
2020-03-11,0.014137919739108051,-0.0027291047951452096,-0.018872350615873668,-0.005596655987430532,-0.011046165253057239,-0.03048906594034606,-0.08464891756463311,-0.008639627775357761,-0.031184534675856246,0.011469518738345563,-0.005631731188015965,-0.0201590483663463,0.010339801314379615,0.05701834501389502,0.002064491332088192,0.004253183731621313,0.009338016663654969,-0.00689196464648667,0.009843984364682479,0.004673151324146363,0.016141318246507663,0.06616658694477473,-0.03411673177279828,-0.025798964837018712,-0.0031677148981950065,0.06555205858530955
2020-03-12,-0.0036421825044977707,-0.0007855835674183131,-0.05740378692863879,0.01139038906101364,0.022023810596173976,0.007233950258309307,-0.02812042041765428,0.0018921673661146388,-0.031092293890456646,-0.01176395454414525,-0.03339465641939321,-0.05575767096154405,-0.00964715558544682,-0.09340803005344989,0.002831507178622461,0.002478711877404338,0.002338856100577935,-0.024461369277520295,-0.003967134518173099,0.013282888269715465,-0.015946997563545784,-0.0169752940495852,-0.05059028478478789,-0.007369181232615762,0.07442853522168302,0.08758773258223174
2020-03-13,0.02693700318433656,0.08432173272642207,0.009294551175285548,-0.012880069023418095,-0.09476369498046344,0.001631394122239449,0.019980641793598375,-0.040534407723175514,0.006407251778682621,-0.04041392722450454,-0.042876125749854443,0.002041319834280575,0.025182684946409184,-0.0707553237549503,-0.0210969218530761,0.009478568409960086,-0.03223314681179135,0.003189179778898543,-0.026098800084781715,-0.046806677349531256,0.012122660291421061,0.01955737013721781,-0.011592299646022264,-0.04995795991116769,0.0006651536033612793,-0.11114109514579529
2020-03-16,-0.00880634654169743,-0.027611016063138982,0.05826199164766499,0.05731537401965037,0.07465169169098229,-0.01510318906732322,-0.030332821350714023,0.009716064344013842,-0.03152394945338621,0.020369618459169403,0.03767280309969645,0.10111642920709751,-0.0074140280814486426,0.013407775053854931,0.00554370592606801,-0.022689230861514975,0.04382426806019335,0.05717497819878359,0.008451906226679573,0.0685164701822445,0.007168672010386623,0.01608105469249199,-0.1728273061901764,-0.09999913082401357,0.04374976598107727,0.12346946638196188
2020-03-17,-0.015984834771083367,0.03017555227436297,-0.0072499598195452375,0.012735358808480424,0.07673251968245065,-0.028004022227337222,-0.04867039863268818,-0.05995484974402432,-0.010557145532593903,0.04462729296230017,0.016447914963739763,-0.07903610026707852,-0.05049161798039492,0.002436233459744752,0.02252859115943817,-0.03660035833566333,-0.032989793357885766,-0.031794958735565704,0.010015687962458664,-0.0012013543342266342,0.06941142027313729,-0.03617329132578839,0.08899984768149127,-0.10291626778942753,0.05180724379789714,-0.029915930353747733
2020-03-18,0.027350783937027834,-0.0033310741000127653,-0.04470586925667841,0.0510325680135183,0.06187588701653213,0.0680914983332499,-0.016307865111883757,-0.049965515676115846,0.10153591594015765,-0.11344599945266254,0.02276406858488822,-0.0555178871273907,0.010002695059914024,-0.04139308500094996,0.0053332887710364485,0.035367129324047064,0.07102128831978338,0.044263950537537955,0.038445321248194,0.03680785226655059,-0.0014107555657897342,0.0003949474105063855,0.06471953736852099,-0.11686264478333785,0.07734992778432859,0.12032761884859511
2020-03-19,-0.012370002670040958,0.03907897806806826,0.00918101810994898,0.024157252570462973,-0.043336164759222084,-0.0029797269770281964,-0.12165048708741077,-0.011374448500218848,0.11567759215897211,0.04421110572060227,-0.03570732542355093,-0.007129142166430791,-0.008129742579239374,-0.015577429734936588,-0.02790873849791342,0.03727644110334527,-0.0011317057886646165,0.005548493341793748,0.04778523990449979,0.02693773881865802,-0.034314092427067844,0.06431799287491113,-0.053360770188462525,0.13900523745190396,-0.03503248807697745,0.03791705589352268
2020-03-20,-0.020125774789603867,0.0037835211496375365,-0.013261340981568503,-0.02954598373738937,0.029116881009647377,0.008154534530759205,-0.04233002394167307,0.01203927003555716,0.03780801680362822,0.010023462065031574,-0.005973066112218817,-0.029456024260750113,-0.02588990164586047,0.0815923037741989,-0.0039243096932419785,0.021155998696257616,-0.04841568993664558,-0.044203968370867264,0.04576898835541854,0.011477803138471132,-0.07092384135044205,-0.018314406747028666,-0.009354637514475406,0.05063886481844915,0.014372799910756462,0.0981385911852587
2020-03-23,0.008049667571123353,0.06968796555224688,0.010706889606512893,-0.00892594302323746,-0.04492664130882307,-0.014547440662771693,0.0715784441126488,-0.04460881781178361,0.03559667286107304,-0.024218261116285444,0.022794442973887996,-0.06581943647671828,-0.009113024526387736,0.043847278366800024,-0.00279301878075644,0.018407801155199355,-0.026915462250345912,-0.058913298198750685,0.11173834107256297,-0.005092255187640671,0.041321402791510975,0.04471965218971996,-0.0919689056520796,-0.003260448974818586,0.012602330201986978,0.2515075317719664
2020-03-24,0.006497712797080224,-0.0849430094471173,0.07405586601932335,0.009492898343021583,-0.06294218901473725,-0.0006706802281684077,0.06057742152447054,0.14058607311091964,-0.01974040295067847,0.00031201579248985034,0.01918259479948925,0.11350115899190527,0.07228149604933076,0.1789392124321827,0.018979395454128856,-0.006859502294505715,0.032158581860646906,-0.043651159780087045,-0.10201609794208888,-0.07166519860402643,-0.011492739441936184,-0.05485803596326133,0.2029590336057221,0.14597950351771627,-0.0572665381279267,-0.2466229594655076
2020-03-25,-0.017043749105984385,-0.024728548022062702,0.01143769191804056,0.02132447500965884,-0.05057895175839355,0.05138057549604391,0.07133935935935032,0.07735381824020005,-0.02594706827995763,0.023077811724368402,-0.008027125332563667,0.03798570626877118,0.07033940467754163,0.005028924931476775,-0.023322450137518103,-0.0411660528091905,-0.020426076231113033,0.010252256129501314,-0.05331828961761986,0.022356092700175356,-0.023305692721915294,-0.004923461211608693,0.0744706645206612,0.06893128079570077,-0.019512929967249848,0.01013985238756554
2020-03-26,-0.009791141116232804,-0.007626776278321534,-0.024104772332937063,-0.006715024804285985,-0.019296157909867828,-0.031298095536757664,-0.04812498579102242,-0.08838817067885274,-0.0007962564658003934,-0.012390466529835109,0.0040949634897904374,0.031193073155976192,-0.036291417307883655,-0.0684614180028762,-0.0019067436711317498,-0.016770611492225695,-0.027139625660471234,0.0522797870376559,-0.0022488118400998403,-0.01894472578373696,0.006563344468736743,0.006551246797496413,-0.044964573383698525,-0.07830953006510111,-0.006541317263540236,-0.04040277185721752
2020-03-27,-0.007714991934377968,-0.018502271991255204,0.02716689088287305,-0.012104493408033878,0.018901856044581722,-0.03741903549968362,-0.04296027917846901,0.02225870201663016,-0.006280714754328676,0.021531898674837957,-0.009363259521017908,-0.07835172108971922,-0.025321483220845598,-0.046927739817640535,0.013032965801797913,-0.006413015575392422,0.012098555372371367,-0.05974157431619276,0.017516163568220167,0.03310198440818102,0.035350282731781535,-0.0006974091767748547,-0.04876625360028419,-0.04246582618779704,0.011037580253759671,0.1084305584280274
2020-03-30,-0.004978099157873617,0.007552651627475759,-0.07705702740042453,0.025949033934395294,0.01231246644603079,-0.005199184070166174,-0.03351600948370015,-0.06434451451782719,-0.002582505653705658,0.019525486154680527,0.01184180118581235,-0.013139666207667045,-0.010903353059051879,-0.03333243647154149,0.040530970715468406,0.024906034773400254,0.0002573675921508922,-0.04610226746646817,0.005238437230871806,-0.013016215557043243,0.00815764981688405,-0.016384326633987367,-0.08383970160518128,-0.003364046986471747,-0.0302347331702868,-0.038921362693492556
2020-03-31,0.01397197874097078,0.015541524932363271,-0.030012562042722624,0.05477394663157509,0.006292129053479756,-0.01963445035368583,0.010064970346751467,-0.02374851855869975,-0.008522478439244696,-0.02230898102293255,-0.0016974031331598027,-0.029302362079747346,-0.030147183220698648,0.027591594093011595,-0.00452314128416742,0.02113476046959062,0.00708284931874259,0.012638694061194222,0.02825119930988329,0.0011858477279247381,-0.026862666188883222,0.02539652465918607,-0.0036690077744907512,-0.006301059265196418,-0.02916304256415736,-0.015535592054031988
2020-04-01,-0.008474626943826391,-0.009370639370086198,-0.010243489083649693,0.003725153213272936,0.038221456960362055,0.006738348864871679,-0.033641075667005804,-0.04488471212717149,-0.020017257325619542,0.03780300741708409,-0.008053062502622499,-0.09905937804879728,-0.009467535127501203,-0.028350285994583335,0.016187283096238403,0.0009770635259895855,0.019455500053833896,-0.007241883917255221,0.013729692269915716,0.036083409065880034,0.02765616528033965,0.05880275565660675,-0.1010314089611919,-0.036677132530508305,0.01170855191168918,-0.018271992211076338
2020-04-02,-0.006142654831886807,-0.013699504009169194,-0.04397956477321663,0.02557681684722346,0.015885440731120193,-0.05001701593821006,-0.041165073945445774,-0.03192012541364142,0.005017110881063047,0.008083501408221005,0.023395084801043575,-0.07728928016486059,0.022094275758874682,-0.03654144795406511,0.012092477750509145,-0.03166390892359616,0.012997769705243911,0.011352508667752836,-0.006349495044956743,0.0004674422767316777,0.025765448891280185,-0.03128673165167417,-0.02824958032689817,-0.023758102011864568,0.006487931731642416,-0.13282934500731103
2020-04-03,0.0007656280382494218,-0.018913428877139427,0.028783986657484606,-0.0025948152784240897,0.035961020888174655,0.04777574702741649,0.11140156082214192,-0.012385853291859261,-0.0484776052485234,0.04490204846451973,-0.01813553829071357,-0.0404739074553242,0.0073926547855878155,-0.010880701837123086,0.02327525205764225,-0.01021222389042209,-0.014737480811103376,-0.013850314558636723,-0.007344520612661221,0.01724159104626688,0.021030778164728536,-0.013651209733471226,0.022403389634322535,-0.013434306148464747,-0.017537038883450484,0.06656004505747948
2020-04-06,0.016906298731056424,0.016586772708116593,0.05438812911317603,-0.0201001095984088,-0.05244514522220278,-0.0286644643844709,0.14749298609745232,-0.0019350970681448754,0.019395842586302336,-0.055378163189890195,0.00941295578762813,0.0800371503187638,0.051636658807958424,0.04488081936827637,-0.045917119914264726,0.003413722074726344,-0.01868329805043989,0.04244674111294633,-0.020021727740453077,-0.05267197131338475,-0.017598268014490825,-0.02019717422588574,0.10550257280950226,0.1334455478984644,-0.007220302126812905,-0.11136091796670011
2020-04-07,-0.009979238656025569,-0.030358881383359737,0.02820335623498693,0.013975275135879817,-0.025262686357811925,0.018238300153000542,0.028077430022363736,0.041338144598957904,-0.024190875722288507,-0.0036838725654574356,0.0026476442093640307,0.09940884336053657,-0.02419272611405665,0.030675956693921758,-0.002817492813856126,0.021415673435769444,0.029321507617220965,0.012533367018543351,-0.018609542604339002,-0.011622820220897556,-0.003581515291189663,0.006481958983304836,0.11126565977637004,-0.004385868499688028,-0.02734746771177421,-0.07314887709117013
2020-04-08,-0.008461860224312945,-0.00735137342605241,0.00966809282413883,0.010891298569833063,-0.010179558326544269,-0.018367087117146852,0.03535016210477937,0.033884071590576825,0.048651615198002096,-0.02271758527024481,0.003789576417347007,0.059199257227639634,0.013377077878795385,-0.03458952819924033,-0.034249515077349635,-0.0017753781403038182,-0.003696633758638823,0.003362452644329217,-0.037172417399708335,-0.01647078499236998,-0.017732078480911184,-0.030126453212587778,0.0004976719630047644,0.035365056374452974,0.02923043647634027,0.0016358333497652477
2020-04-09,-0.007271642082330665,-0.009695116924453462,0.009407268594899598,-0.03309035449873132,-0.01769393808567321,-0.019917868700072283,0.03806161543830555,0.05310700557617243,-0.04037547647093953,-0.006078714452057543,0.004039162313067557,0.03501744425210784,-0.020208603810467962,0.04649048865062144,-0.003867709894482818,-0.009265962554172003,-0.022608807237133766,0.02016093108836081,-0.015565253332230689,-0.02177375397079584,-0.006795765482007887,-0.025425875336589798,0.03427685403173042,-0.004964608470307219,-0.015499677029306436,0.04238386322309928
2020-04-13,0.02973262854205605,0.016223209974674635,0.04571581643860689,-0.0769945064223948,0.005864277093892034,-0.00573012755117841,0.042891514614102455,-0.029001578787246518,0.020244345438802158,0.0013488817503642947,0.007223993686286567,0.01373325444005169,-0.012389487903473273,,0.00399091766678783,0.0078215381632053,0.0007664279013657183,-0.03339067519176564,0.0802385189169339,0.005305589008687495,-0.010399581017370929,0.013247820058826854,-0.049131011524708,0.010697363205602661,0.00736893120131199,0.10174385315215861
2020-04-14,0.01993036778083912,0.0321749408714207,-0.00847704894445278,-0.010071424391446593,0.028751599753912505,-0.013435280414544337,0.009470723907391898,-0.005378653228540031,-0.018025003008590224,-0.006177033678238297,-0.007790934912593972,-0.024065163912502907,-0.002547982420141759,,0.017293521867197015,-0.011235267548081795,-0.00502604162216902,0.014216533059401293,0.011850243574099473,-0.013080128007541436,0.02680353842928973,0.009464650343073089,0.010727359971752781,-0.018726617654734268,-0.0002941774960443233,0.013350316247566552
2020-04-15,0.012903222317698804,-0.002091407541874646,-0.05083992730762521,-0.02046619120056159,0.020089881956331435,-0.021666406344257205,0.005727999590870225,-0.0271189182342797,-0.01938315354810838,-0.0021259253025806,-0.020096911481204183,-0.044061409138367424,-0.028131741020041012,-0.03851370515652264,0.00735429522270592,0.015295371036323058,-0.01113871869486116,-0.00526172875797748,0.05394918377026847,0.018685011283622543,-0.0023192812723227263,0.009979497791753666,-0.04038824919364192,0.005054849614591128,0.007434939353079817,0.09018181079343435
2020-04-16,0.002129227059432859,0.0247051111291543,-0.0024193430655679027,0.009336409989783467,0.003210971100811255,0.020040409892805533,0.04707470573239303,-0.02370907502980857,-0.012655654179331899,0.014168930542735714,-0.030755614694606415,-0.03043203533716765,-0.04618387079344821,-0.003282297034821635,-0.01103003042730255,-0.00988504428854009,-0.007607638637133873,0.021972230815383353,0.023287015330766936,0.0055586471206243715,-0.0012991378522104746,0.013722361754008539,-0.0065102312874738555,0.03090420047231257,0.017201450626728843,-0.014394170807499274
2020-04-17,-0.04036265076876688,-0.022679287599003173,0.05661649268008828,0.009840458511448658,-0.014405322125032649,0.04974943891161421,-0.004355548545515786,0.009643701934547444,0.021661285088299564,-0.01984941065275958,0.01113962089770193,0.037875162569756426,0.02674025057106655,0.021960448032300794,-0.02585748351267325,-0.00982922164614819,-0.01602768215193273,0.00607074654009554,-0.06370409395624244,-0.013057153404926414,-0.012711747524495998,-0.018817247872734866,0.02941747293548147,0.004749562320299772,-0.021608642591653293,-0.02812460080825019
2020-04-20,-0.002875332621629978,0.02011876145132019,0.00921617473697145,0.00326360565828121,0.005916290427131599,-0.0192477213807718,0.08322663579569645,-0.009462926493756685,0.00017975549523430168,0.0050446124935075165,0.02029504153944439,-0.029526446169306664,-0.013814895161196383,0.005312165758880383,0.018067962464206944,0.012301911222385109,-0.0011684736841184318,0.002732470649200902,0.05223415626450156,0.025611120056234893,-0.003929719782382879,0.006341199557424515,-0.04847896354290371,-0.016641653336019413,0.0027958050300955772,0.010750619653113969
2020-04-21,-0.00023565370404166064,-0.015399242880126507,0.0021607755155644837,-0.010773502762960296,0.0015019416463034618,-0.009136574392911712,-0.025897132779867715,-0.011493976659912697,0.013062376012437538,0.010201853898648583,0.0003617116269329923,-0.011315740199011048,0.005330050414610987,-0.012742740218696369,-0.01438049965227206,-0.011066567815155026,0.016475757161790727,-0.038188721495974076,0.02230886448295344,0.0049552879114425075,0.003844793980734895,0.000432569029376495,-0.0016968547937108447,-0.0005646899174864828,0.024943503607667172,-0.007717049462057313
2020-04-22,0.005873650378946493,0.0007178844893405145,-0.005526327491916838,-0.01573874228572314,-0.010740082808639473,0.0072973907517135395,-0.0004436729583086052,-0.022930247703843776,-0.03903276520847809,-0.011208707323759226,-0.0010907599022651482,-0.0010147802447275645,0.024186125842091677,-0.0076187566632959225,-0.0006123148791363775,0.04428275900436529,-0.008950437075582185,0.02483041272072306,-0.05153594914765702,-0.011537312573116631,-0.010099862281850669,0.01077752648751229,-0.04765763243250709,0.012491685769443261,-0.052844663747686704,0.02578892252989884
2020-04-23,-0.0033363130583085043,-0.0036176997799387545,0.00952765358977714,0.021056546600513815,-0.009963417614489378,-0.018920459606545537,0.002133023300955661,0.025696763811638657,0.020279803198699153,-0.04391923482496307,0.017637787965688045,-0.011450924247100147,-0.0035476489439584258,0.03231697752080398,-0.01650364328871623,0.016174854705528596,0.005553224807837931,0.01386466473004877,0.013068488119023391,-0.028675695331496054,-0.0172559910286334,0.0025358532921976318,0.0273853885807519,0.009978288961498438,0.01938997274000498,0.12593041272134464
2020-04-24,0.014951585053960104,0.012112926723341744,0.018840393951249812,-0.00391014268351042,-0.004153222246542132,0.007955799028913635,0.03922440965447005,-0.018008174723177173,0.004116370186718621,-0.022463712453421603,0.013853143595410344,0.0054996181963067325,-0.0025839431152514525,-0.0548090057052929,-0.01235976356531121,0.012765890999733243,0.004581113022565919,-0.019191125247560947,-0.017925501105031882,0.016459333617869998,0.01755751207074918,-0.008826075857796267,-0.023358906864650142,-0.014677447891607631,-0.006577888400578935,-0.07477318480463968
2020-04-27,-0.01400719713502796,-0.0019271072403155287,0.02270968865093881,-0.004542366991617586,-0.012891720528942718,-0.020787144743433683,0.03196966223805675,0.04688780873657672,0.019659355696133307,-0.019355067475975596,-0.0050925948740581095,0.025761868621106077,0.009864939758737368,0.04914654484831704,-0.013352468464273404,-0.028235477493401606,0.030523659764286615,-0.003980934270151781,-0.023208388644515576,-0.009284875715914076,-0.013969757663533144,-0.013502754277335605,0.08865832476153912,-0.026256953546267336,0.008943530240074882,0.02180987818194824
2020-04-28,-0.010967375468205143,-0.03794266318376438,0.04574121722984459,0.007499505834008824,-0.023577197739368505,0.027141831283691742,-0.038493168272127454,0.045861302277702354,0.00877764431239525,-0.0011228990593905586,0.00802193197929535,0.008293670898527061,0.0032808549707794565,0.04241839893892574,-0.0007793196240678535,-0.019237453780924674,0.031015404422998438,-0.053097394193427405,-0.03640651217204216,-0.00017617844879480593,0.019075757206653332,-0.027427323002153114,0.0756741566659187,0.056133805198766096,-0.054435709145728595,-0.042631280240838065
2020-04-29,0.0062616513172764066,0.020559585427897265,0.00512152862522508,0.013256751228879704,-0.04170905926755031,0.020420806738915775,0.004812337771488595,-0.04888866276636683,-0.012962523799965542,-0.025392320659110457,-0.0074185381184992405,-0.01061445257223359,0.04556264346004779,0.040170367776482196,-0.028929012961261824,0.035085576073339286,-0.035149126429955935,-0.002586267793460495,-0.006625028447379666,-0.03550726028253759,-0.048297782829081926,-0.011004943230774833,0.031764921597565055,0.007621366491086468,-0.029902487414968815,-0.09192340973165625
2020-04-30,0.030308354921335767,0.0220142364028052,-0.032262032264321006,-0.0214390165280004,0.03290709932465641,0.006611259706393313,-0.04142415536079014,-0.02310689906408081,-0.011717457521224994,-0.005518480227598377,-0.015109639254264451,-0.025967354759666383,-0.021525056088910643,-0.018685120106068376,0.016851882373348004,0.06338623409133126,-0.01856173498596625,-0.025101412034715165,0.02853802959685614,0.005326313861679255,0.0011891452946160008,-0.007694915975131389,-0.11806021747431772,-0.027221960132770784,-0.005874402177991067,-0.06799944534318969
2020-05-01,0.011959759052527219,0.0003471861410089261,-0.03019708386392439,-0.019199931115763902,0.045632847558448986,0.006177064871682458,0.02150742264388028,-0.005339990486338153,-0.0395437112200695,0.02888960264249596,-0.0013292960331727777,0.0009063390052673759,0.005402040752472637,,0.013673393687847257,0.016139714312763287,0.006205203890640165,-0.006569867115319483,0.01715037202186842,0.0212083128509436,0.01180693017412171,0.009835669139700798,0.046876060992750435,0.01135565935275229,-0.001097878343747749,0.053138559384184325
2020-05-04,0.009898921447687004,0.011077036850207556,0.024812154979381162,-0.03274909778259272,0.005719163384290349,0.006414282149290962,0.0461032294636301,-0.016444772559595533,-0.02413143645708804,-0.013983021065126278,-0.005809021285035465,-0.020198708446712788,-0.0023149005432729908,,-0.016873100683551634,0.010532327107067196,-0.005595600725453731,0.012533737194135641,0.02676609424710308,-0.008369263412102423,0.0017436114338693631,0.02776884973966598,-0.029975384706497965,0.0013503075353256122,-0.020136865729867837,0.030969607806388577
2020-05-05,0.005968372623591955,0.011067775732462426,-0.0037960674685837414,0.0020067847746290113,0.011813617699006018,-0.03450195622619179,0.06630289597314953,0.013593120656736346,0.006669521166978054,-0.008202115151776157,-0.0016440583289378807,-0.033351877158038334,0.008488727783894534,0.028240261069178763,-0.0038467311890668654,-0.00022236209647319427,-0.015577122746540883,-0.011449895181823488,-0.017145195722486406,-0.0088480069086192,-0.003312132713156224,-0.008928256447379379,-0.009040556385797371,0.0036288841212464007,0.01605902786213731,0.0005802248420627709
2020-05-06,0.017296699504854574,0.024922251609176826,-0.0031878473131951024,-0.00440622515728939,-0.014538111467875314,0.004507906361410963,0.08185228962783675,-0.013141537396997416,-0.01469127632283207,0.00979618578677377,0.011792553499665126,-0.012953897449722973,0.0013587104309861209,-0.0203420748301667,0.003402345715427524,0.01374033464701696,-0.0013633071138995367,-0.032219409053002135,0.029537576935504517,0.01929054381685502,0.00022037248335227133,-0.019771284181212545,-0.040413844073661886,0.007254363677347331,0.009352701306124422,0.039916772442806114
2020-05-07,-0.0011597154754550143,0.0002464723086916809,0.019040047497735912,-0.015033971066945595,-0.004128268906058663,0.0027711532773102565,-0.032593607921875156,-0.011504630788313985,0.002567371181979361,-0.020614210912108022,-0.01405511726018227,-0.009809891132183113,0.010628814482630977,-0.005151219199641233,-0.011105634358575367,0.0018785356682351484,-0.014651247019448643,-0.0047787467973789965,-0.006277320028743372,-0.0014334528018780102,-0.00561682868675506,0.08896886855234243,0.019056744178870044,0.006317329689556672,-0.012580729078203401,0.04337876325444401
2020-05-08,0.006930136783821483,-0.014881214769467688,0.014341806370697707,0.028053205606364262,-0.0034698225070095567,-0.009834351561480492,0.03692142315236402,0.05910411376377911,0.014822977227196166,0.0035068047575288475,-0.002353920785541641,0.06942300229558729,-0.0026151049263678505,0.03496440797459077,-0.002118892947215123,-0.01171194832235889,0.0021350645337496754,-0.05313895847850425,-0.01911650629334083,-0.0009745807406758011,0.003500693287286083,0.017024927395216327,0.009335482004231066,0.01873344664991894,0.004672865835476436,-0.03208072183805999
2020-05-11,0.015602234922765579,0.010506097742221776,-0.007891020061692955,-0.0313521690644154,0.008592095552730772,-0.018614380612035575,-0.005460798578407089,-0.023033751149454273,-0.02404554015098892,-0.0019350629927794571,-0.00338518978740987,-0.03440118325946384,-0.004417211634391127,-0.02208855705428847,-0.00229405141633654,0.003775466043696163,-0.018852520827511765,-0.008741424444134394,0.011277731784131273,0.0068113433251588695,0.0009846423349966216,-0.018403304075343185,-0.06464923306911219,0.0011273784961784994,-0.00983445342918765,0.0711668076621943
2020-05-12,0.009072189782308282,0.003484521137365748,0.008067621696096983,-0.012737758086982076,0.012255851875486723,0.012262745152351595,0.0048052234159036145,-0.006843656998894221,-0.017097403067066197,0.016890041959952917,0.0014938241820877662,0.036629619546078684,-0.011928634498795443,0.008710844228727699,0.012821687836690576,0.00605251783214833,-0.008388620935613877,0.028875886186806365,0.0007509538530023896,0.017282032423359905,0.009784448272729951,-0.0013152735755204148,-0.031942276575075756,-0.05963515158449484,0.009212897656094676,-0.012176295764105838
2020-05-13,0.005388521096399312,-0.0004501990758324359,-0.0087544094783375,0.012510111430924509,0.01841677477114212,-0.016888909674515507,0.04948001789923362,-0.03474632083194895,-0.016123875383155517,0.012933311048771934,-0.02020530382537067,-0.04206128499222972,0.0066217857268684455,-0.04709031806176911,0.0007957278160898307,-0.0063354259021948245,-0.020694492074223803,-0.00433107465022331,0.032399514693046916,0.010543760334548624,0.017613135644868105,-0.0018798462199692834,-0.07806399607816994,-0.04997471615904847,-0.005262431616703256,0.05534155196282864
2020-05-14,-0.005381459942599198,-0.020365694325279904,0.01726413130602067,0.004841959600404566,-0.017124972512663428,-0.0027389584234152053,-0.010543900577725696,0.024492360624644327,-0.013628480927647901,-0.017894598775616277,-0.0009834518946962856,0.018010982041654522,0.01875423814626198,-0.04663988568619226,-0.012331886034601891,-0.0031874991413785025,-0.012479684384060552,-0.019704303792260514,-0.0031281714677948713,-0.022579091263495776,-0.010622423122806923,0.011432886104552953,0.028709664246585165,0.005478368438883052,-0.0010549359941509628,-0.00691788075849864
2020-05-15,-0.009838441991535385,0.02395841892143702,0.01446960847997869,0.012365149732953329,0.007062398011053572,0.02786585507733408,0.04507523095006283,-0.0018815347479401723,-0.01849895476381669,-0.00888705757583197,-0.0036697815496598007,-0.012942585453871835,0.0019515646265610975,0.010196258465384744,0.004959131313185816,0.01575363745152658,0.015927903239834063,0.009818639169670629,0.023769055504838876,-0.0014841234985563112,0.0176394713250565,0.021465982200835843,-0.020848107901677904,-0.006513835357232378,-0.011124683983949835,0.03728617929033051
2020-05-18,-0.007940040755195055,-0.02419209358361951,0.07726344560138765,0.03428829142455303,-0.038430373961681585,0.020679874539502707,-0.11850337763192398,0.05217251901346098,0.0770369947744367,-0.017005341484990888,0.007650942993726151,0.04955735999495703,0.00779041595776242,0.08187139166335466,-0.011285005254854097,-0.020547123981749627,0.0447841976942962,0.01847171278741322,-0.035045948289448514,-0.018195288304999613,-0.03466376884578193,0.015560095227747262,0.06603978157384782,0.028962817151048537,0.024194932208585707,-0.0895003867552221
2020-05-19,0.00470608160048136,0.021979931363679484,-0.03173676055134389,-0.015076309744771144,-0.0029233877295585797,-0.010104538172555855,-0.0035217560425084837,0.00860124808485141,-0.026431435397952674,0.00020277456137218763,3.6778045740870624e-05,-0.038482567680683366,0.013347733625310942,0.004871833659370273,-0.010704720789239341,0.02779283949009792,0.004522157277396355,0.021626736258530954,0.0070817006531019855,0.0029014950614372204,-0.017482295437106776,-0.021900413796155815,-0.029097435552729256,-0.0005708109600198741,0.013918240636156876,0.06507174573104746
2020-05-20,0.0027970907754082397,0.01405817513294605,-0.03989012031168271,0.015558154314898376,-0.016096615044992824,0.012962732523054354,-0.03987223195509004,0.01919773329781771,0.0026884600517400603,-0.01428313729828612,-0.007589578259845853,-0.01665110025908012,0.011106064164963403,0.01576297174405683,-0.019457270917548453,0.04370481832035411,-0.007889920135141004,-0.005267055377109697,-0.024122761305840013,-0.004724086977876851,-0.02021885547951474,-0.021316431866128305,0.014453288642674478,-0.001143562974778689,-0.008873397946380868,-0.006287194641476868
2020-05-21,0.0003179605119584261,0.0039678683976871465,-0.035885938827171726,-0.006315984885532422,-0.008581463417257518,-0.00262972970138331,-0.0053082899632730385,0.03327472399387099,-0.0028237098836969565,-0.010755143845422421,-0.010845665180737818,0.05845749339114381,-0.007420288969288147,-0.009877070454783365,-0.0016736936053914908,0.013948481699006421,-0.00841974958542202,-0.0023278663282836343,-0.017736228566273105,-0.010366484101240525,-0.00022566163534032402,-0.03043712920940478,0.08167998886116068,0.05124370585602833,0.009111405733513211,-0.011886746835026885
2020-05-22,0.004084979309278314,0.005731685824837074,-0.015946980425156965,-0.016293752421312035,0.011173241833943637,-0.0005547800808922698,0.04030549877293699,0.0011984058731557834,0.008270733290102417,0.015063921023148463,-0.008482031448117877,-0.013073442753170461,-0.00014473250948676686,-0.0056929831887504445,0.006169277605105217,0.01285866545635006,0.001967153151034573,-0.024221345122361293,-0.01823911633409947,-0.01032505060842559,-0.00028016644255091094,0.012584475039229437,-0.02061236198658456,-0.01196046048441568,0.002007244989120638,-0.00799226987782331
2020-05-25,,,,,,,,,,,,,,,,,,,,,,,,,,
2020-05-26,,,,,,,,,,,,,,0.012338319163900602,,,,,,,,,,,,
2020-05-27,-0.010470483735217861,-0.01870375802931179,-0.019734500990072013,0.027843567303669436,0.022441505006008056,0.02341744285982239,0.014330315895933587,0.017706858261106406,0.030200941521431046,0.02243791820933816,0.016217216862671968,0.014833811843866673,-0.026563902124525862,0.07365997089403975,0.0004984329290549372,-0.028005612479914288,0.025085819856618397,-0.03935575350206921,-0.0024831737689769984,-0.025917294606390695,-0.006657608606707388,0.00222815990017744,0.027884477972104582,0.04253050344100018,0.011442143632809598,-0.02720533855308982
2020-05-28,0.002548037292958938,0.014528878316486749,-0.0314025175459437,-0.01161523939188347,0.01746722602265849,-0.003471569051952783,0.022700775758236924,-0.027742930438811597,0.0076284115533966634,0.02412979875252841,-0.005937205862887263,-0.06304971502712431,0.010547910379318903,-0.01195668418509166,0.023160445946692754,-0.013952161190879608,-0.006301735178216861,0.015911859078074686,-0.013253172106219124,0.017731373338937706,0.013421955724141732,0.022889776306736387,-0.08826913932030267,-0.030956533901135397,0.003111844566008992,0.01186281865885297
2020-05-29,-0.005786082593963404,0.01301147948867798,0.01690662013679467,-0.00986454216941246,0.009099177292533511,0.02111238711320329,0.03592800471999147,-0.028743943591594046,-0.009311156359521733,-0.007018644117191664,-0.0018413241987955686,-0.015084012351448073,-0.009476578649273537,-0.05245859042316314,0.008998463295291081,-0.006453458344589658,-0.007235542129098604,-0.008786985265206937,0.010401426167233385,0.014723415503942627,-0.010406068690031023,0.0034521084785408274,-0.03268934794166345,-0.001935360134428299,-0.004912480868375924,0.09258902387258838
2020-06-01,0.008546766356057667,0.004215621171045125,-0.01130637385304789,-0.0006712873546543818,-0.0006874029650258962,0.011238240885213191,-0.03326478037994873,0.024269825931618305,-0.010261495192641079,0.001776602437914665,-0.003831181775234116,0.01997033734969844,-0.0020562133789092663,,-0.0012572616104060685,0.02654780177526339,-0.009248473539290591,0.022924309662338826,0.010996328798832389,0.0019878846404279837,0.007195092180074303,-0.00714995680079189,0.039630922869945184,-0.023914335832776912,-0.0080638926375588,0.13370139921925883
2020-06-02,-0.0035813545803096147,-0.006260489472955877,0.030885677783798693,0.015191734254913714,-0.0006411595041890816,0.0030150302423153086,0.033397570640680385,-0.0031001196571136536,0.026404417483770537,-0.002713772022280958,0.0006769195036704367,0.02582222596347905,-0.0009445155435985342,,-0.008784946330389953,-0.004718087069195631,0.005029989675467972,-0.003028594262632023,-0.004947310474167743,-0.01769077396407792,-0.010917766103906157,-0.0010893606557722535,0.013635616937270445,0.0006979668997220134,0.010826204242373683,0.011039757727252963
2020-06-03,-0.008144121002950255,-0.014980781742222615,0.0073372047300721555,0.01692177288141683,-0.023270562500736447,-0.010886035583107523,-0.02830811594417748,0.03550366820134587,0.01526344365540866,-0.03522631028936174,0.010557496572738412,0.06058067398878708,-0.0021862819367193254,0.04127306536891884,-0.016138601811810926,-0.024649268307323502,0.008997537878557393,0.04513663249236566,-0.026145770908275412,-0.006865936054274213,-0.012216388259038924,-0.005681626479357327,0.06842013724948592,0.032284201261591816,0.010864132664527792,0.06223526321134698
2020-06-04,-0.005243570694059896,-0.007197633152768668,-0.024605082558704527,0.01808287933416719,-0.008209885904440606,-0.007062430673628217,-0.001094483908321342,0.06475807882141216,0.01155214860713527,-0.002517099817402002,0.002128706168816663,0.009887644163753873,-0.015194123687189198,-0.02127868148751655,-0.011989013162962747,-0.013445919988283705,0.011680856152283647,0.012565843428364865,-0.01473684945221787,-0.00770643012445793,-0.00594094606484008,-0.006907009706806577,0.05116974048654499,-0.013753799837712521,-0.0009727174974885067,-0.05702344190858899
2020-06-05,0.002269572579006285,-0.007808316634454471,0.0064459639443696926,0.02155482990462043,-0.032674609172302804,-0.00607402452860395,-0.04588788707004976,0.09098764035803253,-0.004660967263351967,-0.011147803418228186,-0.001616924121157659,0.014591582713417761,0.008662565436315495,0.05013988882976328,-0.0020355401309690713,-0.006413987724992465,0.0036869533273338195,0.0184845715088382,-0.013492310091796966,-0.03367798779158626,-0.011889858848727508,-0.0166279836901424,0.026708266057375862,-0.009678034501942268,0.007218678265109135,-0.039285099452608385
2020-06-08,-0.0061293188063025195,0.0003788964215925006,0.0018928357611294189,0.0072007888707017464,0.0009681983901526081,-0.013650098809664613,-0.040623896051116826,0.013843996952231485,0.038376524234136955,-0.010343266889117686,0.015900184321405053,-0.02822095283927384,-0.016754902625334078,-0.005011006115401173,0.008518113640841207,-0.009311534829619106,-0.015267197406105049,0.0034814348642009385,-0.01230368076665922,0.010807547584231747,-0.013778427116203806,0.0208864079518285,0.02666392794503203,-0.0021637411353980784,0.023588950368202743,-0.0012997891418995433
2020-06-09,0.03937744261388476,0.006240532582654557,-0.016818364430746913,-0.017832741530296237,0.010207327196424809,-0.012314153653106064,0.006491488430499626,-0.030713439706819057,-0.023597242462409906,-0.009375126732856454,-0.02078269061600546,-0.015603699426305018,0.011278506532531485,-0.020626206598372443,-0.004511738225863482,0.03921663625032068,0.006780286646646427,-0.03357289412435405,0.04250792243753099,0.02287558622072472,0.013547768832255946,-0.004358533168680068,-0.07173332073139671,-0.031050710796952652,-0.01592203684279825,-0.013170228771713921
2020-06-10,0.031040488704870195,0.029635791175763537,0.01308401872614151,-0.0077280468711358186,0.01292014409030473,0.003868219846852816,0.05035688691236462,-0.054079152767824934,-0.02433664471103958,0.02016257487606421,-0.009853499769542196,-0.04714809809064435,0.010642022215879954,0.0010786297815069679,0.00833449428455324,-0.0028152950302196,-0.011483616159026488,-0.018011721186794838,0.006303831390022663,0.014641071291826901,0.014036914139414214,0.030509407907997388,-0.059339619625550566,-0.020312171316629546,-0.0058155458960726936,0.08120274765868152
2020-06-11,0.010933591292657474,0.011871659806084067,0.004476638898962992,-0.023281838117391596,0.04463952253657899,0.002914543163616057,0.030250900703093775,-0.040909246401394705,-0.023605738854249214,0.012905129096110968,-0.032377635536295024,-0.007357953125885941,-0.010990246805488435,-0.030875627740044487,0.010365700663990118,0.0069860815882197835,-0.011342692886588068,-0.02302306821431277,0.038413722607752,0.034358976381140605,0.012049135553994894,0.012625807348230156,-0.02891121908952332,0.006387544921729993,0.0011742599483524074,0.06369477428421366
2020-06-12,-0.0044273208246363716,0.035614561571336134,-0.006458891058783722,0.00010248352201069899,-0.03106679293781356,-0.0015386534820389652,0.015834996983172367,0.040773086339091824,0.017293807494402014,-0.012906110920392733,0.019987011017180034,-0.003544153016808327,0.009394158059128133,0.006902279694460223,-0.00910290405532721,0.005430535787190882,0.003279928115482278,0.025037173764166365,-0.03066119534995726,-0.013704670643916339,-0.003987090669900661,0.0010138661297323104,0.01243483311575,-0.009740496948061228,-0.00300795963878997,-0.02454372308988262
2020-06-15,0.004054805187891475,-0.021103116086235385,0.020623027718752907,-0.004576737615689552,0.002497830481995811,-0.007998575814224917,0.04371889397587192,-0.0021205569823419257,-0.0010789432889732886,-0.0004118843723526222,-0.010445088002466352,0.01706844138515673,-0.010394178198650406,-0.01789016333312754,0.001346926890288369,0.008837154203604092,0.010154868353349666,-0.02993395527431919,0.00945992744693469,0.004390308225545425,0.0031606954968859124,0.014852627771511306,-0.028339872175260128,-0.013342439717395238,0.0326807716653148,0.08051795615694979
2020-06-16,0.007539978895713562,0.006776419726419958,0.024282252079301125,0.03362225368623628,-0.007184854699756826,0.005901966897813082,-0.011335186160472244,-0.011270053199814,-0.005048580770487865,-0.0001348793644218027,0.00980834315517698,0.0008398510386136149,0.005636256949242524,0.018458780368448613,0.0075896488390545525,-0.005414010584944062,-0.006662965239070617,0.012732796830126292,0.006019969477215836,-0.01741727071103316,-0.009842318588600074,-0.03606213223988375,0.03741545534677582,-0.01714418721623101,-0.01716386171278006,-0.00415195043689609
2020-06-17,0.002208675761725787,0.008021259906156097,0.0008447698327823661,-0.01084908044853139,0.012029917951734581,-0.0015477426471645073,0.024534617464866293,-0.029987392993261475,0.004485977035981414,0.0013373443018259712,-0.0043896163772717545,-0.013043418732106571,0.0012354635936608904,0.0034652419621220565,0.006072707734056437,0.0030910753409604252,0.0007819239155941737,-0.009505526022805966,0.030289623669088273,0.03264103977484967,0.004283880184716815,0.0010734136521098891,-0.04776721407700235,-0.006359860075485946,0.01456161153873714,-0.02031132276463643
2020-06-18,-0.00019627670816801945,0.01626229753099473,-0.011886748927961155,-0.005585378867143831,0.03191178982819953,0.004324139464969345,0.007283448184893793,-0.0005942198825281686,0.019529563537670658,0.001371265297168689,-0.0005139546235468639,-0.02880304830154934,0.002994132990534526,-0.008025680342320207,0.006615150683058291,0.0011465649142654577,-0.0006569883303580992,0.008758603640741436,0.004095667391494695,-0.011088901394528339,0.007147089674024665,0.03604214681839513,-0.017472035294292976,-0.021519741024940364,0.004920260925731501,0.01972176647066437
2020-06-19,-6.484313545074283e-05,0.023606062530493244,-0.007716634352136764,0.004630658521325937,0.001794413859077637,-0.024174577445549628,0.10208626940312326,-0.010148571233282055,0.0001578361499522396,-0.017664102345815058,-0.007961988967801759,-0.022652278397088055,-0.02174092259929916,0.006466210003633233,-0.0043336721349689356,0.017728753234951267,-0.001008394055793338,-0.011963594554570522,0.014207570262576352,0.0060058707195582706,-0.005647198535030928,0.010443255976141597,-0.026539295376383776,-0.02531364507956324,0.007415506657805215,0.013556057484509276
2020-06-22,0.019668593803872092,0.018340783624651857,0.03759361586262089,-0.019597344677833584,-0.006108201177390082,0.003804351459748778,0.003044726958712829,0.001530936510886649,-0.00831207650642185,0.0020793582190659077,-0.017926272596424764,-0.0020141142134606493,0.0202837112203178,-0.00785524074788524,-0.010490524991277339,-0.004694353640531057,-0.015726610450558898,0.009706150586689555,0.02506620117683611,-0.004445870865251056,-0.008247359633473561,-0.009301379547350885,0.006808636074651542,-0.03807055560250938,-0.014567998955743455,0.02549935444430651
2020-06-23,0.017037181571025073,4.688710771771909e-05,0.008195505374077428,-0.000650405401052101,-0.009981224573357927,0.006355080919462575,0.04678290247683825,-0.025008009374235862,0.00799443684354606,-0.006681579477269661,-0.018018448691984656,-0.0005902105241177846,0.003707738946533423,0.005907851844749956,-0.01252128257652374,0.008316901810159427,0.003032011583402383,-0.005015845410466291,-0.008110543245748447,-0.009019709054844838,-0.0019417321649566333,0.0009457041602820571,0.0007985520637652233,0.001580903087571528,0.030398015515880727,0.0018214189708429807
2020-06-24,0.008203108627741762,0.005721232959918443,0.0023229820748916774,-0.007332935936646523,0.014702581121061375,-0.007905246258267717,-0.004277268751461838,-0.006665328929571057,-0.0027634122014530416,0.008427265917474447,0.0008153588762408459,-0.01118186714119318,-0.016082988437297385,-0.034546563120135265,0.0012017521718239443,-0.008077997181412777,-0.00975073049515729,0.013587830533853151,0.007818007578931141,0.011115009356589156,0.012152380356957426,0.037706673184485506,-0.045262332507934655,-0.006558966529064181,0.01581975053519158,0.038077749347675605
2020-06-25,0.0023161598687602147,0.0012487153078601931,-0.0003414260572038863,0.010751059483048886,-0.004533382193200097,-0.01522057059440507,0.020720298768238887,0.0024859515972568413,-0.003408791867894889,-0.005567938439826836,0.011459335452950858,-0.016343632498895255,0.0026452628975452974,0.017452068648901697,-0.007207501662829019,-0.003866015954880675,0.00513543830289831,-0.0024165682698014113,0.006644566241975847,-0.003887159950569874,0.0033197226904828625,0.0052721282839538475,-0.026584539773398252,-0.03995946252659888,-0.0016442895582788886,0.003147688157136397
2020-06-26,-0.006498683491708901,0.0012723370184906102,0.025289735606255692,0.005623842450775407,0.01653854535518917,0.009196183962106086,0.03666768458089342,0.004326270603385751,-0.01548963369529921,0.002310326040509292,0.008768558527683656,-0.028364086411647116,-0.004866085664820274,0.0012047200713690698,0.00947205429278497,-0.058936703066031826,0.010326570149380987,0.01205516206290791,-0.024087135646573943,0.018374802821095604,0.005354575096209291,-0.021058509793369318,0.020258476851830687,0.002548266933374621,-0.004727007402231198,0.013784063263446611
2020-06-29,0.008360991219993119,-0.02105689818190548,0.0033565153703807304,0.008682437006460209,-0.007200391527772965,-0.00648540437902323,-0.011272391218410949,0.0022350955339234257,0.019677678093221518,-0.0007008326150810262,0.007159159361473488,0.06613060809138172,-0.002278360386346767,0.011021216562719705,0.0010786328996490457,0.0064175261842553954,0.00531174319022476,-0.019297654780406903,-0.006025352101856729,-0.019394985326148695,0.0019901974167289005,-0.007461179582755273,0.049059390975785044,0.03079039472778944,0.005440986967295336,-0.046772869344584134
2020-06-30,-0.007062280525495401,0.010780565173336809,-0.004521537635258532,-0.005429952593983378,-0.007849750160387137,0.0009113718023838757,0.017052015483318694,-0.003762846083742888,0.026730638847686672,0.00034113779679456613,-0.006891956325673521,-0.003325463165368303,-0.005953299571754167,-0.008865661069753505,-0.004535729571168323,0.013732735550742836,-0.012710090546349084,-0.0010035167091360098,0.0020304831591022587,-0.010496327689238472,-0.006407993261984712,-0.03249190706024452,-0.020653211722277076,0.008705278919721726,0.00011807180171641285,0.004625511203002697
2020-07-01,-0.006913704866448378,0.00531532789733169,-0.004105194119055078,-0.008500427390425336,0.0027396824975587375,-0.0015774238619599146,0.04185723807406294,-0.021469474443905345,0.11222229311813203,-0.0011646613217859425,-0.023487055594613282,0.017366056361594717,0.013476155381145993,-0.01844043227761838,-0.006000222186791415,0.041130864153817726,-0.008612321895239305,-0.03470929387925026,0.06222464657933524,0.004938065081712351,-0.0042659028261060605,0.013988951308518072,-0.028365585992847664,-0.004284697187083353,0.02411962828636871,0.017025716610018282
2020-07-02,-0.004541250844364075,0.002598229080757797,-0.0033963771083267424,0.008626966430543392,0.00046510250800446684,0.007501279608530753,-0.009306998381996001,0.007164533709219656,-0.01207380769996469,-0.00653936310633918,0.0052443888369622105,-0.030088721106930505,-0.0003905112291546775,0.037662950708202914,0.0034857942051829127,-0.02192692354140524,0.005817165157554927,-0.011013321886598648,-0.022558712644173196,-0.003286104330240347,-0.0008391503145910306,-0.005671953423155518,-0.00145710842793223,-0.004443058512720421,-0.005065438385762788,0.005530856987157939
2020-07-03,,,,,,,,,,,,,,,,,,,,,,,,,,
2020-07-06,,,,,,,,,,,,,,0.015483343362541646,,,,,,,,,,,,
2020-07-07,0.0077156995585556665,0.0036818056036990177,-0.01324091809266259,-0.006410662076136386,0.02610239342638565,-0.004284130412605114,0.004091063425752051,-0.0004901248551129056,0.02534466789923162,0.009273530830938626,-0.010897211732965428,-0.02943129437603864,-0.007704496575428488,0.006058468024230157,0.008494117695488135,0.013232324116432603,-0.009927779831601757,-0.02542867806735427,0.009502264110858416,-0.0013353501802265688,0.012844197427501647,0.0016407826623567878,-0.029393643775879164,-0.01822456521686866,0.002930166497433273,0.015033114800287684
2020-07-08,0.015462721558525239,0.010687776635942114,0.010749554375608206,-0.0005163535886187898,0.007479118832656839,-0.010524222510028602,-0.010590117303732383,-0.012729299042743003,-0.007701394202618506,-0.01347535039248915,-0.0067217102072199,-0.09098014287763234,-0.005690312735559644,-0.019651442269342345,-0.012876197487183272,0.003465410071289643,-0.009377731908577047,0.0001827621727312767,0.01167935025368183,0.004206652811233003,-0.0029612337421860424,-0.000171582440279483,0.019840362954527402,-0.012311709863791376,-0.007652607472756756,0.008273267281196706
2020-07-09,0.009943966044762997,0.012548001616183968,-0.01993568042462812,-0.013087298680432569,0.023959130210438384,0.001402174539572476,0.028968008078586682,-0.035407277361557354,-0.012141461264999265,-0.00812858590871568,-0.01134745896182554,-0.01407238067512695,-0.012880840115353398,0.006808440022463613,-0.013481953166455174,0.00942074761597922,-0.014604904890964221,-0.003438294805728881,0.015548556631573951,0.002892669037842799,-0.00560648267052577,0.0015165116862692063,-0.045125470998847006,-0.042470446979623766,0.00546878228543346,0.017659157381381907
2020-07-10,-0.008717148176390133,0.0011647680691184714,-0.011054753717157362,0.007667818252815373,0.002381184240813905,-0.00045604679608390875,-0.038586026272219964,0.03405435534799173,0.007833566865180774,-0.002576778458003748,0.012349744848020983,0.003210508996099426,-0.006766161391421388,0.004056518414876642,0.013011479898133782,-0.008134954388261617,-0.0012221513490351388,-0.029636791987603606,0.07022152606395626,-0.000500001540874262,0.0027205112828918576,-0.0021775811172508597,0.012224017786823804,0.008722578668756364,-0.005048964269424916,0.013094226013629306
2020-07-13,0.004749370243964601,-0.041538382006014785,0.017607584313527713,0.029361089279123176,0.0015101421277331495,0.00962612127413398,-0.051020253062354914,0.0028051547434208013,-0.005518807651578972,0.010380131635684187,0.016544658366588028,-0.0073042612582624455,-0.009238486687640046,0.026131565601613227,0.01344514341368197,-0.015406012194619678,0.022120186303516087,0.02992006956181492,-0.03297160891071116,0.005397844873030744,0.012709387958764973,-0.01427132168195222,0.031549422713714526,-0.0073729999067839724,-0.002021738815229157,-0.04707711378141899
2020-07-14,0.00314220105336549,-0.03304612583370403,0.0016637469453739673,0.03492029720184919,0.015207140000649488,0.01895364732444249,-0.02134365521871029,0.03609838528086051,0.001123488101754111,0.017247473065665764,-0.0016617789573072361,-0.02067055482087976,0.01681602481777511,-0.021317454884729803,0.009826830564739986,-0.010351769396824029,0.010753809807497738,0.0011669941892147317,-0.014586204760942856,-0.004826224708241567,-0.008884851988845588,-0.0050826361133260445,-0.007979959742500764,-0.017402033932658045,0.0003946932964304928,-0.014520385538497993
2020-07-15,-0.002204668528606346,-0.01085711878425999,0.008526395799100195,0.0017299779990551656,-0.007661681850249513,0.009551761460957708,-0.026143904216096137,0.05066652419236606,0.00826835041932128,-0.00756466386589838,0.010818582113184982,0.017747510185042836,0.013563857220726838,0.009704284068168034,-0.014379958289481354,-0.006787940731413533,-0.004098962309975862,0.002875728418393786,-0.012168446716798176,-0.002328895054521052,-0.022585685238578734,-0.013541675069656645,0.07187389151257917,0.05276016540060824,0.024560158205436444,-0.023658445504871617
2020-07-16,-0.0088988875373599,-0.012113173295808188,0.0026145300863912313,0.004851631300178738,-0.0013219723241748582,0.001451449788484327,0.016841377314841477,0.021210186446465773,0.03348365504954609,0.021966829149887346,0.011617605627739502,-0.01084602017379177,-0.017430100663849424,0.0028754116846531064,0.01234641823505922,0.006111232931418797,0.010749302576913866,0.00452074628994148,0.011298892549607364,0.0020123632108544065,0.004827357825245349,-0.000692328530462083,0.004832682244759523,0.0003149629777420282,0.00785226164814845,-0.02656817046619786
2020-07-17,-0.004868786837760153,0.011531281211133226,-0.007263071622429118,-0.007429142898812802,0.005108404120748311,-0.008573175412276979,-0.008944966711198488,-0.011594934527080047,-0.003571101124584697,0.011654736009794497,0.006021523142816232,-0.010077264415260245,0.012885846898590847,0.041351112730201756,0.016570758785343198,0.0017170752621218366,-0.007023074281775732,0.01919868556731652,-0.06807546007224852,0.00814327960340755,0.0029771627375592136,0.005381903920353537,-0.029914113448027524,-0.003734490146530045,-0.012786932076776392,-0.010895606859566476
2020-07-20,0.012666806272158437,0.0444351473644804,-0.00363179207444686,-0.02498839628976479,-0.015240686682736038,-0.016790996707276018,0.030342972579993965,-0.028995157904024516,-0.01955309907099123,-0.014932166797451796,0.0016640921609012427,-0.03753296628497549,0.017574780094861353,-0.01971984116122627,-0.020428443647982353,0.005599515496307328,-0.030055194366881643,-0.02315086337801897,0.01070098122801566,-0.008493215625640427,-0.01991692344830376,-0.0009080898350251054,-0.04793846219070408,-0.022889709394463997,-0.010094102190905119,0.0809902945064227
2020-07-21,-0.015480569269898048,-0.025818538076817,0.019818849439391606,0.007531253338759258,0.0008121869200592435,-0.011203069602311877,-0.02079986280677104,0.0013240184499023755,0.006668013220566094,0.011604537663271852,-0.004132041446995305,0.010820895574449096,-0.015655220025569405,0.013234668712454711,0.009927260735331123,-0.016632972236865884,0.007465969440627163,0.015644599020843808,-0.02618099351218872,-0.0047857457549580484,0.008237206703224143,-0.006955002811746769,0.03871753348699536,0.007818159391366208,0.004151344042692351,-0.03198652314808026
2020-07-22,-0.002937829292447791,-0.004013965530098584,0.07267565427825673,0.0024225295914379608,0.0018270410165515116,-9.059510243347724e-05,-0.009760442439703976,0.018205048337346375,-0.007922202460910799,0.002627999834347028,0.014957467050811024,-0.014800765602172028,0.013010809234576204,-0.013601116680675762,0.003690065520930652,-0.013523562487112173,1.9943408372746774e-05,0.017441359198713702,-0.006318391574730575,0.015807672999089473,0.00600656649920106,-0.011903682190282927,-0.002084155682020583,0.011484031081644863,-0.00843515196661726,-0.0029057741765641243
2020-07-23,-0.03319657863639269,-0.017586887560744224,-0.000827329005862687,0.00954577746716867,0.025004661946955387,0.004803153334018373,-0.004661855761093792,0.0327876779325883,0.017467249179137778,0.06915946079359181,0.0019055239739156349,0.024778449200336117,0.0012470163641981058,0.054965426169636955,0.018369675067346658,-0.017988417943857526,0.01597424804421166,0.033708062726068966,-0.012668892418057354,0.02392899947115168,0.02018672447641101,0.008317255700260762,0.02472851616404903,0.013293365207105112,0.007434266189764838,-0.02474267538997099
2020-07-24,0.0037129614568214286,0.0028782383181650273,0.01566193250205794,0.013364592424326638,0.0021309839190816193,-0.005916745112256816,-0.002300745312829755,-0.008136314053740046,0.0004670167335389941,0.0017483611894374418,-0.0059042075670839855,0.017675109896953645,-0.0034255559182806428,-0.015362435210495407,0.006008084619725462,-0.0019349004829189997,0.009643259770353296,-0.01107496470571434,0.012199838311394595,-0.0026049834818588913,-0.0012505394608706144,0.010209089401171711,-0.022648764393417897,-0.0031948979491511764,0.007967783650234317,-0.013451756769988554
2020-07-27,0.01630528923759722,0.008384203036304605,0.0021933623178285178,0.009395142648349841,0.007744244613510309,-0.0017107006572576466,0.03552247876102488,-0.00012775618596982952,0.0265359867865278,-0.0032079882244879787,-0.004056411270126903,-0.019560349615374784,-0.0010744798265573952,-0.004391302113023965,0.005544461822759139,0.004697914410101811,0.01387605206421716,-0.005772240297629017,0.024241878911127168,0.006295205936008186,0.004437918077204728,-0.000819264570988798,0.00596801169722494,-0.03130172274021126,0.015080924361496884,0.016006890445692257
2020-07-28,-0.009954237688427403,-0.004599580326097308,-0.0009818582335436865,-0.006822752417253719,0.01840400962954103,0.005229010733975525,-0.026561059011582677,0.018017421644775045,-0.015268565309357496,0.0026453829200722145,-0.007313076546014208,0.03849287121987288,-0.001718102422573753,0.0003590897224859946,0.00881253184894315,-0.008002053405233078,-0.04198275165107268,-0.029874730182455456,-0.007931871783738664,0.010975411971233529,0.004366975913940974,-0.003941316488140334,-0.0037830396601284955,3.6061620860117216e-05,-0.005013407906473533,0.005878896237484499
2020-07-29,0.006740150728262062,-0.003082205913396141,-0.0030650224956394467,0.005683403763375949,4.177482738354499e-05,-0.021358817636799365,0.04847943363702778,-0.025266950773563557,0.0032672122526500313,-0.011879214498068835,-0.005599231786566294,-0.032316816307753404,-0.002732988312706075,-0.010670887780798388,0.006957720084115548,0.0013470058141420438,-0.006505456537924559,0.011255296143771298,-0.020677954124559417,-0.002386144443027094,-0.00842509018607629,-0.0003734668939401331,0.01421838560726707,0.015208826164231137,0.02151248711157594,-0.011595616510545526
2020-07-30,0.01585036024249098,0.00966365363811994,0.023424125679542773,-0.023290102010766645,0.012147944593979498,0.015014145649319244,0.03769996883063309,-0.0222614820434216,0.02238769603875468,0.0001841049720101573,-0.015560368826553983,-0.0019315536594506355,0.002780439478301422,-0.028709779211086528,-0.014210540047092324,0.008937054072783002,-0.02268179912387336,-0.002318942664716772,0.006474821876508163,-0.0011798282293097317,0.002010212449820137,0.0009145544350939172,-0.03734571545627108,-0.017971763476377522,0.14750831647905416,-0.005719217516345632
2020-07-31,0.097017942193661,0.004724688185402837,-0.012069238210778988,-0.035828045306916856,0.06194977234839527,0.015693435184686022,0.045719779283224016,-0.026958486650448532,-0.032625770945447496,-0.006844775311575457,-0.007344847856707526,-0.015017529233254057,-0.009191485438322933,-0.038758724067027295,-0.01269149857163232,0.074077763088928,-0.01851717542516873,-0.00328814618704687,-0.0013304752326768199,-0.034507765881376384,-0.007888248455918623,0.010342191507710874,-0.0031589138140313278,-0.03596714211776131,0.001519667151173465,0.007969509658296126
2020-08-03,0.018016828694387588,0.001033762832544305,0.005872432281588846,-0.015459499637263674,-0.03749331330455674,-0.003991823289653418,0.06242537700284112,0.004921968038452018,-0.0023115613049007333,-0.01041347295207129,0.003962368442496533,-0.013759918248551162,0.005977996846947553,0.03720399624195747,-0.00718102343932614,-0.013921945819052595,-0.007579832558025856,-0.023346956879430003,0.012742045896900311,0.0025771211386864668,-0.01415483195077405,-0.011837404026389775,-0.008677997766872725,-0.01598983300792045,-0.011244251985661813,0.04831106483869574
2020-08-04,0.0030661913822671583,-0.0059558100839780526,-0.00737837580078915,-0.0055847518028744325,0.024650530743455024,0.0026955989952364146,0.02150258735769528,0.02179909727153584,0.004897486156682174,-0.008027147275322721,0.008696014902345839,0.003010532916672526,0.0021466086213941526,0.024421863477590344,-0.0019899237541805004,-0.012065727650995117,0.001706875436759514,-0.0033936645735554993,0.018489092460614698,-0.0008388181528005134,0.0020208915703259223,0.010516032531262098,-0.008109829698656701,0.034027321328709004,0.014253014668697439,-0.006074630613723597
2020-08-05,-0.0028051227958509894,-0.0006345308002815297,0.007499010749662638,0.019802178605036636,-0.008720235123579334,0.002696886656254671,0.03763806192537422,0.008147585861181694,-0.0003358089751270832,-0.02049769247928912,-0.009529094732275478,0.013306941374475523,0.036860394019630816,0.009882146794728763,-0.014166207494743954,-0.009271782885584945,0.02094919095363923,-0.0009054026685944017,-0.02120492075466096,-0.015480333602377105,-0.015304380825791108,-0.010950419303202952,0.02820881632002603,0.011052251630017107,-0.003942368675178276,0.014367734446450342
2020-08-06,0.028461565535435662,0.026052060772235652,0.0018150160021088713,-0.010725090974624263,-0.013836708435677636,-0.01636611273269495,-0.04228956434016251,-0.01073811607844155,-0.0032822851457077196,0.0034128292765844837,-0.0010869110627425016,-0.03304044530671968,9.661933055338245e-05,-0.011328616864340502,-0.00026291751471174685,0.05844055352220412,-0.0022435093445689613,0.034777997718000275,0.007453773266347108,-0.005581991200364067,-0.009289881765246588,-0.0045741047450027494,0.01467835589596822,0.0037227685164888946,-0.003739382923940271,-0.02346688207664238
2020-08-07,-0.02336882711199395,-0.031961763008946265,0.0008267521773446251,0.0033107980331685827,-0.002315301154313887,0.003131329703225827,0.033042110304121186,-0.010734032148803196,0.06491486063454577,0.0011069038014397403,0.0031425877158723914,0.0349923731058277,-0.007054595404412445,-0.0008791263487445411,0.0013493611612853673,0.011279073963363695,0.014303025756678744,0.000963953020579611,-0.02882116003155033,0.0003809272871313496,0.005844099537229308,0.06402932132269701,0.03357958561823238,-0.0012702023711703703,0.07793991671827238,-0.03612227097892151
2020-08-10,0.01179265184479883,-0.0167111189706457,0.010085644339659083,0.049881509803423096,-0.004637596455883353,0.01975882070929602,-0.005259590899514999,0.03078560070051739,0.08688900211887107,-0.002742218294476073,0.014463285089837186,0.03005766511259078,-0.01841204097102911,0.004031161591528498,-0.004720686906609095,-0.023007347306520542,0.016900185199055784,-0.01688347814349278,-0.025683991207680945,-0.004177292055217108,-0.008300306263180346,0.005772788558786823,0.060662190021199214,0.07200758487104153,0.014402214195405438,-0.036483997816100455
2020-08-11,-0.021770813398887534,-0.010213090325919216,0.007009949714295471,0.011559966179698566,-0.013870923066119922,0.02151504813338634,-0.045623513000769944,0.027715236304320268,-0.009682618940568988,-0.0018279386240245277,0.0051369166934747135,0.007969132154236114,0.025498987264517714,0.04270927575932859,0.0027432052027300813,-0.018152676098994402,0.019985916480342425,0.012539531873129617,-0.026062073422807308,-0.0015827791504039457,0.001644504373628175,-0.013397205402682189,0.01445015869540578,-0.005402503210278464,-0.015465857338557876,-0.06787089470123264
2020-08-12,0.01923775378251502,0.009278440996465243,-0.005737054449685752,-0.013715692215338304,0.008870552655303898,0.006460993570786888,-0.056741623594097956,-0.030593994888683418,0.014051352595203292,0.010632950153669274,-0.014391089696885295,-0.017094687403073627,-0.01676641192808126,-0.006312507171524873,0.0010395975222652343,0.0006836358110842156,-0.008610205253156478,0.0009818626885915727,0.004293131554901075,0.004267576503498516,0.005837784471826035,0.0006174866208219498,-0.009489169649100182,-0.006641924762289975,-0.0015486956249310957,0.010587973101640502
2020-08-13,0.01974446068400071,0.012510628220137487,0.02986185796734575,-0.011279870307422168,0.00373864960883985,0.010888613931260727,0.05677878032144146,-0.009204689733982918,0.011454885100871115,0.005814016556943358,-0.011133296919786706,-0.00494574486505206,-0.002347831438482828,-0.0052264573734760456,0.0016901848600354707,0.007472294356765552,0.011787916967829437,0.008598957828113596,0.014371790503963977,0.004813004670913834,0.004224193006417298,0.0030883328855089154,-0.0088503793869249,0.02335307670910125,0.011553519256188416,0.04653010238782662
2020-08-14,-0.0007191064873042219,-0.005205618308824378,0.01490781293721688,-0.004875363861437276,-0.004999593899306154,-0.005827126496431689,0.004289017687532981,0.0015943827202185012,0.023423146167218745,-0.0032391330425837195,0.0020911950107689314,-0.0013931567013644175,0.0020418141166136383,-0.0008917045822697256,0.002135789706191993,-5.753003374808774e-05,0.0016187603660959837,-0.0038706186822157207,0.002976655602984879,-0.0030043347020564104,-0.0037382385511443017,0.00121195827413767,0.03257638388211803,0.013659878417648263,0.00927505552152752,-0.009292207722593315
2020-08-17,-0.005320575512359316,0.006181981471223841,0.009163421300361074,-0.01156926554074511,0.013521814702252,0.006154432218822503,0.0008489284421635546,-0.011232536557381989,-0.0121059427475253,0.012761814038075636,-0.009335604915880813,0.00042488588260591875,0.0077859956256909335,-0.0010536480201310816,0.004417554322548423,-0.0030160709574997835,-0.011078331547847542,0.010979559334378441,-0.003393544860063824,0.00810690769078537,-9.266367476334914e-05,0.009239287270474739,-0.008987174593974578,-0.008654285545304785,-0.005447679165125563,0.08401585230242836
2020-08-18,0.006029381409323964,0.024115016329172567,-0.004740434269180471,-0.0048265831602456455,0.0046911714376487446,-0.005481372755535063,0.023058877691288338,-0.01519768989428616,-0.0007062749199044926,0.006191100612879641,0.0015537609067775016,-0.04839710404436115,2.8154924369028222e-05,-0.005137758015741567,0.01096641173613655,0.002214775720136508,-0.004306864386786402,0.014254505956431185,0.01743330934832188,-0.0007273444875763868,-0.0009257224802605712,-0.009576499361384161,-0.03388913931404458,-0.03729087698794509,-0.0042372111771604715,0.03771161794993416
2020-08-19,0.005658938733817509,0.0011682193553136377,0.01743366396774837,0.0018751251357692622,0.0026417951201630485,0.0007004416100532262,-0.00972980277169433,0.0015017727631966293,0.008801250745532396,-0.007828901471922056,-0.004240967358853598,0.010137478397039157,0.008634147321564978,0.02110448662647868,-0.004500734410658569,0.005357332208921095,0.001910104028346904,0.008810621971809818,-0.01051827023352514,0.005895300101220968,-0.007615216691155058,-0.0031803916701910184,-0.011903508654527162,-0.008914161781934937,0.0065923759583343955,-0.007481363872063107
2020-08-20,0.01903096603189547,0.03248994815459505,-0.005480620290042482,-0.007071151650252405,-0.0005621563718807288,-0.07012313813864957,-0.011089758416932272,-0.007525241373530833,0.0013630711323271427,0.0021763147177058517,-0.00873036321846743,-0.002344607065370985,0.011642480560992707,-0.025409295110532693,0.0052981468040809165,0.021290184514512145,-0.009257133915968607,0.004484710704906414,0.024435155540317277,-0.002745193009233482,-0.0011795972461750015,-0.0009005881275956362,-0.05090399504860588,-0.04046650065016355,-0.008085770771864342,0.059654398061082414
2020-08-21,0.04809146043848922,-0.01443427216078319,0.01714960709213109,0.003468567467953765,-0.003855328612142994,0.04063992116517556,-0.0012887603062259334,-0.02975698066312915,0.004556160711981061,-0.005539514264544132,-0.0033599250743121534,-0.007509434916159297,-0.004093207638471208,-0.023219448946249388,0.0005770254576336065,-0.010875693828370836,-0.0021407055608322345,-0.001396555591337334,-0.014668299499359327,-0.0039371806880127425,-0.005343071010175282,-0.0068206462309789995,0.009093750746291596,0.03842844679713564,-0.00035050146066972765,-0.0069156323365136
2020-08-24,0.0019166645769799207,-0.0035351460441848115,0.019517701805394694,0.013434079591458925,-0.008696749866650144,0.0168149434085354,-0.02254651561122567,0.038004401677048216,0.02278436907973802,-0.00048004300815152057,0.010417556084930224,0.027538113060842973,0.009357147491378282,0.030189639303692895,-0.0011695034758503198,0.006360240662385497,0.0012108976292273255,0.0034499199987167994,-0.017153029129129194,-0.008885688988871765,-0.0013964036210394326,-0.00786998494459823,0.04428913256007694,0.029675907865215567,-0.0017431768545637105,-0.035589127318420566
2020-08-25,-0.011800115539282507,0.013472733648673296,-0.043896128972096826,-0.007337253571204849,-0.00908104924718578,0.009858156749079416,-0.028918721800568314,-0.009327110523142945,-0.0178097067403733,-0.0047381837940903004,-0.011871402327526703,-0.005958612454027179,0.008102126664544906,-0.01434647281862711,-0.005148775078012813,0.031150774899205702,-0.0062259074036083994,0.001664563260826979,2.4649573968638094e-05,-0.00557910792066918,-0.006066661168162901,-0.0022949813657231477,-0.02903683687220482,-0.015821075740720336,-0.011766008509291881,0.025311129707545454
2020-08-26,0.0034033480126791638,0.08075662335940725,-0.013125477985498013,-0.005377855595595893,-0.012172845821265432,-0.004393295638579264,0.0012006144320759748,-0.027486533487834586,-0.0033829801916458457,-0.0069674433397426405,-0.01396645633808069,-0.02913786142369934,-0.0005312631289000613,0.006341046796116023,-0.002076756462210172,0.07202764412373508,-0.00529066337104922,-0.01956359714227862,0.10589145141571321,-0.002414746944350954,-0.0016740692499588317,-0.003436995805142118,-0.016219379859041427,-0.0057366410954300395,-0.01107581892672338,0.006434268267847321
2020-08-27,-0.013627391041383774,-0.03605398451291453,-0.011378171902951317,0.009185078116565881,0.0003080928135992256,-0.00291917581486012,-0.037446432904775784,0.01152328991529461,0.009635360037601348,-0.004690020747574963,0.00219265551049852,0.019244122611270287,0.012514245530138135,-0.0023702908813773016,-0.00561391305972514,-0.03684788796872096,-0.0005748616373515425,-0.011586729124368755,-0.04050195776305754,-0.00881890380493322,-0.0021786448311285067,-0.009849491648482478,0.0010203559344932334,0.01277704894426468,0.006571162899134286,-0.00367120284804634
2020-08-28,-0.008352365371896653,0.005259900214066748,-0.0066427276391471946,-0.00491904942863064,-0.019115542241053052,0.025685151595788547,-0.02887850818152604,-0.0023910480519138133,0.01017756276010262,-0.0033700808246712732,-0.0033631440674743995,0.009027620671094194,0.021694327670265467,-0.009523179988716879,-0.0036362607109048373,-0.005232159414920279,0.002897100856073642,0.0049267459314557005,-0.011254939181853496,-0.01028977746668247,0.004394831317171777,0.002118533822828228,-0.007404070259867224,0.051628709493221514,0.006687243702622192,0.0088436408751138
2020-08-31,0.03610701077984557,-0.0037108303665813747,-0.0006819384332814593,-0.006995378538803609,0.011888432771796076,-0.003232499364338448,0.0025291870572414776,-0.015095944634321845,-0.007088244630518159,-0.0015581080202539122,-0.011876787288370938,-0.042025072946593744,-0.019464229207355466,-0.00328535080664627,0.004081329201301553,0.0006286208298268425,-0.013741573488765035,0.009813383015154997,0.013017871023674132,0.0018629202777924458,0.003052258034201394,0.00580770206347081,-0.007885688754565745,-0.018225303548037308,0.009955070307048342,0.08850504403883441
2020-09-01,0.032307303822518785,0.020835497077188014,0.01582713828809812,0.01875554900079157,-0.012742710999895879,-0.010817611112923786,0.03717012012385701,-0.006058890411732909,0.018039027238142324,-0.009005239198825565,-0.006795395437988461,-0.0002199003334597549,-0.01112688691915198,-0.006821622207754396,-0.01129055711867355,0.00011495972663566612,0.0033941893550752944,-0.01385766421124035,0.043441788890488775,-0.017989254700411572,-0.01373648492762447,-0.0056396512808289945,-0.006167258304516032,-0.004510048114755305,-0.013453061713551207,0.4003187184494281
2020-09-02,-0.036084112241499544,-0.004285361900850049,-0.010784348547332456,0.006681300118218436,0.014320447953420912,-0.010976278188084665,-0.020803737332583228,0.002203662854717736,-0.00449924219988751,-0.008628137047920648,0.023369850776401302,0.012031329636325694,-0.0047185696265930055,-0.005875578296368422,-0.0014484255638924637,0.008530569388009113,0.013214084307714868,0.006224477569279907,-0.02203194897801508,0.005112426564299444,0.014090185567015023,0.0015717501621823615,-0.016721813895770543,0.005159676752931608,0.0038779007286491307,-0.08993604430839741
2020-09-03,-0.04493506237316658,-0.013581538440096241,-0.011532571474040743,0.018310739551632538,-0.004605177055987952,0.017554804084234932,-0.030565284514246116,0.016420941583963677,0.007448299284232518,0.028031901529093295,0.006026082505053543,0.019439565512546664,-0.011616461631121067,0.04116115900531314,0.015129206417117347,-0.0024940618091257027,0.01624798165402297,0.01240009859320268,-0.013875668735797708,0.021473476010249293,0.014762912623090596,0.0011419130865174543,0.03376795201345151,0.03672472286272899,-0.01168316586380358,-0.06460026469396785
2020-09-04,0.008795041740359388,-0.023099713446283476,-0.013854233686872441,0.017808634316165972,-0.0020517017090403433,-0.00030505495829680207,-0.02766728376815819,0.019863059945267936,0.031439184615491,0.011098613983587469,-0.009142823606744455,-0.002225640971064702,-0.017547622052145773,0.011363097617114515,0.008997569520312942,-0.02068661432166219,0.004885887759986329,0.00500610056896722,-0.010316829257398963,0.004714302716078422,0.0037560392029133416,0.003343748151903858,-0.002063978000184097,0.018509440011582057,0.02559920132020521,-0.02184177724699965
2020-09-07,,,,,,,,,,,,,,,,,,,,,,,,,,
2020-09-08,,,,,,,,,,,,,,0.03828862295994151,,,,,,,,,,,,
2020-09-09,0.019741365194034133,0.017355254697477562,0.013961080876028653,0.007932015422190464,0.0031414774005660284,-0.008618749916406543,-0.0006985176920963898,-0.028679803916189295,0.0011171514639265467,-0.0050263396887564316,-0.01148228543112828,-0.015446533369598336,0.009441641645614895,-0.002262295220297972,-0.00046067231998003777,-0.010704284754639692,-0.004639452738375072,-0.013062389732330981,-0.03361582894157589,0.001278131298247498,-0.00863599960351169,-0.005535555250772983,-0.04814504782730955,-0.010927434797720403,0.0012681110657655204,0.09034859686589414
2020-09-10,-0.015060871490148897,0.010910659547499924,0.004079983115388153,-0.0009494733708073078,0.005355797081347813,-0.00030900229583930017,-0.0014019783812636577,0.008976416554865474,0.011781962654293654,0.00018662947110403838,0.003679932916214934,0.047982431874025844,-0.0023186209680836622,0.02027920057095267,0.010628151560219345,-0.0029837371534279233,0.002195400866109476,-0.003448116460697981,-0.02144036634800761,0.014255625417460949,0.0004449774054193778,0.004510779915536833,0.10126124389853519,0.003566156494462569,0.005632108125649182,0.004316522520785404
2020-09-11,-0.013661898416753693,-0.010842574482263778,-0.003047599018486169,0.02595829325346477,-0.0007481892376614008,-0.00011390795247656627,0.0012757091135044973,0.012491479719521914,0.03667063957194183,0.001878256932859701,0.0069320254591691555,0.0032489731424283352,-0.008734320091262182,0.00011186182800648758,0.00734782462338468,-0.006053603613591085,0.01797753566616911,0.0228803944651379,0.002296265367764949,0.005145408236758353,0.007258731491579962,-0.0017863268706248547,0.02161870165055224,-0.014320285128469057,0.005673647414743188,-0.00438245562806161
2020-09-14,0.017258221475010993,0.018148162148695413,-0.002043735432337046,-0.014821874464149731,-0.014356873562896943,-7.214465042415519e-05,0.003327562105327697,0.004400962939466568,0.002508047011889003,-0.019614759349143918,-0.007554790025679159,0.018908523844309633,0.012852635279073432,-0.020798492509255917,-0.004748544815700084,-0.01446709042232286,0.001039238431652434,0.005401882662352309,-0.024712031668043255,-0.012243531051629786,-0.00640974007141204,-0.006557724412368238,0.07208798935630178,0.010150288136009378,-0.004747806770907914,0.04080911024647804
2020-09-15,-0.0036591325153212395,0.018982673055914834,-0.0028051204367742777,-0.0372043138636754,-0.009425796584043744,-0.003609780791108186,-0.018946643064561508,-0.01645515221405458,-0.003823284123955606,-0.00632665565152124,-0.002352578230954583,-0.021289494355786642,-0.0036246055316000447,-0.008901492270607547,-0.0038403691617219238,0.018338597580143334,-0.016438575816794088,-9.089037760046104e-05,0.0362075835943263,-0.003808496179609655,-0.01290174212289441,0.02738055893046587,-0.044032315808284705,0.008362292181343545,0.00346050788781338,0.013194044045425235
2020-09-16,-0.024894840886927616,-0.03892398917056439,-0.00353208113255421,0.02150974877753231,0.0006114279309409332,0.002322929897963344,-0.015244971751773084,0.0017778962930005138,0.06220992943261694,-0.0033482893359545463,0.019156507172470305,0.006103654918932722,0.012609680231171594,0.010923454546267863,0.002553195550159759,-0.02805115240063294,0.022269162985647628,0.006468479079549838,-0.019837140429864286,0.0022156016194924133,-0.00010042512350594279,-0.014099319784804054,0.07944090751494659,0.01565887174507663,-0.005657804757840612,-0.0021216700320438875
2020-09-17,-0.0075511717714320525,0.004840911659950264,-0.005128942222009436,0.02667714662756049,0.009499894713639434,0.001278159782981736,0.012364574452823462,0.04544950812169868,-0.016437946586917662,-0.010373848048287782,0.014047372256137725,-0.013084959954687947,0.0013332076642081914,0.010788519256277662,-0.004698186939807836,-0.024602051965684435,0.02534340558471937,0.015350846970894172,-0.01981896311028164,0.007913895386560954,-0.004774499150984823,-0.00784991368165755,-0.019211901879447213,-0.013301423657876899,0.00766185771793515,0.0205518822770675
2020-09-18,-0.020537392498679696,-0.0030489176100981785,0.010709129631830683,0.0015642104084045982,-0.00771837218521787,-0.00420864066966653,0.03425313536980257,0.004314505892763498,0.005856599750906688,-6.291941829184022e-05,-0.006108466787261735,-0.0403325286124715,-0.001102810737486859,-0.00864498096673616,-0.0008782945148407828,0.002195779088038141,-0.005234305877067191,0.005682597135608924,0.010672116580663582,0.0008757712825631092,-0.0018054594597212148,0.0005491726406808839,-0.00245392553918522,-0.001555416270370813,0.010619262699559373,0.0731614283703832
2020-09-21,0.041896899145419275,0.02887411807129825,0.015264897481566675,-0.03475727424046182,0.004042489608110045,-0.009898670443665547,0.04969192241608955,-0.03822159415031734,-0.005069607270418053,-0.002250048588637865,-0.008875080902974952,-0.029962418591320317,-0.010530954981771146,-0.03229419975736059,-0.00028296821268369854,-0.00577346017404845,-0.03673355918544774,-0.018560271426944608,0.048574295812186086,0.012410978194187128,0.009821749490345089,0.01021636648662394,-0.037391948239670514,-0.013715863627173586,0.0203396384525919,0.07935763974387944
2020-09-22,0.005197685404720431,0.012903095516542562,0.005146834682843382,0.0020052259665586103,0.011235812451812155,-0.0008945947259453302,0.018272644239990532,-0.023618332776330853,0.009084891652333393,-0.0073791145926771495,-0.008355723592039066,0.019481857454110907,0.01223628358542772,-0.004883895018524154,-0.011233909353441263,0.016078954256636413,-0.00444475886761686,0.02028787670000498,-0.002679636661823359,-0.011944436164580075,-0.0035841693464429003,0.005942019863913517,-0.0038551939667137436,-0.019018025413341633,-0.005364695901034944,0.04099016596676419
2020-09-23,-0.01822466171022319,-0.009948753567887936,0.013129715300982281,0.004896936669367302,0.023939893020131664,0.013236542720994948,-0.011971902181326377,0.0030726924077838502,0.015505232645654288,0.0012373768729008194,0.009780842686203717,0.06093805564820742,-0.008427992438110876,0.03652737126249683,0.005982637737238394,0.0012289557117914907,0.006289321754445409,-0.008516438709676,-0.018137773515966127,0.008679354660786398,0.015019104847934006,-0.00644133482965914,0.02191617848739369,-0.007176978646418197,0.021621397877195858,0.039819694186664756
2020-09-24,0.00728147033852844,-0.008769897409075522,-0.019139173020570777,0.0022764602099232256,0.007709916393342953,0.010642707375646543,-0.015238706667331514,2.4447819440220897e-05,0.008610824133270079,0.02172594510525605,-0.009215104079496772,0.0009130181080336808,0.008352094356051332,0.001415247653098195,0.01142333814735541,-0.000939499892171014,0.0027173574013314994,-0.006338109282152726,0.002261001980422339,-0.004523109413565596,0.001440096110515876,0.011232698062374702,-0.018056724358279208,-0.009668241455415894,-0.010043954039573921,-0.074012148731331
2020-09-25,0.02153953866197078,0.009917571355270383,-0.004523175982589223,-0.010671679339894657,-0.012088629802799344,0.006545450942716746,0.02448772433990598,-0.03849925586973457,0.008386384028504335,-0.002465059758780086,-0.008694211578008426,-0.012091655573194249,-0.005099702509811177,-0.022720600159735205,-0.0060866373360253245,0.0052231295203608585,-0.0169119937788762,-0.0007487590687225154,0.00473857955685153,-0.0011087531276765539,-0.0010048599497336497,-0.0026795358055371477,-0.01475262668634958,-0.010225039958055904,0.019619504743192184,0.05181111283871864
2020-09-28,0.007758060139360312,0.0020852725057805,0.007198106528281789,-0.003980104510203031,-0.010623812237108954,-0.013554828419792164,0.02962836582004913,0.0115391716451676,0.0009578404207362112,-0.00973151294940311,0.007260723522724444,0.03574681943368874,0.00381244564538763,0.022137734704535283,-0.0009751476423758287,-0.008261938795839807,-0.0074376157044380165,0.0009673088500588012,-1.9626476865708398e-05,-0.017962963133865695,0.016985591354062413,0.0037072228606078728,-0.0026631757185866523,0.024981526144906674,0.0006244598439606452,-0.03391521525022312
2020-09-29,-0.0027550728540031155,0.0064911906537616915,0.019936144302155734,0.0029851410614391005,-0.001713897724299307,0.0003167262494934153,0.0010936971619432967,-0.008640390819444232,0.0011183602971231998,0.010367370971614331,-0.0016773466771794476,-0.01579075830068344,-0.001570497372252011,0.0007799253862877942,0.0010205285380022744,0.024164632075512893,-0.00663087570988552,0.011324953487770628,0.01058054294874533,0.00911474990005634,-0.001058086625893906,-0.00148972557230731,-0.06032612375611801,-0.007856780573953337,0.002444375425347478,-0.04062883874941359
2020-09-30,0.0068220591421876975,-0.006005733976895522,0.0027384275989286166,0.003550087284170722,0.0010083043907913591,0.007902347833727452,-0.021237618738888075,0.000837352121630941,-0.01606428287861239,0.006974256065708895,-0.00221738780060754,-0.0014918869301423499,-0.0024837642651871494,-0.0007027941414756711,0.008920632357399372,-0.00783358274157564,-0.005938682998078093,-0.01358214689533066,0.005019338125992867,-0.006573970152085273,0.0022449535121489284,-0.0008542607628336807,0.00013327265366291918,-0.0033183681715616142,-0.019351678151869445,0.00164958005655369
2020-10-01,0.0031691163573124292,0.013221492298908899,0.01986636329825342,-0.02165216343509424,-0.01180223234099731,0.0005718691199918524,0.07741699451762685,0.008220746707755966,0.00488495481504736,-0.0011768363652824299,-0.010059980153536818,0.035005751301625976,0.010083751858170675,0.010130101922800616,0.002713803245463664,0.012767562575446645,-0.013970615426631805,-0.005420248978551312,0.049663818611100474,-0.0003457232175778646,0.01058019304483615,0.006686865811718734,0.011981619836568536,0.015467915714829195,0.0008283959135568786,0.022104946528954672
2020-10-02,-0.022702233081982603,-0.03150264477254616,-0.005059954882901452,0.03159350920763937,-0.011152831266787344,0.006070219190893789,0.009122055265551987,0.03031799224296372,0.013985736596257237,0.0025603435235217464,0.00528337416410507,0.024642182066075158,-0.0036442219644885476,0.009684477886791276,-0.00855392120045928,-0.015513411823368628,0.01946491449791643,0.010343046364432285,-0.036772174749497566,0.008993516531759504,-0.009882747684218485,-0.010468910330918457,0.025301002481673995,0.009796292741539814,0.0054618407685004255,0.008004163569301559
2020-10-05,0.012818115653753459,-0.0023564930164619025,0.014494951323166694,0.005703579540432324,-0.022798868793726168,-0.002933566585958669,0.02046835620947096,0.0008953655835701735,-0.002259571625318424,-0.012025162792218325,-0.006029343021643818,0.04280478965782741,-0.004927585660961409,0.005129090554619076,-0.014103462306140457,0.0001469121058097489,-0.0030685688313796255,-0.014148976814987613,0.016993277078762414,-0.013714724297924752,-0.01891428871847123,-0.005716407705593118,0.03280102422278297,0.004329225322720287,-0.004795764418710213,-0.011461326017818907
2020-10-06,-0.014695910832822845,-0.0014230970805656495,-0.01721455804977723,0.0012039134453263323,0.004274205823308175,-0.005796641121462387,-0.001609225143011428,0.00827568412302715,0.014204892847358597,-0.0013983964077766142,0.013645505733688945,-0.004014483291144733,-0.0029824222390403277,0.020245757634108852,-0.0033704063796423656,-0.0086600352281202,0.010778488518001894,0.010481753700509522,-0.014414016530114981,-0.008222831476997983,-0.0021942078403369702,-0.006496927943032027,0.005723834054992993,-0.021102183645010042,0.01509637323930857,-0.0006956958140766911
2020-10-07,-0.00042961968361598935,0.012186907465619345,0.000744634170050773,0.003984935601628381,-0.005376492702684921,0.00015334557510549018,0.04279948658796928,0.018419846085650615,0.017277666572318218,-0.004328032698248219,-0.00017930778117669632,0.03348514835691341,0.0017777806792389494,0.002549056429942853,-0.015614026528327107,-0.019484682062522518,0.008862174965482694,0.003946368782195675,0.03951505449410764,-0.016716847106259758,-0.007743014557251904,-0.0016563910630364997,0.044397590191142866,-6.364186996488108e-05,0.015907311056212015,-0.012462127892610475
2020-10-08,-0.00896604857265626,-0.012694291922295542,-0.0042543880992305105,0.0042016537942926035,-0.005700731175777296,0.004316234757933524,-0.029880376662860253,0.008587321755950672,0.0024275993342388613,-0.007312734881593341,0.05179477685627143,-0.003491018548056779,-0.003206620383174652,-0.013510062169020842,-0.0024932818076286445,0.013840359966305948,-0.0006825157087428924,0.007335115465167741,-0.013377997635479089,-0.0060558829751578,-0.0018791930982291483,0.0031087844828112665,0.03675786164944084,0.026544726180877776,-0.012467666902257979,-0.012296338289256581
2020-10-09,0.008602188398423971,0.01426898706656643,0.00573827076345923,0.0057603659281944,0.00898165440059473,-0.007054297092224493,0.04230296412653689,-0.02239912711591152,-0.006985957680142985,0.005978814525715137,-0.0369324370707248,-0.03128705566657475,0.012183026000252228,-0.021902967698543496,0.005365814025462878,-0.006177386898156723,0.0006872874498498049,0.015842363693878037,0.00559183285761411,0.002823637375920285,-0.004513552059641324,0.006272787837326987,-0.0007593646526449227,-0.025093740125223474,-0.006038276196732362,0.020168991636854372
2020-10-12,0.04710493504082636,0.0009691060316181499,-0.0014917827179834475,0.00667463240130739,-0.010918150509412916,-0.005640939927356703,-0.011574968055138468,0.04151545098297493,-0.009234786391458805,0.0004075549713316029,-0.020954505889240638,0.022374274850360143,-0.017409316934892782,0.0008112841146374894,0.00714433853515839,0.02631434393515697,-0.02025500054100171,-0.007122292250318463,-0.015729939676315308,-0.002585272710895703,0.010238606427485752,0.007810024098094059,0.003775510313695607,0.002209709570653251,-0.0058254864368405546,-0.018182623367005046
2020-10-13,-0.020220406553895676,0.013001085668118306,0.005293141660718037,0.003293381849908794,0.02678511882612533,-0.011312639808765623,0.045796618224705266,0.01804090175244044,0.003528240735891308,0.0115072201850005,-0.010279899721923114,-0.003819582482106898,-0.01130460752251139,0.003552356395757794,0.010569655120724497,0.007721241868604234,-0.005670649535315819,-0.00610898287369388,0.03276069773937762,-0.001961034073753809,0.01622706374437277,0.018799552804953712,-0.008276333991524276,0.00840864246120454,-0.0005471277679107711,0.061744867093341704
2020-10-14,0.007366441227652842,-0.008931679342675913,0.008568662602214117,0.015813859714025158,-0.0008362159991249785,0.005815946624666335,-0.014460381692194879,-0.017861327244010683,0.01945568869571912,0.010788305232784179,0.013337823928438741,-0.0016889600106309022,-0.0024558687878901697,-0.005653057692506236,0.0013600563843199076,-0.009021257880673761,0.017245265963547585,0.010713724857780882,-0.01618903550857742,-0.005798596257566735,-0.0004824094765121245,-0.03368279523842144,0.010851382529316611,0.011950341019340005,0.001205092331197255,-0.011765760174824225
2020-10-15,-0.0024331963269872414,-0.008663636700755206,0.019427154402004376,0.010268440639251475,0.008196404569098759,-0.0027802454876214577,0.00619533510568937,0.008132720790804404,0.022777163110391685,0.007883314629441251,-0.006809754806084145,0.03440984763283028,-0.010524150131424603,-0.028301310930733514,-0.0027394200240603572,-0.017234711251729484,0.0055657441901453275,0.029505144662812954,0.002432728728626099,-0.006069705603548248,-0.006120687569554861,-0.010214756863225594,0.029948781787826784,-0.0015180816076406645,-0.0004222188631025636,0.054841499859977993
2020-10-16,-0.014135320427170583,0.0031974429050278808,-0.010171463264152414,0.02234391401288116,-0.020218886015198057,0.010005710168504933,-0.020576957577533528,0.006426791030663237,0.006104288139984204,-0.003458954277766435,0.008192315042637288,-0.018861684080754726,0.0023169215373437524,0.054631752231674824,-0.006476819979850168,-0.0030968094842389604,0.011043420849132124,-0.004097772061449678,-0.020709183746180804,0.0007157485066930924,0.0019864280489167996,-0.0030837503104126363,-0.0006462917435510196,0.012671632410937272,0.002163426255157086,0.041997769773840954
2020-10-19,-0.009212155009800549,0.0011753432504303385,0.028730269381503692,0.009100479578877052,0.007208492070312378,0.008343476502621239,0.021614764540366815,0.005899598970349307,0.009636697727169463,0.000187568591403231,0.01307431818953908,0.026508106920677177,-0.006445711663916609,0.0043864354429759,0.002529418350214363,-0.0007045546082719012,0.008024467621545295,0.011941506053250617,0.016197983452208353,0.011145367749779589,0.0018655443485564582,-0.0028941576749309528,0.043467296600437466,-0.010736266534730698,0.0029154033782641253,0.03303831769150012
2020-10-20,0.008464618848493144,-0.005979405194841969,-0.00423069369683815,0.003987557673119868,-0.005810122104989213,0.010474599335652313,-0.028856214229957877,0.015035434729911978,0.014529705722270192,-0.008930384680106651,-0.0696572854397236,0.025499536547536117,-0.004576538355062887,-0.007390667021185959,-0.008050623458897177,0.01883794132085148,0.003529481162603876,-0.012132029208272499,-0.01471374486064192,-0.001224492060786675,-0.0045124767890500905,-0.001889302850121899,0.016209845429844272,-0.016279685977795277,0.011425881736792487,-0.05983520232850503
2020-10-21,-0.0032506930480820095,0.004985956146061898,-0.016002589794114286,-0.0072132363892358775,0.0016534976462632134,0.032897290991684036,-0.07916350530383376,0.016407670415764075,-0.015619105288673163,-0.006655038146491932,-0.017485744625877264,-0.0020830854468881776,0.007320462197180744,-0.012389239802773733,-0.0006124827614611972,0.0439433947287009,-0.00821664890421403,0.011609504005127835,-0.06702513388622644,0.004749721201712465,0.0014083828226539863,-0.0035527937704730173,0.0021956999281005363,0.0027113634789093233,-0.01009821242904152,-0.04217884147287798
2020-10-22,-0.014802173368519411,-0.030140260916420636,-0.015582075528237538,0.008281816761573246,-0.018235560860505262,-0.005347924702516105,0.016809554083168532,0.0406408500300548,-0.027643747422089415,-0.006180523820369932,0.0008651260505363467,0.010741405884743482,-0.004678891218472536,-0.0065739818338568234,-0.005218925396392127,-0.007407440728247949,0.003884461795867322,-0.013606608266438447,-0.013029987230916418,-0.013455972841084463,-0.005147394851359177,-0.012157382472872236,0.06167552000717391,0.008309070368761606,-0.0037135240763837007,0.009103207831011595
2020-10-23,-0.009579478341076642,0.006686566674918737,0.002939533179191045,-0.0036830064089575787,0.006665501231168713,0.007774375279925749,0.01056776479815924,-0.009536002699789825,0.024131692921194325,0.0027424092837540215,-0.0013727513478807296,0.01286843541189664,-0.015406202755036458,0.0068870599900865415,-0.007141687480581416,0.020536831907544517,-0.008776555110000306,0.03038847365802244,0.0028399240461467468,0.008969622507501995,-0.0038040363728639726,0.0031825910441276584,-0.02266772283189389,-0.007216945208145642,-0.009746818038468441,-0.02077390019878156
2020-10-26,0.018676417690236424,-0.008636661377867116,-0.013979626650229116,-0.013381493356752316,0.018589516294535646,0.005580948519841478,0.032264255966944044,0.0026580976639636322,-0.0023580896827074538,0.003965954928680682,-0.013996391700015987,-0.014109487544122334,-0.016451960388912057,0.009602073646840181,-0.0057877418277295645,-0.008377965286489042,-0.0028476100654674097,0.004400364156419423,0.018507641083451154,0.01326132907596056,0.007841626208376251,0.013250563055019038,0.011123301829348842,-0.041552542116168434,-0.004098494970123823,0.030847080316152575
2020-10-27,0.016497856602145977,0.010096294975236675,-0.003795300834700366,-0.02938855105398941,0.00650730143634537,-0.0017982531463210938,0.046323430668572585,-0.010672774194392831,-0.008537053441524667,-0.008763763169416516,-0.011766914521061267,0.018391444344258878,3.8593386373020344e-05,-0.015842397293210242,-0.0009575821219302005,0.02532740779669973,-0.02784792216307086,0.0033737717687286617,0.00443886326490095,-0.005902133143853017,0.010703243708861776,0.012329581508172427,0.010077912052452898,-0.03132291842773616,0.019930584104184246,0.04396888376196417
2020-10-28,-0.011024268848741081,-0.009826624014456775,0.013541316950769322,-0.007458085794822655,-0.007973691054039778,-0.010156836073456521,-0.006830377797649612,0.0075100197626795095,-0.017261089827006915,0.00511246735137616,-7.774922661907269e-05,-0.005269018486141808,-0.04585113783668715,-0.02452918558193007,0.0014756716831074712,-0.019849986258997143,0.019762869816426498,-0.010372476792508856,0.02978604826304787,0.01066537761059172,-0.00029256279240241767,0.008519772354378619,0.03015244762142455,-0.020715551427683665,-0.05286488033568315,-0.0073473851313227145
2020-10-29,0.025103176951313033,-0.002887689955445305,-0.0014171997505012524,0.011272992103070978,-0.025319822284900262,-0.00020402222107351875,-0.06365172256038687,0.014026651682005786,0.015092249829716131,-0.014624368972487867,0.009243513173363915,0.010765454873251423,-0.005769886893166598,-0.012399629853393046,-0.011194695514795683,0.0372174355993482,-0.012262991244542887,-0.02167436835596348,0.02500974513218135,-0.01845624874056495,-0.013289011473543444,-0.01458865518568464,0.05468797431606465,0.008853952895462314,0.023872468653076462,-0.06297350595197226
2020-10-30,-0.04388861188333326,-0.018253611573349926,0.005627768271328604,0.027517415712105642,0.027406395805545714,-0.0034659836205837014,-0.06965569364574897,-0.009389410310168378,-0.016145686039113594,0.009444944811026867,0.0373800800907198,-0.014397269537522295,-0.0033558360328079795,0.01608669007786845,0.010813387534729824,-0.050969049378749465,0.02146845791611507,-0.017522328820169686,-0.044335019019220434,0.0061091242887886255,0.0069052086356988784,0.012677488268380221,-0.00986792178609086,0.017722435951508464,-0.014209077219845545,-0.04662308310783492
2020-11-02,-0.013144932703084145,-0.017149344700628566,0.0250642479655403,0.02728692963240964,-0.017861971032901658,0.0067565812475560705,0.02756999749405331,-0.014905570368155097,0.01662538517518075,0.01183446165242552,-0.0011236191952830321,-0.009149512844698338,-0.007710236023923844,0.01966385566797868,0.01064882106298115,-0.018969122309082542,0.006311181393268139,0.021909458495640965,0.005296406500518325,0.0016658946746521686,0.001636211184348424,-0.004834346771591447,0.05066010128650067,0.007075299473390695,0.0032126913451466788,-0.029479912260991337
2020-11-03,-0.0024457751952784434,0.0026079255336353135,0.008989440746574262,0.009272482241565738,-0.005285133147944876,-0.013600180719331556,0.013915313109890137,0.004250052815158556,0.010292775169668422,-0.004019203423436535,-0.006728638028380196,-0.0026381183512551587,0.0008924519683648491,0.012318485546411129,-0.016327145076021177,-0.0027243762476254485,-0.002026626024504541,-0.0023224026013362042,-0.011395890499163563,0.0069724507689890025,-0.003814930060567878,-0.01118630953973887,0.00039757832986020425,0.014224621276047067,0.006832572214600319,-0.02108845176172147
2020-11-04,0.01878931207842527,0.051099559884477674,-0.013294181788873649,-0.09635097970601836,-0.013395616959804846,-0.008878983152396325,0.022031144207216302,-0.05250402936507825,-0.041647653948538754,-0.013498727184516834,-0.04184376417915814,-0.04880502798064379,0.0179337218653568,-0.004674151484871603,-0.012491526292152777,0.06117950154480334,-0.05437144329403476,-0.0562036965633268,-0.0020766119577462216,-0.006446106438579902,-0.01606312539248167,0.022049281504368023,-0.03119066477178445,-0.023012392510475377,-0.027552661266121325,0.04924705817675723
2020-11-05,0.016033613169537997,-0.0004958651238640144,0.007237569616845629,0.0311742824623511,-0.016563565030798033,0.020539681395109755,0.035165375670950905,0.02635146447694403,0.01758888508497236,-0.014874972365478856,0.006187754950101043,0.012509084444582319,0.010911067122861828,0.00959015632363247,-0.006719084363818073,0.005941620696840788,-0.00047887980068561653,-0.01621712517288043,0.014366141834119883,-0.02072628793440967,-0.01808179500301965,-0.008772318875843954,0.017033009993186354,-0.033540871086564894,-0.013432341575351447,0.007477987482830795
2020-11-06,-0.0008482758446555216,-0.003418442955805623,0.00028771518741854685,-0.010748797816331757,0.005508275299900278,0.007802638680316498,0.018666992553516115,-0.02474353220863179,0.0027963861418109914,0.033482532754457894,-0.006072861036256816,-0.03564777982704659,-0.008842545856854067,-0.024805780277545986,0.003882166520277508,-0.004021906217194449,-0.0008154498480322792,0.022855416922281435,0.0021757586923127903,-0.0007264130026443105,0.0026780020867109844,0.05401435426757217,-0.015495170183005169,0.0038348531744902825,0.025477461798174783,0.007092164869294981
2020-11-09,-0.03166793470001472,-0.05918991208608071,-0.10970091544331262,0.04738624785210832,-0.07435200381451279,0.020021806483164317,-0.18315191302804923,0.04093162452045118,-0.06849665183387421,-0.009557813291939166,0.016055821865854192,0.04871126555924232,0.08688455298437847,0.040713128462666726,-0.010267211084496575,-0.06159622658659025,-0.009184769847803365,0.023440876729058813,-0.09762844153312467,-0.04325382051147364,-0.011193845900415944,-0.018012529086922746,0.013382219006439211,0.13796057042556664,-0.038298418841645865,-0.18540167016717668
2020-11-10,-0.0016090449403398654,-0.03922510257823619,0.016084407527661493,0.010063742106373064,0.01896451811137856,0.006029850024799166,-0.01320413847309665,0.02335108776883066,0.014246629212215756,0.018365037787351768,0.02200045850100618,0.051096848565538644,-0.026984568107130902,0.04676473077825849,0.022322668064120976,-0.02134280666919819,0.03633847033193527,-0.01892186593864431,0.022101155682062168,-0.00410339182313102,0.02501847140975133,-0.007233542100800294,0.044320069642300175,0.07538844148610468,0.010651214182706759,-0.08869308448086588
2020-11-11,0.022700607509224202,0.027193277424602424,0.009483974484414182,-0.024134728001611316,0.004975519808400719,-0.00409409037817654,0.08579196955102164,-0.013618470552485662,-0.00563162697768016,0.0015427121294389057,-0.013673505935844599,-0.034788423737394325,-0.014790730299874322,-0.007840550486502118,0.0037335986700408608,0.007214567704409758,-0.007238033471924199,0.009914258775477913,0.01425389995423032,0.008070512958453735,0.007730296501399003,0.020527608584248735,-0.0330364355355478,-0.04558169235909426,0.0039427056956060635,0.09162738087905842
2020-11-12,0.007635410631286255,-0.0010744092840104802,0.00509034019854171,0.008031095883206052,0.011007995224239453,0.015054521427279033,-0.017282342636210757,-0.004427251971918622,0.007551660063687571,0.00932760625407203,-0.013058909149042619,-0.013166584414125104,-0.0023561423962721317,-0.004930099813845956,0.005302439952458715,0.004914541869179945,-0.00278669975631618,-0.00298331603122326,0.0018482430900352842,0.01118917783567741,0.009561670966779179,0.02324255559197108,0.00761069888341892,-0.01875843578988845,-0.005235774686255246,0.04699410893837164
2020-11-13,-0.01319082756310097,0.0010033745694353335,-0.01097869792685291,0.0016442414970785357,-0.01223499065090472,0.008915339462129523,-0.030220589920814667,0.02658439561154502,0.004169197697073912,-0.010744943107342975,0.006913449842648189,0.02770197068844049,0.006920126230117285,-0.007863051244582753,-0.0033441768452706633,-0.0068120928600328146,0.0027917868020577163,0.00411781476255757,-0.02168391752646548,-0.005750497006584032,-0.007561753199776922,-0.002412499274055069,0.028319931722632807,0.04391144856036333,-0.010177592601081864,-0.07207437800836602
2020-11-16,-0.0029275403516362264,-0.02952418409961033,0.026409607963966186,-0.0030285181396489946,-0.004895918472309191,0.0010132423908697508,-0.006044428218100251,0.01879692756693374,0.017479163671484388,-0.004375413356470181,0.0012745053306388865,0.021024052827543382,-0.010394465571368361,0.01273287010411095,-0.0009695890328731416,-0.004390628343120095,0.012323012382401632,0.008293361761934515,-0.019393899683459614,-0.0248454773921285,-0.004392375795838621,-0.008372739199229207,0.024418956591388596,0.03767537982673019,0.017496141190494807,-0.022624791472863337
2020-11-17,-0.0027725796676519865,0.01997795414938508,0.007910378134378449,-0.0025992457247361322,-0.0038473307512986166,-0.000588380214503359,0.030265612274044007,-0.0008895548201186543,0.023445730135577603,-0.009325762034966045,-0.0007842306339082006,0.034735442389627,0.007922106930129957,0.01892355558932246,0.0024062499505203006,-0.00940355964141748,0.003526240410095971,-0.020107354451906034,0.007985410949959193,0.009741866446614122,0.0012241953210585521,0.007512534378232849,0.047664382101945235,0.00809754389658457,0.007404308805055826,0.011005156373904312
2020-11-18,0.00017244594710874583,-0.0065577875813136455,0.0010613216073667164,0.01639210120264256,-0.0023108157062148305,-0.014238897305978826,-0.0024868231221581993,0.019563821965297934,0.002618274575926338,-0.00341085654889417,0.003662320886866688,0.038442601655382824,0.009899871003061,0.032832659934617925,-0.0017604235350268116,0.0005455302753525348,-0.001336313601642325,-0.0009385390460621146,0.013977352067163662,0.0014533418509854457,-0.0012423253646116628,0.0026490989022196487,-0.005301748785048077,0.004358830827448479,0.009017572414346309,0.04495277839235323
2020-11-19,0.0012217360501804997,0.011157922176555868,0.005054254390300272,-0.003020431630792464,-0.0016207753727879304,-0.03750358754334704,0.05502527423041603,-0.003946442467421596,-0.01332679863194286,-0.006856325108786643,-0.0004350308693992222,0.0067372614031733224,-0.01007869987204113,-0.015257005277108715,-0.00671632358212193,-0.000379585960452955,0.005939996012652271,0.006265645595639802,0.002031228184833811,-0.0015893978342318427,-0.004365194113125637,0.006534749988086119,0.011064274222121862,-0.001576018643565824,-0.015641365310666067,-0.0057534971719293004
2020-11-20,-0.004164993406075568,-0.0006901029945830528,0.009401130017505865,0.0029176758791119584,0.004008426838993606,0.0011709280514655696,0.0481308347262861,-0.0022779629045924787,-0.004499358511491525,-0.004050615309410421,0.004744327897014511,-0.0011355714561456232,-0.025793974188536684,0.01496392388136969,-0.0011938306478113114,-0.005078440886912672,0.014251242696108779,-0.004202927658652045,0.014158446202143127,8.63803471989888e-05,0.0074903750025956395,0.010585272588779393,0.00890504220226318,0.002390352627893444,-0.009545691042471272,0.06788502721932321
2020-11-23,-0.03537859718279379,-0.010626054200482904,0.018705240373234178,0.009169812073991146,-0.013663072166857582,-0.009210738957435405,-0.004636363345412731,0.008094141825751855,0.029276943291974167,-0.012064428150556306,0.02130071419282431,0.007150386789153806,0.02235171779548306,0.0030096535808834535,-0.0019606258428672696,-0.010344715803097482,0.001594346174017769,0.0067965823692852645,-0.029435753086598182,-0.031940176293562716,-0.00842453882756955,-0.01951623855369755,0.008770448799794162,0.0280567477176894,0.01170671813663371,-0.026837038885681785
2020-11-24,-0.004567295053527154,-0.011624148632209286,-0.08581086063102039,-0.0040321472304554185,-0.03515998356618777,0.009328206403154349,-0.03470653918155475,0.050429762206851914,0.002451879503855503,-0.0067627268104248905,0.019895002097986447,0.009614185440130374,0.015009057751933286,0.018659822647222768,-0.007966577265043684,0.01546690124983141,0.0007210210799357686,-0.0014608664991331288,-0.0030275264598687013,-0.012469568751344973,-0.00910004197251224,-0.014754050358191106,0.02713590230033014,-0.009656926273020172,0.020392726091826185,-0.022506399597375437
2020-11-25,0.009051645742797043,0.01753422193437959,0.004755245404771347,-0.011247675123094214,0.024656664195002453,0.005815501661997957,0.05601748438681231,-0.03756930011186477,-0.010003445354514584,0.0011794509842379952,-0.00018398248914497373,0.001071678731920045,-0.001540360132716856,-0.007734035850104015,-0.004122595856858924,-0.003218734149856628,0.0018106948943433787,0.0030973620484676667,0.005974780407051905,0.006429195785571662,0.0024870328809828424,0.006894494152581587,-0.012691977769322405,-0.016574350563435702,-0.011096904906133354,0.03940458871912089
2020-11-26,,,,,,,,,,,,,,,,,,,,,,,,,,
2020-11-27,,,,,,,,,,,,,,0.006517346935213109,,,,,,,,,,,,
2020-11-30,0.02569519147718169,0.007614231836387431,-0.029409626281813983,-0.003914862336533376,0.021982612429001458,0.002074761912382539,0.005529798989801993,0.0034951362579770384,0.001707975661257355,0.0035147434067139827,-0.0020795515671009346,-0.03559225841688152,-0.0029543138451401108,0.002121646706690128,0.004421770587728191,0.001571987671409203,-0.0189220636681946,-0.006530892711493097,0.003252299495791644,-0.009866224489811115,0.0020364938422074985,0.012480225398984857,-0.018852759660678786,-0.0163437469960509,0.017503455276903557,0.018908222692159526
2020-12-01,0.01955616269523297,-0.009850005774736381,-0.01071954473140413,-0.013172096808324874,-0.010473572187101654,-0.003730071954117342,-0.04879451571878979,0.006350343608631848,-0.007153669417534925,0.003267043970596184,-0.01418552185700317,0.009936079893165362,-0.0042286350965410335,0.008037865475659656,0.006309258307247934,0.023317599630802155,-0.02406554874375777,-0.01727613156960739,0.01701494479856991,-0.004159185728265458,0.0014864260552158726,-0.005328568916318499,-0.009858557935988,0.0037251997854097496,-0.02945105064428921,-0.16188994712306914
2020-12-02,0.001142336620354456,0.002612497851286699,-0.014559985149561805,0.001729310322098332,-0.019778154465131315,-0.009275839217901316,-0.0021144553844868463,-0.006120177111298308,0.011970386285891532,-0.00705694250053801,0.010063262255377348,0.0030011047918849787,0.0021632094025580972,-0.0026600221803081414,-0.007265270371577426,0.0015935585746178482,0.006008270633565127,0.0014932674707837101,-0.0041693611233951655,-0.0029533151932912283,-0.011718047714610269,-0.006203169329066949,0.0024401321378133556,0.007045098517201476,0.0033885409500720165,0.014329499318679995
2020-12-03,-0.0005133270595776285,0.006899328539174854,-0.00802938089411831,0.004995383032749712,0.004449705053642616,0.0011947082906192952,0.00140032057983841,0.0017108530550221657,0.003983510166504778,0.0045107075530580465,-0.0074802291731288495,0.02871090628847217,-0.014307237318411214,-0.011899862608578338,0.007848337480747536,-0.019096117345521746,0.0005080245674224937,0.0009748338644025578,-0.011017193958739235,-0.005282336661451281,0.0065644397953966704,-0.014022096187487176,0.028362831273332056,0.02732628054393149,-0.005298518557065979,0.002271260874107006
2020-12-04,-0.01444874057023715,-0.005284608273580904,-0.017940822951066915,0.03456993715050549,-0.011723503853882322,-0.014295394279253859,-0.006962207171499868,0.005278927880498996,-0.0013884816428186841,-0.001895259740399835,0.020206600751845105,0.013328772395854616,0.018644464426331275,0.016529264184447667,-0.0008103666288195033,-0.016464267518752185,-0.005169815529290522,-0.013043778505862025,-0.007248351385528373,-0.003974923687392273,0.0008556232965768462,-0.0041864278180263614,-0.006103010605010839,-0.043340438002178905,-0.012292548102580403,-0.01737232655476295
2020-12-07,0.01420547465831079,0.014795719975964183,-0.024965832316715564,-0.017273190881631262,0.006800495089606451,0.00865362094664135,0.014191290844661197,-0.010912210232941977,0.009260613569182508,-0.005686862923339309,-0.01771861521506557,-0.018740030149253517,-0.007908965133801127,-0.006825658975030957,-0.008567426388044974,0.022957983879813182,-0.011458702565482537,0.0022880558513479476,0.03699409101004558,0.00014376282257355655,-0.0013554676003963984,0.010736898992100952,0.015223520604985885,-0.02052983627623084,0.0032509494032085806,-0.0033325353259587853
2020-12-08,0.00230394524022115,0.0033682582917728965,-0.00025629822970762994,-0.0020596390101552675,0.0010163522441917205,0.008280504242506925,0.04207367442551457,0.0004666352417592723,0.012059365798640087,0.0032910677897250995,0.005312517453625265,0.01626517198754085,-0.0032854961269762617,-0.006253407337463268,-0.00484164723677416,-0.010420733385195668,0.010789036202770053,0.009063072760163049,-0.008836244191838705,-0.0012614350852653278,-0.0017552314905260324,-0.001358174224219244,-0.01085713615770656,-0.007398176831349912,-0.009235777116752386,0.00738814636735019
2020-12-09,-0.012954549828594342,-0.015350767248099362,0.02513521324954704,0.014826820358670334,0.00048552512325250596,0.000584401743532803,-0.020958558704459618,0.02957078488414111,-0.012385914706134371,0.017973339575141134,0.016540444133032794,0.031193453391531678,-0.003612323267189632,0.00829705704836936,-0.0018294780843515213,-0.011387268428479924,0.024358635842353538,0.010383917472215565,-0.02922940162357024,0.01700034162584596,0.009117373920383587,-0.007296724146163225,0.012355998855594352,0.021405097421177244,0.02471669148944189,-0.0567110281246187
2020-12-10,0.013273917421053993,-0.012916726090329567,-0.015229050922094589,-0.0054898485968338795,-0.0115564055055708,0.0007986440820327845,0.03940611219492973,-0.03363545943044011,-0.013681532180468414,-0.014752504226591023,-0.013148311451947503,0.027457904931382004,-0.01453795842317418,-0.019577352099574896,-0.008070392675062266,-0.0015934969387905173,-0.008983402787370753,-0.00472957749861691,0.01645934915527192,-0.0015569877111843988,-0.005715870909875687,-0.002985961805813786,0.0009474366941942813,-0.01152051745738969,-0.027914125808075285,0.0339818243399862
2020-12-11,-0.005469685824561865,-0.0007481120694857735,-0.022320001057918204,0.0037249075097772755,0.00735911532871214,-0.0018986909820283282,0.029819148138000906,-0.009700106781982187,-0.0014224368189479364,-0.0026760125038067795,-0.004256731990601281,-0.012690834062472067,-0.011101951714313607,-0.013117103557517273,0.005112282563258463,-0.011617630520141642,0.004319994037678465,-0.018867745894932786,0.005515679444555999,0.009458813576553537,0.003338691927171955,0.006396876780868976,-0.008525590350416223,-0.023502540691061724,0.026593339877709288,-0.0011221313308930059
2020-12-14,-0.0007875002554664778,0.02644328680232666,0.01665310601048564,-0.002556836154921416,0.0068054286718134405,0.01127667115085662,0.004065157980890355,-0.007835793403396685,-0.00921736740663981,0.004560578891757205,-0.0015956326261612475,-0.0034495794530717827,0.01575119220695076,0.019852037666843292,0.002443026994386699,0.0066989548373556085,-0.0010426254752606834,-0.006196130304318204,0.04251358585093612,-0.005181198070415061,-0.000745607873858134,-0.00989059949087634,-0.005869109656507554,0.00586645168610056,-0.006210699258797581,0.001790005033367681
2020-12-15,0.037169083276374915,-0.020692308475767085,0.003962425705458683,0.007803344014672975,-0.011759131685042501,-0.0009997441098066329,0.033145714278959515,0.014014746909759568,-0.012220705967934231,-0.0056128900516903,0.006507091722006475,0.011181231245522616,-0.005371907277831545,0.015640083147700157,-0.01012826152021895,-0.007961239283372779,-0.003676925350349025,-0.00020388857880093703,-0.01797465323638081,-0.007926634848748337,-0.009177098281288432,-0.007973754940055366,0.010847177357436788,-0.00629955837828744,-0.00962013038871734,-0.004234154717371652
2020-12-16,-0.0023201280397812107,0.01326942890833882,0.003179254084647365,-0.0140980985357535,0.004146311105578393,0.031294211758604584,0.02376147484546176,-0.013794654319781552,0.008971185028512574,-0.0014401115356319494,-0.004790156424485881,0.02368356369053881,-0.0064183051743502695,0.011852442580139622,-0.006124645392505013,-0.0013372514511282851,0.002406172477064983,-0.008379059947599576,0.007942874191014804,0.0025756918940613716,-0.0009441134235537163,-0.00323436673025157,-0.0034550923403982026,0.007085458403957023,0.01593381189770593,0.009668527237510993
2020-12-17,0.0012057082932515062,0.005387459602820499,-0.016965393423904462,-0.00759597719988736,0.0004729161311491925,0.014151137198676222,0.02583173803651162,-0.0013330825379285205,0.006188197754270597,0.003092475584608234,-0.005757654753379748,-0.0001373208544614979,0.008695721081905194,-0.009671080487399286,0.007004673667072581,-0.010074153836982846,0.001311766947620141,0.010597399864443524,0.00961873722621287,0.009529163712121091,-9.76186632346554e-05,-0.00421692254339634,-0.0003648964573772506,0.004838022518725227,0.019869654185366903,-0.011648755948460154
2020-12-18,-0.012339412655476556,0.018833363098775924,-0.00029940276086226625,0.013501545502135781,0.014289814912972099,-0.006040335115610418,0.01765247054003194,-0.010805750955626192,-0.05359582351052883,-0.001303783437021866,0.005900647068925902,0.007237473420665164,0.013692424051153007,0.005731658504106174,0.01024324517973596,0.0105058611905412,0.0022089197496041324,0.007106874635235516,0.006419708800651791,0.014738241618657555,0.01188370943770678,0.01820236885780957,-0.02900670286569651,-0.012435820866835479,0.007465341426821204,0.014441885656731102
2020-12-21,0.016301387068269668,-0.005160223479061088,0.01714781658108666,-0.0005147615028264774,-0.014358204106036832,-0.022078244775211697,-0.004271523440899649,0.0016717467375167994,-0.00926651582321203,-0.004179720816672616,-0.015640924763172803,0.002978351470716123,-0.01360649745788678,-0.03495498987786927,-0.007067460133408088,-0.009154346084401355,-0.0004017521434814819,-0.025695299169330332,-0.006459533608939694,-0.01649137584379834,-0.006507112367566514,-0.008980325087364127,0.021577840785649394,0.0028260047335638694,-0.01087814294537115,0.01119671865649019
2020-12-22,0.030537547562634937,0.01367043351602748,0.010107950584761327,-0.017798062708063722,0.0023042083696543925,0.013624225158396785,0.04530780779957022,-0.013604527966639135,0.007000969924224942,-0.004875925077538645,0.0038562557121525343,-0.016970132350869638,-0.004296974041992363,0.006506451864392582,-0.0069422086682219275,-0.018822067381641827,-0.002936389591686517,0.015569872153135766,-0.0009141286861346076,0.00549956698784515,-0.007417803957965319,0.017661996151637438,0.02931193970659296,-0.009301629836530712,0.0134870325884201,0.0021464448890610166
2020-12-23,-0.00772165598034813,-0.015145735031031338,-0.017935930790464627,0.009674405416310927,0.003644274669454939,0.0076827451212779785,-0.03727436802205353,0.022007277841400663,-0.010150219506248503,0.004839003139986531,0.0016002085723265669,-0.00027271137682638447,-0.009805617575673442,0.03244629948563427,0.0025781359439522866,0.003072882279471445,-0.005265701675354562,0.006181905236916974,-0.025113850349065325,-0.0030223269138427433,0.0019622713846387807,-0.0008970718377160347,0.010855051884969047,0.011966834129018,-0.011744552238651007,-0.06216389222194352
2020-12-24,0.004175731545698946,0.002400062839023498,-0.0014845536379419766,0.0028530388865104506,-0.004456797639145749,0.0015474969270494743,-0.002800408792373643,-0.017997069006811195,-0.010518200547252166,-0.0001911063628483589,0.002839389890795463,-0.028145882441860004,0.017026714746257277,,0.005181830553692146,-0.0061847413953892705,-0.0004905615744617009,-0.004367113183868954,-0.004527929787644047,-0.007310056885885485,0.0009646092914687987,0.0016815805420271612,0.007275943211886071,-0.017765810967949824,-0.006143332168788707,-0.026225948555411605
2020-12-28,0.02704310817419464,-0.010542985091240409,-0.00843004821823623,-0.0153501402890035,-0.001584624866702855,0.0022758181733779637,-0.07277592925122511,-0.005336537617643522,-0.030595941462839615,0.003614867136420896,-0.007679783970674592,-0.022308350330871085,0.01648592763332246,,-0.0014622871081306776,0.027178812338932046,-0.007633969504457605,-0.003142978616230252,0.001297499308718253,0.015590166123145455,0.0040305430219553795,-0.008120417044435335,-0.008398421795132505,0.042403521577329295,-0.013542726025090657,-0.07210712248060402
2020-12-29,-0.011087681017612483,0.008560626476539435,-0.015514974548275995,-0.0074152073219351244,-0.0023448888691302017,-0.0018283895386739246,-0.0040043769456555856,-0.005646484238974403,-0.003020999116323919,-0.0001439262149676157,-0.005944483069430295,-0.02285849765463077,0.008584665597047847,-0.005615834186157187,0.005316345301147107,0.001433248662624731,-0.0026949836523957327,-0.012352512429718132,0.024861898172359842,0.01624546664598925,0.005698739460776148,0.0032797563121151896,-0.02207573231620452,-0.0007564676599606246,-0.011369912046590547,0.008943522855152874
2020-12-30,-0.009868214819535037,-0.010622328827815997,0.00481183516779371,0.017848734945346667,-0.0055908093989048835,-0.0018364454631507598,0.03351523132398926,0.0031934604811234557,-0.007382129078881139,-0.007350842672151359,0.003020307749417528,0.028931076621633522,0.024302996131472465,-0.008215454306823466,-0.003663652623150382,-0.019081253167609447,0.00015423185604612755,-0.001101866811994423,-0.013171225720451707,0.004255948303794943,-0.0020875274466136684,-0.00028997971371236275,0.04316179178941515,0.018994555534862956,-0.01790653781783713,-0.0023309637125114024
2020-12-31,-0.014141132885590157,-0.0010715064041402211,-0.022122442771759343,0.004558756222259319,-0.000441716823630367,0.007155084208806617,-0.03520830302038502,-0.0143395163321266,-0.00782360169619467,0.0055191107212231305,0.005946566522660124,-0.023089440358837532,-0.002529025264101703,,0.0016646696591995358,-0.0016938840888829354,-0.00253361490006343,0.012006569378665732,0.024328081773642873,-0.012933009108257565,0.0002818181263830599,0.00534117455994787,-0.018203614580232674,0.008332489954847144,0.006615115090194301,-0.05193965720933902
2021-01-04,-0.009964804055940357,-0.014798077628909279,0.021769607353323672,0.015469106886774608,0.007532416275566889,-0.027320592793888876,-0.01801455987172962,-0.015961776890288104,-0.010012206624060216,0.005367147294974006,-0.0006566432411637679,-0.006659393883320486,-0.000513833931177432,,0.005348201336696445,-0.0006940756862022779,-0.00195071536858471,-0.0002989840305329672,-0.01829313545410094,0.021630952929647562,-0.012419760565536953,-0.0031912823084514486,0.06720011369346779,-0.0015775390397350098,-0.01256095616821451,0.08193140516273678
2021-01-05,0.005281201124774704,-0.0063614386360251185,-0.00200744453091084,0.0010973979980346549,-0.01608947941587391,0.007976912470720077,0.009769995879330917,0.008175358414378886,-0.007122031106240989,-0.008209298251933728,0.010667895691843343,0.009202261743084028,-0.018661875856137655,-0.007258356923377951,-0.006046775958588713,0.0004655452375648128,-0.008769944831082177,-0.012395494704873,-0.011022415947175457,-0.011045156527903277,-0.004102249589107654,-0.011462171109475783,-0.012890995779521464,-0.014552471109056109,-0.0210019585199539,-0.004721420758980299
2021-01-06,-0.03937129367167902,-0.0456118477002847,0.042904080273573175,0.04994229701220698,-0.004195225864183527,-0.007602761805956315,-0.04805747438707619,0.016255492107798197,-0.00420881937117179,-0.002193496897720415,0.019262340569743408,0.02383439813015098,-0.005335801873406654,-0.013795582336043166,-0.007607067774866416,-0.033978712847657855,0.009501779283187295,0.018718047277462624,-0.04470757648951007,-0.02653267415754279,-0.017942131100656677,-0.00813699288651748,0.04964054123848349,0.032919125920024106,-0.00868151808045825,-0.05121599113120345
2021-01-07,0.019275525004198935,0.009664171623166462,0.002148145458861661,-0.012938710400136388,-0.02706326560523209,-0.015118524631697938,0.004368361678048771,0.010039477485226822,-0.04454463448779167,-0.015442318101094199,-0.01716788707593131,-0.026520305181046755,-0.006924798230154128,0.009253342977100454,-0.016748159729105483,0.005774582519190163,-0.04050918353602262,-0.012503691382111937,0.0019361514392290946,-0.018218705255073075,-0.018065560396320013,-0.0022267049708093456,0.0011782485489204575,-0.010623319951015064,-0.027514997207142677,-0.02039313023603606
2021-01-08,0.0031396665516771893,0.009914040148048198,-0.006791711476915152,-0.005337250853802322,0.00039705781684729047,0.004033114830878537,0.02296414060181684,-0.012114212320081919,-0.00984102794813313,0.00019709076086482646,-0.009057698747162446,0.0033661859333864452,0.00591283729401626,-0.0072221745755290945,0.0019529407896274886,-0.00984539431169218,-0.023757352178258806,0.014790905282241473,-0.00252460106205743,-0.009395081981849907,0.006510418024171738,0.008548238681040932,-0.023845860658699203,0.0008004437691433441,-0.009328425416976982,0.015267218633161717
2021-01-11,-0.016694072754920963,-0.015832418205716348,0.03639578484294248,0.004495400237299663,0.0009339350293464665,-0.003494075310756628,0.048627051760746665,0.039888096144213736,0.007983723149168731,-0.006074460878749521,0.006943604344169851,0.04655461033074315,-0.009412493227253793,-0.002805936779619045,-0.012348951494206228,-0.033546910525414586,-0.0019674701845675546,0.0016279184679001135,-0.015584768063905519,-0.007638949741304857,-0.007940807590279042,-0.009216019893350191,0.016195563943697366,-0.007310595918643914,0.028462661994422045,-0.0274831610463937
2021-01-12,-0.0018112909508117836,-0.005877150607614956,0.03505990757989119,0.01856717883140635,-0.012780105227950034,-0.010876273825489502,0.12037748854933317,0.051196980459142116,0.01478950010306379,-0.00527868855093061,0.0044839022311014,0.05446250945341968,-0.015579759155760153,0.016732198714955793,0.003612846135313985,-0.022803336074935454,0.007514076790018809,0.002750547632805578,-0.010133292190057541,-0.0011224235087013978,-0.0050608928266935305,-0.032312188570365,0.022153683515645506,0.013506634349193192,0.012249402652575903,0.05614163237831882
2021-01-13,0.013951281211932232,-0.0014275681628814763,-0.015264844402587352,-0.010628528667715464,0.004997640809246029,0.0026182786770032607,0.00688840865812268,-0.0022756417379066196,0.010493401944070557,0.0013393502384380085,-0.01999888582547682,-0.043182653625251755,0.007668495927433128,-0.017758249915231117,-0.00140338555189512,-8.51393861713845e-05,-0.003657207135222995,-0.0031363435345935775,0.02511940353176456,-0.0005961462645456272,0.005926073282754851,-0.003752214623768957,-0.03934422877579302,-0.002989364306756004,-0.007156098625316298,0.019640805048129817
2021-01-14,-0.011373850938678598,-0.014846271306127812,0.009936146879128138,0.011461805066820263,0.00410862606226714,-0.02211748221991916,0.025441155969675,0.04363092854856321,0.01981070610809832,-0.012921986775880634,0.019905503137138236,0.007462124595666975,-0.052262470029320385,0.013888193628942114,0.0027076255484557166,-0.02009005738932157,0.004535554631741157,0.00019205954137058168,-0.009893938526211343,-0.0021590035416423348,-0.0020672914723400826,-0.025896210072453685,0.004635039662019391,0.030215131140195695,0.0059603329947290895,0.054791448897086203
2021-01-15,-0.006540684671536234,-0.004012947750417051,0.007892104399432442,-0.0068928293857889456,0.015827941187108507,0.003630651580904143,-0.0263765660115034,-0.026241774643805837,-0.007286784313028316,0.014244513788531199,0.002692603533281268,-0.00712873689389848,-0.004035586742804798,-0.01962212763526483,0.00561949488266944,0.03047600635990766,0.002021822053989597,0.007650968988605067,0.0014399539449861942,0.012249983224952965,0.004579733333659242,0.027961491853196963,-0.005728144746666053,0.007388833624646818,-0.020766059350727173,0.01055608730579971
2021-01-18,,,,,,,,,,,,,,,,,,,,,,,,,,
2021-01-19,,,,,,,,,,,,,,-0.02701752364519583,,,,,,,,,,,,
2021-01-20,0.01892075523240977,0.015045778710207403,-0.008470619722073192,-0.022798940983846272,-0.018867699506664115,0.013354664595016219,-0.03932984700788955,0.06989697015903795,-0.004156855656451963,-0.0080194628436141,-0.005719786462748733,-0.013935625421946263,0.013584860507879881,0.027611129617948205,-0.014635598090480206,0.010499332879915446,-0.007431148540008259,-0.007240350855584499,0.15460775194572318,-0.012614641961138373,-0.019074382743429985,0.004932206866053113,-0.0034377158665437335,-0.006329184221916417,0.008843438858833208,-0.042041364527371394
2021-01-21,0.036341502372474466,0.004558370839690573,0.019909646210602983,-0.0010962976747636022,0.003459672889478238,-0.00012102954966120016,-0.0149210587872608,0.06137757584977255,0.00754182825342764,-0.0046608172062481135,0.01175272342710132,-0.013567793891111624,-0.0017201026321926882,0.019196303842345275,-0.01747959455159087,0.01983428159221301,0.0023268823442246234,-0.003959942447258724,-0.011402402669339673,-0.00313116250092893,-0.012486927344676602,-0.014677988747573978,0.001464633436159879,0.016067827937857215,0.0013102613835829224,-0.00029057449369584987
2021-01-22,0.01908399280327233,0.0039004329287223305,0.006766088601814713,0.00170990033282159,0.001364462549394374,-0.018300179487992674,0.007950872711632084,0.002143293869800167,0.0035618812190804094,-0.0022249984032089998,-0.09603993080560214,0.0006123854945009333,-0.013285334203644972,0.003518784625381577,0.005327142101755,0.008984157220993771,-0.006539943830654482,0.011252360823225449,-0.02228952009339291,0.011213037817053295,-0.0042953885708153505,0.0027038594557616813,0.020195496624015763,0.0019448748545175532,-0.003922225062161444,0.004551836653679087
2021-01-25,0.024068317178655985,-0.0014991680540121788,-0.013970004587706697,-0.02758182706292367,0.022291280554854076,-0.0028554741760067337,-0.025995158486377568,-0.02358124119495142,-0.00597735816166689,-0.00813665193895241,-0.003868781591669479,0.01753802658704884,-0.00300803431866159,-0.031210167563649804,0.007406408875270998,0.009170920258462001,0.0043704701667952595,-0.0035582775147429135,-0.01846087517248185,0.004957441492158932,0.007856634268945006,0.0020607267690533337,-0.019927887360926433,-0.017552965530890363,0.013743590126475747,0.018371622741795157
2021-01-26,0.0031682389798871613,0.007487474172813813,0.009929022890091121,0.000794752993192982,0.011589653041600756,-0.0173494254744736,-0.019582925019104858,-0.007368489709158044,-0.013541960297634659,0.014977450079286858,0.03446246772066741,0.006667951674971584,-0.003037644685178753,0.026732486943676137,0.01414938579650371,0.01602091498069458,0.03411986431231584,-0.0053037725715976425,0.010738436402592977,0.013458510892163988,0.013045680735871312,0.00385330330797673,-0.02753090619802967,0.0014212439236347407,-0.0004896450429363597,-0.04302019445789351
2021-01-27,0.017994026797543694,-0.008503687689264017,0.015826118716619986,-0.009469664118552323,0.023178069320076378,-0.012885397735577842,-0.028331256494924295,-0.010068253126541249,-0.001718281830406787,0.0034067506886087395,0.025514542644231697,0.05612273937510359,-0.011581597278493394,-0.0021706695972002477,0.005361662826290026,-0.00945779196135954,0.08649039065161013,0.019882330908001178,-0.043102954196577725,0.02739227670376798,-0.0008384983037971194,-0.036265600592696234,-0.040806039745950096,-0.002321571004710421,0.002262251526212067,0.015928626851653194
2021-01-28,-0.044746063863739916,0.0025654901716187783,-0.020855131357312984,0.010778382280212329,-0.019671991594771066,0.029374067102746038,0.03698917375127908,-0.016248286942032064,-0.009925516412046975,0.004057089786959622,-0.02927551960025243,-0.06703313710725722,0.018100426100130296,-0.003821738969175037,0.0026463766102580166,-0.035997144331258224,-0.027065631667821166,-0.01972909178727522,0.019516272076496533,-0.02122642390925311,-0.0014295139295212866,0.026744636268872357,0.047737061915284595,0.0019983666979856984,-0.012171275031019335,0.011413259524429176
2021-01-29,-0.018108923500491203,0.004494063239570245,-0.011763264371610571,0.011174410421701864,-0.009223343926092475,-0.015085301917306615,0.0029090876223543116,0.001587582989143299,-0.01137320738996217,0.0006218188812884273,0.01123350330429207,-0.030351260896627208,-0.005327459403058343,0.028514405256565234,-0.010100341210334318,-0.005858364752027834,-0.022995849945945834,0.005886391530218971,0.007781542194507551,-0.008646588640083275,0.0004884041047962251,0.006084747117875322,-0.0038582059056425644,-0.018718912283208766,0.004877987519173677,0.00208970735902525
2021-02-01,0.0004684184349061926,0.008426753769385176,-0.026435776994272353,-0.005769465927890405,-0.0212635681761274,0.005921609794071747,0.00745522932491216,0.01243839558391846,0.0005198717408785303,-0.018320968805758064,-0.004046144251988126,-0.017573707989287923,0.0006100524739447444,-0.01140616823187135,-0.019478866171188658,-0.0018064592782307543,-0.021516708890991332,0.02602506170248997,-0.003560906866693081,0.002559143698759092,-0.01304963885973165,0.002507692239648751,-0.008778008993173492,-0.007294326936961415,-0.007923037993033955,0.010448582205401458
2021-02-02,-0.00756181701033376,0.017867718378947517,-0.0037768238532789322,0.028219600029503855,-0.029376244353346848,0.006817116453180727,0.018098581133371594,-0.011128092009194512,-0.0002718838525332945,-4.686287956068291e-05,-0.023023849459476997,-0.010849370284729432,0.025938935665251517,0.001343990353844804,0.0025721999180010613,0.005452045388988802,-0.01206669265455207,0.010042132117325409,0.003020791335183848,-0.015034769901577705,-0.003677989609882859,0.013122465925301308,0.036337292887522965,0.0036064807818478872,0.011892226993718724,0.012048949694312583
2021-02-03,-0.008786803053996595,-0.007215807815427522,0.013148398797908856,-0.006463429955438804,0.0028609531920635867,0.006120698652874124,-0.002054876689196572,0.030298852904252715,-0.005998311691260416,-0.00467893868558833,-0.003687797454026698,-0.0010087690809532646,-0.00564414633964605,0.08806018510049052,-0.01667797849317032,-0.002618713053060495,0.0016194439017047646,0.002571235602536026,-0.01689832992452356,-0.007135106040514372,-0.003610261960401706,-0.02011541417761964,0.033370797092221016,0.005364266366518988,-0.004627142745660007,-0.030025702583022174
2021-02-04,0.014904282838863248,0.004626407283233824,0.021053751498603113,-0.00980867834839061,-0.0210929891058399,0.006965189529577254,0.040415248427786654,0.004325167867170299,0.017452791539534607,-0.0064871025681727534,0.005096983027335522,0.008396872685723755,0.013213392366223209,0.009902404604898996,0.00217106423612079,-0.01145300719684117,-0.0016213221249172793,0.004696486789445231,0.012707710592593902,-0.019042907634770456,0.0011736881948840594,-0.0013457007194923598,0.03481140474070865,0.012020181473180402,0.005112987395912372,0.01414210378243963
2021-02-05,-0.006995440436963984,0.0017014059082354205,0.0021636765192691865,0.0031464707139399195,0.004744250485844814,0.07418945168221369,0.04265203820689423,0.00841548460272934,0.023871160616869558,-0.008108915922929727,0.002465056561099299,-0.010358682847430911,-0.010000017315258902,0.012642763793225376,-0.00014771227146792576,0.0021439253545987302,0.006887450452357502,-0.0045560098125608794,-0.006378678853809827,-0.01801444366680338,0.005266564633393367,-0.04463269205117737,0.03396904779228782,0.017889447970096395,0.009168113686167878,0.07202943574825316
2021-02-08,-0.00630241647896046,-0.004066798037871466,0.02202533930513728,0.015657941716684887,-0.013915523579245748,0.0209354858912838,-0.004933065320129826,-0.0030552234749148255,0.0021691650715383037,0.011222780132598364,0.0075444862127338475,-0.034412733286311115,-0.012476961594296565,-0.016206558827153827,-0.01077919068822153,-0.013068926450609086,0.00237665273000065,-0.004927934049582028,-0.012610023141199411,-0.013163068402947342,-0.011372372217758109,-0.0008540882521879123,0.013905358817242197,0.038688833224218566,-0.013056933180615182,-0.028324534508583077
2021-02-09,-0.005460511052979955,0.005751361151522194,0.005863459866891962,0.00025242018695781354,0.008643976316538127,-0.0031280464410121667,-0.006741830461434506,0.03312044819928228,0.007638963300269697,0.003055349861585399,0.0020971606953811284,0.056754519839227524,-0.009538157938848824,-0.007922660008236604,-0.00816898099314789,0.011879534805148473,0.0021093327718616495,0.004290769395296823,0.02146324177914194,0.008631684559125996,-0.004584168705897285,-0.01197128475934417,0.0011135249921484514,0.011020074269897484,0.022343220677678244,0.04789914689747177
2021-02-10,-0.004213042190873262,-0.0064685928086151145,0.0032994651053243063,0.0025755527208489726,0.0038415435101107898,0.01842280648595851,-0.018013023230266545,-0.013904854456073368,-0.006099416127738233,0.0028852642048301513,0.001491645627764826,0.026699844099096537,0.0026542437312394584,-0.01044506267559231,-0.004159272115144108,0.009326429346263043,0.0011187962476703062,0.0014375216085821263,0.008430033917582569,0.012212417786629959,-0.01326521707691497,0.0006666668556322142,0.021466418189350356,-0.010247689918689518,-0.0072034665802327424,0.0026008443595076924
2021-02-11,-0.0035830664977289928,0.006355044545792055,0.004903011413628144,0.0015240213234264388,-0.007909387460464101,0.0171842900567718,0.00011024222663613692,-0.02802291956491143,-0.01370305509328651,0.001137325047147808,-0.01254252354648544,-0.006893097787123326,0.02424931812373865,-0.0022770407884490362,0.006120327923615276,-0.00710611675056394,-0.014969579154824553,-0.010008475504968417,-0.012308532568611197,0.004645879243412532,-0.021488168894125304,-0.0023855251565744195,-0.0026837736950522384,0.014650480209764005,-0.02152254032655443,0.002444247884423323
2021-02-12,-0.002934910234360988,-0.00024081193313962856,0.002981690286461447,-0.006526334634707975,0.0010247185105918266,-0.0030201711688058186,0.029838833965391,-0.0047110331133788375,0.02925654846711523,0.0016715079313562864,-0.0056208341704848674,-0.005189235737994791,-0.010164781252176125,-0.010706295702086699,-0.013511202452297977,-0.0043044880333420465,0.003696900204904985,-0.008671695689253855,-0.006629977961211342,-0.004975793419842889,-0.012860810474700224,-0.01049869435668982,-0.025416644906015917,-0.0077342564334687,0.0015712709658606272,-0.003925404843115654
2021-02-15,,,,,,,,,,,,,,,,,,,,,,,,,,
2021-02-16,,,,,,,,,,,,,,0.0031912265321455413,,,,,,,,,,,,
2021-02-17,-0.01732349607891348,-0.020431538342670863,-0.01963829329474842,-7.502062998665515e-05,0.013666690264866999,-0.02047518974883067,-0.025564336395310305,-0.0048789963330484465,-0.010144393909699345,-0.0002748465050127491,-0.0005124019337690022,0.005352343591624953,-0.01105094354591396,0.006934694325498425,0.0010491999601325297,-0.001139483799951324,0.0004335822050314242,-0.008187945837216937,-0.010338544358641233,-0.0025338610937768458,0.0009156825115212985,-0.005417210838134956,-0.010176683230076589,-0.009503563968844664,-0.00431681271350115,-0.03362708175125617
2021-02-18,-0.004220605472915251,-0.0014063165318712878,-0.008935381112499252,-0.007348788368699899,0.013961271347877724,-0.00121296688662198,-0.0027331069188907264,6.058194500624392e-05,-0.008938656232749143,0.021055618154465328,0.010750911835990196,0.0007744382081238399,0.0077654901575147095,0.026573627327059923,0.026447944217506847,-0.010863534575180855,0.01981365395317025,0.010851722262164132,-0.0012431095071904208,-0.00014582789172723487,0.011183515316387171,0.0187603164245157,-0.012660301140387187,-0.012777160158013001,0.011372561989370866,-0.02238778182342349
2021-02-19,0.0030882744532524375,-0.017085660909089473,0.012474895627875182,0.051824694749687095,-0.02327982394908401,-0.007868257428456205,0.03106419260647597,0.014978374099340441,-0.002017868789167321,-0.025205712723498697,-0.012557565713284036,0.054847133405647175,-0.013774731312193977,0.006788273208915174,-0.030569893283574845,-0.02721092054460228,-0.013922680478919092,0.0007070424086447202,-0.012737771582520874,-0.013061175629241362,-0.019272457278260213,-0.022039711384291172,0.04054929923724948,0.010695876402629367,-0.0016211167870872067,0.0002995524537481309
2021-02-22,-0.022066061232683065,-0.01687479258616975,-0.003029664742045024,0.046559134557066506,-0.0036850604448106505,0.008749811835537025,-0.05452794678405437,0.018095270114292572,0.007850738554543324,0.0037016209001733413,0.023448282570956436,0.030292539172538935,0.030213923477754645,0.0014845793631359516,0.00791699137030466,0.0030304983886743075,0.005353852945413129,-0.004305411634748513,-0.004188248519335636,0.0049964042151934285,0.0038087413219479727,-0.010501808454090655,0.04549242950667287,0.026751438403661898,0.014335630543344524,-0.047196971430286117
2021-02-23,-0.0023675258855240244,-0.00025060217030326015,-0.011793531589142647,0.008465817942221232,0.005077689259013418,0.02133942784179177,-0.012376790957975836,-0.008093936046342343,-0.0014134763066879774,-0.003077445725449768,-0.0024971963484721194,-0.022469615150611633,0.027394034412713708,-0.023262114556376612,0.007580221561609868,0.01998581908867214,-0.0009724551924390479,-0.012333549416104539,0.021918086403786896,-0.019458101974624387,0.0047288859168412856,0.009853732685316308,-0.008826604914955904,-0.0007988941463330512,-0.0061450681071979485,-0.016928055029004407
2021-02-24,-0.01540370539477931,0.0075026135841127495,-0.029014182246309916,-0.0009508777799531742,-0.029616588510332886,-0.002992523896607757,-0.01918076629971277,0.04458652929010576,0.00997346118402942,-0.0141220360658455,0.009359314147651343,-0.0018156664430200031,0.03687617961290446,-0.0035450640200647143,-0.019928168046970285,-0.017181874015210097,-0.003064163442629164,0.0028179369568492874,0.0019413991882057946,-0.018990779006769154,-0.016548124147061638,-0.010009673788807127,0.014485073505224655,0.006998654655871572,-0.015953187730140872,-0.018900028461306007
2021-02-25,-0.010303943125741122,-0.012154131994721706,-0.06824084412574682,0.021556939355948046,0.022467547778572072,0.01021792455052195,-0.030614468114272486,-0.017086087707834263,0.0020224356532374532,0.02447880752512621,0.018472559714858394,0.02533751465641776,-0.01023203181940846,0.025845560651490795,0.019141091512435926,-0.011917715323845668,0.03084047294534853,0.021386292823941777,0.012353955441924858,0.011617423728180976,0.008656220880258525,0.037127664971669305,0.04174929357726975,0.005321736902160312,0.008485596103832371,-0.028736153447183832
2021-02-26,0.006981840786460025,0.005860959360157403,-0.02041020847698327,-0.022028258947187074,-0.0033113450045338944,-0.008232514634750832,0.1195897841219663,-0.00035180766911802053,0.005851539116889959,-0.008260754129602366,-0.02415459343719395,0.0026053816657227724,0.0027196378007940947,0.009603841196674678,-0.011534180388012572,0.01625443552221728,-0.01594816893113893,-0.02316911823245882,-0.009608664076009021,0.001611837098152824,-0.0014805997267512971,-0.002859971260636418,-0.0016165083964395643,-0.011576709118358841,0.006781919113441615,0.02909692022027832
2021-03-01,0.030060559417317556,-0.002253587690912884,-0.010437472124864566,-0.005817879682954663,-0.02455242871631591,0.004510072275765387,0.08657377586336179,0.000140954219424394,0.0060324482754934294,-0.026948969282097557,-0.008571866915789483,-0.01003307516784302,0.0017848288866684214,-0.018356652299190257,-0.014385130929456924,0.004506820203728612,-0.016078931630179483,0.015929042769503576,-0.0019108174881132811,-0.012628735917471712,-0.012721512928203449,0.0062167052233490505,-0.03897802056854127,0.023024697306944564,-0.0007281353215597974,0.0727002825679568
2021-03-02,-0.012812745676543558,0.001734596734534577,0.016242826889245943,-0.00984770897163545,0.014816069902692575,-0.006921572018141253,-0.017064332335751442,0.055660129367045896,-0.00141947094131889,0.00918294219939686,0.0046851407985800675,0.02165155750357195,0.007860603544625921,0.03300197659245374,0.008453535549731828,-0.014228610931946828,0.012048895198332743,-0.0062245131150018285,0.002959580354174096,0.019308248738244882,0.011525700860286148,-0.000982882839770105,0.027839628908883696,0.0063026343959913245,0.007461842061051827,-0.08192060021459324
2021-03-03,-0.011390431832555836,-0.025811560063392802,-0.007905216517562152,0.00884965624016143,0.003093831822242765,0.01306622187199813,-0.11200190286673439,-0.01721258139727777,0.009868792186019881,0.006323766304944911,0.029936426165330543,0.022271369644768946,0.005982656696869704,0.029325160849595244,-0.0007191630967411378,-0.0007949398114509565,0.018429839766555878,0.004669628785778035,-0.03643912160777141,-0.002514864259746452,-0.0016586658996992076,-0.016415412955507747,-0.004655757440489849,0.005851707820158647,0.007241116744290732,-0.07068066110526128
2021-03-04,-0.0023946284662408335,-0.007521607327200863,-0.0078043516377964695,0.0034596805922688656,0.0069147288584455735,-0.0016068820455883426,-0.03696385349756759,-0.006303333768924335,-0.019314493056312165,0.02533113830669531,-0.00497122786823756,0.004710606853194355,-0.01642280428038756,0.03071324373224693,0.03268448621512687,0.022148193300131402,0.011002491600456077,-0.005760705902290941,-0.004654575639856606,0.012563985270098499,0.018982390610533417,0.011482064989668084,-0.005827239546984053,-0.01645814213415364,0.007308517697210415,0.01786722119385009
2021-03-05,-0.00875775696636194,-0.015464653517524463,0.027430227848243893,0.015236214142649418,0.006684729472588247,0.007503697026170153,-0.008390481673503203,0.009003463541174206,0.011106908273284422,0.009869443319874271,0.0031500628112604012,-0.012804264208691185,0.013064673782757552,-0.024596508640049808,0.010526013780440602,0.006276445862485547,-0.0016498682352064087,0.003144299865817546,-0.009521231641234085,-0.0054568204192577685,0.013105213840497676,0.031680060022854395,0.008465868490459494,0.008155084174202187,0.011548485525761931,-0.035993108080972336
2021-03-08,-0.03631418069893144,-0.039170349450218356,0.04152823595436084,0.011808983189431133,0.01623955006023181,-0.03841163421780491,-0.04476562364758696,0.03632867805307749,-0.01776660758862536,0.014735779028843932,0.02147918533562654,0.03485656479166643,0.034316051578848206,0.03768619977442944,-0.0023773428035861466,-0.02858195044479306,0.021786129316656022,0.007260407485350728,-0.03929693501846421,-0.005024417194595676,-0.0014061810583948509,0.024448173894119463,0.054034862382534965,0.042555121716500444,-0.016112847494159865,-0.07317557789378182
2021-03-09,0.02649508437699244,0.02853286944276423,-0.0211922803869673,-0.03572690576271342,-0.01935060631290375,-0.014332944591730068,0.0727264638485432,-0.020478256606674572,0.01202515427461992,-0.022258317436672947,-0.019202521401287753,-0.01375101754069119,-0.00017783741619292748,-0.02215585417310595,-0.005632517210587107,0.02669758290303159,-0.028248233359863706,-0.026319277902289828,0.012419878181627153,0.008626408024715149,-0.01324646099825011,-0.020057390655879415,-0.027579123512898374,-0.03358953091249606,0.000764160459986396,0.08612514224656653
2021-03-10,-0.01519704265282884,-0.01097130097042831,0.01598823729368548,0.0136192078889259,0.0031723882066037046,0.012646811213046227,-0.010189124882298395,0.021017971850774142,0.003662522066352869,0.00785115992166241,0.023684721596361147,-0.012484737305685112,0.007727183221830192,0.0041213607651011674,0.0042180238816476034,-0.009191321152222764,0.012349118180125629,-0.001906857641058135,-0.009782039857746727,-0.008433278659626287,0.00402647665798983,0.00267843145556923,-0.015024814356271676,0.006032883833893887,0.005974446187216875,-0.02380233647151364
2021-03-11,0.006107253998897333,0.021754778387663487,-0.006419507791880719,-0.016276270280817573,-0.006082257786453882,0.012005963601395164,0.06200777717468675,-0.01814115917513437,0.020593070058092966,-0.015308475726178439,-0.01610464809219858,-0.016485581340219935,-0.003374029460508021,-0.017967051823751246,-0.008971717903844212,0.023504164148431705,-0.010070269689368416,-0.0060638729996369545,0.026311240764125055,-0.002891332551854031,-0.013090456048710286,-0.02154065185172116,0.015203887381778802,0.00231065382856932,0.0017692712060199955,0.04656375686655134
2021-03-12,-0.008640797438016157,-0.01600233992764899,0.021180242015178763,0.04103052134409624,0.016162226304446303,-0.009347398737692969,0.0003430649017512888,0.042700308553174526,0.005353602836366322,0.002539450120834008,0.002681584008770166,0.02594531601867689,-0.005360455392179664,-0.020019504497917784,0.009647377797909584,-0.021024223127494412,0.0008809080825673554,0.0062394233064164695,-0.010651035321177948,-0.008371634671606731,-0.002366791783294575,0.007953661559752634,0.011237724428685203,-0.0854758477146289,0.0016752456809936422,-0.02573595047762256
2021-03-15,0.017964807275496097,0.0009130047289194199,0.019906903950606347,0.0011065343828766672,-0.006491921301497117,-0.0053166258684616,0.002959088663498255,-0.019207082635089856,-0.01877930356030999,-0.0007189339727902144,0.0011093497090217674,0.016180997421481935,-0.008973928230700201,-0.015541587605532259,-0.00016172200545283566,0.013441041128815279,0.018167665003035793,0.008805772444456794,-0.002187002660033688,-0.006306591190589961,-0.006566929153881684,-0.018213319097753478,0.03206461941282601,0.007149431585979915,-0.03660735380321156,0.003929814888636418
2021-03-16,0.014312663517466406,0.008160564297321704,-0.002556246268576867,-0.016979461303823995,0.00760133885271741,-0.0006060233193890818,-0.030908030456186397,-0.05221788213436196,-0.021212031364648887,0.0026783644111587623,-0.0010746747398597822,-0.026045729743517487,0.0031937835932429604,0.018407537414939057,0.011179971590874693,0.021770587200000246,-0.012310661467002215,0.005034023114432351,0.008835389471316235,0.011016723437824005,0.008936275275938765,0.018683657834834166,-0.031238674370005604,-0.030152170520121757,0.002676618370289985,-0.041058926059148404
2021-03-17,-0.009330074177886671,-0.001836186827585351,-0.007314001541245729,0.028781786253127883,-0.0177477435596598,0.0034200396658434773,0.008510592693667718,0.013133191842194414,0.016445666990153818,0.004091707735038419,0.003281078953279337,-7.948217052944351e-05,-0.012555944368320748,-0.0018969808968203328,-0.000456312239558887,0.014057157743634807,0.00488096571162977,-0.009126641627635212,-0.00209697718603441,0.005469950361876252,-0.005789431557955416,-0.006635822045656159,0.0033692860858769436,0.018705162875516823,-0.016206925669364547,0.00180608816651473
2021-03-18,-0.01914451554195229,-0.011469515077762282,0.024827364251008843,0.002133510641808778,0.015977755278758998,0.0018623791019479752,-0.02612028761133922,-0.000999673086293007,0.005995984408672217,0.02453015863279462,0.022743064327165108,0.011569587995370778,-0.016083204027489417,0.05681857239580079,0.014587714441837929,-0.004217957161526176,0.029099362199304313,0.015146677494772387,-0.02270800128461936,0.004478380455771758,0.006602969896134958,-0.004014065194419603,0.02074865413314786,0.015481576894155413,0.01195940245217475,-0.04562855006373212
2021-03-19,-0.00387751777334322,0.005885292805956288,0.043026514428675666,-0.022762769462041588,0.010692533971089935,-0.005564963504587017,0.02876369538306789,0.027824440244298643,0.06158709402291418,-0.00817523419920041,-0.00831631763780194,0.0014029954970185,-0.02798035168875057,-0.006796802030184623,0.003883779514038288,0.04184170767610551,-0.01138701836832745,0.01058013021632287,0.015242423694698637,0.015680589214138507,0.015467307100677896,-0.005161452901180086,-0.014168019171445168,0.008778581122025786,-0.005077386360679559,0.03202658552266424
2021-03-22,0.021310609362546806,0.017686101995416204,0.01641173688125086,-0.0037848347234648028,0.010064853682798747,-0.003658946450329603,0.013215356070725548,-0.0054663447000982135,-0.026912164098879643,0.003834449449952926,0.0057755943684187905,-0.014622156404837883,-0.001723739304143601,-0.0018746074625013431,0.005711609062904133,0.004798187429307266,-0.0029974977928588498,0.006565109883953424,0.014315081681508302,0.0014885091183940435,0.01751018633353274,0.00843499675092696,-0.03007290129584661,-0.027998272678374403,0.004086579508467025,-0.00015945827430940973
2021-03-23,0.0007421990548113211,0.024849767297851266,-0.010143780998118745,-0.026746692229904,0.021830313599969897,-0.009491267386954383,0.0071758052620156665,-0.04217436461076873,-0.01868107572654687,0.011084306754991391,0.006941273763634848,-0.06448846763953608,-0.0011025686766020781,-0.013269908555347265,0.0035520635171925052,-0.002282782111112658,0.001613831797783738,-0.0022232422996329992,0.030532309480241326,0.010684116150668443,0.01967727003092279,-0.006007947946682135,-0.0512329317653516,-0.010014890280226396,0.0001801922601789574,0.04190790065464067
2021-03-24,-0.01452627605813639,-0.013415763092722965,-0.032324139034707544,0.019121438938952795,-0.00783322241220441,0.018621283684993162,-0.08780896781906877,-0.0002660848817290784,0.01101435739305423,0.0076337167072605405,0.006693851990853594,0.005901631410697106,0.017796166331971564,-0.007753966353414077,-0.0037478263394066236,-0.02374473567868407,0.01799859161158912,-0.009977605665528522,-0.021219718855538527,0.0022442438184531177,0.0008066853710403388,-0.0108523269786156,-0.005484398364608789,-0.022090570526888786,0.005779957868556562,-0.06752541650619359
2021-03-25,-0.001076592041863611,-0.006392000072120818,0.011030050374791323,0.008410627556884265,0.011668944220390776,-0.0010992558386737628,-0.020201586447014974,0.009587014679054207,0.016713497236969577,-0.006639056773805607,0.013516503993999063,0.03078426842426918,-0.008826866402441791,0.006622811152209973,0.0033716493303319606,-0.01729126801316594,0.007398304001919653,0.011606761566246071,-0.039705847142762596,-0.0021862911606245206,0.000667032977877513,0.00391303412630295,0.023795253431275087,0.013331150557992721,0.015646394185053758,-0.0055894700460528135
2021-03-26,-0.011489784846496098,0.023502739379667625,0.009879323189762479,0.006780365384341902,-0.0009337920747165551,0.004860081422744411,0.014561511315812403,-0.01825460753816277,0.009483210683223442,-0.0024311324897134945,0.008243022564782265,-0.014955610367680228,0.00507865268827401,-0.0060104661588311625,-0.001603954918155015,-0.0012766141532385422,-0.007413530766270826,0.013300057231856233,-0.0063102183479786245,-0.018153499880877444,0.00535553336289829,-0.020599488958612855,-0.017109484426517607,-0.02834063990114344,0.012343032552849298,-0.0004329939189564591
2021-03-29,0.0023529553651653323,0.0013583471373084244,-0.03652923519771634,0.004005322983431148,0.014949284983603262,-0.005221660669575745,-0.028837451668541014,-0.011327008496963442,-0.006667085542567119,0.012546391517045175,-0.002944807008976702,-0.010842697084406328,-0.0079538139258305,0.006873238525545222,0.013317605770364116,0.02842820589120465,0.00528085407611556,-0.0029294321001702706,0.01248104583244114,0.0076841214717418005,0.015654320298523983,0.004689459978313382,-0.054395154206012264,0.011363038017845106,0.0018204336248572872,-0.03526262371903566
2021-03-30,-0.009116551572458498,-0.005066866224378241,0.011171730330147733,0.015580451868701495,-0.004293100713761322,0.01899071716056233,0.01619841971198155,0.028671726312559098,0.027153145173101967,-0.010929952554812328,-0.0052332950089395425,0.011198634087608683,-0.009820672362138794,0.03341166658850403,-0.014966402916805954,-0.006538965368237504,-0.0024617451182167294,-0.008860677527128935,0.0020682375380951523,0.005117625703617845,-0.012518190058725231,0.012715540775526835,0.04012926718851584,0.00910207281800468,0.006131359223233046,0.018722499638170298
2021-03-31,0.015142903254094175,0.017668275342834106,-0.011486215699383129,-0.008813805623762216,-0.01010561401655341,-0.018124526315327794,0.010457066106023483,-0.020476216417560145,-0.010198011468861234,-0.008029074049862528,-0.014459733510725603,0.00015579483542671468,-0.009624833163539126,-0.002700821501611106,-0.007875567270185235,0.01905122551936289,-0.013692230186965526,0.004094343810616685,0.012486105588481733,-0.012246369425073178,-0.011269265473690337,0.0015925683773092558,0.0027266270765635703,0.00017624585566378137,0.0043828806521544195,0.022240414975473133
2021-04-01,-0.004866423371240325,0.004940688589545772,-0.0035505404579363464,-0.008073216130217276,-0.021212437692975095,-0.006736587024136709,0.02055442255483042,-0.018355719199407483,-0.013585382066682139,-0.008031607841888277,-0.01205031378971122,-0.021026226423325522,0.008537247291766414,0.0009874041021094015,-0.013363032933157215,0.0021971281887185334,-0.011721392625853033,-0.010176708179294502,0.022219980222808244,-0.003395392455929569,-0.01302710372919913,0.0070110752168419666,-0.01619282481077533,0.002568114187740944,-0.004236574236315738,0.003550322860193633
2021-04-05,0.009139041588540397,0.00269256938238005,0.004825539980636062,-0.010270283730214658,-0.0035751061633131354,-0.004380919907937431,-0.06727204083290217,0.029111298798769836,-0.021385873851601733,-0.010721989833330392,0.005827226928610818,0.00793383195950148,-0.0006205574816107173,,-0.007935606570395493,0.01988175784637214,-0.0026583021122823514,0.0013825192550434018,-0.012120922704711434,-0.0010100924360392227,-0.0011312039116435635,0.01493904181066652,0.02601980584867225,0.005171473193999354,-0.010526460174051344,-0.021396567020396273
2021-04-06,0.0034357854995088477,0.0004039876453284519,0.02428058470324368,-0.012162437899142509,0.009433730245223204,5.9307203723046875e-05,0.04564897545241964,0.01829667249231881,0.003104514180370499,0.009821716995101593,-0.011606394587296065,-0.0031550513882948605,0.004367159488779526,,0.005563761466373718,-0.007605012266765243,0.0003067526379252339,-0.012823672483809556,0.008112779510536017,0.003693810949625398,0.004535918499612768,0.0012017383596403253,0.004955720550594789,-0.012473596685592447,0.00690560400356155,0.018969632874494158
2021-04-07,0.01191509874611052,0.002737750769471914,-0.002717469496154701,-0.0024724685645640676,-0.0054429701047906676,-0.0010350646062402546,-0.011134910894966654,-0.016181072671524355,-0.012320149880305165,-0.00265696881518529,0.003814605816191863,0.012620899104192285,0.002610805962717233,0.00024705870967256516,0.00021698115034762822,0.020825997216295855,-0.0009106681045201181,0.005042990977155659,0.003042465069381217,0.00902628859674448,-0.003285111994277279,-0.01220331279724407,0.0038909888839291362,0.0005534359581056414,-0.007372324059185975,-0.021821579850689
2021-04-08,0.015013129506586953,0.008811110808613964,-0.012264318737506996,-0.003916820154180822,-0.010480855841227488,0.007469451124727078,0.051509172480074916,-0.021502539985054914,0.01487574820768467,-0.007085273250231672,-0.002812278000895896,0.0186736925722355,0.014935530001710662,-0.022736681937306047,-0.007768381386645484,-0.0044443187841682885,-0.000270909939422026,-0.0014305097823723578,0.009655285426553695,0.011194645454469576,-0.010287179135657798,-0.003528499445425659,0.0022774598810064717,0.008180156799611149,0.0020021373826217825,0.021160116669432183
2021-04-09,0.012531706065289638,0.0006827789951375784,0.016188950376791134,-0.006548545275923301,-0.01367549476640606,0.00413647016044516,0.007044019147624203,-0.007719934348738189,-0.00019610538123959742,-0.011529706525921557,-0.0032055205206196202,0.01825940196011877,-0.0015253202645122421,0.001712791379055112,-0.009924371557824885,-0.009508741515522168,0.003929601611003308,-0.004569585988331681,-0.006403658128283363,-0.0032851079795188642,-0.007509095546597733,-0.01602046119797218,0.0282496753344037,-0.0008768182353748877,0.009156955269772782,-0.033770420084708985
2021-04-12,-0.013036767296942253,0.004144158764329053,-0.007315547704745073,0.0009761396292916613,0.007339413930534167,0.0038367830123772206,-0.0018170173065219508,-0.010195890179975464,0.014886350319829433,0.0008231413577036717,-0.008202942176401606,0.031360767558753166,-0.00043529111245377283,0.014346290635388281,-0.0038819164250405436,-0.002748413150812201,-0.0006628664370789128,-0.016918942301328288,-0.0043599053783288655,-0.0015869682707536636,0.0033525571943512356,0.013603715172867736,0.01332775082239801,0.01748242762636576,0.015200854883070991,-0.0033371123876305697
2021-04-13,0.02101171282062908,0.014155045024182522,-0.009381771839466091,-0.01013629346701106,-0.010501539486600486,-0.004020051278925685,0.023753575192580367,-0.01783401036792054,-0.0029507381576849845,-0.008181813949341254,-0.028630750173541553,0.006905870173823825,-0.007796108622022846,-0.007506527624538961,-0.0019296136913613537,-0.009008050413938484,-0.010168751989420355,0.00043323368401315676,-0.0015758786663280233,-0.007122415425314665,-0.003084916406562277,-0.003065222917867594,-0.01340024476324353,0.009762649368769472,0.001409436965676969,0.06276874478321459
2021-04-14,-0.013764939869239767,-0.004128061232196445,-0.0012921811524492233,0.01817089553326645,0.005354885407842014,0.00867507206501883,-0.022515815152960417,0.007366261740452407,-0.006500396170456169,0.00012079894384142698,0.0151413354284049,0.022412248959562175,0.004589827149408476,0.0009151343506161869,-0.0022164939670824557,-0.018316594830455335,0.005512574148655469,-0.0019604239331354467,-0.020671671716614326,-0.003426481122527303,-0.0024835198470455344,-0.002716962215454366,0.012077196342406005,-0.005006799922093741,-0.013803236222059034,-0.03544542511161353
2021-04-15,0.0076131563320729345,0.013620367954576107,-0.01833387726456437,-0.011351996711996049,-0.002462542563893555,-0.008663006567701581,-0.005499721222011811,-0.01109419052516647,0.0006845845336631573,0.006036994257734074,-0.011471307340225945,0.0017592212954120612,0.010501237413781839,-0.01175718417321936,-0.004407003663747799,0.00541733997025351,-0.007383814304461556,-0.006717307885210522,0.00594225261322423,-0.004555385855615324,-0.009686519205510447,0.000992040967854546,0.007179720404676626,-0.019390742933694916,0.008371008638156763,-0.0014344318439263315
2021-04-16,-0.00613625509622695,-0.00011141470153219757,0.0011690410400448936,3.704736751597437e-06,-0.0001855962596495342,0.019856537728417667,-0.0004166437679085089,-0.004425722337772164,-0.016006207000874517,-0.0030492874157659333,0.0040092678304843865,0.048965532495187425,-0.004436684393405832,0.023328556701635694,-0.002586667959300737,-0.008936699177923946,0.0019613538925185026,-0.0013235881880973022,-0.008488495315276734,0.011435165207720033,0.009390643636719709,0.008409248921388501,0.00309414065095992,0.009844183730610245,-0.003218666434049444,-0.010919706612744107
2021-04-19,0.010374940688212653,-0.011662347290467667,-0.003286052308360876,0.0011499071619324175,-0.0015163448205010033,-0.00465188741253264,-0.02560394893756679,-0.004505339745323966,-0.009784055312069273,0.0052444126559890725,0.0017885169471298923,-0.020873146169826495,-0.005077660797278338,-0.013171334078110442,0.0039451075554320925,-0.007561721266029275,0.005356977579886402,0.0003223521205776292,0.01976114576492105,0.009075444308217606,0.009399557869246178,-0.0026603772200277653,-0.023259126074982706,-0.0021016880768908175,-0.0038754120870138076,-0.011726400738499954
2021-04-20,-0.006028012142270556,0.003005196726282744,0.003520498085691326,-0.013680632824879302,0.027755166752738925,0.007610742661155578,-0.022889512671419587,-0.04769819855735791,-0.00347142706522785,0.014318857188151624,0.0446628233779085,0.02944096653296402,-0.007668024584651656,-0.02308175062954443,0.015662679412190128,0.008158829993024419,0.005342047627947544,-0.005933244678547278,-0.0019813089269887785,0.004735431685097935,0.013434454151254771,-0.004107550272039018,-0.03100425766201864,-0.027682561077100987,0.015956596610024354,-0.0010600053247059593
2021-04-21,-0.006375967629597357,-0.012942692327292393,-0.004915965922114518,0.011912671301143263,-0.0012316720812624027,-0.007883943352889222,0.004713058362941558,0.015148299664202503,-0.016725336289172166,-0.004681942646024284,0.029706624399910675,-0.003771684452417823,0.007872897740858642,-0.010934452798916472,-0.0032260363058158603,-0.013204829620488301,0.0037045883774553534,-0.002775365881119596,-0.08330939059910325,-0.0002448351996766629,-0.0005903430731133419,0.002719754314209011,0.023092833012868574,0.008646876936428072,-0.015539174842469583,-0.006260462240610609
2021-04-22,-0.0024745129024169588,-0.000646113507235424,0.0013935478830723325,-0.006146859891612677,0.006318119164637537,0.016374692421244008,0.011689701555884557,0.027113234588665103,0.0030291265360796737,0.004914527824327997,-0.006602639186830905,0.0040508071092997255,0.009889044581695705,0.012065000803440196,0.008874956358546626,-0.00720912563754994,0.00931001144722754,0.01430510956483122,0.008974834372973861,0.032985431472085436,0.0030194027292188563,0.006258924174827651,0.014329648254802985,0.012868075131221124,0.0032748634926835773,0.02643707150050245
2021-04-23,0.007109591770328105,0.005925604089696002,-0.01347016001624668,-0.00105402688590428,-0.034023584831334386,-0.00548124651739057,0.009567772851176715,0.012521765370533844,-0.0065893284391373985,-0.015921503648848367,-0.002788842553422377,0.011201357405082879,-0.0012770029514734826,-0.012012940229060298,-0.01160061581073124,0.004618497022621515,-0.004457619873190044,0.0026762965940820838,-0.01727717834639919,-0.007587288900036793,-0.012571594638284833,0.0011414892972418933,0.015643511110738695,0.003369827031426853,-0.002760155518621632,0.01514342019848014
2021-04-26,0.0011957849708881252,-0.0020537012930351706,-0.00789756726758939,0.00017306180048026754,-0.018799093880406015,0.006057424627825547,-0.04563335356004772,0.00230956018382944,-0.008911165646609653,-0.016649058360980296,-0.00782049040620425,-0.022418045309697154,-0.0007229892184534847,0.011650547914637377,-0.014216977700128197,0.004560447501865461,-0.014492452281057444,-0.0006240315407273211,0.0076134064810655655,-0.011856354412794756,-0.018720225009500213,-0.007932871753971171,-0.009978960845611784,-0.0022389567589581327,-0.01938396435395029,-0.003147716924599475
2021-04-27,-0.002234617881465506,0.003356247601880913,0.011580478395291305,-0.0007392578327146682,-0.01488911920439373,-0.0021570882879609066,0.011473366011039543,0.01814501722315498,0.04282455348980796,-0.0017973511786353313,0.003323083137840799,0.02853940469173666,0.004344236708963889,-0.0008562274757405453,-0.0006361873652552807,0.0019639603065249034,-0.025733004417104355,-0.0021511796797905047,-0.009093324482035925,-0.0019718487689789344,-0.003063468028839056,0.0033845961217353615,0.030445386046661582,0.002834486278151971,0.10441820408084279,-0.008494524112020119
2021-04-28,-0.005181910664502798,-0.002711304646277335,-0.008955819973079593,0.009354768432582095,-0.003519196234306743,0.0008455399168898481,0.019448848549404874,-0.003958489786329289,0.0004280080242053952,0.001790924999886645,0.007816790736945523,-0.009231578731022982,0.017757442672500234,0.008351263390680375,0.03763060001545959,0.012473891042819929,0.008456703796648757,-0.005214935801394649,0.0027642447232347767,0.0036272300973361205,-0.006572983251209252,-0.005474009135506108,0.0035900868860956336,-0.006111800467087369,0.022686627910547985,-0.0058712740804380825
2021-04-29,-0.007511269134492404,-0.005579353622706673,0.002623672601493432,-0.027554930465719107,0.011957297443387027,-0.002800516547800669,-0.018828115360102093,-0.10088981522502172,0.023405234589844337,0.02697727421525342,0.0019083424052590559,-0.019657552622242225,-0.023696556677268443,-0.026451519374685595,-0.006270197301526892,0.0662099415708608,0.00916112257207602,-0.0034224566305285364,-0.0018666309356381028,0.0036599326735426985,0.008114457921336138,0.007849593325599091,0.001868658420698388,-0.0005215761266108565,0.0202068421781616,-0.037404297742300474
2021-04-30,-0.007938589088875792,-0.007822112294055383,-0.009881942739422223,0.010008312452513102,0.004403481431917489,-0.0021187337479525725,-0.04074595239704193,0.032061355199225594,-0.012227245191781089,0.007681790582076631,-0.00916667135114746,-0.0007118086830451009,-0.010519998222260574,0.012079989712560635,0.005553127416677017,-0.006249503031913517,-0.0024010926564802526,0.002280150471482001,0.0159766042001378,0.001537933786006973,0.00872307504433023,-0.006834031599449508,0.005942158874423953,0.008562940859807688,0.007882119322361603,0.0024298398347533112
2021-05-03,0.0054671141509756715,-0.01234797452183034,0.007572765319166175,-0.002485098721727974,0.01719623920199842,-0.08200238071744248,-0.043393932314517714,0.005050783797835301,0.046303246688834454,0.012102898581694665,0.017480455703131614,0.05338508324687985,-0.009710291303923868,0.002113532891546477,0.007118579574158401,-0.01043839772088928,0.0047086568014738095,-0.00030542266880528857,-0.011239352611395304,-0.0012422787027219773,0.008558580745175126,-0.007894479828200907,0.011672011495363455,-0.018142070496035667,0.03816224151716008,-0.020428078752987244
2021-05-04,-0.02870698271337324,-0.018666236865642172,0.008891410443634284,0.029643755168155095,0.02920535667551649,0.05229486582726117,-0.005172166749500717,-0.012238149731868098,0.005791675085063619,0.0076979946831498,0.013586572625430615,-0.005788838187557155,-0.0025205111030736083,-0.020199879976571022,-0.004231929488049402,-0.006403854055043512,0.01055560519945653,-0.004976513663990212,-0.00496941067434975,-0.006770666523445934,-0.005873695152977976,-0.01591600231624124,-0.00444632074566409,-0.004022295282377852,0.016621843605394315,-0.022214396006243975
2021-05-05,0.0012520441407519733,-0.008875482644728705,-0.012170246428349851,0.01844715814156661,-0.013340645487674552,-0.026852920621048715,-0.021292424689631773,0.01682510283608485,0.0066913581158831725,0.007983829521282626,-0.0043398389050666175,0.008598891780666529,-0.018712912330587472,-0.004846513626778903,0.005882016922365896,-0.011194738245884572,0.009628363152885733,-0.004991766001011033,-0.01481370409876026,0.008271935801009045,-0.0011899906013262962,0.04327253029881706,0.007838091019522597,-0.006532443941370647,0.00027638904061388914,-0.024518486298325537
2021-05-06,0.004637070842050672,-0.014493955252534607,0.023283391591381042,-0.011570346482148497,-0.006013474647460271,0.009305092475388355,-0.15385551217050897,0.003031650898013716,0.006286224587610523,-0.006561547678644253,0.013870205737360308,-0.0075060047575512545,0.009009444906762365,0.0005711351208506077,0.001321021084473406,0.007706720983341686,-0.0033501464432335037,0.004054656380187316,-0.0011706147043151205,0.0016532357475687043,0.0034409558851256072,0.027247856611157584,-0.041423045729363395,-0.014373555077613953,-0.00695346306164657,-0.0234213743422933
2021-05-07,-0.002046115833519435,0.003213754989491502,0.01178683988198892,0.009161849300966862,-0.019240600887759807,0.005989028298056143,0.04228420654866727,-0.000559130509679262,0.0046219756369170195,-0.008203677685594934,-0.016366523143034994,-0.014294741284478607,-0.007586292922075355,0.0018375942367272469,-0.00526719023710065,-0.010310841887277156,-0.004112747683653772,0.051340739565450155,0.0012143277668856811,-0.0018884675092261105,-0.007373341616968343,-0.005645324357364645,0.04219928913370552,0.010862394548856402,0.005290701064707415,9.979447800190222e-05
2021-05-10,-0.015368725236829861,-0.008695582382011846,0.0386356032959051,0.01715782223847262,0.032853846007168896,-0.005915079684645996,0.020223638559838997,0.0011296570133747519,-0.00678788839876443,0.021237237087980865,0.015316700953532991,0.0018063329536556205,-0.01369875767309825,0.015203407812563463,0.01399279571665002,-0.030651179509102233,0.03141385002679786,0.017166918092267003,-0.02360294014650377,0.008038761178801535,0.018404755893740465,-0.01335666751645559,-0.03231691624566391,0.009196278453787676,0.004136998819926241,-0.012427109158197669
2021-05-11,0.0012634581869783723,0.020793729022449692,-0.02407898040158607,-0.004969277518727555,-0.0058691314608937395,-0.0033239460192708847,0.024888783717000096,-0.002427683941039094,-0.0030632006593452887,0.0005124248728848313,-0.004666672366529401,0.0009738562222280089,0.012140756733764468,-0.010306543508918686,0.006740552811031697,0.010504238182057368,-0.008738001994436195,0.015160591383620914,0.025912827183537046,0.004448630028918599,0.001380968972122032,0.024799299942886877,-0.002172425382778176,-0.022473349898115003,0.00034563294733358507,0.04943792598761554
2021-05-12,-0.003488996817774259,-0.0055503438430062335,-0.023919226924389303,0.013175308206965775,0.013616521991694053,0.005371066813503744,-0.04037349280230251,-0.00013970016310738131,-0.010058299582483277,0.013635158797066893,0.0012026446929320755,-0.047038971837948806,-0.008446509774938993,0.029741318290624097,0.015154124353407794,0.008465169817856166,-0.002357902966044767,-0.01508824384075691,0.0010486910143001626,0.01446037268056255,0.011699999916135573,0.011594208066943001,-0.01660676519522175,-0.010699105322630076,0.004512630906962967,-0.013687944191346557
2021-05-13,0.005746487802995803,-0.0077883687146904634,0.0123640434654404,-0.0005855704203678869,0.0049588424750444116,-0.008897887047548236,-0.029431833908512672,0.007244448974167872,0.0127924960329171,0.011693310007870661,0.008138173527419967,-0.004567453721828096,-0.002639097233637644,-0.021630386263864487,0.0013094030102225318,-0.0032159265182452046,0.01065608834359022,0.004293043410018793,-0.008709096213876055,-0.006308058876003164,0.002664807596522545,-0.001341684397208498,0.0005669401393546547,0.01892589119012178,0.011415065848463524,-0.010585321470107711
2021-05-14,0.004926840687400791,0.011233540087657978,-0.0032371300913518475,-0.0059205229250438585,-0.015933285757392168,0.0038439395903289153,0.026719468405313362,0.010190261769878806,0.004956639238780092,-0.017773682459667928,-0.011380494251075568,0.03001391706488299,-0.004112840626080416,0.008328194994295712,-0.015238345356105798,0.02006878804164991,-0.010149390639642597,0.007052220469475179,-0.0011300674001213373,-0.00792085171974044,-0.01341520612534186,0.009698332801125975,0.018408113063836717,0.02557487174691575,-0.011625892929682635,0.04618629857718637
2021-05-17,-0.0067286668642903,-0.005320998742709748,0.000204110542661895,0.013098562400468472,-0.0004062638797212026,0.003069459549426057,0.015220825644780112,0.028712616687181614,0.001980414470262759,0.010595011265972953,0.005502336673417707,0.012162055515282155,0.0008537782042689068,0.007533412198561962,0.004133273557405115,0.0010106957064535127,0.006101910506120634,-0.0035627824372076455,-0.006449025928470187,0.006004258337300783,-0.0003351552355801424,-0.006797309308199995,0.014277130822927031,0.019583212425469787,0.0021143102363755384,0.0059078104116263574
2021-05-18,-0.0027283277843832554,0.004125705023676485,-0.01804164622863602,-0.013215559892472806,0.0034204314009886883,0.0070341967148299656,0.021049121364768553,0.007693915738345325,-0.0018622668101370143,0.01025671046409915,0.0002474876866080944,-0.025894971486224216,0.007884175548385053,0.014841449368438786,0.0038750733656806036,-0.008917495986772495,-0.001623740647623384,0.0012408258685931983,0.0030768984416245093,0.010660668111611704,0.004002078141043364,-0.028572694593616665,-0.013859682354796066,-0.00036658775216746875,-0.002116480092212769,0.021238598008906262
2021-05-19,0.001661812677543284,0.0026313272780315033,-0.024682067839192134,-0.007913799133765553,0.0013498005779641886,0.010472215174765265,-0.007998303527066764,0.00047240998430564396,0.009086100999965319,-8.253017818482533e-06,-0.002059807224562782,-0.0316368963901591,-0.0028130313553952346,-0.028210736448472162,0.0055166414597819236,0.014654632833552506,0.0008255607641072249,0.0006342054939217912,0.005863583179388843,-0.0011695354356061616,0.0023935486684023566,-0.0018712132655442915,-0.03419784457521635,-0.02015380525196675,0.004625580705262311,-0.004727732214008351
2021-05-20,0.01045741920801091,0.012755792051536652,-0.003254550257297373,-0.018491652261191538,-0.014203503912219806,-0.012096601063544377,0.03139908799978697,0.020824408940482986,-0.006917327623143343,-0.0011424067822574102,-0.005735990837378413,-0.014940630336454541,0.008061267733504351,0.026431373823153415,0.0017968953353653117,0.005453466404409024,-0.007919559029424539,0.01168658821254609,0.01808990343594985,0.003569320816641186,0.0018219558147420933,0.0029176228392215897,-0.03253245424946316,-0.012778120345480648,-0.01246763963325348,0.03534489231010918
2021-05-21,-0.013983172412589062,-0.006538115791471455,0.004364251798514074,0.010358508544766165,-0.001390612831643545,-0.0033103670109357886,-0.027064825717864727,0.06803751540207226,0.0025633912047930973,0.004654460257005777,0.006761435861893039,0.005189090017780229,0.000511824451997489,0.00597413417738224,0.004745281456767003,-0.006686008561229584,0.0018253689990179733,-0.004286477949265288,-0.006750920153682727,0.003145895323154013,-9.863330646187052e-05,-2.4075049665839288e-05,-0.015726243439458942,-0.007188024987573316,-0.004147660722080171,-0.024808179241868844
2021-05-24,0.0034029895696792156,0.010085796550377779,-0.011912665963211944,-0.002281762088499173,-0.009796488207257648,0.009330170609781252,-0.024115188809200272,-0.030166229177813864,-0.0026759227309611777,-0.007954460876228753,-0.0100496802269755,-0.003697618914281886,0.0030920729432912797,,-0.004860953221811348,0.016651454915305397,-0.006196021665015872,-0.00634891289605255,0.000151160077303647,-0.003979766387813388,-0.004812502689283793,0.00243702653993938,0.0019796713842885616,-0.01073380313385952,-0.0025480930920007694,0.006397189989534091
2021-05-25,0.0005517527982032977,0.016688488479794206,-0.00031595975092302275,-0.005739317910108843,-0.0012003061269539872,0.011151580465118549,0.013446330268336304,-0.017017174063533202,-0.008296896575351376,0.00568642098088179,-0.0043011954465542734,-0.013857288584030458,-0.01173146212362064,,0.0025965059628167975,0.011859478610858565,-0.0023166453833946,0.007104635080277033,-0.0009767651725313131,0.010445222503999485,0.005168796967397471,-0.004917437947446368,0.00028180487738416193,0.018495313513241296,-0.006964437530261991,0.0012545325008380681
2021-05-26,-0.0022708192912805902,0.0018850121787914453,0.02032237961159522,0.00040025721647696244,-0.0047534599055386595,0.0002528000105326278,0.0051270633912468,0.08321283709082472,0.005122748082976525,-0.004280645864902177,-0.004727859161779535,0.002183904997978603,-0.014321861507096356,0.009866415889172808,-0.003132635514861648,-0.002273255135099239,-0.002521447863115922,-0.00771447369686562,0.0001577546285760345,-0.0034791019130241407,-0.0018768165702687245,0.019255105461730482,0.021669149949318234,0.018373036066113846,0.009092959571236792,0.012970011840449214
2021-05-27,-0.013542110851604172,-0.01832577850194983,0.008923549559605393,0.013852900395694867,-0.016743404792462946,-0.006929661321120717,-0.009963291695554877,0.06933813409148781,0.014410031983292049,-0.006042087670832363,0.0019037015333609464,0.002143250252480966,-0.002957785401834667,0.0030903462414035854,-0.006194429049709127,0.014369037506066995,0.007069693603072302,0.003423720692418142,0.0018206223499723784,-0.01039254513216481,-0.013235979389677577,0.010721605618521313,0.01574929886926646,0.001491240293828744,-0.005889101335856628,1.6589687290569088e-07
2021-05-28,-0.006117151686345301,0.011874587259543379,-0.016851729934603377,-0.0015977868478673773,0.004154396810083227,0.009015531695655055,-0.012823635995771743,-0.024290285409498624,-0.0032404023170310436,-0.003074887605656218,-0.0013255026518327329,-0.020189826863894478,-0.004691452520150574,-0.016564252522183187,0.0027061661749643307,-0.012850144495527016,-0.001753107271705412,0.00767930747633172,-0.0028528606476697638,0.0007698049640048055,0.008991586863373424,0.00022177553882429812,-0.005204362431783904,0.05100356529604899,0.00768966099360302,0.014854701167849926
2021-05-31,,,,,,,,,,,,,,,,,,,,,,,,,,
2021-06-01,,,,,,,,,,,,,,0.026093122903110166,,,,,,,,,,,,
2021-06-02,0.0048292856192919675,-0.0017292736648377716,0.02857927800855986,0.0014365107728711024,0.0012631605316202332,-0.00282796779028871,0.07000780758199987,0.0053051169159195055,-0.015215487641334069,0.003707964039901146,0.009163912933678242,-0.021439696759782523,0.018175571764739162,0.006361372257115416,0.003132381942666962,-0.0013862860572049218,-0.0010041705110106491,0.010496222260585109,-0.0011263681952320415,0.002521919554385743,0.0025493754426895165,-0.006528154384880747,-0.051702714495751034,-0.020066855192867883,-0.007916940892179869,-0.003308328305013264
2021-06-03,-0.008525382006455473,-0.0016761243476437482,-0.019945401466177404,0.0051895547856889435,0.016672062439842317,0.0010601187992319572,-0.05004261063142834,0.07606329171634985,0.0027806969851564833,0.009391274051054332,0.002462113717259018,-0.014546281758652357,-0.01008244823854032,0.019124834208229857,0.005514891775444064,-0.0058198784880431065,0.005498463987509639,0.014515548379830157,-0.01602114436923474,0.002337917938980749,0.007196795674299428,0.013133630119052442,-0.000819835862356344,-0.00777304920583588,0.003958949473836015,-0.021133535503599976
2021-06-04,0.010187998076264249,0.014201928570876099,-0.005113264896485115,-0.008096016106721615,-0.005818079146369337,-0.0072822455070644665,-0.018246505301907634,-0.010084738571832674,-0.022513007487038883,-0.0067718004716235125,0.0040136445884635386,-0.023567867303697088,0.0027737012654527327,-0.01396229567531615,-0.004441547454344441,0.00438510328697439,0.002851088764368237,-0.008357578479642802,0.00201522332126558,0.006110537746726319,-0.007683322151918359,0.0065535750401295445,-0.0034246590156110646,-0.027846009985216025,-0.015202159876383292,0.04442439058858372
2021-06-07,0.0008761963284507068,0.010648079082455464,0.010366761784703638,-0.016660792327079177,-0.004407399093655173,-0.0004889738525739595,0.026013055144500585,-0.004838926500123519,0.004834848230863997,-0.004406115884027395,0.004866784812154856,0.014217180634628512,-0.004503523355859573,0.00834015278435496,-0.004669984844111186,0.0196556110173276,-0.010462701823173659,-0.009967729933396452,0.0006350493257084588,0.0010355497384413326,0.00018838893636063947,-0.0061230092414511494,0.014831427645263462,0.01971778692002024,0.011668555276144188,0.020618178175014767
2021-06-08,0.006496771530257295,-0.0007049658090657607,0.009389405256934547,0.0014933646423256342,-0.010521572740473384,-0.00987939763081458,0.011053583188058713,-0.015918050619273205,-0.0026805822328963558,-0.0025313071680361787,0.006918667710722914,0.02933694850263735,0.003066105239611705,-0.014525036302963201,-0.006143571082032451,-0.008790987121170435,-0.0008620486678035943,0.012921432554093615,-0.004764059595556369,0.006588657711993351,-0.009514819203564673,0.012925102275135325,0.01481937069221595,0.025455982023040447,-0.015016268320669823,-0.004260689609507318
2021-06-09,0.0049010058789091815,0.012585808280559219,-0.02549815206360495,-0.021119187641495674,-0.005106814164548168,-0.005442383672980555,-0.015272681339966843,-0.007773147608344466,-0.029473639910286287,-0.0023241310510642155,0.012556929307755649,-0.014714237034852418,-0.0034601556910578424,-0.005898524695942098,0.002139905560661459,-0.008455524371333234,-0.0023513126632703774,-0.0043071140739197045,-0.01153946565953734,0.0026933001737965423,-2.0960027082406185e-05,0.014754709369309449,-0.011358018993289587,-0.023518160151789536,-0.03965206401178156,-0.020534465519022826
2021-06-10,-0.012675407964780505,0.03583898872791691,-0.025958320743105667,-0.04266645896274668,-0.0024047000350198022,-0.0031747106486692545,-0.0055488906663989646,-0.02855405738134187,-0.005573397047812234,0.00414088431240911,-0.005515009989368269,-0.010631481672123022,-0.0019824045342473617,-0.0073315932719638655,0.00040229132759450614,0.0020395253917540046,-0.002728280988436138,0.01189350653038801,-0.0016469548420872115,-0.0031517615726766035,0.00561471123866486,-0.009813056819721,-0.020773758448675572,-0.006666139023162931,0.005991164362069368,0.03392340944354166
2021-06-11,0.007884143871159655,0.008770100632630617,0.015023016934329947,-0.024231586924188364,-0.0024203141597380906,0.0045555546167470595,-0.009905279544404122,0.009302250314667138,0.009150072856917824,0.00045998233912647457,0.002967362758458103,0.022487814579153387,0.001345415525068061,0.018008108225024078,0.0004088455059636509,-0.005557759780161375,-0.003523855245532448,-0.0032187748915959435,0.0011298937216379645,-0.003210008890574212,-0.0013388563435083878,-0.009865701929295922,0.03503677098462976,0.017478635297416778,-0.0019484346695590737,0.05548300514713467
2021-06-14,0.022762784794371216,0.02717271919685471,-0.00548477523887525,-0.009472642949156507,-0.0035866611539162596,0.008177409535466307,0.02520201878580619,-0.028647549921198223,-0.012285548182890182,-0.002558779176007775,-0.010078029655826493,-0.019796842269011572,0.0009752887797969123,-0.011974370824704095,-0.0016581925822558574,0.01481818007891711,-0.00896473266340303,-0.0027604735923777435,0.02093577582016981,-0.0013415666206986199,0.004143491474984051,-0.0024348275078430737,-0.025066178345291235,-0.006749264841592106,-0.01219893277615669,-0.0031525114870070148
2021-06-15,-0.004426095570874811,-0.013232026568328559,-0.004740900201709586,0.00406650922848939,0.009700586011596735,0.0006594953880529886,-0.0228855781935412,0.010754282513921187,0.02354854660269179,0.0030423705184651206,-0.002453986113060691,-0.002099022641791626,0.006377151707864681,0.005813073759148302,-2.6316644969326397e-05,0.001952329547713516,-0.0017130172881770767,-0.00016426685139070418,-0.01397181882707621,0.010297650327374286,0.0020789692605184262,0.0049032884249958775,0.008483056021091895,-0.01028087590206117,0.008227847505448138,-0.016872741170561922
2021-06-16,0.009324218562238307,-0.003963346337244378,-0.018241819997531272,-0.005090087132618715,-0.005761558796340327,-0.007192065561480665,0.01327882494919963,0.006723309738269845,-0.010045786779374288,-0.007077985535771769,-0.00485375988685921,0.01289481948339255,-0.006290596483331745,0.003117781664269903,-0.009061841890062095,-0.011447301990329506,-0.013053613084621496,-0.0004880867080225837,0.006426971611540266,-0.007210557932528006,-0.004571036829100206,0.00010457024786958424,-0.001269120354528197,0.0029250491904466713,-0.00409901417605496,0.013273095566241788
2021-06-17,0.013036391764031707,0.015214888487244504,-0.0032037717032652457,-0.03506821330972221,0.014918053070007709,0.003445851796302968,0.013998506645917397,-0.016208623859281124,-0.02369198663490024,0.005300752376939499,-0.01464931107310763,-0.022655505147735622,0.009973393894589178,0.005749500488749115,0.0076082208823538,0.01683678965537716,-0.008553221312919912,0.006062987812750054,0.012478494801258844,-0.0011495372065191134,0.010089172826883264,0.011063104903815013,-0.023142506041850197,-0.010081689029591612,-0.011389420050023968,0.03116845209106134
2021-06-18,0.0030327955120317274,0.03893345362096179,-0.003953126080586511,0.010307572982179103,-0.0077037552067809045,-0.00028000390209992343,0.01418558605895015,-0.003801942218904397,0.005300070749144736,-0.00428101647000434,-0.003908302104382977,-0.049780616223812135,0.01347869065384133,-0.016827734531288163,-0.0034918732288377052,-0.007231712058189288,-0.005016361605320263,-0.0051325833504141105,0.01800065837542353,0.007963987362838432,-0.007748136686994811,0.0011750553165407185,-0.012207181497197794,0.009622020374860929,0.011710748908121404,0.016583318451764084
2021-06-21,0.00010156942705319416,-0.010890585995354973,-0.004246671002676727,0.006824889604888806,-0.010775660885218308,0.0049243430953433975,-0.008290442594452996,0.003904009024112254,0.013475428559200697,-0.0037377131744298353,0.010662249811412616,0.0014575749637051327,0.001429166422875383,0.015577402898692139,-0.005634276474762556,-0.006024169034071214,0.004839196145083768,0.006671012777163865,-0.021530674328685495,-0.002909824831649921,-0.006163165995271003,-0.007368012695336823,0.01004460834154397,0.009561973607523422,0.014060789758664871,-0.027335953827050008
2021-06-22,0.007573725846320878,0.009663584257955105,0.016590685367344538,-0.005499548949319033,-0.005243823126434455,-0.00834196881587601,0.03697400756525604,0.0036713341084408935,0.01032805964980188,-0.004950238848105748,-0.007101940177341337,0.02572468451083587,0.008143193249921854,-0.005502420883522152,-0.00177300340281894,0.015158746273891133,-0.005483218690027547,0.007369026357671116,0.01865818794482821,-0.006387190855410618,-0.003623166926800092,-0.0040258120612721715,-0.0018040327774628828,-0.002825239751476527,0.0051055134230282295,0.00949972988920833
2021-06-23,-0.001006257037407643,-0.0015394453038650724,0.002974454636043511,0.004180074266943334,-0.009519263645379694,0.007306047299116214,0.009342645383786596,0.03528842653553599,8.241415732523905e-06,-0.009946045179130114,-0.01087354167544663,0.008078885709013495,-0.0065877283075505,-0.01190053829283444,-0.007505855510800075,0.005684641269927848,-0.013162958265243385,-0.0018612431891502634,0.00878734944218662,-0.003974390247900472,-0.012065556254195364,-0.004334433745352584,0.008175692476305674,0.01749815219540185,-0.005635253522055961,0.00714232396302128
2021-06-24,-0.007980566998776695,0.001206895328400126,-0.0046426615321466524,0.020148664517673387,-0.004246253070578909,0.015089529076524277,0.005724037872894661,-0.016187401279472713,0.01544186802170433,0.0060453390489942915,-7.190751820851382e-05,0.03162629143601814,-0.006850840956909465,0.0012130172330704347,-0.0006771747518747873,0.001793265284885992,-0.0011325179754815284,1.6040595487432086e-06,0.004564408764988759,-0.0020781453500116065,-0.00015042014118549218,-0.001881103811816942,0.004282663310107182,0.025462604712042092,0.004383657208973046,-0.015150152955941576
2021-06-25,-0.005579257557127404,-0.0009096044177434592,0.011662965813847403,-0.017144813739986442,0.009292877479639472,0.02015487355054546,0.014739029730568065,-0.007917581574447774,-0.03960845059817408,0.0125055250742927,0.0062958663443510865,0.014898396196541874,0.009637951850915538,-0.017027528273332537,0.005128999235153087,-0.008604773269655142,0.004379061127352424,0.0016097073328034117,0.014061229511717288,-0.0008775141452330715,0.0017496920311723674,-0.00511619715747702,0.007127178698021375,-0.011828595614287507,-0.005707952367521307,-0.005821204418895443
2021-06-28,0.01023095350767389,0.013452925659429349,0.013430412814201098,-0.0024998052490541323,0.00753910391944812,-0.0067773054201129,0.07133222397169448,-0.017456516123757315,0.004672467717874884,-0.00562680995473086,-0.012870792877755388,0.000973528183088268,-0.03374195513418288,-0.025588695630733405,-0.00215680744442448,0.039487323781615125,0.006670825814558468,-0.0046803806336535025,0.008992844247332155,-0.0027097384406286062,0.001987671250959666,-0.00437925121334426,-0.022324266281914862,-0.018768528658650863,-0.004163298012905936,0.04168853689815011
2021-06-29,0.011222996271888386,0.0030345052596245647,0.0009417497388948259,-0.005687249406101769,-0.0016883390449718982,0.009164478375682128,0.020487721218883648,0.0030648824331065416,0.012988434604257248,-0.014830084318348091,0.0015120259157457294,-0.006468300468667643,0.0005927955168063548,0.003935435491346118,-0.00878616011301181,-0.010821687018150894,-0.002668904479404488,0.008555502241816226,0.0006043603167811273,0.00011759389350651794,-0.0009574523074770136,-0.0006218951004149931,-0.010838092784777875,0.0016170270200004389,0.011319486390301892,0.014818137385638197
2021-06-30,0.0032930675930260556,-0.009978156009950001,-0.001240923325529275,0.010433840988785636,0.0019683556862688523,0.0004672277158446203,0.015015086186186855,-0.011321587301406644,0.00014864983638029905,0.011346346606218694,0.00581737117773562,0.014428317786032485,-0.00923560682791058,-0.014175610915209136,0.00027594366518335356,-0.013206979860206025,0.011935152760750523,-0.0020654948693556996,-0.01124379870472858,-0.016642406423301614,0.00704267295068739,-0.0024319162721321286,0.02998109529082904,0.004489683864661531,0.00040600547904912077,-0.02083519481691487
2021-07-01,-0.002957759624539591,-0.006775540789329848,0.0068670864752762295,-0.009448946884738296,-0.008976762190721743,-0.008365574569452527,-0.035973676716654523,-0.0018568298771126646,-0.002573297160459731,-0.007977532834214207,-0.0035161231590288278,-0.013879563866511346,0.010171661614810867,0.003941728242014886,-0.004741228823236687,0.013989705855029566,-0.0029059602927805628,0.0034941163518238394,0.00486907484897392,-0.00482064167011842,-0.005018777955513087,-0.0017000355482166274,-0.027990760481675037,0.004062064832828227,0.005597314224657035,-0.006642673787855657
2021-07-02,0.012095892561182486,0.006762957916822021,-0.013687139951354843,-0.002655037227264012,-0.0031417661237764793,-0.005985995744706152,-0.01722384105457797,-0.0061586764293271035,-0.006630969155021926,-0.005772892842322186,-0.05394546321462279,-0.008227607293466832,0.0041533560714026585,-0.0043417723009042675,-0.005418872469065139,-0.006625337875145965,-0.0034816610415366878,0.0029229973733846393,-0.006675425252281819,-0.0017305047607552027,-0.002709389955164232,-0.0009638099419480017,-0.0034991477253889514,0.0008671107775770626,-0.001268582734219148,-0.0012643033737020914
2021-07-05,,,,,,,,,,,,,,,,,,,,,,,,,,
2021-07-06,,,,,,,,,,,,,,-0.037498573916571964,,,,,,,,,,,,
2021-07-07,0.014596194137822982,0.011501126473017376,-0.010595493899648312,0.0021205349851569633,0.009620516008303603,-0.0030145227934705865,-0.028180792825523104,-0.02197946303715481,-0.006956768423750037,0.005036018662978314,0.004134991482580563,-0.011494833051614695,-0.009208219120170003,-0.010353886780288035,0.008030206702438036,-0.009850495801319137,0.011725468611105017,0.0030983582620753847,-0.013845659788723208,0.004897390451355621,0.001066549315613452,0.005431254485066095,-0.02277886409022234,-0.03509467263948485,0.010697620760603765,-0.021333625147749835
2021-07-08,-0.0006386503126639687,0.008858155313797522,-0.005926556041963349,-0.003456386706317094,0.007175780618838723,-0.008922572992532074,0.024735262750264497,-0.0033855954909060015,0.0075048403263269226,0.00414360046100537,0.0151409531444483,0.007134645498621972,-0.00024807863787323914,-0.014505238547440902,0.006974985316276272,-0.005248196289385998,0.0006050944957766147,-0.0009735933631185301,-0.0011412000684766221,0.01261586954540117,0.00902823584579393,0.0005906158952835305,-0.004152857393214027,-0.007489448706034407,-0.0016601010231046542,-0.011494301975483623
2021-07-09,0.001776942685177918,-0.01367090461681697,0.013685135744261556,0.013756339943350682,-0.005845271505423577,0.0024351936617323933,-0.016022402019079562,0.018594005221799215,-0.0005016691271515494,-0.005816813083886485,-0.005735694644579237,0.002293449313388596,-0.0038493648030357708,0.019260708901167156,-0.010165826052149773,0.002522379240331052,0.002491449078114494,-0.0013368242636371264,-0.0014430062715682368,-0.013574243891174342,-0.013813590828033684,-0.01706588336550796,0.026364410909167857,0.013533454861349048,-0.002554538986523358,-0.013687271841413717
2021-07-12,-0.007654815372417967,-0.010564470928373204,6.692387103957032e-05,0.0018840724752555715,-0.008739787393602039,0.004759709084714681,-0.007500553084438644,0.005526528766361505,0.0075814990723033215,-0.0030551213081739803,-0.007690832048101948,0.008529215265859813,0.003574102613527197,0.001624854746112847,-0.004562060647042121,0.004368081369290566,-0.008526144226032484,-0.009196688303713785,-0.0009697492551858922,-0.0018639792019676804,-0.0032505765379784446,0.002644141897733876,0.011584853101699766,-0.0058082165922003215,-0.006209226017347413,-0.018928456098409985
2021-07-13,0.011406223540809002,0.011530803762808794,-0.00888765693800797,-0.011992184307963227,-0.0021462488036370075,0.003984586717763472,-0.02633394884766449,-0.009487857673838418,0.0015475957423169984,-0.0015166135353381627,-0.0010248307801751233,0.0028203956592984802,0.025217773384665465,0.00010446653279538864,0.005423042454660187,0.0004869165807787068,0.0016168637571970512,-0.0010974259331415492,0.00978883080178905,0.0013773326298183175,0.026592291284158298,0.009439511515640264,-0.019525716304577112,-0.006779532041595426,-0.006139396909799921,0.001591352439765048
2021-07-14,0.022935421412923374,0.005149022652832569,-0.0008009986121133572,-0.017662081887138803,-0.0019789274583844607,0.017329976748191367,-0.03108535574048843,-0.012954056870994601,-0.01193132039772471,0.008156752559775438,-0.004444213739846936,0.03994995461167816,0.017312537796300376,0.005546315108455602,0.0058114133775140075,-0.013832207606832903,0.015017710307850596,0.0020303949891042894,0.01228104761051152,0.0004232842935216752,0.009164148078234291,0.006481948306690022,-0.003812629965107339,0.007588126761211456,6.562936306697686e-05,-0.04815356696131445
2021-07-15,-0.0012296189487517317,-0.0011068508545483136,0.022277827363764158,0.0021754012330333916,0.00907901852835813,0.004486982870993139,0.0001998020664408795,-0.013579980350865717,0.004005712168703268,0.014074830601894184,0.007768125385701707,-0.045934593125195766,0.00180367890118327,-0.0010913474358881237,0.01286705635995744,-0.00585667183409222,0.002078740530533918,0.0020061653819059,-0.0058626796076987064,-0.003397503477375219,0.007856569688379333,-0.0004987183071210044,-0.016766533201360234,-0.0005650279411580916,0.009549725885476978,-0.007275425731138929
2021-07-16,-0.006537322497158549,0.007423362969029457,-0.005050523138173335,-0.008827417102994617,0.017601576923634954,-1.5425919484446382e-05,0.019168009897847615,-0.021012043970520033,-0.004586118499062097,0.010324674872382311,-0.003497231204022233,-0.009356539269987918,-0.000430862073295013,-0.012412089082757927,0.009722309888207437,-0.002041231397247989,-0.008355251353444393,-0.004319337845076765,-0.01574137383187668,0.010571770633775679,0.011210726228835566,0.014751954232902542,-0.030628839711184574,-0.018416526238321906,-0.0032195178893426046,0.022000342671086526
2021-07-19,-0.011045055041865925,0.009187466632813335,-0.0032097635795456103,-0.0023090112484381864,0.017930445149696217,-0.0099555585053539,0.04791594839307556,-0.008377224014215257,0.02383567005555176,0.012758314377397717,0.008814081007022967,-0.03533004091722014,-0.04010769202459996,-0.013271486713673064,0.012134504548740543,0.003529183686749371,0.0067908869527920634,0.00045964006386889356,0.01958436633293692,0.015789951349736153,0.01574110831343689,-0.016256927174476354,-0.01613293365896895,-0.009573043918743807,0.01985868437653382,-0.005596324485783621
2021-07-20,0.010811533563339193,-0.004083823547322618,0.004472239863818173,0.008867495704888206,-0.02110475603449624,0.008057251027115964,0.008690662471229516,0.03227710495315006,-0.004308502671293901,-0.010425362635280822,-0.0002989959105241802,0.018045124986911576,0.009300376562036305,-0.008843416188964559,-0.009070551767455859,-0.0011844162371246192,0.0013386078848691696,-0.00602116703760136,-0.017473443907530806,-0.010546991870532763,-0.01503418883414942,-0.016614740526926464,0.0271542684898487,0.01829735324936932,-0.010195753774766336,-0.010617196405454443
2021-07-21,-0.013373640469661052,-0.002426273872953022,-0.006704883335915124,0.005078004410070225,-0.031807841886138166,-0.009386027067592062,-0.003469366776521765,0.011887565230511044,-0.007134470741463561,-0.020777930944516854,0.0012604638173359106,0.0074630226407126354,0.006902720385636885,0.0027470384518970548,-0.01429698922108058,0.005134164775926875,-0.008490679376313759,-0.004399020703942158,-0.04104476876872798,-0.007132782799862625,-0.011964063386680324,-0.007064314111823622,0.02702836349011073,0.01313334860851989,-0.008288901593154652,-0.01622359778622451
2021-07-22,0.007611954987383651,0.016635508410348887,-0.009238334678915883,-0.009466962092515074,0.0005733470777200544,0.00881675104045776,0.02888222155067033,-0.02174885835811491,-0.007815133038262867,-0.008251983910723903,-0.006192187576291142,-0.03330026176590839,0.003508748460894884,0.005606116052631505,-0.004828056749478615,0.012309088245998856,-0.010484102498539372,0.0011735388200975194,-0.005637969877181237,-0.021560950205817164,-0.0023388226080875985,-0.0007718303071773125,-0.023585164844252104,-0.005909503548334083,0.0016546975880469272,0.02183808653263397
2021-07-23,0.0018439527210243334,-0.006634031954242836,0.019860178092931724,-0.008376506143059625,0.0053547903353987625,0.011196750003154232,0.024583278694404243,-0.0166157304711525,-0.008628601755985121,0.003138033122375594,-0.005668274995563438,-0.02239504190406605,0.018899867102011303,0.04435172809334098,0.006301915955132076,0.04281732053770004,-0.0030121401476705945,-0.002967487088557208,-0.003032838131305171,0.0028479054605106136,0.002677437102434288,-0.015326712256190977,-0.005886726297511968,-0.006443115334967997,-0.017602152309853847,-0.016122384350319097
2021-07-26,0.0005121500434959181,-0.010482935420768391,0.01130077436460164,0.004776782996514406,-0.002844811392743174,-0.003071695581554623,-0.015836176451645367,0.012813250336713544,-0.0009345285922375268,-0.009410854993403106,0.007735395772870746,0.01828667255796046,-0.0035519484205515095,9.123355826146096e-06,-0.0031529659688610545,0.004838170481403559,0.003503274750092933,0.001993140749422917,-0.0002868215517737305,-0.0066843407492735984,-0.003081918095763858,0.004353759458878059,0.026552621772328644,0.005492975929724864,-0.010792755952326538,0.03633951947233771
2021-07-27,-0.010187716807890213,0.0006532332322769507,0.0006195458568692969,-0.0006423807141294757,0.011769598901608447,-0.005907923795186121,-0.027173054959528153,-0.012393689001997332,-0.045271135342929036,0.011678862249740796,0.004572147221229339,-0.019588052608963125,-0.0017283472809126454,-0.01437303611925278,0.010727459162192643,-0.0077722173313743426,-0.0012379115374645533,0.0001317580875165314,0.00939792928857952,0.009913248824587884,0.010251489100073563,0.0036781593611667773,-0.0008634308778077138,-0.014894259859030368,-0.06519120098447073,-0.010295342842785438
2021-07-28,-0.012010156859207477,0.004456096728012615,-0.0111814917292824,0.007523201557513848,-0.008429603698269728,0.00349147714999154,0.017531393163852882,0.0052622126904883215,-0.002643856332047667,-0.015100690564775032,-0.006678747055094081,0.0013184407037306611,-0.01731443807458477,0.0008617969448542206,-0.02786826308312551,0.015058211691297063,-0.010738069478338996,-0.0005807840642284567,0.0009378655463984087,-0.006022398676629015,-0.008994438585806508,0.00225752240593613,-0.013221786873656716,-0.010331597528703607,-0.01595183102661324,0.00549175691480841
2021-07-29,0.0003465578885706311,-0.0029499052857084873,0.006407892343544219,0.001091109980427829,0.0028624488209962884,0.004014557901979021,-0.02371934242628504,0.034033595551253626,-0.0038868863524801345,0.007238743435378003,-0.0030773612683643314,0.03084866637742678,0.009798546489098614,0.02401428781135939,-0.005310381030996902,-0.044283358741188716,-0.004760919694529964,0.006178413524241755,-0.013930802799909436,0.0017208188779376243,-0.002161387677531268,-0.007582587294772347,0.015314415339306553,-0.0022898607126775605,-0.005403775900189589,0.04053118555739532
2021-07-30,0.006916418141591829,0.005293441773779994,-0.011310303053730708,-0.021927884265645514,0.001608759575056129,0.0061256234901782,-0.0723404669393366,-0.02517100624335966,-0.00158194523570665,0.007422462245014194,-0.0014283990002934566,0.010519142080671284,-0.0019754195705017352,-0.0060188884428850065,0.004300735732376548,-0.0002313734539350909,0.004245417506821614,0.006031788395486903,0.011862066278942707,0.013925994482107407,0.006298976610084828,0.001188516194221223,0.030611843164618402,0.008962434571610056,0.003059681653765134,-0.015110979914853995
2021-08-02,-0.0004880190965298459,-0.0027901832373044,0.0030888856932809183,-0.005847327052722173,-0.009476028221956478,-0.01660980979667015,0.03116003652250865,-0.0010243519979890037,-0.011695048532604946,-0.0007845366910219642,0.005105989693020563,0.037453255216285175,-0.025829774080245227,0.01725210453563264,0.005004286522052315,-0.010366099672776907,-0.00027910276295761705,0.001887349840965058,-0.002832901631986795,0.0003426797265180248,-0.0021712809400545874,0.008022232919788097,0.0025520362910427252,0.004701715702905229,0.0048738394796934426,0.004117297383418483
2021-08-03,0.004440917576804315,-0.004114490310088481,0.010998123128090453,0.008076433258563664,-0.0135773932069575,-0.008600021809644143,0.00010832806787930416,-0.0002955859095963298,0.008634541581928223,-0.00013211927815848235,0.01053505130204524,-0.024343888617205156,-0.028616013399236473,-0.017230121550585897,-0.009464033525434346,-0.01022083489826564,0.009566768651452895,-0.0034697682527669027,-0.01660871942054276,-0.009468562442132455,-0.005964390778002926,-0.011032790028839834,0.017782994886486492,0.021194345187294683,0.0033104074017020757,-0.01896969914684621
2021-08-04,0.0018500174560672766,0.011714481597367543,-0.007404304714292542,-0.014456135333063891,-0.011458670026244011,-0.0007410333559022542,0.06574757733399217,-0.04529624746024774,-0.015630425043883678,-0.004764512681755595,-0.004460106605860936,-0.018192083071109755,0.0057477138890456025,0.007140597165925966,-0.021558802198353266,0.026497980458348946,-0.012777777884091845,-0.005234581220218915,0.0174157532466781,-0.0016220057522046138,-0.012090853207788577,-0.011145968935355799,-0.011255188508586311,-0.007165905223505464,-0.012673622123176354,0.07318760918478517
2021-08-05,-0.005257100419341354,0.004223463314656284,0.012534447077268807,0.0070493588934241735,-0.006244332074902048,0.0029270077614007572,-0.1034324722798915,0.023273767639962584,-0.003533882218746953,-0.002693344260956909,-0.005935565031987444,0.0038486068838705645,0.004673552283386062,-0.01298467898665212,-0.0037372268060205105,0.005278226929587682,-0.004638586400241396,-0.00824987902191876,0.008568783279073067,-0.013334946682706517,-0.004317473100822422,-0.008044719352812035,0.010840548836733577,0.020500045138905465,-0.007944724028986938,-0.010748554208205863
2021-08-06,-0.006442260667905653,-0.0027827402768626497,-0.00626921576020123,0.003923405317470818,-0.004540833760768637,-0.0012492896890219374,-0.023878012639708568,0.004889307151519029,2.9164542057369403e-05,-0.0025706080889400518,0.007570235908717304,-0.019383851191692614,0.0052882396852811375,0.006546459899070545,-0.0031299731209468717,-0.00018728070810247743,-6.927250026489418e-06,0.02644364583111325,-0.009943629537528365,-0.01090478886312618,-0.0015458349244530378,0.0004385057700779793,0.010979808467206587,0.0021353305480793505,0.009773182892683696,-0.039826143472886155
2021-08-09,0.0005977548187470205,-0.0024812234736925065,-0.019087862463902705,0.0035315853040138734,0.00836414075099845,-0.006237212252050317,0.02751540433241484,-0.002683343971561669,-0.01209104788482962,0.0002678726023815914,-0.007484213008148388,-0.025918068347687284,-0.00933961068604161,-0.018131442445800006,0.004987206912297593,-0.004287040430191791,-0.00259306849393659,-0.0005917117766767177,-0.0001742720521217267,0.0013448673657632249,0.0010697813516344912,0.006283487354146633,-0.017919075394364326,-2.32814685623417e-05,-0.00747141080994973,0.0006008859715436188
2021-08-10,-0.004346588488779002,-0.01288038286715154,0.021043931037977526,0.0238052908243247,-0.0009926793341701323,0.0028363596614713327,0.028280943995592445,0.0040983197838802,-0.006163744068608978,0.0017528765565224536,-7.211707188403693e-05,0.03189943090179859,-0.00865424179173524,-0.002869954927059881,-0.0006702451805518095,-0.002319976647237265,0.008225716261171412,0.0058004020007327295,-0.008935483747325113,-0.0001830169743943788,-0.00047474444909512137,0.00047568132273201336,0.01429200252879359,0.024783576146381048,-0.0029301273828016283,-0.02914003846183899
2021-08-11,0.000509859310955596,0.0056243094980692465,0.025154342702578214,0.03418012014457217,0.00015066449930878356,-0.0016727784885153252,0.027908166878045426,0.0066838752699371895,0.017193832244368323,-0.002896231270590799,0.004029128058467668,0.044844284395465506,-0.011062624748415906,0.004635130266867904,0.005655121809595043,-0.004515655590130674,0.010368176793662975,-0.012463168580664874,-0.007944438688512467,-0.0024892188084923994,0.0026741716375500157,0.008431260695610732,0.004426864400177477,0.012795126105891619,0.008115228717308076,-0.0388277252472804
2021-08-12,0.016626699158462488,0.009143631218900161,-0.0035533934103364473,-0.010552816281004684,-0.0033155740680199663,-0.006618677862625932,-0.007858492035547004,-0.006300135499823889,-0.004762109269083159,-0.00991147651778912,0.0024671168579006864,-0.014992955677137987,-0.01035082961666045,0.005602484391850293,-0.005426826573904142,0.003326536823610615,-0.00484108893359414,0.010777685263392067,-0.007425128852562191,-0.007143654013487377,-0.00395240570261679,-0.0031090476107036302,0.009689034384462891,0.009702043445380282,0.0022984446527327673,0.007845999856226804
2021-08-13,-0.00019667811513013334,0.003058921903469569,-0.03843143807849081,-0.009189965231029884,0.010680588865721097,-0.0021582349243057797,-0.0076102233869941305,-0.023909672014721495,0.002304680471374665,0.008300571972144288,-0.0008381390252789611,-0.009035644430837486,0.0005194420904832686,-0.0012104562268984154,0.013940086396285967,-0.00014574166768954733,-0.005826935492653451,0.009193293539332847,0.008574406847811078,0.0161048080068098,0.007742964599254831,-0.00022555658963718805,-0.012121844466904563,-0.001768629443587466,0.00014855464369301075,-0.02260712869406567
2021-08-16,0.010927141546010377,-0.0032014082308987613,0.011265944527298455,-0.006555552259359221,0.010422462551539224,0.0016044581602854269,-0.011263102088538979,-0.012186688863498274,0.013541748797470499,0.00718972873834911,0.00024251543220099592,-0.012599605566353755,-0.00038753804449931373,-0.02099741230953467,0.0025874102032705792,0.006685790826731486,0.006053667171261434,0.005403918423949161,0.0012557341676646683,0.004883506102708601,0.007154235402111686,-0.03166731119896826,-0.011890553115406766,-0.00848340990619334,0.013308804470606006,-0.021847251895841135
2021-08-17,0.0009067170859576867,0.004030597599160246,-0.03290130640317768,-0.012552452748022858,0.011468594777963359,-0.009342725288662534,0.027436735576433335,-0.0278572425270478,-0.006430888239096322,0.012414827762950775,-0.0010874722981826235,0.0020210708006466183,0.0061527399020951945,-0.013006676088980429,0.012870001511456675,-0.015063898178217072,-0.006630310152327623,0.0049747661390618925,0.008972172088570929,0.01324138757061366,0.006111759325901911,0.006634091558293864,-0.03378818204663381,-0.017096043330720345,0.01056196059298209,-0.0011767085126871413
2021-08-18,-0.014752548433463408,-0.002227687279728219,0.004879492346840153,-0.006258797775838043,-0.010501000197276622,-0.00016283828131025135,-0.007264910340505248,0.011518009985699185,-0.007605927029480486,-0.0036364700074218437,-0.009965024246524568,-0.0008289580449443168,0.004471649024066049,-0.0023081230707754363,-0.006266544450437284,0.002379065397331792,-0.004485825200812532,0.008615420460268086,0.016452763222918443,0.006495865205941143,0.0004890021948629197,0.0047772559540132375,-0.0028134734696471098,0.013465139295949391,-0.004219144650858264,-0.002593011442116544
2021-08-19,0.0010663255714113973,0.01611802779825222,-0.004344803974727585,-0.026803567541937356,0.018094261267067813,0.024818269648894553,0.006500098667862053,-0.026641262474878635,-0.020321069396729396,0.007930815356526066,-0.011653131772412784,-0.03236940839847158,-0.011341412016699692,-0.031753722531523865,0.010018197806012985,-0.0021850719235028127,-0.0071088662832689,0.013706370171362003,0.04059277404060402,-0.0026803517286783096,0.015571897510984867,0.006324005831880308,-0.032371072727211514,-0.0036342656771158888,-0.0050555035862018816,-0.026335118820914882
2021-08-20,0.0020152348959607824,0.007039020931627338,0.01800628372510582,-0.005744738941919847,-0.012424479272984956,0.0003493658484170492,0.028211696009440956,-0.01603406230730786,-0.011916506325292953,-0.0093620662395556,-0.00024409219667087534,-0.003986127987255728,-0.014634539209443798,-0.004263481846826345,-0.011125114907512335,0.0038263362829973335,-0.006697209383796032,0.0027677798561962508,-0.0023112288316660123,-0.0006966463141726553,-0.011665858915065885,-0.0016117401312703006,0.0020651374731954775,0.008235985694633241,-0.007105528738442057,0.005336922033584823
2021-08-23,0.0017335096834272257,0.006182481612070134,-0.01269672050437276,0.011969770485797726,-0.021311400119833124,0.009981537116499517,-0.022023074670622034,0.004205049233356295,-0.0072106596107235355,-0.015633767272252075,-0.004857657624959488,0.010663819684137987,0.008434584237112297,-0.008810010231016907,-0.014666429720922913,0.0025510455715573865,-0.005845881575532008,-0.012565443738067228,0.0032703959472466515,-0.010017478014642478,-0.01168092977250923,-0.0033760083175733424,0.034108194476858866,0.0002828489003610102,-0.009765710963835827,0.004656767239743953
2021-08-24,-0.0020972184259410165,-0.000917218974511913,0.08168908828779364,0.015000423565551202,-0.02245683167084722,0.0023998425757956188,0.023023502789806916,0.025997940464297153,0.0019137502800987694,-0.016097078578040658,7.98549731662046e-05,0.019545150667914735,0.000636988087842072,0.010955992272273507,-0.014966560296598153,0.004448964807052258,-0.0011361028597236533,-0.0011191677382922371,-0.0013511675965764969,-0.0034640585279385183,-0.013912689973569536,-0.0017763070445603324,0.02213914627498581,0.008909685600074102,-9.691224016550315e-05,-0.004572172956821663
2021-08-25,-0.010641339325267118,-0.002889588201576143,0.0010723216058685647,0.007987302377592487,-0.011601509661280596,-0.008973817555780195,0.0021493202538811484,0.004660836575920202,0.0073387197722138975,-0.005285772060044325,-0.0020770705569235215,-0.002220118224179668,-0.009627956122970516,0.0031515771912262736,-0.008324426687833175,0.005659281030636176,-0.004325390461490941,0.007022081347637377,-0.012754806561666832,-0.010503459906024082,-0.006646652418239918,-0.020746436686505554,-0.005683374146674192,0.04071150550441449,-0.00428973039338898,-0.009597075654378062
2021-08-26,0.0002977367827118327,-0.0008894131330264843,-0.02535065484301713,-0.010565324600249726,0.006067458803417192,0.009313919416816474,0.056793860983008426,-0.014676092183662726,-0.004937990930959257,0.003034511429326092,-0.00189717842434578,-0.026351351969358894,-0.01155186693555832,-8.042662724994099e-05,-0.0011251302247330397,-0.00506032173863491,0.010867708730442405,0.01295219429983463,0.010463540027861096,0.007893131631266814,0.0021526619073015674,-0.010477012196573932,-0.02452744734959922,0.0026959082020154845,0.0031805526748778234,0.01438184051085789
2021-08-27,-0.0016229995877588,0.0005885948455186529,-0.013803913219465391,-0.0012805661496950727,-0.004801792545834349,0.004060467570360382,-0.019109163498495563,0.022975169844698273,-0.007162486579995075,-0.005838095607948235,-0.00426807803909357,-0.005072177460037963,-0.0006738600762883351,-0.0015941635177452174,-0.00148346422251322,0.013833646340923655,-0.010189961057402996,-0.00979513979243507,0.007188827143294718,0.004925843891270043,-0.006802795886505786,-0.002992994260206494,0.010308582855157011,-0.012538160721590974,-0.0039209759694427415,-0.008279221379814183
2021-08-30,0.026110624248810055,0.007037003354289251,0.002927495408950209,-0.010790692887776343,0.005970745268255362,0.005067955243230893,0.030436837089820035,-0.023840712676525655,-0.013115484301876146,0.0008177538431644038,-0.007462707204239805,0.00015927700915496779,-0.011840747270268737,0.0011702218373557116,5.5992024997175704e-05,0.01724301791373395,0.001435433465284408,0.002900697203933822,0.008682797252632879,-0.00407168187822915,0.002534643963519656,-0.007775437346460912,-0.037131908233957955,-0.014791289083049386,-0.0006333428598610524,0.0153231421605029
2021-08-31,-0.00707581179196215,-0.0020893410858608963,-0.014197852281666479,-0.0013936655842584633,0.0025456564212210653,-0.0073559489724329685,-0.005311175919132327,-0.00018357648829603335,0.0019135121079060236,0.007976805036181367,0.011207326808251428,-0.027550439112218994,-0.01796787743761863,-0.00116496676857758,-9.877831576365903e-05,-0.0020135891856644106,-0.00594031049903998,-4.106653274649208e-05,0.006665423354880073,-0.00992457809614744,0.0038491432556228,-0.005032168747467813,-0.021196674586389186,0.012153677946174724,0.00969905422424977,-0.16555735878063882
2021-09-01,0.004167067267371705,0.002987998584011775,0.0020054867191217074,-0.014111880623505102,0.007696795953424651,0.010907606224026534,0.002092844277546302,0.005827998816230862,0.0005918083591602841,0.002614857331997289,-0.0077220939020618,0.0187650591483417,0.009335027463787338,-0.0052121074526951805,0.0038769967744329836,0.0067260836735358875,-0.006987240693608232,-0.00342364867287126,0.022316994997706674,0.0015886141872343273,0.009407496700610807,0.004943198900302592,0.005144600594941595,7.55822875371237e-05,0.0036244286565869643,0.004386015524713072
2021-09-02,0.00463240038158208,-0.004719825291992996,-0.007295317864558726,0.015526194713668895,-0.0030798955343404044,-0.0035687590218176357,-0.01801928434030886,-0.010470341945568173,0.004359945258673559,-0.002842638410522902,0.0022541714997219575,-0.007335481386496867,-0.02655731752488999,-0.00917452784565076,-0.009420358548123842,-0.02056274967534555,0.0046534226810779344,0.0077134066825566006,0.008290022638159256,-0.008137772966515189,-0.002109185437831451,-0.014531569131045918,-0.0008691061316912219,-0.01897333612857266,0.006271430923012966,0.011700479238387462
2021-09-03,0.004565415939666417,0.0032689685415399072,-0.0189321375592153,-0.006322629184695949,0.0012837102294060987,-0.006146309802804173,0.03260820182395241,-0.00888850866342672,-0.0035960221653835722,-0.0009555439664552523,-0.0027361769919936885,-0.00304960483003891,-0.0027419290145800357,-0.00603701663353351,-0.0028950061633691293,0.0029465293728463404,-0.0022307417361452364,-0.004461093716146225,0.0036992629346064287,0.0002555194812879913,0.0012267989866523443,-0.0006196441249846085,0.0052893133128784076,0.0026959186067834207,-0.003953621344639724,0.01117922187004372
2021-09-06,,,,,,,,,,,,,,,,,,,,,,,,,,
2021-09-07,,,,,,,,,,,,,,0.0075329626075391065,,,,,,,,,,,,
2021-09-08,-0.008764664810245404,0.00408540024823123,-0.003255270044038139,-0.005692767183263059,0.008581222071464834,-0.0010811727641636404,-0.006397188897389938,0.007496182813597874,-0.008619231574432229,0.018011012176359587,0.005736903295130769,-0.004691791785468968,0.019681748865948978,-0.022409731153169354,0.014976057890288552,-0.010743711613858231,0.013766213664052729,0.007730292212888457,0.00023070119397095024,-0.008070238335874391,0.01549057625918493,-0.004630789263975976,-0.032300952630746504,-0.006669198231501694,-0.003743799057914443,-0.01988421207319524
2021-09-09,-0.002099496122339284,0.0022836369204579654,0.017219268292863354,-0.0019234947598800733,-0.008869638636791577,0.006773338977282162,0.013266038760993526,-0.01611577474946524,-0.0022903183433659047,-0.002358313289980929,-0.0021008815062065755,0.006495218197352992,0.005659660575640935,0.0015493713127973097,0.0004980766064865971,0.005744427311438427,-0.0067841884364145955,-0.005295454065797456,-0.00943610293789543,0.008701855123522506,-0.0017112887095327434,-0.012077074106578989,0.033554388013425696,0.019965690950239257,-0.023970412907998506,0.012303085500258382
2021-09-10,-0.025379256230344316,0.0035816189837430956,-0.0015307958440822222,0.005726774796355749,-0.0012637303918247023,0.002448492671109248,0.009522880568806458,0.0014530773104145522,0.0012800245668975752,0.005784277404289329,0.002495185626221419,0.007345336918710532,-0.0037171710486813003,0.017065608226335294,0.0014528147226489097,0.009548067563336482,0.0012623675509024768,0.0023127980404276105,0.009697342412961718,0.0073226019572991685,0.005988703361121672,0.0029295641950025653,0.006488619932600526,-0.011278623876145533,0.030208123098471984,0.026785699586270417
2021-09-13,0.001616840684096621,-0.02320400450353166,0.010556826946254594,0.0035280190454354265,0.005340565748360282,-0.01055781470119499,-0.022643265251527822,0.02217158665433816,0.014457945867458744,0.00012269623918914618,0.005970610226817108,0.0011196430031095161,-0.001038642381541388,0.03474969354553825,0.0066891117183700555,-0.008033172765838814,0.0014080241638938507,-0.006108838112793835,-0.018026767674265476,-0.005157316315323457,-0.00034667602457827407,-0.008315809482422942,-0.0062301832588638195,-0.009026390851633148,0.003570587647796497,-0.039623120340264495
2021-09-14,-0.0038157788134914883,0.005529612011746399,-0.01120720533210362,-0.013021355396325873,0.010186194891964262,-0.0005907504962322507,0.013789871836707879,-0.004261234167066252,-0.019686456365799243,0.00044687507152796346,-0.008223654169264294,0.0027381094489952185,-6.087458511749855e-05,0.017183169446106983,-0.001164538992726838,0.005799736938979172,-0.009423530308320549,0.004792542660768007,-0.013819277446703304,0.0043020268865009426,0.0018300393613216448,-0.002713610358737073,-0.0007033123177941913,0.009614597378301393,-0.011641039423381017,-0.024573055846578762
2021-09-15,-0.0023299180490021776,0.016440356411717927,-0.016642995856063325,0.008330128829179939,-0.009190750828299676,-0.022287832180960865,0.006037694709014607,0.01951967482713668,-0.003027406385290421,-0.005437576760025431,-0.0012795882046279239,-0.013377813803427285,-0.011510375533457129,-0.008611731923331978,-0.005822930072389321,-0.015405670113826653,0.0012288758561052049,0.00464837810436336,0.0003704672197453185,-0.014502027313472943,-0.00286630316658254,-0.02282389564358922,-0.011220500182068327,-0.0025874435190995637,0.0037766439299928845,-0.016717343000367757
2021-09-16,-5.96412794428014e-05,0.007647177475525568,0.0042048407808736865,-0.008802122650292565,-0.00036147756944215903,-0.008012360450783906,0.03250503514223513,0.015166920709284604,0.008527256750799683,0.004292947713243178,-0.004061431398725723,-0.028395774743986912,0.006076206082958446,-0.003689614357418547,0.004856515473524725,-0.0007488119743516153,-0.006755272438083049,-0.005211957847279791,0.007778992026336917,0.0022789140084999993,-0.001397208212297829,0.016031274523279126,0.02083015001484423,0.01854902508951639,-0.00041429566356732117,-0.0016732573449476096
2021-09-17,-0.009236787627818321,-0.006871453957149498,0.009658745123009349,-0.009798795471134158,0.010308609853369899,-0.00094681794481144,0.021736354976010897,0.020305004042561303,-0.003119209796951461,0.006319634020286902,0.0003153857130789861,0.0012952954651418436,-0.00033163332407271096,-0.0015642442342822527,0.012899089706030709,-0.013244925893877935,0.002705379730670976,-0.011110440672174149,0.013970204760675453,0.00022272244976540012,-8.17762768791086e-05,0.002051643673087966,0.0014958865115892728,0.0005577769581335268,-0.0061246832068113655,0.043112710612909555
2021-09-20,-0.00438404968236239,-0.003176097552622159,-0.009933936973924085,-0.027728658545776885,0.018293294303618035,-0.012033688345045812,-0.02408354122905354,-0.03689731953041697,-0.0003409874619908493,0.00760957231048176,0.010174076882645489,-0.021226747887335584,0.007211796426877193,-0.013992453314655817,0.008608460143491814,-0.007753826085524773,0.011687418566021068,0.0036254755580540365,-0.006641965707912534,0.016325058347171018,0.013603743526349632,-0.0015384017786768123,-0.04218129418127625,-0.007584086850483729,0.013609512421152159,-0.0073899700904386245
2021-09-21,0.004240616389436402,0.007985457705234955,0.002874768474710354,-0.004323615850279294,0.0058305235601683325,0.003967380665771403,0.014273686397127117,-0.0030874649622626427,0.005875983596532297,-0.008701393812791558,-0.009164662262316825,-0.002054073459213712,-0.005988030409667111,0.0029815916871525072,-0.0026625657654130164,0.005816412188279774,-0.010875258096118223,0.00627673803438622,-0.0031672757476866042,0.015251905978374225,0.0003564364364566641,-0.004998222051992629,0.012388560008429916,0.0010828353547618352,0.002607528514738,-0.007845578124702213
2021-09-22,0.007352679154076114,-0.04019046398646875,-0.010361507817011395,-0.0015651204857727308,-0.020337725641114912,0.012882368328931415,-0.01505023924257376,0.02650213342583352,-0.10072439044975245,-0.00596868193663691,0.002964534155159626,0.007318249574387536,0.00835322612324485,0.028431383382795827,-0.003873600522341425,-0.049437977804725586,-0.0015607658742005093,0.005849970844646002,0.0210313794153556,-0.014264258927020212,-0.006458527761683541,0.013138617698289057,0.0042645495167870084,0.006730685757842192,-0.03286865027417829,-0.01056179793160783
2021-09-23,-0.005415216924076871,-0.004531838139955724,-0.018033662808968565,0.015406140011043234,-0.011413849215353933,-0.0034707295413543005,0.007421324879271163,0.02414632046590981,-0.012833114689847158,-0.008190227499121017,0.0034635483337965844,0.01452124313192682,0.018906984483662237,0.0030187875083886873,-0.00932766666002971,-0.004121890675987894,-0.002737458806127302,-0.007702348779392798,-0.007715828237174538,-0.007205871154149612,-0.011355523392880817,0.012996274641161376,0.023011497954097182,0.000929015976512737,-0.004093349449378003,-0.018466824754916678
2021-09-24,-0.0008485807658935585,-0.014348594705033246,-0.014929895515618519,-0.00044385442888739135,-0.004943285584611323,-0.0035459205082221112,-0.00508256652380179,0.0036445617289675436,-0.011420788505111856,0.004143542303444603,0.004097249556006766,-0.0022478445870586228,0.01009044252463065,0.01579469378896281,-0.00755345939373353,0.018772364462144253,-0.0041604492634121915,0.0008701352338384982,-0.0029275127756406283,-0.01762244618216735,-0.0010069670354337923,-0.012993043900950907,-0.023518185644463507,0.0021370450610180836,0.005123743413452342,-0.015328336089622363
2021-09-27,-0.0077734271239809916,-0.027831760633227565,0.054714520355812146,0.018933289457399693,-0.0022854203967680453,-0.003367729067515479,0.015924206698222365,0.030352698303447,0.002202773654463308,-0.015265431501955695,0.010559089006876743,0.020099286086048274,-0.0011043717127695585,0.023239516955655626,-0.011968615296397367,0.004532871115281223,0.006919178093504286,-0.0051565527251470344,0.003198427668498649,-0.012915117355142391,-0.006821512801320928,-0.009971656074735491,0.018995410332558027,0.00015947217928558022,-0.0034994705778722546,0.004685692208718173
2021-09-28,-0.003437162149650397,-0.020851832252754443,0.013194037117982171,0.02311428328218257,0.02932730687982843,-0.008316440735144814,-0.03911853958293943,0.030957518575252307,0.0022191978506257426,0.007374222745055503,0.012497207082584949,0.006432030317706006,0.004695473347377188,0.026036802287662586,0.007416656267820065,-0.016204598236797763,0.010792634750507402,-0.0013639504769332733,0.005532144803922945,0.004920927222156757,0.009429424724825664,0.008859869711733581,0.006897600338320764,0.012519044053673767,0.019935821046238145,-0.01990996609929696
2021-09-29,0.004913810627048987,-0.0034179450192174388,-0.0012034542607739507,-0.014932491325682307,0.009955225924561883,-0.011713656096447922,-0.034769103452372274,-0.002268008490044604,-0.007459474607721894,0.017520129969169407,0.010870049798592518,0.005102744594754016,0.004154526569543959,0.013779198297414474,0.010427203642101368,-0.004622047547335528,0.0030406254172308245,0.006947062838744245,0.024482026745288543,0.013020021624173594,0.006706008812603859,0.01260236208380583,-0.022044247906846004,-0.00101385696773848,-0.012385020891923282,-0.018675643938157127
2021-09-30,0.0025979969823511917,0.008482257898663748,-0.022084716874683497,-0.01790783626864434,-0.008147029596256239,-0.009206393386950285,0.024866380577064362,0.0021193325799321316,0.003768271238210219,-0.003506233655701796,0.010113518403900623,-0.03253488433321339,-0.003690910315602536,0.0031242022808140035,-0.0028236535160278686,0.011261896743583688,-0.018276003841241728,-0.002263143647943111,0.030739250399970608,0.011078583695388833,-0.0005000677870488079,0.009255474421872356,-0.0327355953152092,-0.03415872090745142,-0.00238048298228577,0.027798748271899765
2021-10-01,-0.0033643366378230954,-0.008451805412692748,-0.015275472869628826,0.0008020898172627078,-0.01548819748800856,0.02435043773258716,-0.028754468016690238,-0.01149147763018199,0.0032832253190813177,-0.0024516728013295186,0.02010696426985148,0.008500577698413059,0.024460926166199437,-0.003019117681493988,-0.010975657713762521,-0.0008253319941931014,-0.004308811199393636,-0.0029258129370954844,-0.0068875154426479845,-0.00916228784132156,-0.007901305361722066,-0.019318687245233,0.015521310032355018,0.00820813748408522,-0.014841588858262922,0.011491351301462283
2021-10-04,-0.011619841347026316,-0.01988157797744683,0.014695132569341296,0.006810797296071369,0.006784738332736628,-0.0014339793898268116,-0.01466000895076025,0.02640412410455817,-0.007954960242858466,0.017553391488473458,0.018497843887939847,0.01938572678322481,-0.031380640065355236,0.00833280368197431,0.010580717106863369,-0.03593398204870313,0.00936361818352105,0.0008651880008507806,-0.002997133163678556,0.019459414783398077,0.008017514909293255,0.0027303276680589184,0.011933412638703622,0.0181213888704016,-0.003929461850856519,-0.016657939117443066
2021-10-05,0.0036337995435611337,0.004175877676254158,-0.00218241673887154,-0.013786506724914327,-0.017009173562018698,0.01227085432004249,0.014233930079339485,-0.014705503841319079,0.018850896390613547,0.006437224434139521,-0.01718595695384062,0.004976131756146307,-0.013401052990019813,-0.008187134735194945,0.0025630175125901378,0.010105147677302861,-7.227890317040853e-05,-0.00706842497802973,0.041617690629601745,-0.012338585693178805,-0.004599362346925595,-0.011002728966269082,0.0015874015848689194,-0.00011692532727458627,-0.003518681051183581,-0.02000132944730415
2021-10-06,0.002204723927311747,0.0022673946767857167,-0.009743523255956288,-0.007427453970782927,0.014739548459755003,-0.0029213343239336,0.02482079488546285,-0.01599952066434196,-0.004415049474958521,0.019282480741399377,-0.009621284717963752,-0.05537458155494246,0.01186452348514866,-0.025089896024046765,0.0191848397899812,-0.0020604817550295973,-0.0011794318631725975,0.0023121703448727438,0.0026551482825007966,-0.0006331053685610932,0.02151128960584936,-0.010482456092505532,-0.025174643507505534,-0.018978244929045318,0.0016297673699410264,-0.01759844191532367
2021-10-07,0.0007860709867837379,0.006868951990912642,0.00890889566487707,0.011976889849039996,-0.005276283436752127,-0.004343442251745433,0.025062123743380793,0.04623462337284878,-0.013873485125226792,-0.011098656206992685,-0.012161748674105355,0.07627280550199522,0.007954200000299672,0.03232633902705229,-0.013447784213025282,-0.02154620024038667,-0.011661464560636992,0.004920396313858433,-0.019642334417194873,-0.010274061884550378,0.000929961672346824,-0.019694602852292076,0.006317836266125365,0.010223778718647658,-0.0033174089011922536,0.002030894112890147
2021-10-08,-0.0008080244436281525,-0.001713533609289497,-0.001246422282220161,-0.001100172163023494,0.00396214732994804,-0.00787049294386133,-0.01886957595935923,0.01735999500073926,0.004111334768249986,0.00022899147182287027,0.011856422103022402,-0.02623420967401835,0.004880674569196497,0.02785458176200839,-0.003930342675145249,0.004434957914081661,-0.0028670067467060356,0.0015337854855450583,0.0031956328088125208,0.004140840657862244,-0.0003883920177074618,-0.013998079672757235,-0.01956381008081831,0.01081966754926511,0.012321220515963294,-0.002846826381212919
2021-10-11,0.006235836283710716,0.0002957501123425077,0.02206389314706525,-0.00476580224337908,0.005061568559939111,0.0012512288993326015,-0.03879034283766325,0.004881686836122112,-0.009335364975897043,0.009453545895867221,0.0013499691506527745,-0.03501279972152316,-0.0151365821717665,0.03562138929798053,0.0048502624204189715,-0.007071690797974206,0.0030795352436805423,0.0022197505699269593,-0.0020173690346872997,0.0012691234576251986,0.008211866198229445,-0.02637954139501386,0.008739749055922563,0.013473053094725906,-0.0026716020505564986,0.0026312928889032916
2021-10-12,-0.006686315332450565,0.015713576795998052,0.00645787644303264,-0.012980596791392074,-0.0028842805681121853,-0.00042222638974553917,0.055792303179995284,0.03886480579459717,0.00924043775074479,0.009655354293562346,-0.01134420684782611,0.0028255708607184404,-0.002797018611872426,-0.005896399158747734,0.006624131652778531,-0.0027453411753682877,-0.001837573974626694,0.01794757661998847,-0.0009322735572446783,0.002582216615076516,0.0068329072139993174,-0.005348363659742894,0.027797266513097996,0.018301513900913613,0.003792351095789237,0.008401756205882571
2021-10-13,-0.007262251837455103,0.014938863587001583,0.010332810561869854,-0.008182739812351403,0.0037605664831594776,0.01616344714301232,-0.00016054295288281395,-0.01133443448746585,0.007866752326643578,0.0005985058020514522,-0.0009581387448702738,0.005552288846344178,-0.01168094430979938,-0.012134394858935749,0.0018374352136221184,-0.0006439881365654099,0.006320162753687297,0.005250919830624534,0.004690262139596557,0.014190368932008202,0.0037323192663705207,-0.0014744738385314982,-0.0022408346110245336,0.01866151280787376,0.008351751893221904,0.039053435690697746
2021-10-14,0.0031625063096292205,0.010663949725521427,-9.244730845536786e-05,0.0114645599585812,-0.014055380836117681,-0.0026825967128334405,-0.007004650967878723,-0.020931807501920474,-0.00043585887320873873,-0.005628122122969037,0.0016210026643548314,-0.013824278261488798,-0.010549272967283807,0.003289956256512294,-0.005888905941433986,-0.004768997209712689,0.0007162574028312108,-0.0012736942494424586,-0.010647970507350557,-0.00664985690346076,-0.00902496586699808,0.006979507653186667,0.0029837465276396635,0.004691991921580652,0.022924014489530853,-0.014170901076089093
2021-10-15,5.23957113733875e-05,-0.003213338641658181,0.0012384658246122893,0.016674075879555605,-0.006500544433273081,-0.0034544660286899287,0.016578708511255202,0.00872122312522583,-0.00011805966564581993,-0.02172924872082882,0.0010481256665675343,-0.008670859152650312,0.02568155831234642,-0.002293221936370493,-0.015377066289532948,-0.018935433587150108,0.0015239395676831524,-0.029001367141454848,-0.01615384390809449,-0.003273423098263395,-0.010285583664023323,-0.021714786975735256,-0.006949767610627378,-0.002979020156665513,0.00471180903549806,-0.010044392304120242
2021-10-18,0.008431278441717982,0.01750737844332062,0.013960670512594087,-0.007595651538785386,-0.00972596506743073,-0.011042579789045437,0.02787948787908623,-0.012292041437810153,-0.00835034957949421,-0.008274350426187627,-0.019210510105929446,0.0038980153679535334,0.003479331515846562,-0.02369750342431365,-0.010024761102478519,0.029203129832951147,-0.004583904008587325,0.010134841343509615,0.01203216579814459,-0.003214435354431444,-0.007908617921443706,-0.004906022444733704,-0.018935935008124294,-0.0018219624957820368,-0.005232746874671679,0.026326354821739395
2021-10-19,0.007686807426404929,0.01386445129213465,-0.02183843225188331,0.007542620297083191,-0.002448908171239328,-0.026019938793974795,-0.014367007700049395,-0.016390844631163137,-0.0015154665456413863,-0.0019661764878597943,-0.00978230245918088,-0.009399091838520501,0.002817386520090004,-0.00226816272908148,-0.006723866996906747,0.0064732030132890195,-0.004146589767660691,0.0010814897553623748,-0.005778833548925277,-0.025029913051355934,0.005321244477243692,0.002659502292233107,-0.012835210530796948,-0.11321344378205811,-0.005325307077560959,0.0005196634869972794
2021-10-20,-0.00030296640171867395,-0.009481018758732973,0.0015140545013740958,0.011499559690613115,-0.00042388079204402906,-0.029845873428119285,0.02597243213028899,0.03654370347667646,0.004970240483537669,-0.000937287528082198,-0.004227663668647574,0.029696022219442675,-0.018383535624695746,-0.008763073127683096,0.004698742553179702,-0.001340627343361378,-0.003060630520842711,0.0016392843274732893,-0.02535419496547986,0.024571671682193097,0.0038935027562567726,0.02484479012051355,0.002850118646533728,-0.017975333284633188,0.003973499274583681,-0.0061604207470087324
2021-10-21,-0.001521823828497526,0.006950801895038827,0.023809373138579115,-0.013035409769942108,-0.0006034522587667901,0.04144108670024771,0.009272490668632782,0.028799553664390798,0.00366208779068411,-0.0023852764032712415,-0.09862635818344478,-0.0018289310079326881,-0.004565800895787286,-0.005680468790495108,-0.005152293991937729,0.00023200464195261006,-0.004640170443763858,0.0045926497466162175,0.0418261193181273,0.010258005242651747,-0.016200255789177498,-0.0447377496198309,0.00011027732530544121,0.03534005226125836,0.018359119489143483,-0.006368954815797134
2021-10-22,-0.004212447663983432,0.00877625223418177,0.007790229882185806,-0.0008177672007840808,0.011573651835632082,0.032133025658190095,0.02348974423974648,-0.015241699173543122,0.0016739370824544464,0.011055559392575964,-0.0024341336375368616,0.01816655776383891,0.007978925801457204,0.005722096622348238,0.007056672148528231,-0.049442160338515895,-0.006175671506397307,0.006026042768182305,0.01886290974874749,0.0040490704978953795,0.0060353908488467445,0.0012437492827240826,-0.0022824194749385684,-8.371363658443709e-05,0.022983836826908743,0.011262479405881876
2021-10-25,-0.005084692395936119,0.000519141637509879,0.01290549950047093,0.0030268256738259502,-0.015612625340992947,0.002637751950595124,0.04208731075282146,-0.021947121734464226,0.0056386819018880985,-0.015017089473750245,-0.0066248611302205385,-0.002074051715357017,0.0013574803215072873,0.004751231177299475,-0.007722599381583928,0.007820784398666625,0.004101323004532587,-0.01925552691386445,0.0056011456623139555,-0.014119602021889555,-0.009436105527274585,-0.012791317725804108,0.021662979418575645,-0.005959697961988919,-0.004306746241336867,0.0032135516816935716
2021-10-26,0.0027553963933588665,-0.008728880536515216,0.004405076753803749,-0.014529590799470804,0.008208864532523341,0.0011796480455208425,-0.021814263738747397,-0.005569941394959588,0.00850331179121655,0.006391924872459764,-0.005815374612526791,0.015322821676367226,-0.011629577642724764,0.000713611088704047,0.006300895092321346,-0.041005504602500964,-0.00313556732741449,-0.002267142086309404,-0.006494824122450615,0.0035408022823852914,0.010426926420032734,0.001889265041211896,-0.015189830644789848,-0.015135165715531196,0.06767519902947305,-0.005715561022852422
2021-10-27,0.0019038838983204132,0.0012850577024609011,-0.015405528280861946,-0.012529989957524967,-0.0010949488925339201,-0.012105721567890138,-0.009613932982582396,-0.02192442366935221,-0.005628602493428336,-0.007055731901768336,-0.010365769878631026,-0.0282817625583357,-0.055398494273298016,0.010827820329762039,-0.0021816718038790706,-0.006316301484445175,-0.01646796610392509,0.022342295307527182,-0.003325108479410588,0.010305251872448018,0.001577349119083471,0.007286074419317723,-0.0217960103565511,0.015241184555391474,-0.021820685776307136,-0.016082319231341513
2021-10-28,0.015162357074655075,-0.011079106241517755,0.010128663821982187,0.030755859242269423,0.004561980760285245,-0.009429800017433099,-0.014503517471747385,0.0772112847542541,-0.006981545289272972,-0.010441903110662842,-0.004476659908618119,0.005716680899879423,-0.017841842068828218,-0.0065988549368585225,-0.000556207807198783,0.005224165994029084,-0.0006841678934010886,-0.017507962054605808,0.006960058999725405,0.013493692512985822,-0.0035407797635558236,-0.014802658195242735,0.014868754905892567,-0.008206722584463089,-0.0018655385858765694,0.00398981980328994
2021-10-29,-0.020105093669582574,0.015382594242989711,0.0072978052122976145,-0.002341206782990213,0.022320625777909164,-0.00554393679403542,0.030759223226911603,0.011099072276383959,-0.0037716832205181294,-0.024524550340198403,-0.00782978747055385,-3.583657987826783e-05,0.00552742903085135,0.020590837385640715,-0.005394849080542552,0.01903402771784468,-0.008565295027458286,-9.547262210407581e-05,0.022173497120186347,0.0028529253210891614,-0.0020732664601553763,-0.010653387157635863,-0.002462133275059064,-0.010129979922965049,-0.003959340631402242,-0.008927398098572348
2021-11-01,-0.007407582838705462,-0.017422153183127786,0.011861549328518128,0.00491509228478515,0.001405114455768297,0.0007282991104093917,-0.030002268117507835,0.049136993888847735,-0.0013330190874056846,-0.005620984171777588,0.0076323216216067635,0.02150034568064907,-0.006181457918882471,0.012662259621791128,0.0009987182636916891,0.018010220869685956,0.003236793315102293,-0.016120870977989088,-0.015040526916128893,0.0034341915735300876,-0.003904133562115386,0.005415538071514181,0.00871796276482617,-0.007870363939928016,-0.013839215639883995,0.013819834163103728
2021-11-02,0.0034356757984466135,-0.003367941649584427,-0.0043258814003909185,0.004791912317428038,0.01263610024119255,0.03774639289675008,-0.015953535625855664,-0.000337614571925382,-0.0031287334487559715,0.0010138162894537395,-0.004472252099694818,-0.01375893158211794,-0.020354352616859583,-0.0024156888577973046,0.0037076808933784733,-0.009438340855657645,0.009628512130397615,0.02276559571949588,-0.008745084193099606,-0.008283810108951517,0.005497551345864604,-0.004198201562818804,0.002666318539387147,0.014751374593636069,-0.012025819326841991,0.0011594092373077292
2021-11-03,0.003337386899930017,0.016617995786309514,0.0037945678717317133,-0.023697754299498053,-0.008257693926121967,-0.0012636456146093433,-0.010658635074218048,0.0279636375661374,0.011564893152062217,-0.0004212135275378781,0.0010678185880210744,0.006359402881455534,-0.0035691001676443346,-0.007150202193192845,0.009510046152954033,0.0043286302228020546,-0.005032333445826653,-0.0018490798400869757,0.009135119863880048,0.011886128871518187,0.003124510856330698,0.0465611690602612,0.04853361481214158,0.020215464252463677,0.010752266252273657,0.012697431259805603
2021-11-04,-0.007680436926138512,0.024665129627226445,0.02387560661644672,-0.003985283788977556,0.0007670205506880023,-0.006032528378453583,0.12790216806964128,0.03822305038719942,0.016607865653719855,-0.01092191048494695,-0.00985254509324296,0.00028564050706458843,0.014031088170413986,-0.004526641331115577,-0.008192221292131152,0.008573587455824594,-0.013072041939720114,-0.009168921773285321,-0.03307973215459514,0.004454061369729256,-0.004121201123421514,0.001640680622547297,-0.0005948311398120687,-0.006041629765803025,-0.013677116879351248,-0.016294213630217325
2021-11-05,-0.0001504755717960382,-0.02058546713857312,-0.00015599939454791212,0.007515318370236557,-0.010112104513489095,0.024964348123545088,-0.04483573896822468,-0.01042704649204762,-0.012875282526544907,-0.003618820044136273,0.01910545599064073,-0.002991434157837647,0.036096947391366374,0.003048746147177983,-0.0009948576164737766,0.01198870110885708,0.0028562933287528125,-0.019523763044966613,-0.037664545104190705,-0.0058733315010178755,0.006552590902853872,-0.0035699584814476992,0.009133495328043084,0.02455596244352587,-0.01559688445476426,-0.0657455538804772
2021-11-08,-0.0064405956587605395,0.004091764499986716,0.007014828636431325,0.03976680873503757,-0.004830218188702551,-0.0012021059843400073,0.001957015442016541,0.0436950821488471,0.02283849776194069,-0.004593563306791726,0.0066357909828731465,0.005408309992030125,0.0016351476005884713,-0.004997806676547256,-0.0069912721381308884,-0.008245752320820365,-0.0023181880182016057,0.006548404084109505,0.007985997310341997,-0.012649021137906113,-0.02239384370340214,-0.01564266420062499,-0.004651852153088165,-0.010432309268195272,0.004298881569636537,-0.01902159255500202
2021-11-09,0.005958533916336162,0.006351488011306694,0.025406888021910046,-0.017224811500082038,0.017408095825833803,-0.0031412557163805754,-0.0048964247743384925,0.002009660807982372,0.007321233988407894,0.0117395125235773,-0.013181421279695349,0.017852837933693744,-0.010857696132896999,0.00567704346823783,0.009316700674042666,-0.006098932556645287,0.002342258620197546,0.004100559232466328,0.010467881794395728,0.015849146912927603,0.010147875759368485,-0.00477529529338605,0.006332388738935046,0.02153490035584915,0.006652223945007085,-0.0022726747976734574
2021-11-10,-0.010937615488152197,-0.022346675455883425,-0.004486859632540252,-0.0067399003155032,0.016479331660805174,0.002578271799021814,-0.030781448700105685,-0.02954737423717635,0.0043778108363684565,0.027410438508427504,0.0030127660204409823,-0.012456203005625333,0.04678680510886357,0.015889858187719152,0.016098404679348643,-0.014823402303943856,0.014236723801055451,-0.0013159511669671442,-0.005615807496474057,0.0012017715241748883,0.011467110716266715,0.005639424511456603,0.0115224314822151,-0.0013157957828262568,0.016227516088873406,-0.019405753842766438
2021-11-11,-0.0008886946110165939,-0.007238225125575037,0.012020619480011652,0.008448641905014709,-0.0017676985689445424,-0.002579364922372651,0.01859780270115552,0.009263082356785635,0.009387837698441093,-0.007289430385722384,-0.00013511010750955066,0.005377145879840173,-0.0106087756421549,-0.00883793877315131,-0.004695755346878605,-0.0002456599380336044,-0.01266565938593911,0.0026468739279914555,0.015942873802100577,-0.003231551463380833,-0.008780607699404697,-0.009584728740206883,0.08323221125216773,0.010258103308645516,0.0072451082901712205,-0.01511747862364432
2021-11-12,0.007114016763967168,0.015213081118047977,0.013318924606561255,-0.0036736921112558996,-0.008522184451051129,-0.0005154004808534118,0.06702538151403692,-0.00978017991370439,0.00429166684024862,-0.010923350661289244,-0.018114557712186063,0.006773577171433898,0.01862863191202946,-0.0011557728784181709,-0.002260202936428257,0.032900511115799835,0.011921358452310127,0.007302759392427083,0.03084112676685158,-0.005505471348569602,-0.0074683494261079675,-0.009164116173769776,-0.021298296576770515,-0.004871636842549432,-0.007691315766599205,0.022543074730902335
2021-11-15,7.754577360852277e-05,0.0032497984606899566,-0.024098855570330535,-0.007443785641783829,0.01380069263726258,0.0039040647373788095,0.0021051999967266477,0.01847227239481619,-0.00621259170131061,-0.001227342633375983,-0.0007460318249906672,-0.012339429426407977,-0.005876887841201883,0.010705878823721426,0.001125720797486296,0.019577282549874897,-0.0018948522851498506,-0.0007449153855833002,-0.00479438934656129,-0.008634985914353632,0.007080995046717331,-0.003964291677511778,-0.013826222675915711,0.013201183669848127,-0.007822688913097009,0.03428924392879329
2021-11-16,0.002801496458379349,0.013263063774447525,0.015551399525851828,-0.014842316542482026,-0.004523329605614856,0.002598981090460084,0.047579470620977116,-0.00738983489098588,-0.0003772552525953543,-0.002456666317136369,-0.007314476190301122,0.010110414300767534,0.018826993263709513,0.0004126847589931426,-0.009911418207967149,-0.017100430152575008,-0.0035376848441635023,0.007279105602327585,0.00801411040414135,-0.006045578292593334,-0.006856643067326473,0.0011445459154313387,0.011502510006443423,0.02632911467875987,-0.002210835114024201,-0.0009074398509421044
2021-11-17,0.01909154980055283,0.002065067588672531,-0.012739549198949374,-0.009324219935391898,0.006882665144437361,0.01441957909878866,-0.01284734646784258,0.011191712628172201,-0.020425573109513095,0.011492168497655886,-0.0007749744244580636,0.014208612221310313,-0.02551293030895374,0.004955630085029528,-0.0022006266497845983,-0.003783945135631628,0.002437671598623181,-0.005310306950283228,0.00884254576760024,0.005238814221098842,0.002969035267052833,-0.007283441374726918,-0.00617232492803943,-0.025547976686214224,-0.016372061355144796,-0.00034744191766999943
2021-11-18,0.02515133707130368,-0.0029523185427786647,0.017313653711394483,-0.011070470633543605,-0.006335766923950437,-0.02386662461525635,0.024774689475884015,-0.018490646386148057,-0.014017519174189697,0.0062060631439604386,-0.015243188041243916,0.009881544355934135,-0.0338717194016912,0.013166258091863225,-0.0006502921868138944,-0.009488627298770203,-0.020375749180051805,0.017286603347697493,-0.017364962915277782,-0.0018066421601445892,-0.0030786998305607494,-0.005176679279568774,0.010998937653046381,0.005167972114329844,-0.005212920727623027,-0.03356942134758911
2021-11-19,0.018374486529727063,0.02734652023676243,0.005233256940820663,-0.0034667739131889475,0.012470521052338368,0.017671644747484727,0.015557951826224325,-0.0072924749720210125,-0.00689636797817561,-0.0029319945867558594,-0.0038301563039254694,-0.02089419679540072,-0.02301118622613174,-0.010812579407042389,-0.027795999771108804,0.020915039798197865,0.00397181098357402,-0.014694586159571643,-0.0033226946524252954,-0.008055109713741015,0.003785276027339357,-0.010227327124976093,0.004671105681845145,0.006476929061309811,0.011182897992940255,-0.016001127004693583
2021-11-22,0.006124855932339246,-0.018302911234763464,0.016933903225210045,0.012875942921969807,0.01967779087978294,-0.003547781222139834,-0.04823303668001755,0.05941160669555967,0.025035523789283864,0.013345961341486356,0.006816462747353924,0.026722305124017742,-0.05102394471565597,0.016339088554495396,0.010632717942184566,-0.009226829227356625,0.005596516300388821,0.013113831133878318,-0.025677335508774712,-0.003771495637365452,0.005272484704581304,-0.012111598044420191,0.007763291053205057,0.013155189200810824,0.014757702638008352,-0.03269623456553661
2021-11-23,0.0007647841081415141,-0.014142893989357419,-0.12477299987039658,0.01291937392763809,0.002396228617685736,-0.003682920433642045,-0.0006185691145490502,-0.015328944554401924,-0.007947707442548801,0.004194473406752053,0.00109016018618191,-0.014033448661191161,0.02230773731351432,-0.011880361617655266,0.005559496741301739,-0.012683262212031976,-0.0027706596047685217,0.004171718722260964,-0.00945446230072089,-0.0012758041532046072,0.005044103701600466,0.01248422744191413,-0.006202532413458806,-0.00855417838411554,0.0027530432786391223,-0.14875965713787886
2021-11-24,0.0009897783012504657,0.002456937606613696,-0.03799335125101899,0.0061802453196189155,-0.010261781152411942,-0.003866424086494513,0.059881962188342186,0.0001816500568527779,-0.013899486756830948,-0.009099200506791472,-0.0028075325711219845,0.0070152354111103765,0.0311410424655012,-0.020841134072004497,-0.003759498414777074,0.009003500198206948,-0.012490972332083627,0.013963886252102764,0.004173509573402123,-0.010986188761136773,-0.011431338353966924,-0.010781570924577655,-0.04404223067789792,-0.0007532326959860391,-0.018062929180164944,0.005739461728837103
2021-11-25,,,,,,,,,,,,,,,,,,,,,,,,,,
2021-11-26,,,,,,,,,,,,,,-0.036338311499831244,,,,,,,,,,,,
2021-11-29,0.008673348520253255,0.025147505620283894,-0.046484045314623024,-0.02733997053668691,-0.0088075388162705,0.005675916792293734,-0.047176428964534556,-0.017250831923349752,-0.003038598610778598,-0.00623056731631455,0.010027388606014709,-0.03856792976218193,-0.016778698686666482,-0.01752924262781652,-0.006727206741640401,0.0015392217903180683,-0.009155248058805077,0.010145521708664118,-0.015904368413430126,-0.013890223049402017,0.005417466965459861,-0.014345128169281018,-0.014635750673151815,-0.008469604452280066,-0.016415143183074132,-0.018785826660357996
2021-11-30,0.050539006845877754,-0.0066972663706243996,-0.01790209785589869,0.005843800144757161,-0.027652003733423025,-0.004505846673365732,-0.005552062355385856,-0.005441265031203124,-0.023438072548568778,0.009639898830455573,0.007147161908519384,-0.016497037941589854,-0.006084317761340441,0.021376754986074387,-0.009072939761942567,-0.021183104009716347,-0.016163270708326904,-0.005393273202643378,-0.014088824568226466,0.004995545645374189,-0.007601526014783477,-0.02151490063401562,-0.019850477179763404,-0.0245591934678,-0.011677912755785447,-0.015608021171229614
2021-12-01,0.008608926763637226,-0.006756138841434112,-0.03132558237185845,0.0020918886472730547,0.026359658916149775,-0.008481650953724662,-0.04390623636090463,0.03213826829096755,0.0005724117723479027,0.0006593441759359386,0.010277989500816709,-0.024947013893715342,-0.015620450188940205,0.05506816249249391,0.005367903235282245,-0.030901831374482214,0.015873035242188638,-0.016741582225897833,-0.02577636769013225,-0.0006361716484928337,0.014193488619377859,-0.007392676174556634,-0.01909184722460533,-0.024465637560566855,-0.009458244656307402,-0.05298778647609215
2021-12-02,-0.02032417989596058,0.007816230468237428,0.0021380568932798383,0.013590638597193783,-0.010003846153056273,0.014514939226741852,-0.051682870513198975,0.000616461874477281,0.018820004228696785,-0.007470898385438796,-0.014365524662620865,0.016256677008440024,0.03125398815767699,-0.01973772242423455,0.0011746127608782686,-0.014870675578771975,-0.016947187898011973,0.012518543073575028,-0.01629879644717236,-0.008599440441195538,-0.004545611062585442,0.019913556575504865,0.04586242585495581,0.022614455385524534,0.015421961413598417,-0.04433963117217965
2021-12-03,-0.0032759844901188995,-0.07393218161662118,0.027213277859157836,0.013581056307992112,0.022395422196736403,0.010331152574963198,-0.06459998533958644,-0.02829017169443737,0.03199290728053805,0.024974616300471597,0.02504381645774889,0.00135632287358467,0.014413528214185956,0.0028743002281294006,0.021902883457655786,-0.0029885975310007806,0.022133316805007075,-0.00945129547792023,-0.014812878396938123,0.02435636710500466,0.033912660525114546,0.03028614740277158,0.005273885307063186,-0.004141408393100177,0.012600734215337805,-0.03238586563635004
2021-12-06,0.009771934111384883,-0.0027938403671101675,-0.02316001800948242,0.005862429758377363,0.00798134402444406,0.006909126004102539,-0.039526696221918844,-0.0075510779389473814,0.005749698254982949,-0.005662333944871811,-0.002726887020753077,-0.0002231766809290825,0.023101956755092967,-0.01359942816799864,0.007519090819497087,0.0242161195022339,0.014979885618787936,-0.0012064337693546978,0.0058068640228805535,0.0026165786858010076,-0.0013490325223370903,0.013630547073236965,0.025995726639104877,0.017861776843962396,-0.005105269202750229,-0.0012915609851271714
2021-12-07,0.014738973693693813,0.02417756519750003,-0.001406476277914237,-0.004758993278820567,-0.033559170421132545,0.014690380377890389,0.03509551363337615,0.017794273002263994,-0.012504684035689273,-0.013512784751317009,-0.006779980233813099,-0.012076209726902043,-0.0021666800537023523,-0.005029062924089223,-0.020869880315295797,-0.005166184372029425,-0.02437528904373587,-0.003309713243686341,0.00033125269711953287,-0.018805965539397285,-0.021848881887186367,-0.007561748403217994,0.010926504360412759,0.024623989035834626,-0.004226845281918745,-0.003380340791130809
2021-12-08,0.019697968557979006,0.001745709682962282,-0.0007419137596986758,-0.0045523545956200895,0.019079361223998115,0.004012306014212541,0.032922308545945134,-0.010599930578271022,-0.012435359392662049,0.003617984929371154,0.008758558320478338,0.007416404066862281,0.005250288171003259,-0.014489333719364006,-0.011715786236805914,0.02092277759175043,-0.005974162719880827,-0.00810547880886836,0.000911006215003729,0.018622553768734562,-0.0013408087182875672,-0.023571753155494757,-0.007204135682019053,0.0076823968054609,-0.006347121324011273,0.02759282283671305
2021-12-09,0.00421106470292143,-0.024253568473752818,-0.016666255760412918,0.006887138211790211,0.01286533164556014,0.0063106813603140965,-0.03997341618585981,-0.004934202373994778,0.009224040100983433,0.00870914486001817,0.011651983210638428,-0.01090957190898545,0.013549075347733974,0.01137578730681399,0.00898783421425231,0.004942595692181362,0.00661335295902743,0.028821750202357888,-0.020012911353809892,0.0073297004529354615,0.005919962463060147,0.000557905996090402,0.0009770554681630683,-0.01145560779640109,0.016071151952054774,-0.02663805314247858
2021-12-10,0.018464092455132697,0.025039991317563626,-0.014914240084672459,-0.012831096454320567,-0.008397546322135963,0.006047667414172286,-0.048456903349838654,0.08651644486533283,-0.0022690183610960535,0.006854281896656822,-0.005340965488330518,-0.01895717752953552,0.006124668874476713,0.026304631465211115,0.011273979530406653,-0.009761319612794916,-0.0029559449369069846,0.012597755880533246,-0.008468845945058812,-0.0012301510791257186,0.00644515007484836,-0.002706458151756186,-0.010011770596555558,-0.011824025538979432,0.002893794341676692,-0.02558988814661467
2021-12-13,-0.011538179201552534,0.015018932550258879,-0.01879244361867216,-0.0017262129994013442,0.031195745644483908,0.00623092872703046,-0.015544219412230165,-0.0384164447842168,-0.012708921695375075,0.02061014113391424,-0.003032392593861788,-0.019751671411368243,-0.004038059066422739,0.005769354258625348,0.023752119434106933,0.023510417456453214,-0.005093463575869928,0.0029829784278946336,-0.0024715732938662693,0.004348044829604714,0.014107598897924123,0.011227401320537678,-0.018159386015190182,-0.028535105672371608,-0.004253975462099269,0.005465491898848374
2021-12-14,-0.0005524242095953369,-0.058517478653652755,0.01874351305883093,0.009408474183351334,0.009005140565218506,-0.002464579490621066,-0.001904880164913192,-0.011129417986964762,0.003900972591933227,0.002382177453671974,0.017097112788862168,0.001357893007626454,-0.006314091920498477,-0.02671857524258936,0.010953599765871402,0.005228608816369551,0.008272827984155295,-0.0038434521792454213,-0.003396754628335552,0.0021412669157966358,0.004997412529444967,0.027468872687425927,0.01722075915690824,0.010973176538609186,-0.004985973743967365,-0.006778684607355978
2021-12-15,0.012160773602973407,0.008811786657090481,-0.005299682379619197,-0.011835356609802172,-0.004194443911914814,0.007084472357846927,0.03634840676372808,-0.009365666503535097,-0.013265802285200579,-0.00526634055377917,-0.021600651591429987,-0.015938374281498247,0.000682877127989423,-0.02124561273229686,0.005737038594400223,0.007382414846705654,-0.010281252931659823,-0.004403751099496089,-0.0045589391608693575,-0.0018373881636477574,-0.0034788835020662656,-0.006886425377133465,-0.03283461331515303,-0.0036191138472951856,-0.00638465426196122,-0.00651009339784947
2021-12-16,-0.030520664827348498,-0.09317143635270897,-0.013404892805798374,0.02661547795379604,0.03336501727173735,0.0020609725872250406,-0.03856602190748326,0.016667937365617003,-0.00064264179632334,0.021179214411648162,0.031649847317614,-0.0002730139280073818,0.027712725433053254,0.017461059500987752,0.022634491025869008,-0.011042257386096876,0.023136288323589826,0.005430695597758439,-0.014362537732862002,0.01974617600431261,0.010200657341550623,0.026983736008328818,-0.005145277252712077,-0.01517886807520874,0.019434864254210482,0.0015045221018953336
2021-12-17,0.003786140195320198,-0.0064057987720472775,0.008391633421711453,-0.012993840010184554,-0.023689390978959834,-0.035813559978581266,0.025451054677074758,-0.01821354248567386,0.059759464511278004,-0.013186006774900338,0.0219605306177435,0.0011893944234010467,5.8451449021834634e-05,-0.031390512860133946,-0.000825182054427609,0.006973283088473892,-0.009677709404226964,0.00020223955312026476,0.0029618818247177936,0.006369647228093744,-0.010198999912444773,0.003901882985895888,0.012230361328773753,-0.0006945112232863426,0.0036518600597766904,0.10535353687018278
2021-12-20,0.003265951657828614,-0.0009538416462868682,-0.03119929254935916,-0.017961015847859696,0.019034234516826287,0.01017401907638249,-0.00269141096647052,-0.006315594758380061,-0.007667620688412646,0.012294086580598385,0.00871951799670323,-0.027009313043522387,-0.023795590561179747,-0.009702857614011573,0.008617152901942537,-0.013597784076129882,-0.0006862155798097458,-0.0010386343053992997,0.023335635265421817,0.01940040736999904,0.018042882381431702,0.004543903742139088,-0.035388488554018216,-0.028303219043337213,-0.008748244860549925,0.0025265167290356993
2021-12-21,0.0013089427927046593,-0.0036811309342930087,7.74513852563885e-05,-0.0031969803255262885,-0.022229523652473993,0.0030879242867196677,0.01105767133892921,-0.00799433955731188,0.008285868457691192,-0.020227156571697047,-0.002745684984999164,0.025190842929694757,0.02293196288414845,0.0018356924663482932,-0.024879165415240934,0.009108155523491979,-0.01615603956944267,0.004535491542037473,0.0010518566057364787,-0.023703130186001564,-0.020729198217777522,-4.54526362927421e-05,0.022903380524033734,0.016255145761661982,0.005291612365219578,-0.010453607939957754
2021-12-22,0.005138551966278548,0.0014067605767955627,-0.01130858723328676,0.009183392877225582,-1.7524080785813467e-05,0.015191873296205083,-0.00875655042835266,0.016847025637441337,-0.018078408848552607,-0.0019596869978646403,-0.00413229163792006,-0.004770414985224347,0.00903618706385756,0.005412926427528442,-0.0022509459187614045,-0.021401094203938875,-0.011799465918931995,0.001210934315495349,0.005226785481422747,-0.005528034440467566,-0.00396430178614815,-0.014639212883583164,-0.0065154611768514226,0.015304284573955274,-0.0037096590484533287,-0.04172163410698393
2021-12-23,-0.002579888953031073,0.0037766810204946655,0.0010680952487263085,0.013811079835395867,-0.00491576272662364,0.005637002458272367,0.007059241674528094,-0.0007617426589747733,0.009218618932923528,-0.008394398128391045,0.0005587725649394137,0.012815924470619411,0.0024480761169873855,-0.000484112226599942,-0.0045268299226453035,0.008271537085026814,0.007272582248345261,-0.012611052530545841,-0.006467894205664848,-0.004125577779274359,-0.007341551248564837,-0.011615123783711323,-0.0018418451741564201,0.005273790251246968,0.01176692179407901,-0.013886988633460717
2021-12-27,0.009136126670745037,0.0003108446543618193,-0.0036432864114077645,-0.012966025439776319,-0.0054999263811859045,-0.0048770076422712805,-0.006911836924784698,0.013321295422568102,-0.004265215939384781,-0.006304428610516499,-0.0062605509273325755,-0.0036842959952942955,-0.014587661135746277,-0.01669239146397783,-0.004907890510470692,0.018794253704532027,-0.0039515847964894935,0.009059536566450088,-0.015418510251850037,-0.00835159068755531,-0.003884814639145029,-0.024930572562826714,-0.017232371563959403,0.01539368030274657,-7.757704352440165e-05,-0.03580601893729818
2021-12-28,-0.004757114697959364,-0.013392295348205074,0.005451110591437214,0.002172886209131475,-0.0007834010580742845,-0.0029705795327789053,-0.03356119754702103,-0.0009127987529639059,0.001751599943278892,0.00675082730194676,0.00868393234600795,-0.009444232052067014,0.0023144916314279396,-0.0031392565330681244,0.008489087729700362,0.0011259225519779648,0.006330071917182378,0.0043196084812244795,-0.0029205785815471508,0.01027368494709835,0.006200497611143163,-0.0025318340238635884,-0.011878563591982916,-0.011445270133817464,-0.0009888391855477074,-0.018569433932549617
2021-12-29,-0.0009000316283689358,-0.0015248530676620353,0.012062605329559384,0.002034552666136502,0.0065838675848608474,0.0047969395183795616,-0.0005900612060898425,-0.011035927453225125,0.0026925801617598832,0.003049138259204387,0.0040267816995880334,0.015664411822432944,1.1938047716153477e-05,-0.0210857402275606,0.004051892769023402,-0.010875625264533118,0.0029322788571886083,0.009420584792602993,-0.0016802316862898348,-5.027403585966539e-05,0.002137332532525793,-0.0058028282441559,-0.0014018951394270118,0.014871493878162667,-0.001774751019694043,-0.012067437220828037
2021-12-30,-0.0035885369103232367,0.00516799747016683,0.00983090078149007,-0.0030392209770838674,0.0073469248266719855,-0.004413840717912065,0.0034403474699382652,-0.0013874889846618998,0.007145410130831031,0.000122573917678781,0.007189254497341091,0.003389101065124356,0.002159135619760111,-0.006390305032223154,-0.0010999395407187418,0.007130398622882783,-0.001325714404254441,-0.0030233577647018617,0.005528471765891441,-0.006033896944209527,0.001255138316139215,-0.006615854345567218,0.008409702736092761,0.0017314795930124527,-0.0002720976258010488,0.050896948987766644
2021-12-31,-0.0009090543631640191,-0.003455939449205303,0.0031187454964036743,0.005828606003738024,0.01327488359788176,0.010411881273698853,-0.011201990625462788,0.01728164381376396,0.002935618932846884,0.014128062755388582,0.0007591146621536149,0.002226993856186521,-0.001999726464373519,,0.01114307613461163,-0.020634274348785175,0.0025697201466831077,0.0048763324884428805,-0.01313947805104454,0.009079067184317946,0.008649571230028519,-0.001922688600334732,-0.0025195785055004416,0.021277795896246454,0.004683215042836197,-0.032068342772257674
2022-01-03,0.018630199474283904,-0.011117822948541356,-0.0012560454209455951,-0.005116174324145684,-0.014081189041667108,-0.006131049028861302,-0.047526923934798626,0.04177199536010878,-0.00672209598944673,-0.0077179219227975215,0.011432340344792902,-0.021556174356638147,0.025992665487625244,,-0.011501460028544908,0.00013700757492118854,-0.0057547639557835595,-0.022090053072345683,-0.014789827941775191,-0.0037381288230120546,-0.010576685106391315,-0.0197384007634559,-0.0012016783236883377,-0.004215604026479136,-0.010292865349826208,-0.004470997570623858
2022-01-04,-0.012061929991246445,-0.01774484019880629,0.030202766957850402,0.054156016135570084,0.0017109774099972608,0.004869593925820981,-0.041955942252548284,0.11730407574068802,0.02522826639908904,0.009169551366677853,0.015184241652075547,-0.005455448385454864,0.012598781162153738,0.05026587550874062,0.007905659992055059,-0.005307833837725706,0.014639032153956455,-0.009204732133560767,-0.009782649136835575,0.003329657768766925,0.0020748847840328377,-0.00260374857931156,0.021212969968062545,0.013963550039619799,0.018381321097288295,-0.023303887946288016
2022-01-05,-0.007207161469003354,-0.05203324820970767,-0.0009613131035088873,0.0270506303554221,0.02646426856796813,-0.022961995218539477,-0.04349593838419974,-0.00734510481055306,0.008898638113653878,0.030375143359490542,0.020841695555485318,-0.011219308881295742,0.01542362120897367,0.059470371544573464,0.033839652965010236,-0.017334762533215753,0.015286865329487864,-0.0020950919780710064,-0.020580222163745554,-0.014762415556666686,0.022798756390125297,0.030790162745120586,0.010509263601933161,-0.02180225678230574,0.0068289833418002654,-0.008241387619586371
2022-01-06,-0.015729608160373276,0.0003611650409197642,-0.00020098410586433246,0.011157039040698313,0.002621434511858256,-0.0010580031242657384,0.046623395063684736,0.03477599865573855,0.005007678611643529,-0.001218995134941947,-0.019872475702860548,0.0009637690162076495,-0.00816809455052181,-0.00023620470786434034,0.0005188339021032773,0.02653652283619512,-0.00733763044093827,-0.004516624558131843,-0.024110243586704883,-0.0005036144955418154,0.0011938935414879115,0.0027841624578113233,0.0050817959887405895,-0.0015269531047006346,0.01065806091915733,0.00925515115113984
2022-01-07,0.005038500617035702,-0.0026018935505743856,0.0003563495917401349,0.01396053274885678,0.012715530735923464,0.002755889216403573,-0.05586348335942548,0.003232869254055415,0.007089853913076372,0.00038754261248019617,0.00028183983338170293,-0.016160461188793107,0.0031039294162643616,-0.013971461024211984,0.0065733352379895305,0.0020350857727687854,0.01500508236727538,-0.015896080684165703,-0.0180539167967233,-0.001754413539318822,0.005315510050740491,-0.04639541724565077,-0.04685455081392553,-0.0044143746692353325,0.011066452211270672,-0.022774462432037845
2022-01-10,0.0015570678354379641,0.031067043630911062,0.0038802122372914027,-0.009933362650317523,-0.006280952763058512,-0.0522032856008956,-0.006336377496675816,-0.02269981877724292,-0.02674196007979901,-0.004737251088264061,0.0029243844802986363,-0.017467509697063566,-0.01408707315656288,-0.005492059359130441,-0.006257151771015601,-0.009770895653028244,-0.012673697878530676,0.015220280314239387,-0.0007952897612294452,-0.02302131284842357,0.0019580381434716188,-0.03500884435586271,-0.04533090199971346,-0.039002175273233575,-0.028032858124587,0.0070353868532970765
2022-01-11,0.0076240285057134205,-0.001438862962759302,0.003881343392619252,-0.016784825631665057,-0.018693203373987055,0.0047732608546935396,-0.014059059963370202,0.0118044787618512,-0.013096902684331946,-0.012294006546997083,-0.025156417452671387,0.0022286627703667072,-0.0026198493813713863,-0.01614155499119485,-0.005728585322689161,0.010043234233696019,-0.00031049907350921835,-0.009081904517995731,-0.007326160044867747,-0.0071145121425220115,-0.009619509278178562,0.040301061298113616,0.009773556770709346,-0.00023705316483124683,-0.011332614592616141,0.010601279299500055
2022-01-12,-0.0002476516121721062,0.0018624252172636524,-0.016363654755469637,0.008321104165438742,0.004842877566228143,0.011804698904529731,-0.028801016099589294,0.002110270279208626,-0.0001956729326895168,0.006510489092354854,0.0026009127540842503,-0.017109665022461584,-3.302723785636452e-05,0.009313483431039993,-0.001182306604811778,-0.006137497282080129,-0.00035922530074317116,0.00030683689788113533,-0.009511037376427556,0.0035327758079877203,-0.003909150956394991,-0.0038990695229557115,0.006080702807815586,-0.003546083382574561,-0.0030543266621207987,-0.03305022183698225
2022-01-13,-0.004784543358027693,-0.01481506729337867,0.01346451136700455,0.03492706645467947,0.020968887459095642,-0.018081721735374923,-0.04899346581669939,0.0367203216713754,0.019941893490287077,0.018839504548863628,0.023001942333761738,0.035333311969991454,0.020260322073849535,0.04162031114044695,0.01825135920464027,-0.00610075383379316,0.023160886450959817,-0.00892181096904332,-0.01929947598028281,0.00770781738994708,0.01585414781591621,0.007658148639721474,0.031883006877330144,-0.0014009331005251369,0.0106928478267877,-0.03585886405004757
2022-01-14,0.004290656838577878,0.006337982580164159,-0.02577129158432878,0.007726435961308287,0.008183546167304101,-0.03769417732894498,-0.019405148416020923,0.00597427432380937,-0.00644719096313251,0.013360985559897953,-0.004901253236270664,-0.006844040801615936,0.006270216015962005,-0.009304614555929347,0.005980610858702606,0.015781183501808682,-0.013415453086327078,9.68122851052744e-05,0.011680060140181192,0.0013728618989579111,0.007562003155053176,-0.01534968921872193,-0.022741999995348317,-0.010525078694689882,-0.019492518716728968,-0.015502304718846283
2022-01-17,,,,,,,,,,,,,,,,,,,,,,,,,,
2022-01-18,,,,,,,,,,,,,,0.02350503157652295,,,,,,,,,,,,
2022-01-19,-0.011335067025954104,0.016001128857224045,0.016887264206950303,-0.021347175445556532,0.006880067112269406,0.0050905755353691795,0.007548700888733717,-0.06947390840468404,0.005189462516377641,0.016345363478707298,-0.000540608601724335,0.0051950897789688755,-0.005516578553901419,0.007813995893093062,0.01310343325063068,0.014215562596367248,0.010811148911175406,0.004638375674919426,0.01959550674624022,-0.0047171899948412754,0.016875046859638254,-0.004621569988287,0.009422620247208191,0.006230795747471762,0.0007884664644615125,0.006709191647676582
2022-01-20,0.0006903745339311707,-5.4825611245035155e-05,-0.03375383174045532,-0.011655040165134745,0.0018078189658791155,-0.016295223552343252,-0.012562021517617983,-0.024597141367878828,0.005287692739390226,0.008632973367888819,0.005261258900193022,-0.028691602253575366,0.0201024625752263,-0.006412436324938153,0.013404201428576568,0.0015565713710655738,-0.016472637993034445,-0.011071193693763859,-0.0037146432525698714,0.011494034287896748,0.0037891863835894934,-0.0014885705564452456,-0.007649155761244586,-0.022782056428149566,0.003823019126026783,0.0020060345551330405
2022-01-21,0.006149535810474949,-0.0025004709004141645,0.03524804455122721,0.007189707327750483,0.032839059588490316,0.005495582137784227,-0.046625937895096836,-0.02727466736586459,-0.004336413723237342,0.0248898775738694,0.007678157808551855,0.022675761682202755,-0.005590816590728687,0.0015651844772813783,0.027769387507058485,-0.023383625636718364,0.013614537115524072,0.011964804947284802,-0.19898976439262162,0.02348064925269211,0.02052438154066294,-0.004533245320124446,0.013201901441086128,-0.00806847661748944,0.017234063245773146,-0.03339243712822548
2022-01-24,-0.007636006784868754,0.03673531100109351,0.048342886863476764,-0.0016505383225933201,-0.0122494837828524,0.013287557665475402,0.032229881758298884,-0.015362413995979929,0.0005357140718966757,-0.004918006108317052,-0.006868991449793138,0.017837241810467974,-0.0187118707809808,-0.0532374015973488,-0.013742848849585987,0.015501815417705567,-0.0019030870742553496,0.007009579552701428,-0.028809470953749416,-0.018679637455521703,-0.007880154536170414,0.0467264691546283,0.042098610048091345,0.04135848347544746,0.00802304430458145,0.03305375987102899
2022-01-25,0.0007873282197751186,-0.020426278712037838,-0.020872409072421716,0.012078475314746262,0.004458515047736533,-0.012944750088907053,-0.04579247656665608,-0.007935798909433411,0.005334871679318565,-0.013588357619517932,0.06868469433683955,-0.02408304090966229,-0.018335829226601263,0.019785327415358323,0.002853824281737527,-0.015556180594242686,0.017669747202149644,-0.010666534248872761,-0.041373279162908116,0.001780141879096253,0.0006907438760710427,0.00298282167039432,-0.0069432125062588446,-0.020993333920046875,0.0014433437630487767,-0.033986954154718196
2022-01-26,0.0009333944138130157,-0.002302703063513878,-0.009826274644584965,0.0014032728314181675,-0.024873637152766248,-0.004077683844206703,-0.024893508865240332,-0.0020071228060124513,-0.002109305759646407,-0.0017894264024205242,-0.012022855994983317,-0.030884425329019027,0.018913196719831826,0.026053436319410594,-0.003878009666595905,-0.016894169927791802,-0.024115098354147824,-0.026233610282510145,-0.016842895336530495,-0.009626639334678111,-0.009066917661978868,-0.012225253439077544,-0.016655912633031233,0.004530052397737516,-0.013062311322509457,-0.03661425305385069
2022-01-27,0.0024406030768067133,-0.010110829082297434,-0.0030766651321789684,-0.0045090220718543295,0.002453538764716545,0.02459320664934661,-0.007071747955755825,-0.012697147640616135,0.00032566485697149705,0.006620589803882471,-0.007575791865281123,0.08904542432231355,0.0224154137796857,0.014460836954606426,0.01814282958945701,0.00541801620766913,0.010463996407224174,-0.014215997148883885,0.08044655349535867,0.0023164212262026806,0.004440091279429459,0.0227511615788607,0.012997057043384164,-0.0009187602338835976,-0.015570459663346692,-0.019699672565821058
2022-01-28,0.0454301880937904,0.026580222442094348,-0.008322359406978341,-0.07624000852476909,0.019641545739295996,-0.0055674967218035665,0.021589030555826172,-0.019720233483964345,-0.01256746500749606,-0.011691382988135546,-0.009406495898302447,-0.02888894576629575,0.06688581855650577,-0.042337850731569704,-0.039910262101680694,-0.0003523585724709566,-0.06583800116832106,-0.006283100971363975,-0.030398780998514674,-0.017325438965139606,-0.004863655448341664,0.0003623068944669239,-0.008967336076594945,-0.003726450355577171,-0.006793887613602223,0.02681820447451888
2022-01-31,0.007239769475143154,0.01226275809613564,-0.0020898003721132596,-0.01689752525846,-0.02228395625229984,0.007448012381013003,0.05737307612290099,0.020008446315598505,-0.014473831531792491,-0.017666672961433427,-0.02580044017228056,-0.018429947288091775,-0.00876869816546555,-0.01802725943976835,-0.009701774440228128,0.019395791573219023,-0.0009827674477023152,0.0023362172259819847,0.09241594716980517,-0.0070548403236756485,-0.01396313442503283,-0.02330371545187493,-0.01038225566182005,-0.005202581206775525,0.0010891028454769192,0.05391845267893203
2022-02-01,-0.0078356574455416,-0.0037187162395089235,0.004922106449175567,0.011940374843155022,-0.011733958929418087,0.003496316498671881,-0.0381846110927756,0.010870925337723936,0.018110652493707136,-0.013662483112587887,0.0078107968255749505,0.040104544709826495,0.007837608419533959,-0.0035738414124959483,-0.012084423971215674,0.011460454610047188,0.0016299886138613218,-0.0074666088090979965,0.06334818012986232,-0.0022167810416831024,-0.013663314219945932,0.005894664856376464,0.014217373216567797,0.016725321400131277,0.13398050555801366,0.0022113671160479687
2022-02-02,-0.0023782110660253153,-0.014814421336720174,-0.023359888142447938,-0.011419008045746248,0.0007588214377860503,0.0037512933447010344,-0.1022196371359757,-0.010874751078993827,-0.01013674512821694,0.0049340241711155475,0.0032683282302325978,0.00015968758583873033,0.002539834649057271,-0.020254908319677245,0.008873826782930694,0.003116532285024398,-0.014021501132753467,0.015858182394582476,-0.06990857661083527,0.0021389791568651173,0.008739268714945458,-0.009148574000690912,-0.00013196325685149723,-0.011114621351986043,-0.0032672408218679116,-0.05804785217377717
2022-02-03,0.007671340458684117,-0.017365542811053958,0.00470419200189065,0.003165260033937023,0.0229373647284421,-0.025895609448614576,-0.05587546921608777,-0.0114786914859486,0.006521186649846689,0.05148882589999548,0.028252764520869,-0.011847021103485122,0.00755418352161763,0.028569709453623693,0.024979984743525918,-0.23950970837921848,0.010770456931080918,0.015765207667610137,-0.03121105037980343,0.009075510237285145,0.02382108111567305,0.12659945054320976,0.004447082191149865,0.005746532505859214,0.009656774325229933,-0.04427408656096943
2022-02-04,-0.006836238057692512,0.00014814526098683167,-0.007937680504400357,-0.016024808209767927,-0.025149072066191547,0.028592024563167673,0.04769435505097874,-0.10219085747084578,-0.018136137634950034,-0.0107476000376735,-0.009729750791121372,0.0011096244913282316,-0.025332684646749648,-0.031846585092052626,-0.018698308096397942,-0.007975012109295743,-0.027421081911150003,-0.005326828625190738,0.006110252143749495,-0.0069364938371773155,-0.021579254959625316,-0.003832191083805947,-0.0015042054203864286,-0.002497643772928937,-0.022210757430542127,0.0395001931824317
2022-02-07,-0.0005327812103211871,-0.008838639040633756,0.011447355433121587,0.010808294135806085,0.005286036329854582,0.007148678963492472,0.01858916322518067,-0.00019568476066700313,0.0021449392696454295,0.013219615999712664,0.004358379139497881,0.011708879254125115,-0.012180010145673492,-0.00027890447771550253,0.010565663403120373,-0.04767111122886947,0.0064392617205697444,0.008116561898718011,-0.015973037838641457,0.0019187003417706627,-0.0002406703959211276,0.012879814366106856,0.0083804089220747,-0.0003176491254218705,0.004902873369369454,-0.014757715189281817
2022-02-08,0.010065435193158834,-9.911410468599335e-05,0.010865028724385661,6.286129498489501e-06,-0.011762987501481414,-0.006334168741340518,0.03265726188595042,-0.01790373521706279,-0.007867738791486723,0.0027853095947474316,-0.010004334645539181,0.029719531657670162,-0.01308041565822704,-0.008401207191663262,4.581347872512076e-05,-0.02943186763981709,-0.0007074909642927896,-0.009330921382020296,-0.004844839132662093,-0.01554585744947612,-0.007178715911881017,0.019374193941827045,0.01591997154496516,-0.008483562593004645,-0.007779055548004399,0.000436462339046928
2022-02-09,-0.006223479736334747,0.005900938620982954,0.013232361212872634,-0.004095278562039173,-0.017691594253483767,0.0012250685522845473,0.02357671723865251,0.021035878858412405,-0.012958838541109463,-0.03074903734859258,-0.008897747738030759,0.004270183469809341,0.004180766377383849,0.029591744513519203,-0.015840086718858615,0.039166079137247234,-0.006943855753858363,-0.005591288276096895,0.008678113627857531,-0.005522093579566345,-0.01498227292051968,0.0065287157244111604,0.013772615753375739,0.01790735132608723,-0.015094500878536476,0.033909476139967865
2022-02-10,-0.005483134821901436,-0.033115728066716366,0.0009960617719596554,0.015512427835131293,0.0005002371351986445,0.004273242740001404,-0.006302812058508356,0.003401932463301116,0.002434290232374514,0.01703513630550657,-0.0012010344073151158,0.0005130074495648396,-0.00018652433841392924,0.006916456783258806,0.0006055081490548009,0.0011762049324961499,-0.005717059730731444,-0.051653795321466855,0.002082338083627122,0.0015264777904457905,-0.002647559161518709,-0.004916680333516332,0.018361508729616394,0.012717367160938409,-0.0013894082000661667,-0.007820134789511934
2022-02-11,-0.0012488949159001894,-0.02355405634216845,0.019964523564909187,0.009957940490807893,0.01076370438143226,-0.02805056817879592,0.010160151977301468,-0.01034499706596681,-0.015139053314635054,0.027670809343636527,0.012753071519233328,-0.01985307536468761,0.00662920751120144,0.08620963140847249,0.0179210655507529,-0.018387625683203845,0.01771753564525902,-0.007443605868564851,-0.01785330940917318,0.03016290335141336,0.020216818957718652,0.013774872664546356,-0.01885009932016435,-0.012687442606697852,-0.013611638500128254,-0.011774408474609865
2022-02-14,0.005263793418139762,0.0039250082814946685,0.00453668512589489,-0.002867928736038805,0.0031541970136830244,0.014081197408572721,0.010047760424562013,-0.0012874282892558764,-0.012308475880414838,-0.00512651951747034,-0.01530185513195692,-0.010362858314785894,0.01571277809582361,0.0020941037660067163,-0.004555379833175444,-0.004585690752183513,-0.005749459886533637,-0.006298264349643201,0.017282649563909902,-0.006137614790155732,-0.0073112408185094235,0.012114943764403585,0.0005226073566937384,0.005165887200253905,0.006182694251053333,0.009858656848555802
2022-02-15,0.007385484847370671,-0.004184707877183502,-0.00036515812793269653,0.0018430819432044832,-0.024888462627009167,-0.003655718698659438,0.023420182690881974,0.019743139526840592,-0.007274976327893423,-0.018078189853218518,-0.017380092679437187,0.005394990793225141,0.003957658517941942,-0.001367428408502347,-0.019848674831438706,-0.0006083056837398182,-0.020007036006779555,0.026700918192882117,0.011693672861703197,-0.010412314727809902,-0.020205964994850056,-0.0036560472488313955,0.026999257803426158,0.0311104338992243,-0.00048563123530032115,0.018085046600147425
2022-02-16,-0.002269772001935455,-0.004635092621314785,-0.02593262563054488,0.00024935500010991873,-0.007604179365160668,0.002760897053321054,-0.053700969904485696,-0.004752947689026121,-0.0069143679808866265,-0.0020146913445113768,-0.006730199854751873,0.0008824464521373088,0.0027616463515920397,0.004955772919330359,-0.0033105163602339394,-0.02106215812282619,-0.01174935918988873,-0.009360594608961992,-0.023901866534085325,0.0008417901168842334,0.0011674913853485513,0.002503813733275795,0.004275712944254995,0.004255134239050218,-0.009856634084288607,-0.05799488875142045
2022-02-17,-9.614207058772362e-05,-0.020673251299621942,0.011136015331258409,-0.022531336269585367,0.030753394645856358,0.00704704940112344,-0.03751217826580955,-0.004923628358771914,0.000912030667172048,0.022565821715485268,-0.011416896561259882,-0.021080421656521686,-0.0029304621107765216,0.024338436363790072,0.026499643402560946,-0.01960447557874545,-0.014508724265492212,-0.0018586064425832882,-0.007489414068950095,0.019687625568632794,0.02387889811624555,-0.0016575982423815416,-0.005213400140582691,-0.01153129263060404,-0.00019138685655839538,-0.04474260790303164
2022-02-18,-0.002189847464850292,-0.025933386744202314,-0.00216163080711973,-0.007160654638168951,0.026041984062900037,0.00289389209310309,-0.02968028775763909,0.03567248601024531,-0.002371561152327506,0.009937888066510192,0.002204792798410682,0.019114792871087083,-0.002868398047381482,0.0009869226114594953,0.006257911860449883,-0.0002960284502058208,0.0003038201564192766,0.015965966171884727,0.019114380878515247,0.011081297892376885,0.012923528911277238,0.0025896461047562047,-0.0023695770747375056,0.02534450866488913,0.007978844171149468,-0.011538473841209207
2022-02-21,,,,,,,,,,,,,,,,,,,,,,,,,,
2022-02-22,,,,,,,,,,,,,,-0.0007986273523995502,,,,,,,,,,,,
2022-02-23,-0.007451926803773601,-0.0020029816573796655,-0.0027917218579283087,-0.005331505625079003,0.014069620679217909,0.0023478733598306656,-0.021393335761996313,-0.0012523757198531493,0.004867008375777582,0.02108500361333343,0.0034831658263684284,0.0038335521612159473,-0.0007577096422102247,0.023192378972603178,0.015553579707256904,0.00044873863418870563,0.0022621364627619656,-0.007118272034277728,-0.007874394911383753,0.022536364821690524,0.008551547988248198,0.0016523186726036254,0.008301056110869065,-0.01706446799298844,-0.003074372149160731,-0.033005633294213466
2022-02-24,0.0017233450969524888,0.06507573012484036,0.018327736139884365,-0.025563808166287783,-0.0278333029811495,-0.0073952387724944835,0.08503457224160704,-0.0031573955047292657,-0.009929787235156029,-0.04339124574106601,-0.015776054545250995,0.006309834354333965,0.00760512478277553,-0.07992899096409745,-0.03954942149259333,0.0311505382526176,-0.019666685719209154,0.031566115932269545,0.0464647971419383,-0.039445428595320076,-0.03235432212317346,0.0033237710170128665,-0.014956856067329216,0.035793668172859894,-0.0017035971683152518,0.042245498919064595
2022-02-25,-0.009407389081453887,-0.018664339952308096,0.02403474145610529,-0.009540699919152074,0.015918960614224043,0.004291463132414908,0.13976838184438556,0.01727722009782351,-0.0001422399370494265,0.01578578444172085,-0.004253335481663623,0.011126867657616168,-0.023157857101222423,0.02516317834920212,0.010264527333859741,-0.008499996352810513,0.025017840972064942,0.0020174185797647848,-0.020398381261545362,-0.0025919083905885376,0.005651080834975453,-0.00781665146961763,0.018485246929417,-0.009024662337020706,-0.009051646641204725,-0.03536788526382284
2022-02-28,0.0040804508886939095,0.007039381572666925,0.010895121189062107,0.005222606213976078,-0.006169544409793448,-0.010876108608441903,0.04239155503666325,-0.012700381657645976,0.009464957201572255,-0.007639566443715107,-0.011005577277756862,-0.0054417899541654435,-0.01996378917364605,-0.023785587191433533,-0.01673041366355288,0.005055741581731277,-0.009915423407893864,-0.00730576620918022,0.011961483067627232,0.015374036370143007,-0.025114181232501975,-0.015491413357760386,0.00587756266657069,-0.0070001115461491015,0.0046812305640243634,0.060533941027780425
2022-03-01,0.003845591215071109,0.01333528948339524,0.02106128469449242,-0.009849004714811871,0.005662676671952194,-0.020769887248449193,0.03251785386474593,-0.033501134569908886,-0.017639394727382962,0.028328284046341468,0.006004757143532435,-0.05560822091402784,-0.029812242020466284,-0.03768292225323133,-0.0019364794859657586,-0.020255955376745405,-0.010762557604743095,-0.003670662430418914,-0.005514003214944552,0.01839586084146627,0.006495799734777541,0.014824197778245729,-0.03562662412897699,0.0008139836954319524,-0.007528136748180758,-0.05858386337998367
2022-03-02,0.0019455533691712379,-0.009000109965462855,0.019019244903176524,0.034849791538267505,-0.017713971647339788,0.0029267118712177354,0.009923295895002848,0.06518953123766424,0.0015520301420033356,-0.0031689656720896853,0.002041328028937972,0.00892393507331768,-0.019774841942222232,-0.054464632124741175,-0.013047447585432081,0.004061295620023442,-0.0015789992079593418,0.011328045205934778,-0.034720834581307036,-0.021633271121961895,-0.00477682451602246,0.0014986114669321982,0.046804374437741325,0.015204602093346953,0.009959479660968773,-0.02817191622855142
2022-03-03,0.0032733214514515385,-0.02042555406229929,0.09748002755156371,0.016884283146387347,0.028146090438519344,0.0067972622884096,-0.008631651023167652,-0.022369829943576947,0.014650272318193158,0.005783538356408657,0.021967030035179302,-0.02342265127051124,-0.003754582695753461,-0.054845187017618424,0.008500524716499092,-0.01944394436634833,0.012590771913991272,0.00022531902406353055,-0.026216512091889355,-0.0054359716400906866,0.004184011136645682,-0.008199636168440105,-0.026375697370696893,-0.015217148926644941,0.009841719238659286,-0.06464090101781184
2022-03-04,-0.010474255653106224,-0.007204891606532926,-0.028746403634813733,0.012090940711472431,0.022954352189358707,-0.014345485164643401,-0.04344905619670292,-0.03467956482823242,-0.01936023107127416,0.03041899548371152,0.01341318872737518,-0.05730410152742427,-0.022066856100651733,-0.028770844744005042,-0.00870454979379054,-0.0064030659248078825,-0.0026526741736191406,0.01420726600052058,-0.009290911521360301,-0.0049711825053301295,0.023123632608319955,0.002365882001459818,-0.07623694091244493,-0.010610720837783916,-0.0016691439482774406,-0.028932707926578538
2022-03-07,0.005800697850112946,-0.001800275564389775,0.016417244564824407,0.034833696112950285,0.039648152044357676,-0.04685837012139227,-0.06337622151551392,-0.022707317823886575,-0.03317413146554771,0.032149517671679506,0.025174577650159957,-0.05453685842754519,-0.024418268431991463,0.019000815361239654,0.009151644157504468,-0.03341291201970298,0.00600565372987949,0.0005891828595321336,-0.002190556708430491,-0.014429242961655264,0.00960870754826193,0.022052609664297562,-0.08927463535543445,-0.013889009872384173,-0.014257557719812186,0.019787984233836764
2022-03-08,-0.0044424449987026104,-0.007470455499442474,-0.026955982963570935,0.07484926446641904,-0.05559183433999426,0.029858497035134435,0.014070520883547766,0.010990878071495902,0.021655114862565328,-0.03667884888068562,0.004140311784936013,0.011127057355120873,0.011739564229537813,0.00043825989189771875,-0.020433066091114838,0.0222760368943401,0.022029821849501308,-0.0037587517097631418,-0.01703399801264538,-0.01113670765372854,-0.020959809673202212,-0.017539550579242946,0.016885164371877148,0.030549204325305612,0.018318301492958544,0.012888190168940716
2022-03-09,0.009299333320152314,0.019119021806149883,-0.019666228403515174,-0.02674577139911183,-0.007444251088760012,0.00335634644345828,0.019739943813549488,-0.004488149204875835,0.036707132096014394,-0.02143351120801329,-0.021401669633500875,0.019177279060916375,0.01820498241530788,0.05079288503971369,-0.017639001019683187,0.017446585995098518,-0.017445110447794843,0.00965413442532248,0.02413213000760761,0.022304338615223074,-0.02867516628558675,-0.0032300952868422605,0.08068454121918212,0.014104573628838102,-0.009130765463512214,-0.02025992197289339
2022-03-10,-0.022894191674547315,-0.022145924586065346,-0.025981553593050655,0.013873263058496788,-0.007453137799598553,-0.01126575562355625,-0.04919081091907329,0.0018483709710070961,0.016104027272191734,0.005560927889467493,-0.010523754882878489,-0.018507748620101516,-0.006496728948332864,-0.032702943705014254,-0.01414505012556988,-0.012282447535768681,-0.013920895989508075,0.006998166840564979,-0.0013383173413239469,-0.01348518722611991,-0.014068927030242984,0.017247072724318135,-0.004348071741342441,0.02052496464742326,0.006226171819429638,-0.048421790157266
2022-03-11,-0.010947371304714348,-0.03845662709786102,-0.028291240690471398,0.027315451041582617,0.004933933864392892,-0.020437654228756208,-0.10201869185896051,-0.004796961798723909,-0.014856750038766853,0.01076807878911612,0.009825386619878196,0.0015668801616496308,0.013577640239535227,0.004499882602673422,-0.00432567221025415,-0.02597100944900077,-0.007673616426822627,0.0105773867207819,-0.033146500084918595,-0.008724514226875701,0.007913068413515467,0.021298850039545125,-0.021337004086451672,-0.015664823570253117,-0.0028702764277861448,-0.0374594264447925
2022-03-14,-0.019141403244875455,-0.0042990725270368735,0.007949613631785035,0.010260534713167346,0.02297523399537693,-0.0449955019061804,-0.016582986493283824,-0.011282395749040774,-0.0021953457705790047,0.017289407663673262,0.00725960310391327,0.007421002465963666,0.01912075867566776,0.04445816294969174,0.011142182607331352,0.0021974981391783555,0.02529854370253204,-0.0026703776655008227,-0.019935594705856263,0.02133779761571153,0.02147192091742578,0.003407114220261409,-0.010337234413760554,-0.02240185298087438,0.009383051813371401,-0.028045806130867712
2022-03-15,0.008268793638271488,0.003281592687232049,0.025294522274736497,-0.016674399233548964,0.0026006073867694823,0.012619807116670101,0.0348794893795612,-0.0010782321048494747,0.002747173197961361,-0.011200961642938712,-0.007692176473200085,-0.0005521829330872308,-0.001901040124204334,0.0013035446495166525,0.009430590281882312,0.007525692679901885,-0.015623782233230799,0.005928505876779067,0.017079634449645997,-0.006778854073212326,-0.0014588300156737066,-0.0035959104832785638,0.020381451396747963,0.01735853338968174,0.009085639250811184,0.024343770070250237
2022-03-16,0.006631825804260139,0.026707880035584886,-0.02460454608666862,-0.02413905309237563,-0.0411812447143971,0.023888655018829752,0.04826749455967305,0.009994688514151973,0.022475959890679187,-0.03732488751541463,-0.011240792514641607,0.05718629655300722,0.006511755330004032,0.02782566907769457,-0.009632353728595167,0.038023523468308396,-0.014068507743119962,-0.0129948778589839,0.01770346342974949,-0.020763636763807547,-0.017981306328511693,-0.010663883240445982,0.03195489428805098,0.015663534396586742,0.012623256259038707,0.05713523450134472
2022-03-17,-0.005893742626550402,-0.00782661297287035,-0.007795072584658946,0.01366103567159227,-0.010390654984123504,-0.006773081125589497,0.046466884325103486,-0.01234781757145198,-0.003274300084247006,-0.007437800238038861,-0.005106050984504673,0.00807039422875877,-0.007241476249435275,-0.03165529252570887,-0.007182313240921445,0.008326763944540572,0.002634078292615971,0.005021385361749564,0.026446160598999846,0.012722847513776614,-0.004583244625678162,-0.0030334729105145897,-0.0023641105501037707,-0.007678709773023984,0.00793663504022235,0.029303293718024204
2022-03-18,0.009256455514754514,0.008524043988329622,0.014020172107851003,-0.015225649933142238,-0.015157323197350192,0.0047845994197401875,0.03294532552026341,0.0052256272606470144,-0.05144640860285976,-0.01156568684610515,-0.005410439128273881,0.022500748519048264,-0.0011264591361372922,-0.03306856116064494,-0.02386720246865426,0.029956304673358858,-0.0073966800864793125,-0.0016527981609955056,0.013108895230255602,0.016108928847779147,-0.0001673856675832308,-0.025388513196667684,0.0145199728431884,-0.0015411684629074163,-0.02308727827453516,0.033175496732113174
2022-03-21,0.00897210845687968,0.001008215549994862,-0.027059537885405605,0.013109395768776011,0.006624203759648228,-0.010039727702771062,-0.03828152698613296,-0.022104020021062043,0.015281163009049914,0.008319381146340232,-0.0046910213991362415,-0.032128059901726735,-0.012447958054005448,0.011451741711275387,-0.0018414221570310918,-0.022660984463622635,0.0021876656413757356,-0.003941240352871356,-0.015356241314628871,-0.011156685873158212,-0.0009781393798963256,-0.009079514629335872,-0.013363864270633852,-0.013776922089294596,-0.0051163260756121876,0.0055086539420745595
2022-03-22,0.009496746763185238,0.017047516666700124,-0.008678728230774313,-0.015774132574714272,-0.008023637684668294,0.017640652493290165,0.030728609727921574,0.02571059880938331,0.008546355860045152,-0.011591805740670758,-0.0038101839385127345,0.0013789219772812888,0.00012636194321702376,0.001961841077984472,-0.008045179297428318,0.013093933880754527,-0.002150725138134746,-0.011217934514722971,0.010933537998408571,-0.008896494498289442,-0.0003542232808695367,-0.013526829395765216,-0.012096134731087282,-0.0007251563827845864,-0.011944532412365816,0.013766479676643684
2022-03-23,0.020506286668035445,-0.08109211452596521,-0.006321307027745582,0.009848155059964392,0.0049153519536395684,-0.017773203669128934,-0.02671548859227013,-0.011717952920401897,-0.010237055861016753,0.009680029586033423,0.006384031910576571,-0.018074135799526547,-0.008755784460831584,-0.0008195743868820715,-0.0005583145531304901,-0.0024512989229068527,-0.0027999374977150104,-0.010606393486429888,-0.009742304571066063,-0.0018282518073751142,0.007039729808012374,0.005430541824412827,0.003818450655797334,0.012375350604224788,-0.005308154159941791,-0.012685610200802167
2022-03-24,0.00833396030269773,0.007505273377163446,-0.013101455980912613,-0.014163792958897359,-0.013314501411145763,-0.0024578621620741092,-0.024942596811196704,-0.005351144654039297,0.002137018587627937,0.0024062212704540897,-0.006939459638840351,-0.005898820823335482,0.00660992725231857,-0.01750254069479662,-0.013192203058983054,0.014279708506758082,-0.005541261229642158,0.004440771542725486,-0.011086207001129056,-0.0037347817906849823,-0.008288312073092108,-0.0074546183207921946,-0.011146510161971435,0.0011772334924808892,-0.013971034046900588,-0.006296635623649127
2022-03-25,-0.0013320261740252803,-0.006269529464155377,-0.009305477026837372,0.00010898007473003624,0.0024410616776286975,-0.011535641873441027,-0.06636014742704621,-0.02645654732692937,0.0013303960304529294,0.009751218658655691,0.011181548960724541,-0.009007131514933153,-0.006010693084975149,-0.0036402577060969943,0.005944636776654466,0.005181071004300319,0.004868016913906814,0.0008202022121264196,-0.010016819424410572,-0.009731833560782,-0.0003844561983039618,-0.016204570030879606,0.016182172554194407,-0.0070113732270979945,-0.0018518691237627838,-0.037507781563833054
2022-03-28,-0.002108487006729387,0.03546200189981685,-0.002679884855758985,-0.01390524278333749,0.005716005436219529,0.002786091277484193,0.03986219116857215,0.0049984658378026126,0.008259020990825316,-0.005839026711625062,-0.006231315232651857,-0.005166625284631632,-0.002933273682692583,0.003929215842121803,-0.006332260324729555,0.0008345217104881453,-0.013724679289851438,0.004559172206237472,0.00532002904575668,0.0014489139514390903,-0.004179517909725483,0.010555479563563841,-0.008445421576381507,-0.006107155255050678,0.012358353591640947,0.023751179487194962
2022-03-29,0.0068778588360625115,0.0240092610044651,0.02930240090243652,-0.015907904744510315,-0.0063108353699641295,0.014074441837758078,0.019358907279229065,0.05253034154553071,0.024779247628172296,-0.011837020817426769,-0.008681787161574528,0.04154387613212296,0.036418366947100766,0.033745658548159696,0.011943511031776932,0.015785836766978534,0.005205088589731011,0.00012015723788039168,0.022907580491756896,-0.005672566949197266,0.002586745529440382,0.003080601671314298,0.033577039549322896,0.015608297084302114,0.0009520785783014851,0.06275414152013004
2022-03-30,-0.0003556614338032782,-0.00715169084499423,-0.03658467488815664,0.01552299103131971,0.00038313066155282183,-0.013957000117592044,-0.052200567369786954,-0.020748485155137386,-0.007622448908342183,0.015187990296137599,0.007733884824184134,-0.029303207900099104,-0.008153538734309018,-0.01614466131077774,0.006931662811894501,-0.0024507074948985075,0.002019748215303596,0.017846588900603866,-0.020121487114655,0.013988862338452979,0.004926569794972302,0.007695351758441937,-0.018357970207315333,-0.005391416676470584,-0.0038209628082971347,-0.024357358601670764
2022-03-31,-0.0021233672065639198,0.006001620257219287,-0.04169474349769686,0.014486978696595987,0.017164095215767228,-0.00884956306708784,-0.060744597855589944,-0.005192857209391666,-0.0007558115864216841,0.015560443653711564,-0.0003165028208590437,-0.024658429358659806,0.0022361520640704624,-0.00791277158289927,0.016130504595161854,-0.008442246926411379,-0.001186911366115817,0.021550117132220326,-0.0023829466619814665,0.009161574530340832,0.012199273983548808,0.013630992920184326,-0.0359174190097441,0.0068659849464147715,-0.010414706644465865,-0.026507734296606356
2022-04-01,-0.005128371525714104,0.00223045901820762,-0.00913094702395123,-0.017098407984310504,0.016513330415458327,0.0042648428498957,0.01887819308725791,-0.0187857912029461,-0.04723221058206861,0.006468312741218618,-0.0024105391427564626,0.00013231343717756694,0.0150295880191742,-0.008425166071918344,0.008536277799852776,0.007787832511394921,0.00203024140480923,-0.020173208753399785,-0.0064001452414953475,0.006735672389229119,0.010808700014351968,0.015366400490856025,-0.0314048771289851,-0.02852196978275634,-0.03987385728281656,0.0033286093145667994
2022-04-04,0.015602573155433674,0.015087208064778368,0.03572424490485315,-0.003358695494426689,-0.013517180374208349,0.0072509729313909865,0.06369178384753194,-0.007490350766458098,-0.02282565680197013,-0.01837567346023372,-0.00716887467459193,0.019140525666709207,-1.339189958748932e-05,0.00403703278816514,-0.015803772971141994,0.032113473695596806,-0.00915970208982475,-0.0007422386906721368,0.04018606878033504,-0.0064167034989550675,-0.01068266322645317,0.005904050154469598,-0.005321695786506542,0.018697979615616145,-0.01501117514490602,0.04495093823373164
2022-04-05,-0.006390224686964596,-0.00926950963184936,-0.006740371817836155,-0.009141046190286106,0.013444646290958762,-0.008839532900631886,-0.031217035423654282,-0.03786845368916891,-0.01937619854004846,0.021280581837418877,0.001958508171981288,-0.019848923370380023,0.0027673038517967985,-0.007678681508779928,0.012075686174296663,0.0037869624655162415,0.008338524717653728,0.0024636420431389805,-0.016439392659074903,0.020224112429554353,0.013614717459117465,0.007800396880155325,-0.03577737197397046,0.011874411542414753,-0.02643261806966346,-0.005633040691825353
2022-04-06,-0.008733887579148059,-0.021357269825857395,-0.006063342611097866,0.010596463884451013,0.021411524581518848,-0.01936679342812997,-0.026685857741698293,-0.017463937936102347,-0.023595932843629597,0.02500932398421918,0.013596036942608802,-0.005503661411717653,-0.01717402198203133,-0.0018776515556621076,0.012891071084251027,-0.027118663623880157,0.019119046099190684,0.016496882061097673,-0.021323470710714165,-0.0001587649266445723,0.026767051487167737,0.022978447422308368,-0.015529991888900585,-0.008207056121856127,-0.004582647128851258,-0.03888167761978856
2022-04-07,-0.0024492894129306553,0.014629010117878982,0.006838202771252355,-0.005687263329331338,0.008873643050677948,0.004396809899198217,-0.040277967030306616,-0.032193350287300415,-0.005380681285168776,7.572795182686498e-05,-0.010745191898693496,-0.011466325487625828,-0.014194884714092026,-0.0034499421815954445,-0.009315842438843092,-0.005820921378410726,-0.0065819886496797375,0.0049903552306100885,-0.021085174614368207,0.004197998930500546,-0.003325483036339394,-0.007469295617670402,-0.012886782825751064,0.01509685462499033,-0.0129472250838365,-0.019500148475436463
2022-04-08,-0.009258091716718098,-0.013650450949720838,0.0166622639702958,0.007884753858462101,0.002941027322940215,0.0012281615988540828,-0.03347956655183837,0.008666941227481129,-0.008391021401958465,0.007186030124889831,-0.003727979729627129,-0.022258294892107067,0.010432331213145574,0.017744103082338647,0.010760418763514634,-0.00012987022814681115,0.001717312485953082,-0.004933148598774584,-0.014662211091475919,-6.69594118205552e-05,0.006012635311565262,-0.0006503940718427526,0.0011496282742617936,0.009597184820363758,-0.006326618505990589,-0.027264982773324897
2022-04-11,-0.008638625451064086,-0.0075983778941934865,0.025446177023542238,0.012361880487665622,0.022000550137235675,0.0005251990297679976,0.022367077199079488,0.03215969731116386,0.029779377381346284,0.017816068478181957,0.00622978008101116,0.020602933004546853,0.0029673043492067785,0.0037485059074480187,0.01703491100726129,-0.009524841545207385,0.018946656274455687,-0.008638351009083056,-0.005265060870234373,0.04270509049080651,0.01381606203715613,-0.0013400110132161247,0.02589980007429349,0.022430797896157872,0.01619641293928653,0.0001956088712109505
2022-04-12,0.01494097670962291,-0.01423749516189976,-0.006459425664753993,0.006425939882028997,0.0027442688935056525,0.00501877760207603,-0.03300981919911594,0.008653105667202121,0.004691181371710318,0.012750621835557974,0.00033142027952959285,-0.0024151257975097984,-0.0011020764792186721,0.005180472629925825,0.007517892335551668,-0.007300563323597853,-0.006840999994927599,-0.0007825060926317517,-0.007789431540838887,-0.006402771933923357,0.00747281023175117,0.011238338703304596,0.018618708141676654,0.008667819513265673,-0.012040465584117976,-0.019232723319216438
2022-04-13,0.005168055675642602,0.00030707420632025695,0.010277911830256059,-0.003929368657854759,-0.021375659581926665,0.003595180762568262,0.02884316826009381,-0.0014089940534158796,-0.001731344779673405,-0.013121156664207212,-0.009904796096772639,0.005892182465613516,0.015835275237106927,-0.005414434789473788,-0.008347698526426806,-0.007205057456449282,-0.01063616811097634,0.005523063628141367,0.007221220803606432,-0.002172555077560867,-0.012905484546055557,0.014769121475776803,-0.00031144485895184815,0.012476583397764918,-0.0059585796427410465,0.06679499845668779
2022-04-14,-0.017844125442192826,-0.013871129922651049,-0.0024523158876749163,0.05585135890524329,0.010199537749881027,0.0019784089185596043,-0.0021573883981990116,0.01020977862244421,0.009381227170182416,0.013917158610902702,0.015473884903589252,0.015290415555843873,0.019690571001317436,0.019461984971479107,0.010108376394719731,-0.010229160236365109,0.0035338659195758293,-0.0008082416385922775,-0.014394695149735015,0.003297992464412647,0.005785572527392202,-0.0018716467719209762,-0.007896465031527966,0.012505133985154626,0.0076434539247446365,-0.02772009625244154
2022-04-18,-0.0011260831118627967,0.012168522432279394,-0.0036312400258500244,0.009466930497042947,-0.0138233442813116,0.0011525383880988116,-0.04574037442051915,0.012478758400750634,-0.011849212895920003,-0.00674263462920166,-0.0028765262102180555,-0.01704555375624961,-0.0026460185255576807,,-0.002149237791506886,0.0030121201207975457,-0.007937247391246238,-0.013603666700854555,-0.0093809105760152,-0.005058744597054909,-0.008404564016300964,-0.016341543525889124,0.005243189480189869,0.0006619895259343256,-0.004368945060117979,-0.041223830800079964
2022-04-19,-0.0019425969614661476,0.009631616140447496,0.006299982238246349,-0.006314882656629717,-0.004793768132673737,0.02346963866061902,0.027574147627480006,0.014574181510650375,0.011247311802124127,-0.0046053407167427896,0.007561229011878723,0.0296872822636729,0.0037576742727374324,,0.009740732016682463,0.014971320591957271,0.010758543386972574,0.0024228534848855787,0.015760331631941016,-0.030781510210927343,-0.0015053992595441823,-0.00015070758429458486,0.025523050484936416,0.014074174428723385,0.0028031483372341626,0.035389365110226834
2022-04-20,-0.0003968845709647617,-0.018377878413447513,-0.011623823202231875,0.013195912994760528,0.0077507384346500174,0.014094845564022629,-0.06773088038719488,-0.005573502736279767,0.002438469080840333,0.01251399248222329,0.07162123498157191,0.009774045900709849,0.004521072238785617,0.017264315377896855,0.0085927974941713,-0.07710451119042261,0.0038830321098834997,0.012402433110632272,-0.35054760043975,0.001396884846968316,0.015482494483813003,-0.0004355269882777568,-0.009573747057383564,0.007645133801031712,-0.0007449832018943114,-0.06665984239920408
2022-04-21,0.009909335229800309,-0.010077059511147124,0.006702158514175327,0.004075668608693239,0.0135888853094418,-0.007924058656597732,-0.037569950253791284,-0.00705376393881918,0.0036147092023482985,0.01087783779732232,0.025814121632681486,0.011728671096890575,0.012425849370845898,0.014752948498371943,0.016426157302050326,-0.04686760750900443,0.022588874898478828,-0.0023370474667936403,-0.02048287076602673,0.007286824519417534,0.011162512178890749,0.010231893484678234,0.0027390630793384663,-0.00831259022481079,0.006193469982838651,-0.011765856525051133
2022-04-22,-8.121336497235454e-05,0.00663725333393983,0.002536997609004943,-0.03775711843025675,0.026088672394163348,-0.0013459334625731678,-0.005465537880274374,-0.00856563963825474,0.019763745435904423,0.00741576009966749,0.016299338861819557,-0.007143549044815067,-0.008644573266634148,0.018252865984820343,0.015893184551226236,0.006684050294381683,0.01060877176052255,-0.006605200067394401,0.015367198805173787,0.04513538813839302,0.012354637914638422,0.0014719843393629084,-0.018003985628236685,-0.007663175631924979,0.01900065532771056,0.020013468783923072
2022-04-25,0.0010392170810353818,0.007222019472912011,0.013912029698146977,-0.0038486739204173226,0.006365435542070141,0.010132876225553034,0.031391726266909004,0.004947476171560883,-0.004772057119996065,-0.0019503913769378656,0.0004504791995321167,0.002159459474325942,0.004040713716267685,-0.019601885238118233,0.0053689112586969845,0.009944964332405437,-0.00951905577798784,-0.005164448765620833,-0.03172804197717172,0.01309442987348941,0.0035380282079284786,-0.004298650021501871,0.0006732798507538273,0.022911456641893535,0.007606729605560192,0.016963581572623232
2022-04-26,-0.009181836824954437,-0.007679314597186182,0.025567711393657877,-0.0013877378975125643,0.014304260320108786,-0.021999099981688808,0.00903992988026292,-0.003453537622886138,0.001855909685046786,0.006588911153826982,0.007226017523418671,-0.00563737107556872,-0.0014362753565231312,0.013733028017227755,0.0016945651510990034,-0.0041548564768651985,-0.0013288172598661108,0.002729907265144549,-0.026686672936477307,-0.0051165357194888905,0.025613854409509362,-0.0017426553529529265,0.00613852248088631,0.002293656932771393,-0.006603821900444395,-0.011681900606655748
2022-04-27,-0.003564687657719001,-0.005154774742132107,5.655555189543193e-05,0.015305869875000822,0.013205756580210615,0.017017591455501524,-0.02766989325052238,0.007419397567878017,-0.005797956482065825,0.007487346963437336,-0.010395352648927658,-0.02361504735622888,0.048641508735504546,-0.0020980468517017847,-0.0019420011829107686,-0.035256520757578236,-0.002167364321090437,-0.01664243694399381,-0.05179563019101163,0.00806780764752646,0.0068461229202458895,0.03695435457446994,0.006533451583186967,-0.013268321427500895,0.016203237987065133,-0.009621408575752555
2022-04-28,0.02040821694481232,0.0069947563144650005,-0.018834880736354753,-0.03185112129753109,-0.06084539006968537,0.024128276868992993,0.019640532691801216,-0.040235163923260764,0.01334387608637666,0.0010808067334042715,-0.01971217617221832,0.011536714853287888,0.02298912002035869,0.03247769458093419,0.009132868158811869,0.15118904998722105,-0.004429311625419485,0.007732036991325852,0.03349005587392351,-0.019870057633996074,-0.009591027902537075,-0.005877611435880725,-0.003964521849360025,0.011600522075148723,-0.004575441769856248,0.025857429706027668
2022-04-29,-0.000319978826357592,0.000769473818666544,-0.002719662318797833,0.027340634013875764,0.007997783248963275,0.0059168905802788885,-0.04901187143976993,0.004820659024939111,-0.0029223661528382516,0.026590743833840302,0.010279042050905574,-0.002972813846652267,-0.004498734838131346,0.0451553178246733,0.010008649823212146,0.010717107413536153,0.016439444743335696,-0.00615135249877552,-0.009625696463287703,0.02727140222370239,0.0036645942578611423,-0.032881509604238635,0.02191291740041179,-0.013114239890501311,-0.017249302123416133,0.007130861094855612
2022-05-02,-0.003708776170650241,0.022964726851193884,0.03746946658469419,0.0015920597694967231,-0.019205340250060154,-0.01866481859785163,0.03596009522573196,0.002093163631057493,-0.01438016262797559,-0.04217259572791365,0.0006025320678473278,0.029664302780985308,-0.017618596865862535,-0.003742858228656498,-0.01637629691251874,0.04749986355895497,0.006043003753479104,-0.0006210737943641575,0.04212891147247766,-0.009095701887939955,-0.028679025666967006,0.020798527576980863,0.014981141053624691,0.01637616915635176,-0.01345378073127701,0.0467501989542638
2022-05-03,0.0047855503372924435,-0.004125156970845145,0.0041172142342629225,0.0024716424064745723,-0.010863765075694087,-0.06281205445549576,0.030807244643036746,0.015485151232810246,0.007497168218418837,0.006839408813152925,-0.00874569461703012,-0.012837005199020868,-0.008318806101949128,0.005770366344447497,0.009271611176980388,-0.0005745062697219971,0.010035109117906282,-0.0028818104276475687,-0.002781557948346558,-0.009907298309352885,-0.003466078517901705,-0.0060237399838876104,-0.030432220704617263,-0.015489270227304841,-0.0074131108180146565,-0.016861194758450826
2022-05-04,0.011145714019111796,0.008829418679064283,0.003312264470166415,0.012128026030713723,-0.020767987927449383,0.017954555653778126,0.05767366922310191,-0.0010161076616261866,0.02052871161278058,-0.005961038913647521,0.006962329084776897,-0.009432247631469659,0.00012743451071051126,-0.03860923047111642,-0.006674938022463106,0.023809260764845463,0.011669078595297533,-0.010391028896910903,-0.009148978966570631,-0.026334309635816178,0.005080329396371042,0.01861266405140327,-0.014285273115516528,-0.011394202209414228,0.00202626392533789,0.022779370105559194
2022-05-05,-0.020066522414716403,-0.018300913826952536,-0.021411171184395283,0.005729179094496328,0.01752078622721942,-0.024328546085229386,-0.13264811648592512,0.005609692752778339,0.02490931492182391,0.029037418153066596,0.024878209418645825,0.0022809183317588078,-0.005460762315992906,0.014311690621494066,0.02114610296805508,-0.03207331177499151,0.004721930128208651,-0.005329392366421382,-0.041258208079414826,0.023618414181411307,0.015691074275108075,0.014421265960327667,-0.01758329834451322,0.006259513486704615,0.013832433377338194,-0.03904295764367671
2022-05-06,0.010401623830424422,-0.018045531888588262,-0.003001629942272932,-0.0002536182878822846,0.015697607284395843,-0.0006526094514907044,-0.044364299698231524,-0.01634933819236073,0.020005528671917516,0.015547352158582162,0.01854942017343919,-0.01898343792895807,-0.012012705452226546,0.0056742248424840325,0.013339443639552973,-0.015979321807564673,0.006142576991772342,-0.01276778476362217,-0.03335511785959855,-0.00745241802373986,0.0057914468995236,-0.015628421303341744,-0.030539338336970867,-0.01247874421783346,0.006397336978285595,-0.03855424844631172
2022-05-09,-0.0011521407671559736,-0.004023372888429355,0.02842700367219464,-0.006909949494802503,0.059509983909028286,0.004072205075515978,0.03226868517851322,-0.027076258190274483,0.022808234463808086,0.019429097338247825,0.020421005162170158,0.001138513353581394,-0.02307349885306198,0.02482397738529074,0.0404046953539956,-0.005063524116280749,0.05109683763038464,0.010585378387344524,-0.011450806248305634,0.0026300526925756573,0.03960710970989667,-0.007947129433460765,-0.0174025395987899,0.010621194064435957,0.0404295659353624,-0.009880320312413704
2022-05-10,0.013654116376324854,0.0403109199351015,-0.028149821207500425,-0.01845481800678439,-0.006117748911969478,-0.019154660129290346,-0.029541276222529445,-0.003953611854793482,-0.003466287072700469,-0.002681802593331062,-0.041954823534301466,-0.01173363606578659,-0.010567819582212201,0.006954234005180471,-0.007889595681977224,0.0048812543991405555,-0.023851813508980912,0.0013525925761892488,0.023885331655119524,-0.005347430960406796,-0.0036807521703705603,0.007975041146191852,-0.02152871810539969,-0.003035192112052054,0.0007389815657989907,-0.020434896567771865
2022-05-11,-0.03537790339125668,-0.018394213684219785,-0.039317771302563864,0.02739988535534943,0.01319788325472493,0.015636043600303795,-0.057888448236278145,-0.022488169089812438,0.012329766901081118,0.02309565327405716,0.02900861668577992,-0.017474412134900086,0.01812285744020503,0.06112217543891707,0.011001973650486274,-0.02861654572063188,-0.0017100228847403143,0.012026288663426032,-0.04708523164486844,0.020189077795271126,0.011623226054234936,0.018739593511809094,-0.046102985019130016,0.0035454587360354006,-0.008535266738012859,-0.048380167370668414
2022-05-12,-0.025598392388019753,0.025443814626769812,0.04390257945363685,-0.009327364768816793,0.0013983941266108024,0.007875571644234136,0.13045678402896443,-0.029101644019298933,0.006122346276208446,-0.00805295371496606,0.0177394453331422,0.03400343734665767,-0.012912092609508763,-0.004184951907363232,0.0031265232279192867,0.014541676438444173,0.023015630175087565,-0.0007343172249095753,0.04902095501613257,0.0007184628271670324,-0.00022774632636302083,0.007379638141822853,0.15627312279347783,0.006349811652545223,0.008001584179926025,0.003300659822233487
2022-05-13,0.008046722106703097,0.01978656960044778,-0.035316618581248904,-0.017466731192462337,-0.016448665011001395,0.01677977889721105,0.024161276479812033,0.06133927868922129,-0.009028240381528496,-0.008680706381439585,-0.018602562130030975,-0.002755520884534457,0.012115688771148658,-0.02386969542307149,-0.013212133141608184,0.01472049748969595,-0.025808305285704103,0.044355098117449865,0.05260326664311088,-0.012644941919424557,-0.004386229837687994,-0.005325791184429107,0.004860400414681054,0.02387414010297495,-0.01873236953638835,0.09228888967040083
2022-05-16,-0.006725915768455937,-0.002441629104948828,-0.014464846609642867,0.017943540627788468,0.008938413806863443,-0.016894609679374173,-0.05534985206672993,-0.02938680433021923,-0.003484030349420353,0.019041108791480466,0.014649957301709704,0.011413497647753235,-0.005277994362277827,0.0047338551295607045,0.00018041273833624416,0.011095847102598921,0.011983950638578489,-0.022947697330207406,-0.002075815555124705,0.008027353512155222,0.014020194574427491,0.0056879872561025335,0.020449122585781576,-0.0029494814754412735,0.013663502284779194,-0.058474501617233554
2022-05-17,0.0052530017293441755,-0.0033151200176810836,-0.023354711784252857,0.008306524558701955,-0.038214782253212065,0.010419160124128801,-0.003545356474626171,0.01661181783897847,0.03600044194946905,-0.03721998999396592,0.0045657975479733715,-0.016178702690136326,0.007519469316868088,0.004688735505388841,-0.026369734694347224,-0.007272315067490043,-0.007943703098199917,-0.001601580257595936,0.0015450590340893022,-0.018787646036075856,-0.025925772471850017,-0.003812622979314284,0.011051071733718887,-0.02055114076850706,-0.0014233576368443135,0.0025474653141375203
2022-05-18,-0.016023932964815857,0.011663442920890943,-0.06469329130799417,0.016226933437795243,-0.02846701540427954,-0.015050366790954617,-0.064306095972957,-0.015037055739742677,-0.04055286854562701,-0.03821717375324851,0.001152581147541909,-0.006737135913020165,0.031660060973411897,0.034561632165810874,-0.032337470777029864,-0.010833575988416944,0.0180112463435097,0.0032802196305538045,-0.02976636338959293,0.011334521511547124,-0.021566973871582684,0.014116500463645099,0.004670189330875929,-0.06789714017193971,-0.019176766457056904,-0.028331370312287607
2022-05-19,-0.018807857359823044,-0.00296284018816928,-0.024581762533109175,0.0001589490791037429,-0.016009116089464426,0.033110917502565895,0.01090736810818349,0.011311005045801403,-0.016369853859974026,-0.002237345876750063,-0.018838990083930973,-0.017408300916153086,-0.005121906444194302,-0.017019852619955977,0.008623316311054507,0.0008918364790974076,0.0025780293975711244,0.02914604880008964,0.04133238301765263,-0.01699048778721468,-0.009137353717507013,0.010943715287146771,-0.021795817369155368,0.008287727646639986,-0.022268122904338217,0.07963233912567969
2022-05-20,0.001601433004296382,0.011796632703600318,-0.013239203860123117,-0.043384520554426986,0.005861564463210733,0.007628538474146129,-0.01150406138275839,-0.02738327213400027,0.009147943891922417,0.008921775214446592,-0.009247012737846672,-0.008077678026365609,0.01177371971412211,0.00016998472924956154,0.0011631207956204204,0.011616279036392507,-0.021444395715334186,-5.079532256435648e-05,0.015495926183848319,-0.0033972659634204927,0.00611922937388254,0.0011251148391644428,0.014061303927109137,-0.02365816768132456,0.021659324520727052,-0.013341705277696514
2022-05-23,0.02156419555916944,0.0006637164852121291,-0.015376583575704261,0.013443606657493223,-0.010667796613961,-0.021126652709226645,-0.04753125577443229,0.007844907764094744,0.00031025512104632114,-0.007587855730162518,0.0023823649844005867,-0.002564879705506007,0.017883978867089256,0.0013501488276661533,-0.004663797966037109,-0.004656196570740345,-0.014731094617797869,-0.006618635574021647,-0.01270587164648207,-0.005422041749360451,0.0023438639038058096,0.011990607329923408,-0.022057246865922475,-0.008060924695192373,0.0010309290092291867,-0.023123750009758637
2022-05-24,-0.01109515054195398,-0.012407292418831317,0.020243663952048796,0.015468456817125165,0.019076599374569292,-0.011067844611271083,-0.06891352121890437,-0.023835675269047063,0.010856433942591726,0.028192547593662742,0.02817106002791825,-0.0003538884510996265,-0.014093105664646721,-0.005045241826713842,0.023594649680955704,-0.06806520999380017,0.017609788458302522,0.01686177659179433,-0.029757942466270282,0.02472674085343829,0.02152661027167102,0.0029626910895746983,-0.0321347133963652,-0.005062549864963906,0.006515098056963375,0.06420491722025201
2022-05-25,-0.008310773474879962,0.0008150325607803044,0.08024573279425606,0.008346515116206321,-0.013210424577712487,-0.009235067404970376,0.010204516157587218,0.013898891866019891,-0.014030417909540294,-0.01891453619070871,-0.005041292971978306,0.03999992687156673,0.002495329944794733,-0.009450764734207695,-0.019450872594237723,0.004615824615632702,-0.009176348024206193,-0.01508784189104495,0.03208192534227017,-0.020701677944749197,-0.0025981832590720177,0.007729233903781996,0.03981686729310985,0.02232550415449941,-0.010886616107375069,0.07534889935891975
2022-05-26,0.0033159554317612194,-0.004727961500104572,0.004972871516426114,-0.0023016533239863524,-0.022991298506789604,0.01583247912340302,0.07314655250430402,0.012374628539945087,0.01917491758413692,-0.028822331173139815,-0.001280554649847998,0.02025615856358498,-0.005003072534410791,0.00350394198649151,-0.017798915334394927,0.02254720622777473,-0.011309350282352693,0.0009188559218613612,-0.0008767915118153002,-0.010948701058214105,-0.013136519178224004,-0.00999272083457381,0.039761541365104014,0.050976577755593944,0.006114779734907039,0.025651274112840294
2022-05-27,0.016014630836637345,0.023275345522891344,-0.0010979467859331127,-0.005257899012098166,-0.018952290436345942,0.025549589608292234,0.025098012135994496,0.01412960771292604,0.01002166282086625,-0.010091004752073474,-0.007356239514633822,0.006577639659380186,-0.0021921616192379645,-0.02474226295510973,-0.0045821793254385845,-0.0064777364483055155,-0.007944071734676372,-0.0011972828102975175,-0.004940814565932428,-0.009036301290669346,-0.014983973806143469,-0.014421523109500178,0.0034011882624160883,0.09992700411674083,-0.0014772725486940086,0.007220336754659495
2022-05-30,,,,,,,,,,,,,,,,,,,,,,,,,,
2022-05-31,,,,,,,,,,,,,,0.021611746014510325,,,,,,,,,,,,
2022-06-01,0.006609454276756632,0.011516558134322175,-0.016645624638798928,0.015451343384379923,-0.011282583190001305,-0.009128395277033685,0.005263830082989807,-0.0020202171511349842,-0.01883292728007846,-0.002058862016625418,0.011732301254188116,0.019046854379142664,0.005219479093259594,0.02409914309108996,-0.0027437489961258388,-0.01833837528968041,-0.011741487225859215,-0.0021651563722038247,-0.015460866189885403,-0.014245718152352316,-2.8366707310878425e-05,0.017010998320681647,-0.0029519495460581524,-0.02981337537856865,-0.0036008159894629355,0.00934414218803914
2022-06-02,-0.0016199626453394789,0.03685881100951005,-0.003695721634138227,-0.007262244915799965,-0.01050976782053814,0.037395126221265285,0.06002213593464312,0.006661146408001972,-0.005397768993708363,-0.02062468330503542,-0.013267080235667805,0.020763305271483956,-0.0015713417491030057,-0.018431018038486124,-0.01636450104820053,0.0357462660023502,-0.006410932729855601,0.01139160640800263,0.044707253117253876,-0.008540868046618577,-0.010326723382986236,-0.009215744000402148,0.019043381042118446,0.004204750042908767,0.002875334555075826,0.02420712662319513
2022-06-03,-0.022208237582911017,-0.009758535004908864,0.00564074472591547,0.029528799451061905,0.012642457101796345,0.01566672074483777,-0.05594043365808665,-0.011730535589667745,0.0036170662871152226,0.016108281035736582,0.02369653009641748,0.012680257639579917,0.0018604168867560889,0.016347313992415624,0.006353685823022759,-0.02428430236806467,0.0014329918328794822,0.0227726664316249,-0.013444486575687642,0.004811091971874237,0.005368515111999206,0.022312026129027163,0.008383554841307261,-0.012773549871743839,0.02406162695517866,-0.008777416482427913
2022-06-06,0.0020901501467753825,-0.003835507405238081,-0.017069287539748235,0.0001379087343518215,-0.009560766426861544,0.0023879707086955637,0.03205645395037382,-0.00610011703541169,0.015838380491933313,0.007523362340356998,0.008903927409322776,0.004749000473512455,0.003346278951086079,0.010681350387349298,-0.002496507660531888,0.01505098921186998,-0.0014931666403161792,-0.022201793970850314,-0.012384561731122679,-0.006327997602793123,0.0010481597319063063,0.0009617935434134139,-0.01059144651137367,0.019908535869097577,0.005596165764323535,0.011393800042623914
2022-06-07,0.008062696013474202,-0.00030245978840670595,-0.021129299832755022,0.005993168936256454,-0.011337962663943935,0.011705161318106283,-0.03755629813316952,0.011278938851996712,-0.016164767112504586,-0.00782063151091994,-0.01022323902284794,-0.009001761887505566,0.001250187443623929,-0.016265444618953406,0.00312678497587493,-0.002316185395442094,-0.0050093687104444395,-0.006269296685932346,-0.0020667961408193936,-0.023168887034556218,-0.003361764603598383,0.0008286486755038069,-0.0017246045876211369,0.008096740328718433,-0.01807467672230001,0.02677963089437374
2022-06-08,0.005750231431738917,0.00022678933733888407,-0.004904970197231573,0.022683030904897095,0.0046584360822068405,-0.001958403894866123,0.05252190057737405,-0.004490117547606087,-0.008178654170819422,0.005033271411711504,-0.0028634103194982163,0.0055799061327199695,0.006151244214300133,0.01345005071651939,0.0009898089208860705,0.015854045076314494,0.0009213241471307532,-0.007722006590935471,0.032041661596464266,-0.013032004100182681,0.005810805390265794,-0.013594465942497247,0.008501055071263308,0.021173561359541404,-0.021926432747774616,0.014444833873581864
2022-06-09,-0.012156728150704121,0.01815560347448375,-0.004598404070960682,-0.0028767054581319007,0.006764017979353665,-0.010062233684458022,0.002474499617701409,0.005321629152250651,0.023015748724184992,0.018574225639406805,0.0034196256231762145,0.0017864949281997111,-0.012990968368694067,0.009081957917192685,0.0016014255868279648,-0.04048120844692271,0.015271606912001023,0.007228290270709592,-0.02579951496101729,0.0004412780190246046,0.005998466365829791,0.007601571878881108,0.010296737998031436,0.0166522908163399,0.007693017140684932,-0.020025986421329134
2022-06-10,-0.009518392529009212,-0.04729328013597467,-0.001985575159488051,-0.00884758050947232,0.028179909100410905,-0.006864667942460656,-0.05792476809212177,-0.010799450425957868,-0.01803239652424382,0.047730354525241214,0.01628038894066519,-0.006259454249694096,-0.011720603473026836,-0.0013600896910346272,0.022087546674122716,-0.016704851221648442,-0.01618035075603419,0.0057732687075391365,-0.021883097082020075,0.023825486833632614,0.02751318181413498,0.010240951639273077,-0.018647316011376036,-0.005529224713225367,0.00928588820765075,0.017063185467116604
2022-06-13,0.0004836081485272148,-0.01757425328697515,0.007117521752527112,0.00019607179197633773,0.026544946749038623,-0.006205078275458575,-0.02017136109574058,-0.034957103345411356,0.010766269638860737,0.023347714490782767,0.030838344155792452,-0.010675990460065732,-0.006070910071491187,-0.0037519680953600476,0.012452744131043136,-0.025650420363947046,0.02946944499421178,0.007036109836453308,-0.03365972707105047,0.03237480194364839,0.021662943348226937,-0.006362022198815986,-0.015359922641458579,-0.000351583460332594,0.03686147600979317,-0.013950007182827129
2022-06-14,0.010446087133207715,0.0015404318356061486,0.020188352054489433,0.002855468581610121,-0.029815092988694558,0.014350218982039697,0.007136407145932999,0.03679643641897701,0.14791738940421517,-0.011793340105407335,0.008288600311569194,0.016047049626902954,0.011279706504215614,0.006026217745890516,-0.008557437883541685,0.0005470527330870834,-0.004439266745899895,0.011156236277435339,-0.008896492587546212,-0.01679899747915492,-0.018888338600017374,0.006020410016428057,0.02543561212123091,0.006071008380913456,0.012110697680888238,0.038036174190279715
2022-06-15,0.005519372522356347,0.0018575409396033304,0.0019822301352725447,-0.017930970947481306,-0.020689878250808702,-0.004874286071912426,0.04741004232105994,-0.008854785746211569,-0.0022855689401348744,-0.017493763061872225,-0.0047193379613661435,-0.019211290958310534,-0.004503686150331143,0.003869522579267759,-0.0048438965341439655,0.019732441586657545,-0.02139454853073175,-0.015576362882654404,0.06043435387528828,-0.013944759487326985,-0.0038956834105046134,-0.001622128761404662,0.020217409623094706,0.018361302361667997,-0.004716490849353772,0.04221078599029848
2022-06-16,-0.007139674514220928,0.0010993800309070378,-0.013195994498207408,-0.02190543652705257,0.04110081956520151,-0.008619893481678242,-0.06019025454540827,-0.050617866807259326,0.00042150955482045394,0.013451708032421572,0.02237033584290815,-0.030133105768735846,-0.018534725218074533,0.0050844965375478335,0.025228768398775414,-0.01756203527458533,0.007275415241414174,0.002429921777139299,-0.005020701175183051,0.04277634902850125,0.027695316966948824,0.014807400548678906,-0.03415469797556614,-0.0048145066308021844,0.011531685709945894,-0.028056577235834657
2022-06-17,0.009332217312202129,-0.013951655073542901,0.0274427931795731,-0.013238293241137122,-0.0030523605198216064,0.018003461657362774,0.04287160691553615,-0.003978439457950733,0.018171314734564126,0.016438682808021632,-0.00699174445286066,0.021932599366679684,0.00398494592784826,0.0015268479246928202,0.0010408599197471169,0.015639744166204617,-0.010601630622805502,0.027443759166841497,0.010259562454498772,-0.002109307375603109,-0.00200963626515005,0.024432305456905112,0.04956846172052476,0.011526143636152453,-0.008705185027768292,0.03465467013998058
2022-06-20,,,,,,,,,,,,,,,,,,,,,,,,,,
2022-06-21,,,,,,,,,,,,,,-0.005582381454952934,,,,,,,,,,,,
2022-06-22,-0.0025253775186013794,0.007748020979223891,-0.007070820278696099,-0.04218793901524165,0.020856889978199233,0.005962015174082125,0.03305200897799321,0.0030461301065894952,-0.0052055172051406196,0.000511023246219322,-0.004284180445559116,-0.012372873403318607,-0.002636675456344939,-0.02596965821037367,0.008991377119745958,-0.006339417869092978,0.004301281269004753,0.023867343906561644,0.04799283404379706,0.025254750605237297,0.0095150679162882,0.01269361518031109,-0.03104676522428329,-0.011258883306047851,0.010757224854385128,0.013162391834175113
2022-06-23,0.012041337178879674,0.02142617224366461,0.010645126265459437,-0.058299419678250586,0.025631605195367335,0.03342672959294957,0.053094415717945154,-0.0025632737191201294,-0.013418471041946267,0.0054049748866626945,0.00038900432436173027,-0.0004905353360997733,-0.007602813902834349,-0.07105102061671087,0.0030755900892232013,0.00907556015162414,-0.01144947634571114,-0.003479283209685935,0.006231636857401801,-0.012522260229544169,0.003243218083220034,0.011267963922069413,0.021968918376548574,-0.01031460486472957,0.00454680922100259,0.012174824700284415
2022-06-24,-0.0060459303472240045,-0.0011453184867005195,0.017129398771112303,0.00760764193012653,-0.02019581972003115,0.014455390209246577,0.03154770833396525,0.008364215774769201,0.04107311748793707,-0.017496470293503874,-0.004414647546420625,0.003486853546599944,0.01281338540891852,-0.03090469545082608,-0.004187224672179912,0.0413106774451788,0.001553821425328783,-0.0009535882155200515,0.019736611828731432,0.0003089627546637441,-0.01819285856563857,-0.02217693259476583,0.008078013645142601,0.006389561223305362,-0.004419991631350317,0.011673481276414321
2022-06-27,0.0029730715337762392,-0.014178465337025936,-0.03116805323570737,0.01429426661677835,0.006029457363433299,-0.024155059110734567,-0.03254476060148426,0.00547096555198745,-0.008414688742342746,0.0029730715337762392,0.00818192289869868,-0.013202513064549781,-0.0020798805249366836,0.014585140071319835,0.00265392029710243,-0.0009645590156357464,-0.008416828207101212,0.0020069597457396116,-0.00598682027552766,0.008534772964980841,0.00429743029300822,-0.0009664263550590579,-0.02042938913094916,-0.021506925790156117,-0.005155612052380909,-0.020021055250786013
2022-06-28,-0.009646771412911814,-0.020374459776962395,-0.0254630019813058,0.019343319706771722,0.011872285403802585,-0.0007799138741301226,-0.06181605239641941,0.0010399868718962146,0.018562716594493822,0.008647729503468482,0.013560638471304842,0.006637524510291981,-0.011910083101674296,0.014910132511314789,0.005613085785936556,-0.03183647941637657,0.0015437519753053186,-0.011544610026175128,-0.03029581849436802,-0.0042782447544543745,0.006076077044523287,-0.0055636983327946865,0.010005007994323578,-0.01628732846168912,0.009747466298320573,-0.03569073506786824
2022-06-29,0.01373562351940405,0.008561197256272579,-0.023979537120965566,-0.020415012697240886,0.014208953959002346,-0.0007645753720363357,0.010976495906630857,-0.023843728400035236,-0.0254452767848512,0.0029550554122544925,-0.007394846854577364,-0.009407542262600876,0.014221630719836065,-0.021857556187213856,0.011792176936877286,0.02100082509940615,-0.003585358138139094,-0.0017140504675332568,-0.0061924109543552985,0.024348874488873018,0.017296285325258398,0.010784576144803215,-0.03063529646480856,0.015586119191846604,0.007437203035368323,-0.01042583558108412
2022-06-30,-0.009268420517905773,0.0021378333795150084,-0.020428947895518967,-0.01696551321667039,0.012007267946295141,-0.0002683238175453795,-0.012497458395300032,-0.02509478086741712,-0.02160723602957726,-0.008370969469438716,0.012170481664996902,-0.009881573029140611,-0.013281194539724206,-0.032560110706146395,0.009403909376281772,-0.007649333220759114,0.005985319136199818,0.008139547676928927,-0.010807940958708073,0.0004940627205342052,0.00833958620052988,0.010024560600285004,-0.013349075925556453,-0.006969460961160467,0.016543247778649905,-0.026102627784810983
2022-07-01,0.0056105712480920555,-0.003942839205590909,0.01368294062391695,-0.013182958507610643,0.006605863317680871,-0.0032894977967699024,0.07959778488718472,0.00651696054163442,-0.024227619906840747,0.016588721732293088,-0.011049682573501363,-0.029548943770477232,-0.0018051544264221508,-0.014537836047212038,0.009578474657177427,-0.018119670387738984,-0.017662980625441027,-0.008263825906352107,0.018496414237626713,0.0032790559959885446,0.0058267312748849776,0.006318417940432752,-0.0007241327793436891,-0.017376489155788932,0.002868408665058997,0.01723168162791433
2022-07-04,,,,,,,,,,,,,,,,,,,,,,,,,,
2022-07-05,,,,,,,,,,,,,,-0.046860187849881774,,,,,,,,,,,,
2022-07-06,0.006034182048489711,0.013266583119438069,-0.024436181389587253,-0.011917986769833244,-0.0033626892796998487,-0.010483661061236327,-0.029638389562921197,-0.0160730809847619,-0.011804614907093725,0.006961015304048246,-0.00023048141034864855,-0.03126541990533427,-0.0007226711154595389,-0.011607634016339019,-0.00469343727070981,0.005821008014605056,0.0013026272404847994,0.018525354621379497,-0.013364385130071987,0.004343179818101728,0.006426217312953009,-0.007644049328941249,-0.02590879867717022,0.005119753336621846,-0.0006484826155250811,-0.03147551158691153
2022-07-07,0.009034650551769996,0.006089217532960545,0.019623792659889894,0.031289123207923986,-0.01222738676464008,-0.00680096510762862,0.028205053401735514,0.038380547021314326,0.000976089776162592,-0.018182589923998904,0.004951352543431042,0.02364295788698456,-0.0012320761380544276,0.048844208945385326,-0.015605568236744638,-0.000709937696183216,-0.01334726389248897,-0.003485437724523699,0.013341394027588382,-0.021467514517048203,-0.01695624449290234,-0.01985511467513068,0.03138012458267392,-0.010040015368005362,-0.009456042045244084,0.01647228527861566
2022-07-08,0.005545108498837492,-0.002879243046385649,0.004780151321419068,-0.005715149115208096,-0.004839127612746408,-0.029477367567041002,-0.00920878603359998,-0.0017448112511704306,-0.0028870501423828854,0.00019372644947468487,-0.001725872917377802,0.011189925076344864,-0.002286409924303512,0.03834184928086015,0.0019525879757972264,-0.006777542075130483,-0.009396348719196701,-0.020864364873762087,-0.011268850940666542,-0.0035899519140089042,0.009752445756048389,-0.0036441469773732527,-0.006655659696469529,-0.004904302870735289,-0.0034131992182876436,-0.006955009476002361
2022-07-11,-0.003230481947749997,-0.0020304646921479597,-0.00617661677172443,-0.011253025981339815,0.01596210784415486,-0.011893915179262748,-0.01866972511441467,-0.01687179679637163,-0.01580542512542582,0.014757677505123135,0.01530041939742166,0.030224523334256292,0.015025043111427716,-0.029460586833751412,0.00896511016538426,-0.03528912971467868,0.013780303185479403,0.005936919851118105,-0.04002889242599583,0.013064397720244147,0.003324015153897797,0.004232870351006834,-0.018013699611192813,0.016325035249729836,0.00742874195975507,-0.08379812712003776
2022-07-12,0.016077716275160303,-0.013194675622055452,0.016538961725459544,0.0062154481813632145,0.0046188588922001506,0.003991302295552002,0.003666983647779065,0.03315884225753274,0.00384660648401014,0.007565918630128454,-0.0036639458757931065,0.006875691050614363,0.005141311850131447,0.009243878717321574,0.01373969927559926,0.011638182466745195,0.01846789406738203,-0.01549239273446179,-0.007052476852746459,0.008817652396108877,0.0035538630615465916,0.007091237299676201,0.021549603816616414,-0.006958776416359114,-0.019298280399507983,0.005645434359212498
2022-07-13,0.0019202379395998337,-0.0051293094002418105,0.016811287260171337,0.0009039437980213894,0.018819303907076534,0.009123345167268093,-0.023350053385091996,0.00013153857501813082,-0.026263464762129263,0.002866985532573807,-0.009913000168704333,0.0038637042354320306,0.006036792057205975,-0.03399022786476413,-0.004974229139210973,0.005804678813180697,-0.009598262970644589,0.018195594421913874,0.016552084294728875,-0.0013427808651611528,0.0079966640318756,0.00802754903083569,0.008935325856696874,0.019520798742407752,-0.003627026812082712,-0.06017867361164908
2022-07-14,0.023481033115777428,0.0057409821491186674,0.0008945775740152317,-0.019604358610688766,0.000708273957954697,-0.002949978738508774,-0.038823211619156583,-0.007426874018622187,-0.0055146864581088195,-0.005691829105527013,0.016703214968195934,0.016062461474625978,0.008131931416545002,-0.013305661086004172,-0.014590446101363952,-0.03027567111514795,0.0025311565770460565,-0.0029721442685426425,-0.007082896176884512,-0.007981851985112365,0.008171823285867963,0.008483285335427415,-0.006555498950768124,0.010418805324928226,0.005021920605030705,-0.033235437820499425
2022-07-15,-0.007751095359640692,-0.0007006217999911968,-0.0005056728133738808,0.0010411000764907197,-0.02180991347370842,-0.012807278390930321,0.015540962185014662,0.0238187116029982,-0.002681630459325346,-0.024112438596704422,-0.013016898081827932,0.0024871394865275676,0.003996660412834974,0.024010968135547373,-0.021500887658718493,0.02287384515698121,-0.005016757259703075,0.005826250593116811,0.06278745671005237,0.00048813352203769256,-0.018382326563151752,-0.0065962137325172865,-0.02884734070502537,0.011038918875861725,0.0049743924062213285,0.006479285198194296
2022-07-18,-0.012279642028641735,-0.0038250625048287246,0.02036848069372732,0.00899808934732882,-0.008376433624001312,0.009300384142966078,0.03527267728632377,0.015097549988864922,0.009052119391200653,0.0003375834406076361,-0.004429225524642422,0.02672236161934649,0.0036727614340195114,0.02916939673915586,-0.002831646927758613,0.023724924159709615,-0.0010117118623219623,-0.006193288587533874,0.01793470809277664,0.0031747849367952385,-0.008349733075420973,-0.012747411294358968,0.029142584753555245,-0.0008248132399689689,-0.005383101952589064,-0.0009504025742791411
2022-07-19,-0.0009064287028366369,0.005951046938438953,0.008231955878635233,0.014161600635464122,-0.026457888138379237,0.011554525557741169,0.00447748245120172,0.025047218991600007,0.006549188958844265,-0.02274570063446313,-0.08011516834346777,0.0027944552471996786,0.0006792904791226295,0.01813780108240115,-0.004984421074139211,0.023498912529041016,-0.0026496584035093917,0.0025289065487028584,0.028468560749105754,-0.010526950948466451,-0.01693064469031036,-0.0049465046534398205,0.021354010610612484,-0.005346249177220264,0.004190936780930077,0.004316752031785054
2022-07-20,0.007614183094651006,0.02932582218787294,0.02240499971455079,-0.0032215634099377333,-0.014823541684714225,0.003501136626924639,0.05380228478290139,0.005224360926778804,0.003996597016955983,-0.009273816026356463,-0.018884897274213386,0.028002437405111547,-0.0032813789264940496,-0.02449959648486222,-0.005407167439624105,0.03569027001524372,0.0007641506340088089,-0.011622454176731134,0.06755551479441091,-0.024390937403853785,-0.01648022477568678,-0.006404843715364095,0.019877441447146316,0.009016213437012643,-0.000298618747860635,0.043183292719054744
2022-07-21,0.005232824908744993,0.008619818872697138,-0.0088374993184821,-0.004193808465435378,-0.010504702144709333,0.008641636181883516,0.03557353899040394,0.011348263683548687,-0.00986137270919718,-0.00740066477265322,-0.025575972107646727,0.005474377816946374,0.006694581345510819,-0.015458000468985489,-0.011488823282653216,-0.009424517922550502,-0.0027940715809264827,0.014052514579712572,0.024513115347357672,0.010524006853883217,-0.008375312682891822,-0.040854465624279857,-0.003949632030620931,-0.0027352982491735123,-0.009005343754015183,0.02524930302905659
2022-07-22,0.0012217849726926522,-0.007810693383744405,-0.008570209225617353,-0.0037621528924146608,0.018668338618123115,-7.4811040065903e-05,0.011809992081795229,-0.004513652584393069,0.00775100029806397,0.00937882586236849,0.01798370165578589,0.019749126675758233,0.0005696579116113432,0.0022518635416081123,0.019764454725171077,-0.0665532091589861,0.010601575634706095,0.004562414683777716,-0.006032900862150581,0.020244921789552728,0.015859916402203633,0.004001537049597492,0.006981630824909102,-0.0025088908841355284,0.014519453909129676,-0.029458651486024334
2022-07-25,-0.008713561850243856,-0.026047694025728818,-0.013815146192325267,0.016544022606684416,-0.00046486651394084255,-0.006736160740541397,-0.007905625143180162,0.0002450120499335462,0.0025124188176326445,0.003038287462345135,0.000946015601956729,-0.016778798520114324,-0.0003556033159388683,0.012581245206155334,0.011106196752228792,-0.016793453719524343,-0.0013151670479691902,0.00931062500272195,-0.010070419632783878,0.005659806481163043,9.998192894622449e-05,0.01438551164646884,0.0031029362396106652,-0.01396276598511037,-0.001687521421075977,-0.005538579199521387
2022-07-26,0.002716841464098785,-0.020858016764206844,-0.038957776293548685,0.008352985850730521,0.012393291209758961,-0.015013383908017874,-0.02131673440472981,-0.011821254773368706,-0.0029197603411813544,0.01684612137989905,0.007964738015466266,-0.06018480828393247,0.0030311016988088246,-0.009737252815957942,0.014411090992723197,-0.03346131215748471,0.06097656407269436,0.014943420579805022,-0.009508423716875991,0.017398010311920342,0.02320066949791133,0.006712835176248655,-0.03479092597526934,-0.029502505407188573,-0.02240920371161914,-0.042839424350643585
2022-07-27,0.00807841479861704,0.009492064205628425,0.00828346942435787,-0.003974477460490178,-0.02360919420384877,0.01990837389811828,-0.002576457316889602,0.025677691267964597,-0.013882365463773194,-0.025147134743232602,-0.01803631469250777,0.0037366095838800018,-0.020325492367146314,0.010328066175169681,-0.015193357259069673,0.039379464418495935,-0.03958428417330573,0.0005080828182695285,0.03386889776118007,-0.014925117767752738,-0.027553239238480076,0.026117620841579203,0.011051604160240647,0.0015211441852605034,-0.013100498396026339,0.029460209115675484
2022-07-28,-0.00856167541474906,0.015159296503234998,0.03485264340213945,0.0018477268023080473,0.006393086360592548,0.01774270570249259,0.0865053855849689,0.04927700274527291,-0.0025564464297882505,0.015544064530314206,-0.011358912129394882,0.011963076501723124,0.014609542156918343,-0.003422202567364696,-0.0031752436198824174,-0.064380170377898,-0.0012592137882330157,0.014229260677304456,-0.015352741417350324,-0.013025002842186217,0.0068072172000517295,-0.006527066628214451,-0.003239249171526737,0.0013200481412105614,0.011466536863076637,-0.009206348348065774
2022-07-29,0.018585284163644022,0.002198671434611388,-0.0270298000446475,0.041211794738929,-0.09985377390560046,-0.007535904654492054,-0.025645016746558502,0.035077927997146485,6.482071490099273e-05,0.0022454415604955535,-0.002058001387316377,0.004091351264004839,-0.010405719783274758,-0.005748134533975824,-0.016699866307993028,-0.02428724390278081,0.0062382044099211775,-0.004602227356108823,-0.019163052325414487,-0.017291245773218278,-0.013521449849478673,-0.004610124934506521,-0.02596206481921015,-0.04377659383534527,0.021119118058344988,-0.036425803607623486
2022-08-01,-0.003330163184803281,0.005188248547981278,0.0026932660888148163,-0.01427638852563573,0.009984706809301747,0.004324388794172629,0.0017625306268415075,0.04707090298523742,0.022600819860187693,0.010806899703219797,0.01238035386593106,0.013394070003588165,-0.00636315690630207,0.00684265631498171,0.016095956855276095,0.008039701987248682,0.0036609795794873,-0.00539174734157577,0.008647918281578626,0.009660173693509577,0.014197155613741241,0.00792588732432864,0.013825029292480195,0.01663089330315559,0.005132234286502113,0.01755444143805418
2022-08-02,-0.0026250062145665165,0.003913593845776608,-0.024125000762697635,-0.051584487947529345,-0.010719131221636924,-0.012057294047959077,0.014673222943478281,-0.0050716842068943,-0.011974398353708393,0.003964293730123636,0.004920791525634627,-0.00745895645004524,0.0022974358838687703,0.01275457724636797,0.00465916742622019,0.008288233410591372,-0.004568130557766281,0.010169859080998211,-0.014512622592336433,-0.006433749162361724,-0.0015886784171398327,-0.0033522218151319505,-0.02274920491993937,0.0031623324303714506,-0.002603678671572407,0.03294576483150036
2022-08-03,0.022608897461035005,0.019926010576491793,-0.0011630995780629316,-0.019126230037609937,-0.010010196122552939,-0.01127911600706355,0.023235493190044476,0.019322052616962404,-0.01598148601237137,-0.02017689384637411,-0.011617902126987323,0.012478184934426428,-0.0009683386546055495,0.0004514333640925905,-0.009925166223286874,0.03811025477279717,-0.0033633539885569164,-0.011469366924952595,0.008343102304478656,-0.01916072837420546,-0.008002426747762525,-0.006154568023957641,0.009513147066896765,-0.06654201574977936,-0.016206894187687393,0.028832652605125464
2022-08-04,-0.0011485985179016112,0.015028029548325161,0.008704434835791863,0.004987928348377357,-0.0058472154212178,0.014688906609610086,0.00842712662538947,-0.019617885774944388,0.013256378019348203,-0.011847664457564466,-0.0045120145688536395,-0.0002546891765218273,0.006255804205929305,0.007588290227581007,-0.012734270263777048,0.011263074891138425,0.03304441038289241,0.005977709904607664,0.014802783704837896,0.005791745363172174,-0.004651839311918371,0.0014034178398751873,0.0019597381847207274,-0.000697553378370519,0.006464743226254566,-0.00019637506266756422
2022-08-05,0.00023661218817772056,0.00822133899511357,0.0028054885607045055,0.011155485915732122,0.0019704074545470185,-0.007777771044593207,0.0020830351983613937,-0.0029285090038997375,-0.0034993331558749174,0.009928243072349519,0.008006776690830497,-0.012837151915463196,0.005669784435984759,-0.0020949176357564214,-0.005844952232081035,-0.018659183682454783,-0.0031676911863197654,0.0455156629669744,-0.011988265333252923,-0.012360842049969234,-0.00587974707187966,0.006980664178646956,0.007825786506019838,0.01626246312732693,0.013141147126672248,0.010397656908712971
2022-08-08,-0.0016653764845011576,0.003337090851410651,0.029516928617084548,0.003503087701833274,0.008479021544461118,-0.0009044446725582356,0.0250079490489864,0.03260995901283115,-0.023752720132956928,-0.002152987849469379,0.002218918542353454,0.02115364117461216,-0.01372707824764452,0.02771860063230236,0.003903404551334755,0.02002759313606106,0.008496440467748001,-0.006995528408281548,0.03082576173121898,0.0022329011892977535,-0.0027728238700899244,0.0013760954161542438,0.010920870429141805,0.005446197909782735,-0.002167635353800157,0.009054848937088189
2022-08-09,0.00455198311641114,-0.013640493179952085,-0.023762329441247454,0.005432508074424636,0.0015098835011657652,-0.012519156964147182,-0.023524128298762048,-0.03314031476589363,-0.01343526162087394,0.012863946642732715,-0.007128824064598804,-0.05022204332089375,-0.011710214766952776,-0.009642362870194932,0.004092298781753101,-0.005854166673180283,-6.188056298461753e-05,0.008681510322685826,-0.010955445846101863,0.005160304257062265,0.007987698570837143,0.011165308445595157,-0.028300224923688222,-0.0052666230866798,0.007104517740391669,-0.07811140057147758
2022-08-10,0.00490392064256806,0.006442176127011479,0.0071348432144020535,0.003920173203487476,-0.013280650449682074,0.004572419610062939,0.05246704194643237,0.009294283452166985,0.011958151101940873,-0.02930668353196786,-0.005611402036210578,0.026535814637258737,-0.0015524890815703518,-0.006365383416287118,-0.012843902492616355,0.03691865439414843,-0.010874064689824214,-0.006245475833253966,0.040334127465493586,-0.016654202123878692,-0.013038671151200942,-0.026373788124085418,0.013254444186981518,-0.006122155482720215,0.0077967627273840545,0.04253309834760466
2022-08-11,-0.0037260414443136547,-0.0073008656787703075,0.025033609483282815,0.017903485495994964,-0.004970636983818166,-0.0071475799447405786,-0.0182851264841285,0.02199603856521315,-0.013103916165051133,-0.004946861104659361,0.008614329078275196,0.01315339666285431,-0.007217994715214782,0.0007054739583503,-0.002086543015016873,-0.00406071527881624,0.0025799926125698036,-0.002140487011543679,-0.005070563253818716,0.005980069339458938,-0.004409818543722466,-0.00778671794754604,0.03148336854999356,0.023118149712612057,0.010884724163657378,-0.034559274745364466
2022-08-12,0.004103017331464676,0.007465504977860693,-0.018814425535547352,-0.002682973609233752,-0.013051132664244403,0.0012451642470794333,0.028282822566695565,0.004787425934439815,-0.011040895199705636,-0.014746575336247902,-0.006231587893996471,-0.01681000052309578,-0.006797166223706297,-0.010547680239592516,-0.018722318696125617,-0.0003637014916846315,-8.333977189578512e-05,-0.002695687514821188,0.009871691174491826,-0.017240436856998054,-0.004239631018054135,0.0025231100203737533,-0.011970154828623958,-0.0033747174184348694,-0.00756429106983969,-0.0038113645411919084
2022-08-15,0.0023641890377883445,0.008034800830748035,0.008857042582206986,-0.008491095493723066,-0.003741302172574068,-0.0003744681639992198,-0.02315061922046402,0.00468300660873644,0.006998179170405017,0.016228874358986678,0.0028959939839054982,-0.0039695418998517695,0.01206372606744055,-0.010042089405270627,0.011295208949054114,-0.0018087942356632691,-0.00929008717628732,-0.00631346123458576,-0.004731716261964891,0.0008668947840040353,0.0070268613127979496,-0.0023993312374159803,0.0027552382536122355,0.020988091009652488,0.0008623921439732118,0.02990561174864914
2022-08-16,-0.0027995484956230277,-0.009547161112881786,0.04263412632333452,0.006136738325805746,0.005420135575031182,-0.0028163501775402278,0.025758024756964648,0.00486477202009894,0.01960715099283128,-0.00013895990953360915,0.010204396139118943,0.03396650413018665,-0.003820369172764293,0.009022573269922951,0.010091379286831348,-0.009725795278729299,-0.009602004757534477,0.0029015575637416635,-0.015604516920683986,-0.00905472239367544,0.003925323801995839,-0.0022846294848916093,0.03180085453926096,0.002861117651260736,0.00040733587289976114,-0.03755527695894889
2022-08-17,0.01602239492780988,-0.014524628603653889,-0.024427575939979906,-0.0008121215645590096,0.005992982575946382,0.008722615467229189,-0.025444622125951888,-0.017108006595727754,-0.012911549722962379,0.006197554968505714,0.016244892060953586,-0.028352740334637083,-0.003673998184869798,-0.011220230481191362,0.00041533237827628966,-0.01850460029053136,-0.011596180933699074,0.0026780844370636325,-0.01124079467149397,0.014961828598335836,0.006683394002656273,-0.0001276112098710369,0.006429774318385761,9.247355663144496e-05,0.0005982380931968123,-0.05513059991468172
2022-08-18,-0.004561326514293307,0.0004941121084078848,-0.0003244287688943803,0.0049780742454565985,0.0031695287670487904,0.016173806378936062,-0.023311444985173124,0.005216173923743517,0.003942087739086553,0.002986655704270813,0.007020089989572487,-0.014570847248913665,0.0034435320421308813,0.001890852358448214,-0.0016589771290225208,-0.003356304789024933,-0.007356793342662149,0.0009407220106891767,0.014400579035555472,-0.00610204715072904,-0.0012708757127350978,0.006730960780922057,0.010126242319624223,0.009848637970455876,0.012707615361227775,0.0055444950245706615
2022-08-19,-0.0022018795665226243,-0.018920150693844784,-0.022164343347048088,0.004032216842824843,0.012561930741659122,-0.01671419908161198,-0.05210650834373309,-0.0038179132281439543,-0.0004691136975524257,0.023869084361505033,0.00786655632589306,-7.372728081700419e-05,0.004281317124027462,-0.024388670259057332,0.01000149672483397,-0.025460217329341006,0.012968973605054446,0.001231345976918985,-0.003456036438895249,0.015437576973515776,0.011624948196374052,0.00956346339318448,-0.0067964315705483225,-0.001760964040359747,0.014726496687542667,-0.022765828422968815
2022-08-22,-0.0016292822394120554,-0.010854185148095441,-0.0051308744931636285,0.0017682509738408125,0.015424897958446482,-0.007910413256155158,-0.009157866181883634,-0.02897787950466235,-0.013813361825912973,0.01385232676109005,0.0010198814619903906,-0.01119738299660733,-0.003354634429743264,-0.01612796629870783,0.008395118900023757,-0.007833153770492207,-0.0034622227734393274,0.0032757048488945006,-0.03922358495446299,0.010459479072743472,0.011853676987851669,0.009170675612863444,-0.01715567648040972,0.00701695817955772,0.01166063009925955,0.0006965718685223443
2022-08-23,0.0002090534380975173,-4.730184752965716e-05,0.020579098278133978,0.030658746507814305,-0.015228420962692724,0.0033309751436940704,0.0022378626777133093,0.018152744743366034,0.009797228601648111,0.007163751050811351,-0.003737724192463654,0.007129519596471123,-0.0111334698054536,0.017083246201772262,-0.0100081051053994,-0.009660151006304019,0.0033679430975599445,-0.0077757826287259135,-0.006546431963625365,-0.01039210538544244,0.0017894819861996591,-0.0027422498023585984,0.025677790312164328,0.011949738971610113,-0.003236944748258863,-0.16319730093771756
2022-08-24,-0.0011222860903763454,-0.01451434207723401,-0.01826321935041164,-0.018381690587668587,-0.0014153384227424404,-0.0034057025450542344,0.01790515926247571,0.01013892794176896,0.0006352376344267441,0.0006099306486024858,-0.014123128017221043,-0.00021218544202539213,-0.006377653589552668,-0.0189541834849134,0.010893970548573328,0.010428634955584437,-0.007925025970072719,0.007077091823270987,0.01961781953668873,0.0014312606578328335,0.002073552192972228,0.007302192478055414,-0.008711025303803188,0.0237714165396532,-0.013779983072619184,0.025244205074127057
2022-08-25,0.0008311046796942723,-0.018331717059002495,-0.006877957310744698,0.010218174085713017,-0.014552754435019577,0.030703650531703097,0.008760123793329688,0.012325919267057506,-0.005377160020299421,-0.014177213928000532,-0.00846220891313565,0.006944014903183193,0.0005092179687873344,-0.005494092863425726,-0.01625868838500677,0.019719404892731607,-0.0018964737069575577,0.009035001955243427,0.004940678190676007,-0.0021045550830924853,-0.014035799180843744,-0.00211857010029326,0.006446695993268081,0.0034561134740094257,-0.0044382548586685555,0.011144617361361853
2022-08-26,-0.004011085852984597,-0.023029699499783174,-0.01798102633419385,-0.0013080667910795318,0.017313448140166887,-0.02198767596358342,-0.0038857938127084823,0.0010453799387578622,-0.009595373411497077,0.013590251587864977,0.006818411417142567,-0.009100870976438413,-0.00318816837601843,0.010423906217176482,0.006849810804701151,-0.007785962466191898,-0.06171688942473297,0.009865290245975822,-0.012042412661652513,0.012547889101767074,0.010092227729328496,0.006149780176749831,-0.004930436378695391,0.015131114702114146,0.004078421222832418,-0.01659189341786871
2022-08-29,-0.007023934071333837,-0.00845090684846872,0.0005973419981989414,0.005937040487924872,0.006900830025449944,-0.001123347842724387,0.009256251656254766,0.017049067612960767,0.00011120104694162247,0.0032553933694157156,0.006129563075788269,-0.015961041590030645,-0.0011959258472667988,0.028120829285463667,0.002680951311779145,-0.009466653575146755,-0.014241230922032777,0.001632604966385287,0.012443927572381885,0.00960753678072257,0.0035244841627636303,0.01974168167842605,0.00016029159865771359,0.021612752567770843,-0.0016783539362615896,0.0016300747079173172
2022-08-30,-0.004277542791552569,0.010521833457549312,0.02717475841711514,-0.014209197285442454,0.003995858492901738,0.0028116305042421574,0.023083285467149883,0.003320859839403112,-0.003967345808667977,0.0036560433519863267,0.0054260388561071515,-0.003088079494801055,0.006352319487627711,0.021352131781659844,0.0009448201034569781,-0.0015998825145956408,-0.0014677337498550935,0.003176294084982878,-0.006427434470828275,-0.002796812774002455,0.0024315288775793586,0.015376238819985621,0.02384114476958099,0.009040734993004063,-0.00022550629905071506,0.016213318151020006
2022-08-31,-0.0028178201661559488,0.003471156732114622,-0.0482652243216215,-0.004112069600884283,-0.004104656835176579,-0.0028009351327643595,0.00620993330310593,-0.005775118956308112,-0.004689902265421431,0.0010091597034478372,-0.0009035441261531219,-0.024829058790224567,-0.0026768658184562755,-0.0034585023324342767,0.007978977127616638,0.04453106846705146,0.0037324984182272036,0.00080017191243964,0.02100534865764181,0.0023795286270202887,0.0036550269805873947,-0.0029031181695321484,-0.015798458331260035,0.015206805352907526,0.00504859171418659,-0.004710568433762385
2022-09-01,0.0017105175462945876,-0.010788658232254167,0.013413604153732939,-0.015285669315744599,0.010741595530980641,-0.015575842974380083,0.0019275123186350829,-0.006277136260842697,0.007496613113918693,0.009867080960533237,0.006423837034067903,0.016542104302278204,-0.0002832632020699499,-0.022953433008840562,-0.0012182567316734172,0.011918199219090875,0.0072972299728952805,0.00012619747664621705,0.025989220816948544,-0.014272479980335318,0.0071135706131739695,-0.0032741454884112065,0.0021866764346971657,0.007435580045468848,0.007800039476725029,0.006207721330457439
2022-09-02,-0.0028744970539347214,0.004286323309852458,0.0008547619645736804,0.001911824863536138,0.0027231347183926946,-0.0006497341290264691,0.006873351081606027,0.008761494549556104,-0.004084535877608375,-0.004687851674822885,-0.0036858176834988488,0.03919158671405665,0.0024659917227688455,0.05764559314248818,-0.009273203297967658,-0.019742215906841443,-0.020943811309866778,0.009098197562485089,-0.006347469894935176,-0.004729166500120563,-0.0019333570579702641,-0.002743458186250547,-0.00014835478727870388,0.00797866091127053,0.00788823898890123,0.006422987064516161
2022-09-05,,,,,,,,,,,,,,,,,,,,,,,,,,
2022-09-06,,,,,,,,,,,,,,0.03392349221887492,,,,,,,,,,,,
2022-09-07,-0.009087133810623094,0.012666352073848364,0.007716718376916232,-0.0172336352960043,-0.0020130758811283123,-0.010865941382014022,0.015358193884867033,0.008272445019913865,-0.03083056532564543,0.006350281826757342,-0.010528427621532943,-0.010830940199798356,-0.004331931943682532,-0.002953530483525757,0.0053255536866996245,-0.006671994542684967,0.015535459721866207,0.006210378970836539,0.03005859771830921,-0.012082244704831435,0.003722758604223886,0.006956694017526743,0.009992168987559502,0.01950200675773983,-0.01665706817602941,-0.005844140087420513
2022-09-08,-0.016228738948402377,0.0036863487259879424,0.013323654987689615,0.006050555906166766,-0.015195451727546438,-0.006812118190340222,0.002144889486760171,-0.004018367265621325,-0.0004108321651719038,-0.01874641866194804,-0.0006598356676468242,-0.04044088922208,-0.0021983947509798263,-0.025152365106570485,-0.014262899640755666,0.0038014043716720902,-0.01722874437847266,-0.0033648083521504724,-0.013249454750180023,-0.012480281037377527,-0.009958541500346585,-0.007504244460443066,0.0050920403689271865,-0.003615324154401023,-0.007425743376722416,-0.016361318259397795
2022-09-09,0.0035685371901561513,0.013792997058437395,0.005344370273228316,0.019345051769232846,-0.006365171420934512,0.004733280253993444,0.004303758470358687,-0.018503494180749036,0.015289974097108194,-0.011856572123898568,-0.009666940124663848,0.023897598869623504,0.002239906738207287,0.00870668689861187,-0.009036653489256086,0.028477750108093502,0.016840599948795942,-0.01583067875716837,0.011680752247233306,0.012398720128270257,-0.01208622162039208,-0.013001366197474162,0.011911757660642674,-0.020750415239314868,-0.0022188657298642944,0.014517896932359386
2022-09-12,0.027923459870114575,-0.006582077680563181,0.010139740849416379,0.004772669835779286,-0.0021240148461176833,-0.0006199094437022712,0.02256193011782548,-0.00280224683012964,0.012231014979573018,-0.006473821541527647,0.0007944391442231691,0.03738830117984926,-0.002932003312227094,0.04103896528641959,-0.0012901637251720999,-0.011707455677331557,-0.001242312019513525,0.002564197066335705,0.002088567172850775,-0.0070686586270973795,-0.00665865124140641,-0.014359321351669618,0.013627213728036214,-0.003268804725540253,-0.0031355740387342124,0.007086981599291109
2022-09-13,-0.015442961584330006,-0.027330476459163755,-0.009834457702712518,0.0011889382440228857,0.0014129991752004356,0.003459179759793485,-0.018299187439017817,-0.0082434010440533,0.003487178179987449,0.02439691577326253,0.017138274406193865,-0.01016941547509942,0.004881731258154831,0.026030110452262112,0.010603113338739978,-0.05045419311214017,0.012814195230866132,0.013927883924639173,-0.03455479411994766,0.029052255736750743,0.005916428786400307,-0.007813713671394162,-0.01008930795834273,0.007194078407392834,0.0059683480159111735,-0.018847129546866515
2022-09-14,0.006168649064966614,0.005109348404309211,-0.005286785691133389,-0.001542573537069103,-0.019501988309743923,0.00020102484623829575,0.035563164389858626,-0.008814339898218226,-0.0049942122137075495,-0.008546342501675297,7.076420811902295e-05,-0.006265520870490038,-0.0021270979815837254,-0.012140798503004091,0.002625127286632445,-0.014227606024216244,-0.027791446022738753,-0.015535689134178687,0.024073719511817693,-0.019682440613837504,0.004199119068497792,0.027032366945344277,-0.02371196826607136,-0.012478775291169697,-0.01246782893651266,0.0058698446467218
2022-09-15,-0.007612189943629999,-0.15661396294692398,-0.004045951899450562,-0.0003797149922498688,0.004869655162485498,0.005792314414523436,0.02138692091037997,0.027006636017727792,0.010634823401993176,0.0017123506231848662,-0.005911498853920172,0.017091560394497773,-0.015964854072334056,0.00785447471691747,0.000195460150445248,-0.0013580017001066924,0.0018733331084977989,-0.005809056344073915,0.06155865555590101,0.0035638429010532713,-0.005281602617457248,0.004906090806704788,-0.004094337455815333,0.0031516462156995217,-0.01989294040980527,0.019107697409126767
2022-09-16,-0.0037780928169645067,-0.02396982376227519,0.01008154641547998,-0.00936681470603562,0.0006919951665028679,-0.014878485481676806,-0.031269132074291606,-0.0042350804423318955,-0.2068560677136373,0.00841152411116819,0.021366467137760914,0.018663180044945493,0.001408589832764262,-0.0020272503341139947,0.01943671183365292,-0.014616408677628256,0.00881414399406033,0.011548790023207633,0.02736228445542066,-0.007559119727831298,0.01375303504803349,-0.0004052685781220644,-0.01298656590410563,-0.0023051955961967963,-0.037628788616704045,-0.011892779222613337
2022-09-19,0.018226013723837253,-0.01834291855069803,0.02408359331490817,0.007852873898915647,-0.006203878411968233,0.0026674987221944058,0.02785547951488776,0.00740936590498964,0.0048187321610180245,0.006695359775543475,-0.003242848421715294,0.0010882819665292143,-0.0103474245083649,0.0019118167680993725,-0.0055304922832224435,0.0049685669525232345,-0.0065997365450063405,-0.0011295303985985328,0.007718353177554649,0.0018856279061021386,0.0036836485401205987,-0.0014265803960322732,0.010654387632376805,-0.0001452162897492837,0.011930682786245761,-0.011432604134629543
2022-09-20,0.026937556341731228,-0.005616365595577544,-0.02996090281614394,-0.011351430063094692,-0.00844333335694114,0.002333874351681975,-0.0585972621189873,-0.11196961979124365,-0.022490881578357547,0.009477150977503457,7.684934276308564e-05,-0.0281423713899821,0.008851733832533348,0.002231717796072008,0.0008382817519950736,-0.0017667143452720913,0.010243177919339597,0.0068659217748647805,0.0080704850883212,-0.006151027239312934,0.01239806964151835,0.0036677603559434058,-0.010466954590575894,-0.00023525469671259458,-0.012890405006569905,-0.0044327406427598914
2022-09-21,-0.0031511855499873898,0.0007624435576597532,0.003862582885316046,-0.016818102474308705,0.01192202428666056,0.01026902296982457,0.018078294821781138,0.014060723719117707,-0.009249603971357101,0.02134180301699551,0.006269162356989599,0.019461182794683674,-0.010878433946203914,0.022905906492569295,0.017116493600784488,-0.010058317649282111,0.002440920623276499,0.01022751957119461,-0.007507742615450508,0.007477541016983835,0.014274975275806123,-0.0034365082432975536,0.0035363074840333297,0.0031949635231478535,0.006585692542261046,0.0021989433204099296
2022-09-22,0.0020522367060428204,0.011082173358416991,-0.011721195754558655,0.00028552490421707155,0.015255973847083215,-0.003974758228396658,-0.05479911115397007,-0.013028468635337576,0.016845196749683655,0.017872169189440124,0.011469060481834603,-0.02373615425586606,-0.011736631640077766,-0.013027102725921558,0.009264316902467984,0.013352995329982242,0.002591833729820636,-0.01612476048252398,0.0091874766540736,0.014395774658322757,0.009377588219483757,-0.004147909733880906,-0.023174520487953876,-0.013844931880822808,-0.025916318121998794,-0.01000804557904178
2022-09-23,0.002108891732853335,0.008523638240493514,0.02029517160765315,-0.019765186012326685,0.017498797451206638,-0.007840608594643528,0.006770041669919125,-0.018789287479760608,-0.01648019936495637,0.010226591538154972,-0.003515798715644447,0.013607430311298407,0.0012117052166802367,-0.02180473085522361,0.003018588193760663,0.000358231297782452,0.007157495400357927,0.003182093496730709,-0.027652391718554825,0.010843337087652283,0.016758066224151213,-0.002908428838432453,-0.02444739749217195,-0.006095051264937923,-0.0037967293558418547,0.016025160386809345
2022-09-26,0.01260060130439955,-0.01636739538547849,-0.03996470854338918,0.00047676727783863004,0.010871892248897064,0.025360931989427904,-0.01215349412432698,-0.015654925475499515,-0.03271830584962532,0.00962596079633482,0.0046362218380020526,-0.01755521362930923,-0.0014793785334145104,0.026292975373404026,0.00016250084592173142,-0.01843258019326477,0.010428879249787304,-0.0025550636796936033,5.242787034065444e-06,-0.005367647245347107,0.00992491776157578,0.010265331394349708,-0.024386408047359587,-0.0014871166039529538,-0.005359581275354741,-0.004703062281938064
2022-09-27,0.008686942660352748,0.0043229012880160456,0.0034982165277853694,0.0010136348853478916,-0.02498549742171441,-0.025325300650982485,0.027889185117148663,-0.004551561122701497,0.016465859964146845,-0.00838103900100795,-9.271537251631656e-05,-0.0034941844759291962,-0.010391828679660375,-0.0024441691040133495,-0.01107601872601105,-0.012325672445868241,-0.0031008161126351297,0.0014560677698721713,0.003414653400314216,-0.003852593525173975,-0.012364463870570885,0.004840889681099303,0.016091735004598928,0.018758603704723043,0.02079129513766731,0.014802758308541608
2022-09-28,-0.03232407597623288,-0.005873867522141918,0.011362937468106793,0.013078435438729441,-0.008882660129752473,-0.01056020391283563,0.036360093929330484,0.002997930034534191,0.0150984614990477,0.002321222608130169,-0.011293520308941929,-0.001478919769959841,-0.006756624258290156,-0.021139536177303908,-0.00994662291367554,0.03397365377600403,-0.003036651677739366,-0.002123594500555104,0.0732142728591556,0.0007014994574596756,-0.0036489903514598243,0.0017327048436965864,0.010296795280710924,0.01864205322988588,-0.0054100193801864815,0.0022777281929140525
2022-09-29,-0.027992564463839353,0.009932429476517513,-0.013867713940740933,0.010039126256916164,0.006398598521450416,-0.017402654537352347,0.014958989290892566,-0.037165915222642565,0.03659410394502316,0.010079194557772064,0.011921392510783724,-0.021387467115247527,0.00937497090967565,-0.01579497021927001,0.0023402451116345535,-0.015593952116166543,0.0038004335979037185,0.0023126857584084837,-0.0012634387970728023,0.022138621749699827,0.008913142814452657,0.014632852302882249,-0.012652724303381158,0.010251870341871139,0.010355852716666725,0.002415169197068967
2022-09-30,-0.0149724859116378,0.004105373964368719,-0.011669617949584099,0.004096414815547456,-0.005229631815222291,-0.000661437928467512,0.0013748179586345888,-0.008472910945662049,-0.010145089271220598,0.00018741468084304547,-0.00811835581002296,-0.05378785252027618,0.006592970773101503,0.01354090356061477,-0.01740187158991957,0.009714930899249352,-0.0009618033582582397,0.00916337679048318,-0.0027464965778071226,0.004220087397086125,-0.005040272985629257,0.011575965861125082,-0.0008557648400601137,0.006246636383492876,-0.007797998433416664,0.0032497914026053953
2022-10-03,0.004868515331196255,0.010598581726206646,-0.02067410996112784,0.01769214715957812,-0.005447280221064776,-0.011108720179336729,0.022653014501754942,-0.0017768171032459534,-0.005745078243244439,-0.007332671174266725,-0.003158471823311748,0.0508264705025252,-0.004290127483566719,-0.013658411268641757,0.0018380637628674368,-0.004288886538472925,-0.0012684832029579152,-0.003559335314674561,-0.01059343056941886,-0.026906062509880813,-0.013694670314318147,0.009369711384755286,0.017731964083963714,-0.01701030005507187,-0.01628913539465837,-0.021127730787156684
2022-10-04,-0.004960536412007999,0.003527964302393105,0.02799967790160318,0.018473204727668335,-0.024410823313260055,0.006706981562294656,0.01904006530273694,0.047009951237388714,0.01999054701545222,-0.025640526015382692,0.002253126091886548,0.0336013113201441,0.006561882678752573,0.0073479107637117735,-0.009643013877909778,-0.018535499888113538,-0.009385783407244608,-0.0024140538795316413,-0.02347191683296934,-0.010397688768173152,-0.019327864312286946,-0.004377644416577731,0.029072385598702954,-0.032560199241549626,0.004979907911615067,0.01810440258327861
2022-10-05,0.00407137245623912,0.010188283544133814,0.009436345089459897,-0.004940925364311122,-0.009433606612599954,-0.00247032411151904,0.021346487248904422,0.014153907492656437,-0.012122280864619639,-0.0005525025657543425,0.003930282888070069,0.002017948757084831,0.011743382046571105,-0.0341639071843417,-0.003023126372828533,-0.007248966149897451,-0.0018740441364057947,0.008134695703330141,-0.014638987320272023,-0.005094190177176827,-0.004624438228176264,-0.00717252448559591,0.01537673779149884,-0.01768751412721037,-0.0036664089423656954,0.0017599622697912487
2022-10-06,0.0036192371151370084,0.013708658633932003,-0.005807826326712839,0.012655626519763374,0.0007288995284910893,0.022886427012274946,0.03499357843393647,-0.0017453623648950867,-0.0004642476428585729,-0.009480164921203404,-0.017669857719022297,-0.02895872975384839,-0.004505930938575098,0.025902508200843166,-0.011243296877543885,0.01089262117267864,-0.024920436423915282,-0.000985062640032286,0.02414278998181907,-0.008856901555471919,-0.009032076744726059,-0.002570868009576066,0.014953135512320137,0.0003710846383137012,-0.003629707684712602,0.02095201927539614
2022-10-07,-0.00871499310268109,-0.004300978339812467,-0.006123143627694283,0.02095726035849288,0.012687606802202045,-0.012720777717782239,-0.012566255761861989,0.015058824850761154,0.022977555111259873,0.0274143335897985,0.00010566897571884226,-0.08875737890377156,0.013767228560849443,0.005158110150919826,0.014612983793366618,-0.012407735498434103,-0.004393884719741226,0.00942941906545769,-0.03561609622855122,0.02182451375848493,0.02069412875132226,0.014877977142022325,0.011446378055356088,0.017546630114994355,-0.011005952735441693,0.0055402844044276645
2022-10-10,0.009848011047920324,-0.0030695334883972247,-0.010948411873497044,0.013800573701886143,0.013855397553954263,-0.005566728496084639,-0.0058179419094430695,-0.06136014754208785,-0.00027910689330579164,0.021232899704434982,-0.0015128169571717587,0.025260733401816116,-0.0033224714787057907,-0.0031518340448408733,0.01400730162911723,0.010040263841376684,0.01623492250987668,-0.004819674431766119,0.030762710616663136,0.004195237899691118,0.008791964851489698,0.008509789899778242,-0.003308144183022388,0.013472093359522819,0.011262764246741441,-0.02997972926875858
2022-10-11,-0.003735642770447467,0.0034041868213109394,0.014570888775073176,0.012563745551743222,0.016916930886686665,-0.006620380811101612,-0.02440679200081408,0.024124825111018988,-0.0008563610978897795,0.015063139802978465,0.006943905560012786,0.0148992959310007,-0.013118915900703576,0.021888986265535704,0.01838538474678375,-0.03272170943431563,0.010022936982922892,-0.005682489735219343,-0.061704078068893886,0.002738487098866371,0.011277512617481,0.002308015113108408,-0.009858525433235843,0.023173032306819663,0.004453287836166608,0.006383498403027765
2022-10-12,-0.001314345427413488,0.007925142373334637,-0.006889376516002854,0.0019001261792297441,0.002873626916776284,0.00819608055725718,0.008593852656349599,0.001560505304329829,0.008617043443359229,-0.000834379695317855,0.0013380382227433651,0.001213061764481993,-0.00604307171243379,0.0017771064732060582,0.013063541178922167,-0.004799886748937832,0.004301237920854684,-0.0008118238421019885,0.03399677960927061,0.010975666466979561,0.04511373514093986,-0.027405503132472808,0.02222655826590514,0.006365373093163207,0.0037297302101704233,0.023776489536370793
2022-10-13,0.00764750172421258,0.004053566070022052,-0.005237781343335746,-0.005687252380083274,-0.00885395445961823,-0.03451990465678745,-0.11865595545863339,-0.006034701769570772,-0.003989317334654796,-0.011401684148337976,0.009928096680103193,-0.021107801494243628,0.011369318493171132,-0.009858112931813157,-0.011008977018799104,-0.004083318623604004,0.022772394586300315,-0.01683130201760341,0.026735021419433735,-0.03359192858454918,0.004850730619169852,-0.02491243334552351,-0.029810461663640653,-0.023779758186756927,0.00024447410457550944,-0.03247983889555828
2022-10-14,-0.008577359638182624,0.0005915228873079048,0.00568098441315068,-0.00336576269514155,0.015319290305886968,0.005140857537617727,-0.016515936455395952,0.015166533552239958,0.028206826428044507,0.0013184367291168009,0.009293678846117648,0.013994171049411808,0.005734939899372793,0.028138646306107407,0.010833181960778981,-0.0034307123669711226,0.018148854005350934,-0.029982197342784067,0.012867452372543053,0.013415974285571841,-0.001650848564124896,0.01194036796399478,-0.0027124680820977964,0.01200525369487504,0.011564565983668618,-0.008988244076026608
2022-10-17,0.002642730476867472,-0.00717048256038022,0.00887898092252315,-0.011832886154744093,-0.006066366896464448,-0.00894662622021758,0.03485046133228775,-0.012769781239579281,-0.02635270204798945,-0.01296474540915793,-0.014150911436015434,-0.009046408628748948,-0.004484130194204683,-0.0006723679335938204,-0.017698817057496763,0.030951229434021066,-0.024455910578130124,0.008497354427746018,0.03917213156225663,0.0021817133053763094,-0.011555622628375506,-0.008840175975699083,0.009859638481689137,-0.00542683975107372,-0.007677476771134506,0.03438592459856804
2022-10-18,-0.0020184082886802734,-0.013199252847653553,0.0033614661978003113,0.003782864234980421,-0.013320034698516059,-0.0008159462488073199,0.012624616883554651,0.00547861495923363,-0.0157593374024958,-0.004383455081925947,0.0002577808599164566,-0.014854699342443656,0.006671834961833101,0.02278067469872891,0.004415200642700512,-0.020678668157708247,0.006928444003625023,0.009230163906765121,-0.02872662239670143,0.00012783327763421504,0.0020619507130512638,0.005906653768886105,-0.01397775324090933,-0.005366054314943414,0.0023532116902602596,0.008653286592499532
2022-10-19,0.007437432516874121,0.03005244861119649,-0.03569583095068729,0.01135739268563285,0.003692909437879477,-0.03026346330098173,-0.05453412603869223,0.014984603892371884,-0.014697096051025649,0.002052705192366777,0.0031744449262370855,-0.015335936714697795,-0.0020501814510145433,0.012447415221959468,-0.004467610351860496,0.009910158981987993,-0.008420723109470174,0.000236423489429205,0.13753651518508658,-0.016082475797709828,-0.0030390954037421425,0.0035873661415353197,-0.015060150955682916,-0.03955240938062132,-0.0005139202615890293,-0.01761527896051618
2022-10-20,0.004683813283137606,0.016455790554872785,-0.006012101665276437,-0.013035212562735765,-0.011201736008911944,-0.02263434610516113,0.040920278411991085,-0.021727495411162145,-0.010485266715844599,0.0012331483810963384,0.05521239588203941,-0.0025977725157291243,0.0029805089048211553,-0.00022739568063101512,-0.005740666284179241,-0.00480901353351193,-0.001593783396503401,-0.0040216227983017605,-0.007542183454997353,-0.0003447823436092401,-0.003008829078171682,0.010013526650936244,0.003703970763331621,-0.004139426620429099,-0.021061681286212885,0.055507534445713214
2022-10-21,0.0033342555782061023,-0.01052953518060562,-0.009086890249969892,0.03694230596693826,-0.010153180614112856,-0.01949486432389569,0.01188685026969516,0.011958990299147043,-0.003143892937080617,-0.008240313743446581,-0.011254201403490649,-0.01377458572933854,-0.0031701115049211914,-0.02495289357372843,-0.015993183453750115,-0.035281110365127155,0.00898676335761528,-0.0001683287340079609,0.05611560189980147,-0.017641150785954407,-0.01439307453152927,-0.020489669626029938,0.002193849719603902,-0.020527667820348094,0.004664022135342671,-0.010968388054633404
2022-10-24,0.0029203964450159603,0.02026871127338037,-0.01141145664387233,-0.006204265788262164,0.0015079394432246929,-0.03670869075265537,-0.0003866244534742602,0.01190780532615543,-0.0018973236190582554,0.00450581742119982,0.009596186378822313,-0.006252007761284872,-0.0011997108419821156,0.014641875919047864,0.012355127412615019,-0.014112638808073563,0.0015586285311526282,0.026416590306203025,-0.03647015482154181,0.00030629515027058574,0.01481385779465949,0.009076362755296774,-0.04130320799162279,-0.007127640728635587,0.0001987808697925253,-0.016451039771982034
2022-10-25,0.0030712615498555973,0.007672398279087611,0.013357346655564095,0.0022381826936512805,0.0032831786673830354,0.026062833503351257,-0.0048039508229984484,0.011778373642010509,-0.009546261335994233,-0.006954897445065722,-0.014458074557665679,0.04461498946372067,0.0027454911825273154,-0.018662457603556115,-0.00656301425053063,0.04378597766067149,-0.015252852882854606,0.0034311717515764784,0.014074942805348156,-0.0014248541432719808,-0.012946088778205578,-0.006863654577619505,0.036781182799918044,0.011734252465928963,-0.019549306534109134,0.02690411457043207
2022-10-26,-0.012239505080679058,-0.0028349513084744427,0.01195449585842634,0.018268431732216595,0.019818058105532943,0.011677976906653065,-0.010434798224067343,0.006608414144124386,0.0212517607062801,0.0017070247624352275,0.023035201475408273,0.004749307828539884,0.03339817208457152,0.01836548905147728,0.01733554913136337,-0.0485354062560196,0.0428305525070678,0.00997456406299091,0.033502768220347035,0.014562000620291116,0.011875158228416671,0.008880718090907846,-0.0019989955615674626,0.01717526077880338,0.019303772910219008,-0.0011744628153061987
2022-10-27,-0.02438255808529488,0.0003723727652743536,0.0038094297880155725,0.08315394321474479,0.005429350386616738,-0.001538945808952752,0.0012502846182508298,0.020123037338844352,-0.0005647519232175879,0.013127679591400598,0.004305044445707229,0.006082610618211248,0.005644448907966559,0.0038770963594660923,0.012927298271210086,-0.2394883028027488,0.006897742879503621,0.013906098216104779,0.0004567560095071199,-0.019579395912111885,0.005021564911773968,0.004591834331672984,0.0076618097081953,0.01352118928033419,-0.008710942936630772,-0.003033403669813084
2022-10-28,0.05092599882707449,-0.002564557987088767,0.013496549034093253,0.009313519562442085,-0.026456159570226956,-0.014793995591168896,-0.05435583871376004,-0.00462640680263271,-0.0025757063313018858,-0.0010372574636263732,0.003124439867201234,-0.01867406182605258,0.006998413122590641,-0.03499871794782361,-0.0015786829193058516,-0.011761341870843545,0.006318270334443987,0.008159133077331404,-0.028734943249114187,-0.0058805443426646065,-0.005898711466159945,0.04911313850458088,-0.017373014603647707,0.009930167329631034,-0.020542239376294402,-0.005258281269614251
2022-10-31,-0.007955962294498131,-0.014591754198815532,0.00833218825794868,-0.005675825015098002,-0.02187660687714854,-0.02136745961541675,-0.033399439732489045,0.015750156361695633,0.006893359499840934,0.0024951450440919842,0.005866158173422842,-0.008982120271690985,0.003538803584593908,0.014327110905942075,0.00388870412223441,-0.05343264731531794,0.0010562786725950568,0.005815403170940536,-0.00553087831015775,0.007638464214556273,0.0038875004013870784,0.011162953298326506,-0.0006859136157509882,0.015216167829127047,0.011043820860629494,-0.001689363276712208
2022-11-01,-0.0134416242692601,-0.0036853031002518355,0.010971561619405712,0.013525695891511536,-0.0025086186471454663,0.03537448868670778,-0.022307067338436237,0.0063451791337241215,-0.0089387546351265,-0.00012874433929044304,0.0034503826069712806,0.018807008437611072,0.01936737845998815,0.013316287522720849,0.010444680724292166,0.025998882980839744,0.00020587409099126486,-0.023210629911117886,-0.013474502333128746,0.0018934753819039862,-0.0004147097356660412,0.008851777673525074,0.019252670750407708,0.010372554054510763,0.0018957471091175515,-0.0024903685722441615
2022-11-02,-0.012303054510087397,-0.021830457100398215,-0.01666450678507425,0.0068784973684941075,0.00911395837950335,-0.05625144893136558,-0.017544218540495593,-0.0003711217062459804,0.002054993069812494,0.013856451232823752,0.015088874149458142,-0.000689601648907523,-0.015125314211115737,0.006401985730488002,0.0364778998777362,-0.023947388265470382,0.0055287921740762025,0.012691900253571808,-0.022949193401902046,0.02131435802431536,0.011061064565661916,0.010161059608166823,-0.02381629746353331,-0.011088088569975008,0.00815601293830892,-0.02675336496912961
2022-11-03,-0.031818967803353915,-0.04017427753039282,0.02664403813838301,0.03258647343523613,-0.0030748919919938444,0.03069539054320125,0.15326359950236457,0.025899651273985302,0.012915382375861428,-0.0022592380870118944,-0.006661644806499778,0.024219203427642277,-0.022713881527058888,-0.006126631464277943,0.001317707153306369,-0.007417028867757525,0.010504484010146808,0.0034163551007798665,-0.0038462095432642007,-0.0034789681419469254,0.008005036748704675,-0.0017457268249382318,-0.007393913039097755,0.03239199048228936,0.007122721418751032,0.007914248186302264
2022-11-04,-0.015565916139048452,-0.01424822377961421,0.0032293072962374936,0.025558523187351856,-0.01473784365456865,0.07281949171342594,-0.030413689437414848,0.005235249137619968,-0.002387197597399693,-0.02680334318177069,0.004898369742223352,0.01328118113965382,0.016138415719340937,0.033166014354068185,0.006058730348317498,0.007526191377617897,0.0025799665846326647,0.05645437115957508,-0.04435535070462071,0.00993823506530167,-0.007993792795453425,-0.009164247384327195,0.0669405551480462,-0.007170854923823633,-0.0033753945468237845,-0.025482486787902436
2022-11-07,-0.005711552523693708,0.038645015611975087,-0.0028691261905380294,-0.006278588785010086,0.010834191806893267,-0.03108381920884906,-0.0010730161827090523,0.0044496151971265,0.006854798314131383,-0.00843502936340701,0.00046170648456778096,-0.005029976176825324,0.01161904702679073,-0.008107461589234255,0.00889272915594952,0.05570141007613372,-0.010895604061915143,-0.007024423262220081,-0.018011537758539253,-0.012823149815111234,-0.0016153442212791802,-0.0032310903178600636,-0.02347726374054837,-0.007151755009910055,0.011147669352779221,0.01814229940258172
2022-11-08,-0.0014228865861982687,0.0031822527800533518,-0.003267593732600327,-0.0003486778460308759,-0.00532360399728149,0.003528068566332365,0.020513572810420877,-0.004138083369493506,-0.003713853383101373,0.0021213111714473154,0.006690894551953708,-0.03688869359565594,-0.003690674776228642,0.0086090189989112,-0.012897117223628851,-0.0081827647112237,-0.00022428581086186838,-0.0006279534007376242,0.013195612594463446,-0.0016424479362271427,-0.002823161045830469,-0.0047966549843343476,0.002836894157659975,0.003392184600186088,-0.007608141450567429,-0.02192753784442969
2022-11-09,-0.012412326999004852,0.009856822110822061,-0.0013087162733340651,0.002197270933999129,0.015975369492160496,0.005962364699398481,-0.04622938143409017,-0.009105587998670561,0.011376023225613485,0.019263121162316654,0.013551864049742846,-0.0027752393606716996,-0.010258212337082573,0.00825316688861033,0.012486314901814843,0.0726077085744713,0.00865192929739278,0.008394765665734605,-0.012623807636031659,0.028749259480233547,0.00882483109032206,0.012372154634105348,-0.012059485609706377,-0.002028867648739885,-0.007541403314510919,-0.061842486208446346
2022-11-10,0.03354018096122613,0.04855727659798492,0.014847947486938962,-0.024796999859824975,-0.02220658818501242,0.013312236267868816,0.10515945147609296,0.009929892711989963,-0.005067770554302742,-0.07459194542401859,-0.027484552165859766,0.008659131892623684,0.013092925053569404,0.0016416612327494473,-0.030351594730776865,0.047058794257730296,-0.012472428384692202,-0.03181668813179961,0.02431891896053595,-0.02189202959770542,-0.03779218744777557,-0.0432575429923443,-0.013154023550557392,-0.030982927242018565,0.005061793739989051,0.08919256949103405
2022-11-11,0.010028034388434026,0.024703733512175807,0.025744544203308406,0.008139239106320195,-0.015512262372806562,0.03338328159719128,0.04002883265367618,0.013326269912384392,0.04865084418799803,-0.04202895722085587,0.004495506547499195,0.04775424104209414,-0.003251660124095057,0.01365157657698668,-0.012010970092897533,0.0010389639216930036,0.020414883040908327,-0.048067804817821025,0.045892568191021166,0.0004337407274799254,-0.029328884245456543,-0.03755559915330431,0.07772897425139957,0.006553206310400794,0.024823418659259966,0.06481976749221685
2022-11-14,-0.000549858290155858,0.006649396297659704,0.005045943320636348,0.008978264135079517,0.012614533442157239,-0.024146348071610424,0.04439062395091975,-0.011273278091008199,0.004095522952792363,0.005463452923312073,0.016129859583874362,-0.01251020151517268,0.009171702887823097,0.011250989995949423,-0.0018667152643571105,0.01955345538151332,-0.005728348463914901,0.014626236874010878,0.040438880558012036,0.0044933348138356255,0.0015221997809151677,0.003942336652174361,-0.022729365050495165,-0.00884374300097246,0.006691127759568927,-0.036014418087304434
2022-11-15,0.0031562780391842793,0.007710176977554939,0.009331545635367755,-0.016789207075201262,0.005116152370268079,0.0198817336642092,0.037804336215642165,0.00835653255553459,-0.00012997464121178304,-0.012426649937683498,-0.0077420182954852645,0.01695994746935159,0.0034859354883924887,-0.004863420870615309,-0.00013272667859665077,0.016326342941817673,-0.007262840197948872,-0.01086480444279403,0.02780910119003077,-0.013875396065133327,-0.006110302491697306,-0.011875563620571516,0.012600616617325366,0.02358538814465949,0.011985537361524745,0.027920007613081887
2022-11-16,-7.877190382055144e-05,-0.013571250933640866,-0.07746232635336026,-0.0009982529937760942,0.005470732561328462,-0.009679168961594264,-0.03635729391219367,-0.019719926307732116,-0.02289514745161203,0.03512604714490042,0.009498826784092529,-0.03387271945156556,0.006068717822485303,-0.05372059980574062,0.01366595419850758,-0.024631581710921835,-0.01064755613247459,0.029617039862355865,-0.005223168484546625,0.015288051315437867,0.01468576977559155,0.007424504915968466,-0.009758260786000728,0.006670451479350081,-0.01604945952747483,-0.036807449515249835
2022-11-17,0.016060351899080172,0.0013753750102097895,0.016254740145713265,-0.0054296306667593885,0.0021599494050245083,0.026641518145191223,-0.04159826837371361,0.0038087748212750627,0.0075984581094933334,0.000865201824973405,0.013953260757932129,-0.004558657648190412,-0.0012577993232374407,-0.012119211528429874,-0.0053724536702829395,-0.012630857132554296,0.0023033345404037675,0.00211169519126031,-0.03200640391685683,0.010338324777114605,0.012622060992139583,0.02303698493732853,0.01880994776677747,0.0010690868459047875,-0.0025585264298517707,-0.007808924614880253
2022-11-18,-0.0009764355956067838,-0.02539026499717245,0.024086458341384676,-0.00046243710807458704,0.011059482326887915,0.018470784866832846,-0.008693220072930385,0.0009927178239665935,0.013779434004725255,0.011440384856353347,0.0058511766795386055,0.0068021410988523545,0.0023324536946391916,0.02845295985074614,0.003620041500679072,0.0006249393004167381,-0.007825630266220518,0.024320568492117722,-0.02948086398867744,0.003045069390097188,0.002462687275487152,0.002414787495598869,-0.0018924574323453403,0.008583924716665692,0.011769928222866932,-0.016261148688883065
2022-11-21,-0.01779666041588912,-0.024436433202271846,-0.013049045566168038,0.007081142443023936,0.019324675703826344,-0.058396891647894744,0.012837378031683278,0.0010243943701850888,-0.0022976816549905577,0.034610689182538845,-0.002618814546963999,0.0019789778134066127,-0.011944273484856716,-0.001098670046936423,0.01711657063812133,-0.015661116325406788,0.010747112173021378,0.0017539921206286557,-0.006290669642919355,0.014208039697253039,0.023130340273504357,0.010938469239845983,-0.00840542442257819,0.007311633682722585,0.013047191881882192,-0.013019756472358757
2022-11-22,0.0010810001810095393,0.015627809931411774,0.11419070007408338,0.00834364405971999,-0.007265658006530229,0.0018137491548897433,0.02426583060148113,-0.004977774515569688,-0.001889039335978726,-0.013321677178610658,0.0029185976325105667,0.012501363259614706,0.0062571658469174896,-0.009541796806942449,-0.006594534595468549,0.0008020756584927735,-0.005980023027507553,-0.003365718586541444,-0.007826559768528751,-0.008129915912628904,-0.013471900358457134,-0.0021040531790168515,0.03474186855419492,0.00458701870554723,-0.0017868253217210306,-0.052329060037850095
2022-11-23,1.1675347075801312e-05,0.008894286384595995,0.02550743649922671,-0.007347560072885173,0.0002320543037834799,-0.0040252991686198225,-4.666213074777659e-05,-0.008757637966046339,-0.001987037577995121,-0.006000770495082186,-0.00826212898320644,-0.009014572760814965,0.004753376972736811,-0.007201729672386636,-0.00048549427555832914,0.0012638444987602693,-0.010580156553915865,-0.0023684127470513516,0.010862979498552194,0.004333412481711818,-0.004616298007331432,-0.015677393020801733,0.014234170199739493,-0.011847524844760704,-0.005367549222527801,-0.019006097005975553
2022-11-24,,,,,,,,,,,,,,,,,,,,,,,,,,
2022-11-25,,,,,,,,,,,,,,-0.0017969264820093533,,,,,,,,,,,,
2022-11-28,-0.010820123245621649,-0.0004995305893928936,0.026031042850249486,0.0010191415011430172,0.023049730410841462,0.0031265724814506513,0.008545396316806064,-0.009413828853746864,-0.004306678741870407,0.01061014016132067,0.0006839123359687616,0.012960893416480435,-0.0036282203456476925,0.001655484329235124,0.00734686877465085,-0.008162356317570563,-0.01865384470198017,0.006317758078188462,0.0001398481074652569,0.016534237678551333,0.014249343788604318,0.00783087143391803,-0.0004717203939954562,0.03527241642118062,0.0011444809997622762,-0.0350863788492739
2022-11-29,-0.019556599682055475,-0.00506528404751716,0.026808210940900135,0.01373114884178317,0.0015918653377758885,-0.006255246685828331,0.021678857546126085,0.003048404632194024,0.028206851877932038,-0.007607331515254612,0.0037124639570566,0.007192608323212446,-0.0026451837128169675,0.01833708705711745,8.016439963098865e-05,0.007843016642427592,0.013546528426683913,-0.004123231328425625,0.0008449894970318228,-0.017419913178345237,-0.0054777294798511456,-0.006947158546611321,0.022699242532801978,-0.014504682446222383,0.029272231315504382,-0.012655888472019372
2022-11-30,0.017645806067080994,0.024594063964336277,-0.017402112335351605,-0.025461031445604076,-0.001006977095137529,0.06605611762784891,0.05282304419726436,-0.020038724115340356,-0.006203701894104796,-0.010643385549278905,-0.014496176317722487,-0.00805188032834181,0.007725681627064107,-0.0012068425047648823,-0.007329367300519252,0.047985119365627105,-0.032216652978043436,-0.0016805453366748324,0.05650225453741986,-0.015068096517343088,-0.014955522692213785,-0.01183876984703125,-0.016987930978955346,0.0023054202422228,-0.004770219470659143,0.03791992739527572
2022-12-01,0.002759473857285921,-0.0015096820100565234,0.014583639999468656,-0.0021780084968994196,0.005386775946304767,-0.01537563738877279,0.05613300723686765,0.01381741222312638,-0.008846058935671475,-0.01312241039972728,0.002613695282830286,0.0002625185700706467,0.013213000300119293,-0.0028590283404302808,0.007967203852368265,0.020681327715517672,0.0010264932779545655,-0.0006755053842778524,0.038245311913608915,0.01456630137347037,0.009220638216207777,0.0031783584387360397,0.019665446191321156,0.017410965336606243,0.003292273349316255,0.027382282454538998
2022-12-02,-0.0021765372622929435,-0.006302903320289932,0.0026980989578752057,0.0030614730819374936,0.011287214912197308,0.03158778902117343,0.009086231679200307,-0.014430583009787834,0.0065149316008031866,0.013485722778490916,-0.0020904104774457366,0.03146117875952836,-0.0008561463580901707,0.00010347398008214714,0.004425609284707588,0.02651835470146524,0.009131684796869766,0.004579837175482049,0.01211123012738391,-0.0012925238947133488,6.509986648361998e-05,0.005147070163775136,0.009770683143851211,-0.001344886652076327,-0.00301177149099241,-0.039099834336745576
2022-12-05,0.00991097957089293,-0.003890118428227618,-0.008433784710313419,0.0028179467927773594,-0.01436757204029604,-0.013652618875243716,-0.005452635542250617,-0.01673780957104498,-0.00862041605629249,0.011588976139273344,0.009419194577247825,-0.018533495548443857,0.006868300859508736,0.020546924307761172,0.005011670277959013,0.009310676828598208,-0.0006898967862420946,0.0015025082772122111,-0.006512004097786295,-0.0057925564476527525,0.004054033355962439,0.006149471915924187,-0.024878195925146063,0.020418987866082983,-0.02556098579793431,-0.0010803009587894152
2022-12-06,-0.010970646947601082,0.005599163631671233,0.0020654371903733315,-0.004004049516306174,0.015021213178580628,0.03850592981402989,-0.0016347099772830997,0.006925530003204949,-0.00570288794630025,0.011440978033073534,0.015009836310416191,0.007691971745201753,-0.00963978862990511,0.006929393168168874,0.012323062664364781,-0.053476299838812524,0.013998062503602804,0.006719438569102731,-0.008090360181508105,0.014569423991580899,0.006262427561742778,0.006232993219831284,0.01816766582478524,-0.0002880195338839098,-0.01905175679327964,-0.005216721002740288
2022-12-07,-0.011922820149701807,-0.011636047666231275,-0.0210722789022999,0.004884797826551379,0.0050943603101862855,-0.017205259510413518,-0.034283024438582665,-0.011691803385726174,-0.0025870695651826203,0.01962132636643421,0.00030331508326075785,0.009228849692917152,0.00154596696881526,-0.008485673420654427,0.012859364291589737,0.00019723933086879253,0.01607008363114737,0.004191588850675609,0.011222211844780228,-0.009117343726750549,0.004890226028889444,-0.0021540645460034202,-0.012618700594733023,0.03294188812762355,-0.0005934232511422,-0.02052462291415269
2022-12-08,0.004610898779747297,0.010538687090993593,0.017425983789916222,0.0009507576885441349,-0.0019456148270768914,0.0358704921117019,0.02605998207242033,-0.005995195438837531,-0.00966954532709463,0.01199736229035886,-0.004059168833490556,0.018072387337925155,0.003272091657555265,-0.00752178195750397,-0.01398931866617803,0.004766669557223491,-0.01029180934798768,0.003722825013757314,-0.0015558906111972082,-0.001669765641830967,0.0012609943775998556,-0.040991626917470936,0.005646865797072742,-0.004188783011140895,0.020874410914354824,0.028115798776544798
2022-12-09,0.003914674706622989,0.001516479438134155,-0.011715398442482816,-0.008370300656310836,-0.006452260389361086,-0.001759266305648599,-0.050048200344683824,0.011922829494963816,0.016543849308076508,-0.01146434267241414,0.0024099199484522993,-0.018794345307100557,0.0006863051653290819,0.03380716198978484,-0.0004919645571006548,0.012291896423079818,0.00544485011121032,-0.008292026431880095,0.038774847722536476,0.004782881686013929,0.0036494308598254976,-0.008226498559614437,-0.007272806820928346,-0.013453887215909788,-0.0037287089885550406,0.00458566245803127
2022-12-12,0.002110961166555736,0.008494713114376884,0.004749609982846792,0.011106775551922077,0.0002153534735633844,0.002483581366046206,0.007332988996800349,0.00696497808845864,0.01496708564273308,-0.003636048919853474,0.00040974467854892893,0.022328377458644244,0.01249568482285568,-0.025700822143409408,-0.009507283750636475,-0.024546820959930105,-0.005611896146441753,0.00556483504692018,-0.029372568613557082,-0.01033354248603957,-0.009527742111336002,-0.008416667020942459,0.011552102005050857,-0.013579623659431439,0.013248372678629883,0.0069235682726012104
2022-12-13,-0.0005074502908999357,0.005396197278690007,0.012111220444589677,0.0031370248742099704,0.002563684304351277,0.007928866797259682,0.008769645030338058,0.0008826420769016963,-0.010052377886646147,-0.01965954678394577,0.0018247655244125749,-0.01729542759945868,-0.01013743895107666,0.0014534497148497305,-0.004024483442139459,0.04013435772366725,-0.0038210895335692996,-0.020913936159978275,0.009081956648405054,-0.003615663010922532,-0.007833206470215903,-0.02007041494345363,0.020301947567143097,-0.023286757263741853,-5.7824181823651344e-05,-0.002404325879633795
2022-12-14,-0.009482961478433416,-0.0013641359940613773,-0.03260553525053944,0.0017635116335962264,0.008736293921957405,0.010324114901708925,0.009320146031049359,-0.0005794408982615629,0.012780376457354081,0.00469862748364791,0.0013372428917295398,0.0030801319673315897,0.007060820283402047,0.005278916837183512,0.0010230153304723322,0.018037547054628678,-0.0033746413479466275,0.004400201934491865,-0.0017826829820283274,0.029122417544961032,0.003278903126916699,0.01871468070661131,-0.001767702383123515,0.002693629123038166,0.008554611265941925,-0.005155942440154271
2022-12-15,-0.02193262715428812,-0.008056736160773292,0.024426750764169225,0.008630549821735167,0.01737988641715793,-0.009666244267961366,-0.02097696630494128,-0.008461192817367125,-0.0025954850588985057,0.016998186945423877,-0.025124930946430757,-0.019801161010896906,-0.0065741004242843015,-0.013182398659652095,0.011986960498956978,-0.019818677362124615,-0.0045016315799479845,-0.007768243102551975,-0.06135087628410074,-0.010441968702621818,0.007960658534444609,0.009748690153891237,0.004953238609189059,0.008004710593356834,0.00810223557690759,-0.01632394396170367
2022-12-16,-0.003441102255196893,0.04104258283084261,-0.004955141752250647,0.020068444188147905,-0.00700154105253592,0.012551057920869968,0.013916177945069497,-0.0587010898426924,0.0027642874393601913,0.01481085845382657,-0.004315990438012007,0.002398623496512764,0.009953666635894809,0.01001045021032232,0.0076733704585698614,0.039376917582086945,0.005499361095225863,-0.007140345308286111,0.012170731006117763,0.0013904359745986472,0.01163687412563219,0.026544502047873952,-0.0076293263686464385,0.0025667121589679764,-0.005472979794475252,0.006294497887028627
2022-12-19,-0.006902028501979518,-0.019881237269385177,0.013033775537308223,0.007159915463899824,0.006261069776542505,-0.010499498510698535,0.0057618222581431455,-0.026471161647242503,-0.008113312374183668,0.008539479890374069,-0.0001963117932670677,0.0014509101982133066,-0.004235477114425623,0.01868025985728239,0.0020544144373030315,-0.03243932549482165,0.01262342181097087,0.017524314638693195,0.0007174940251223338,0.01710866718062043,0.014552721671357238,0.003809391647521032,-0.009025015408361536,-0.01451169278162523,0.010298224852036464,-0.0020145891474975253
2022-12-20,-0.0015661638648277743,0.027737424912812836,-0.0080552896649424,0.011231747527342906,-0.0019136142596754002,0.004888690905186843,0.008413815457864349,-0.01985682234455466,-0.027284386362579904,-0.006316534317078348,0.016317084342254207,-0.020707441691646733,0.003914707525694894,-0.011096445219633932,0.0012458720574490822,0.02176152512080276,-0.011845637188575453,0.003794075160320487,-0.0014188742475751415,-0.00553058774919124,-0.0016439715846394698,-0.010075719431675845,-0.0007589469697846241,-0.004011158546213034,-0.02793854118611605,-0.008708474667648902
2022-12-21,0.008941393165839084,-0.00552495184571189,0.002673782544244885,0.0131579240977584,-0.00021001870385917165,0.011348227912748587,0.04201637632891164,0.012159097487462356,0.0194489013379755,-0.009175726730171085,-0.008780893385629485,-0.023282121897849728,-0.006878334622962612,-0.0009969132475085019,0.0009255623341173358,0.007934891618998074,0.007067321093285006,-0.008300945448723951,0.01903322673094965,-0.0028898207126837328,-0.007860090778907036,-0.006816035353029548,0.018789758318572325,0.01493618646609507,0.0026981929948513006,0.0051145440526843
2022-12-22,-0.00932089900127464,0.00021531841088295867,0.012343314884590062,-0.0028816234454757117,0.024946987406585963,0.007685951173183825,-0.037509911849451405,-0.025446382653841138,0.04798311571411995,0.01423915850305435,0.005587274484890714,0.02163175507401971,0.0023888733628182335,-0.01513784399874396,0.012059535861434934,-0.007592340614349102,-0.0006950194625301442,0.006373891808177379,0.013746910040470017,0.010677723685657226,0.0067255891806558,0.0007384061637721873,0.020910163671819637,0.024975874673347054,0.008395381934204305,-0.04260532669131656
2022-12-23,-0.008666064925183181,-0.00013286165885917356,0.005193455292990645,0.003940575098411614,-0.0031799069624574017,-0.010822553198694185,-0.009087545302096545,-0.0014470669233130895,-0.004502092094267773,-0.0018244634830173467,-0.00040272552696296593,-0.0026275207352464136,0.00022235706241335862,-0.00013055053617705425,-0.00032333624791158755,0.001987068259866831,-0.017793307341342546,-0.0011306207585752848,-0.015238357174744643,-0.010259060112579266,0.0005926555008251011,-0.0023563977145819592,-0.005333387829012937,-0.007290253086149834,0.0021041126414618194,-0.006626413867509284
2022-12-27,-0.00982863112097665,-0.005878035587783215,0.010318903347030006,0.017682110779530524,0.002221737076069319,0.03421319069407669,-0.04006575520022582,-0.010034984835448624,0.01041576525648591,0.0034137203853288334,0.009485656412279275,0.0034034629793479043,0.011500194959347065,0.01268874917476459,0.009861710606798302,-0.005777512712963229,0.004715556999239978,0.004049622110409712,-0.032531624920270286,0.007162835584598404,0.008493778074227465,0.010977502180694931,0.022489138412875476,0.020701695303117496,0.003597720302616181,-0.0024764108105032046
2022-12-28,-0.018664859934097944,-0.008153075722874936,-0.008624573582409534,-0.0034436146258728373,-6.590292119867946e-05,0.0035628987206914875,0.0042738537471967986,-0.010300978511157077,-0.010571813495408255,-0.00011168349861334637,-0.004830784095742557,0.0055564371338382434,-0.00014147518384310942,0.0031323947671176855,0.002241680510593813,0.0012402719233121084,-0.004033156045558761,0.0009930103156114978,-0.013633023086050633,0.009606856534362551,0.0048102952559053724,-0.0022358501496705374,-0.019204816615481013,0.010986131886563388,-0.00674388875833376,0.010493011137774566
2022-12-29,0.010863022400803501,0.010711544358890324,-0.0041147677050199505,-0.014036026672076707,-0.009304958003719,-0.002269987819224717,0.0014755350528679045,0.03642009019181991,-0.0030146163902444734,-0.015829841808282286,-0.0100340231150855,-0.0005451407030643285,0.000845206717011715,-0.006536901331939404,-0.00956011657446676,0.022670161327801974,0.0018130754144423111,0.0022787380404625246,0.0339688836290426,-0.0068322366243864785,-0.016195812032210988,-0.014439305625591814,0.004207014738621506,-0.014635137328191439,-0.005134925071636376,0.022930335506271993
2022-12-30,0.005009684652898083,-0.0005695953182761615,-0.010137781328133366,-0.00012367458426665312,-0.00934951141046525,-0.004741200400916856,-0.02109800481684787,0.010339786027693587,-0.010845869825519272,-0.004661619313862109,0.001335704591297282,-0.00449704183221844,0.0011624334848494566,-0.007136598690384965,-0.0022374943069274345,0.0032060884315475713,-0.002850342324324684,-0.0017095236636143207,0.015456425511291783,-0.011225889910353226,-0.00471269432580701,0.00684489892426321,0.012084834116005694,0.011662401743658068,-0.00832697646346603,-0.0012828183445741104
2023-01-02,,,,,,,,,,,,,,,,,,,,,,,,,,
2023-01-03,,,,,,,,,,,,,,0.008233909653430183,,,,,,,,,,,,
2023-01-04,0.002775310972173539,0.00578760563126357,0.011488518977661899,0.0028429827096765337,0.0018492598758261813,0.02396823776281365,0.02372206436752955,0.020714475255120268,0.016040680080887215,-0.02366719771244985,-0.00012102833968485882,0.05094422137796961,0.01653848756817644,0.020720249412791603,-0.0002935312469818374,0.013545055777553605,0.014343743705470757,-0.005130274140926927,0.04148625757766644,0.011994961288794181,-0.009991417351615461,-0.0009221459135357879,0.01357834540185232,0.017671435904105914,0.002901631576140762,0.007312481710912477
2023-01-05,0.0010407420083768937,-0.02634398836734897,0.006397597520830245,0.0071708270605587154,0.0018615244355857374,0.008820194819529226,0.03256600479873917,0.0316291252386548,0.01070879603234176,0.010794671410234491,0.0011966491628897513,0.0019308567843474567,0.002128349575059585,0.019996645206836194,0.003553176061464991,0.008269544677913077,-0.005853347192990799,0.00040610008108421525,0.0125827748791979,0.0028219859309625006,0.0011968631672479857,0.04394035368824867,0.013411509640497088,0.022855020831284878,-0.006817763483206951,-0.01836184338715552
2023-01-06,0.013953525730663108,-0.009718148199831855,-0.004069849773665979,0.012867439746143683,-0.003202000126665494,-0.012732513144085633,-0.01422586968509787,0.004097906335962742,0.0019274416967010044,-0.011320500964266955,-0.004486282419040144,-0.00996532919524351,0.0240556256718778,-0.022088024674533635,0.004806748865577415,0.0014226858916066565,0.007738169036331621,0.011339359830218276,-0.003951500926386409,-0.008088694116054507,-0.00025474573138040135,0.005467860048143924,0.010643468250062238,-0.028465192994646116,0.006554039549307555,0.03643991428950599
2023-01-09,0.004856279168811928,0.028506208011313094,-0.011033842779179404,-0.008233441901332683,-0.015262962110761169,-0.007495728376538557,0.004084669928348439,0.009511511450640442,0.02213826923872142,-0.00038460226818837207,-0.00027627845002720086,0.020138301279401083,0.009742940232507213,0.013707773718633187,-0.010699363205107892,-0.0034625869648664542,0.0013199880613589121,-0.011474613009152201,-0.0004366173816585661,0.007284514656380359,-0.009005892504949875,0.002113655374135104,0.005639534428158455,-0.0021735893404205564,0.016079397781247784,0.008967886858406326
2023-01-10,-0.0025217788236795435,-0.01656943344540851,0.01995301872117805,0.008795032563194694,-0.018649752157056332,-0.0038442193461107887,0.042116754412509616,0.004842159702612925,-0.012248766686571155,-0.009684376786378568,0.001729555177803821,0.00846111725588461,-0.0068703091828239415,-0.0005908549963138388,-0.0059372142991471755,0.020209590778067943,0.0035904928963195193,-0.00030180342199526144,0.032270471072998186,-0.0028278369511047785,-0.015231232765619662,-0.0016681578517441231,0.009749102391858333,0.0009844396559435253,-0.023049445598141483,0.004151886117721881
2023-01-11,0.008263068438149945,-0.0003605544752358636,0.005900050650940347,-0.011971141393973372,-0.007559782295550654,-0.008429558397632597,0.04828665131337195,0.01674575698647285,0.005482750812389137,-0.00479728624997966,-0.009672694809866433,-0.030393124120349668,0.00561381325139565,-0.007093048184676487,-0.008986671416611358,-0.01360152602368414,-0.005123013894766659,-0.00526396563050846,-0.013704278267779535,-0.007228233256513228,-0.011724741744294942,-0.017930900878812328,-0.003073727494240064,-0.002759799292449072,0.006504826816223774,-0.024844887030908147
2023-01-12,-0.004015389661645163,0.001278976189818204,0.0029905810949908407,0.013893514168103582,-0.007454022682697015,-0.008575000601275251,-0.026134723173722008,0.012469158960070503,-0.005028821023031815,-0.01400769861381157,-0.0014194907222015996,-0.012344739618597278,0.0017444907467627502,0.007737754271991415,-0.015403564768737388,0.02532965062963899,-0.0016344964229588754,-0.0020162800455700847,0.005353840925919284,0.0012695968718334782,-0.016165302963994765,0.0040439830325373904,0.01429370020134657,-0.0069008643573876816,0.0005352101102020779,-0.004844251403714361
2023-01-13,0.006122198394654665,-0.004461256280005932,-0.011172744173819527,0.009293615242647268,0.0023920635168954707,0.014954488559263623,0.019098128898976663,-0.05686355446340685,-0.020985631387793635,0.0067976242069662796,-0.001660774675001031,-0.010603183631922475,-0.015291921409289588,-0.03099255998519357,0.0004968454282348045,-0.002021755592495955,-0.0027599791142869368,0.0009142603686331796,0.004151477234605627,0.003939696412146754,-0.007068913875200367,-0.005531249841913222,0.0025000823361938096,-0.005704758167986768,-0.008369553768548088,-0.01000466520574006
2023-01-16,,,,,,,,,,,,,,,,,,,,,,,,,,
2023-01-17,,,,,,,,,,,,,,0.003072781287033921,,,,,,,,,,,,
2023-01-18,0.010192908346600915,0.006648006245662086,-0.0017317843639650388,0.0021384901494031494,-0.01583486441434445,0.001370176197893036,0.007487795770157457,-0.004958223530063588,0.013117552532886712,-0.025956761662765615,-0.01735985920291594,0.01187712824129894,-0.0006506218891046966,0.016603803360923708,-0.020993785553862998,-0.001724842672674587,-0.014848418611643877,-0.008859349537255756,0.015899725950022647,0.0010523287731717401,-0.009655873413597749,0.008214732115571666,0.01831305510339898,0.02666268195342214,0.0028249930899643116,-0.01864377470264933
2023-01-19,0.008081928013979778,0.01121281699644927,-0.009719636744325966,-0.015690470562196968,-0.010762856749667815,-0.006568698290400188,-0.011153502829273076,-0.010894900512535055,-0.010691846819546602,0.004639721290564447,0.009133886014692894,-0.010857295719641669,0.004981923362960217,-0.018810408432258674,-0.0036670532053609817,0.031168825679367518,-0.027554933078165922,-0.009218860631435288,-0.02469089690504722,0.010664984334610161,-0.003957127786164305,0.0024294028456633976,-0.016818881784771977,-0.01627780667102674,0.004413123217577364,-0.001920100213098852
2023-01-20,0.0003021958791222801,0.02151603142087999,-0.0048112913795852474,-0.0028044031341447617,0.013980420543313388,0.012101465348155704,0.003179808433279252,-0.0008561303535439269,-0.004534003651856189,-0.02632154916407592,-0.014793636026471324,0.008091899135155067,0.003748212637536552,-0.01479754368508468,-0.015785616368089617,0.00473189419584541,-0.0001729206482721235,-0.007910020728435052,0.06569750116111406,-0.022588432587430263,-0.017444522189424605,-0.01905639204573184,0.005214659980235847,-0.012506033361553648,-0.007677952659807641,0.020955930547246426
2023-01-23,0.011619061053485424,0.012250216792208057,0.007109717880100508,9.24450190680215e-05,-0.009236995417348792,0.014019438710145993,0.04349710583840172,0.020376451862745615,0.010967492103620913,-0.00013426016340911673,-0.007207239422205802,0.016864723850330554,-0.005795407216913517,0.010614417796710685,-0.00688442617270324,0.016101913303413262,0.004446534427741344,-0.005966778722862109,0.03168071574141451,-0.009507449300062198,-0.01635530655732309,-0.017049285272340287,-0.00021341690996434792,0.0068871053383767755,0.001311257381530151,0.009269751717099206
2023-01-24,0.010774682681029435,-0.009316453342864683,-0.006529672467861292,0.02014168346021783,-0.007679781794754481,0.010438542494808911,-0.016827330449839084,-0.003975886557239572,-0.009228428798970234,0.01568568698056494,-0.0018967752918871428,-0.00523405842971425,0.004515398595481446,0.007846992760372484,0.008169257347833692,-0.00019605234052877396,-0.061431653235217154,-0.0015858933122311347,0.018645553540824866,-0.0035348827766117363,0.009995022173416968,0.010685555025314541,-0.01421384200625686,0.0028295073138954185,-0.0020036223365375028,-0.020987818968575045
2023-01-25,-0.004519004622773881,-0.008536291747330171,0.004605950124884184,0.003403799587954892,-0.007071670178534495,-0.011436135243339973,-0.005817631901100628,0.004106619610036,-0.007427166006206742,0.0033594581800112655,-0.004977650269089584,-0.012976114068518507,0.006444834259150878,-0.0020322600122926193,0.0026497127161831946,-0.01127557195442952,-0.01781833552909806,0.009314177856335593,0.01153323595032607,0.008054544955357179,0.007446402989057632,0.015681730011718575,0.0029365061206513277,0.002375025771672923,-0.01387456935198117,-0.007595905837174843
2023-01-26,0.003795279530832474,0.010350701434041598,-0.011603088268545614,0.0032312896034625282,-0.021114960396292126,-0.013636030526140153,-0.020723791333811192,-0.0008436632256099141,0.0013982204159543876,-0.015442572249020792,-0.05583582733940551,0.06353759561404004,-0.024476024985901845,-0.0006527175513861838,-0.01839275438153498,0.02998164152589422,-0.005517536198526907,-0.016112809410239626,-0.019405557310967825,-0.03899813794778806,-0.02095396870970523,-0.006820889252425522,-0.002308187070195755,-0.0026716968515851924,0.0016147567759989823,0.02803993961020801
2023-01-27,0.011189488240266332,0.010872345166919706,0.012156656174377556,0.006737766505816811,-0.023899658630677334,-0.011388726479412026,0.021735944879409663,0.024594918769035967,-0.0002859510247372743,-0.008176395647512713,-0.002941005075699943,0.0008894015409712797,-0.011003894570664086,-0.002494840970949097,0.0006051207215271859,0.027647706423741925,0.012476466309474965,-0.013573505528705954,-0.013731715827716262,-0.008773144058427662,-0.006019530523566741,-0.01567662975280426,-0.0011331754288828044,-0.004763879051264519,0.010805018869507244,0.03340903761360314
2023-01-30,-0.007109184940706892,-0.006696167421830768,0.027056688114926453,0.0014768252208293697,0.02604193724184911,0.014519618288305502,-0.009527674362646232,-0.015667530804165053,-0.02103635825374106,0.033219390692101114,0.01973990987118801,0.01240660297737195,0.00518851326757741,0.00447670522622845,0.014822647744541118,-0.017873555388622342,-0.01019834323628066,0.004478069106663263,-0.00826359117873332,0.021476937572780908,0.01214322399189005,0.014672558030230154,0.012968740984683369,0.017517137630507995,-0.015149228667461823,0.00420270575200643
2023-01-31,-0.005621440459390392,0.004398811577004169,0.012446982315196253,-0.04986226615105105,-0.011292005200914224,0.007001308725305355,0.006738412773597435,0.033457138445583734,0.03848647326908772,-0.008325070932453604,-0.018855293851214983,0.020227909591134408,-0.0160433223643488,-0.008292820464824047,-0.005388545758667096,-0.001654480829415217,0.007563917153390776,0.00426818248284877,-0.012518464701150478,0.006239515029663911,-0.005555785278254621,0.001209991053215509,0.01822237927185233,-0.002850394498439046,0.03203229759000403,0.005765692979796011
2023-02-01,-0.0025515694507389775,0.026216749422936392,3.0458847842362857e-05,-0.021352480206225044,-0.003774143610886904,0.0029736610532098418,0.0040846925184272465,0.010272956288797097,0.0321043508744876,-0.007335774743436385,-0.007780306554052263,0.01563499250580591,-0.0010622759335738863,0.01082421280500001,0.00926027592965295,0.017405579310092012,-0.003674396239280231,0.0002866845016955555,0.012522875190722038,-0.006770474059494269,-0.007294843167609866,0.0006654549743876359,0.012589296555702623,0.008284571436983246,-0.011801963655625358,0.031014370860097173
2023-02-02,0.022363145962164044,0.0069457540424913145,0.005043959242963192,-0.033293668191892056,-0.03423256355038495,-0.05882366194726052,0.047057289630798804,0.023734124586679783,0.046603919346727585,0.02578013437971749,-0.005076068540395218,-0.001457830955446937,-0.012400502596532137,0.022657017457116124,-0.015748223371808256,0.21812459308120413,0.023536542550712136,-0.02952038902554388,-0.0011631472157860312,-0.03638350223243425,-0.023967073167080688,-0.041326850937710824,-0.020061919946817053,-0.0199706916882475,0.01941226692219944,0.04585619826482934
2023-02-03,0.034754395693837536,-0.022534316858173087,-0.0016778947431881353,0.022032939322695122,0.04907151516523578,0.014564812672435257,0.005631284357594968,-0.06576251036507863,0.011147012290588898,0.018288959027328855,0.014387201980551656,0.00617262605087221,0.007607586564973068,0.007584550174238758,-0.0008966559169386601,-0.0015116328247284372,-0.012922425573405838,0.012386654042887524,0.007656280792407433,0.01635423790062751,0.005353507168467608,-0.0016225035955639289,0.004747468645680097,0.010220195772965512,0.012288907817014416,-0.0294811639133038
2023-02-06,-0.011788231591604692,-0.004668003834513379,-0.019878092252327395,0.02091287438292988,0.010845212221281209,-0.02491239339313578,-0.013927379110158733,-0.0006623300994129666,-0.012865314931794769,0.024127652161660018,0.0005902585549325545,-0.028505385180693343,0.0036264795724231247,0.004057021209180611,0.01008526527456688,0.0036207682667117602,-0.0022860939146827075,0.013159592120349117,-0.005939376854620537,0.002081713253767936,0.022105635323522277,-0.016037288881346146,-0.02552282750632484,0.0008404981320728755,-0.008990326854090847,-0.02491310993010487
2023-02-07,0.006372258126636776,0.010020104828204923,-0.014918752929447443,-0.019872676079931262,-0.01707484467828435,-0.013485085984954237,-0.009482407402199966,0.01071953263592329,-0.016101587499674053,-0.02709110072557741,-0.015368951513744511,-0.01287239589700273,-0.007268872103105339,-0.011480697443372767,-0.029345336366743968,0.017010241122511705,-0.00943888902307255,-0.014576479915918705,-0.008805913166056056,-0.017197153640609364,-0.014385870515237875,-0.005687890728268918,0.00011734742771207785,0.0005638252565223212,-0.015362714582139336,0.08560944084013955
2023-02-08,-0.0065720986530392045,-0.0031447506644369794,-0.004752426822422273,0.007916332316820984,0.014697898397403653,0.004107719097463547,0.00411668589561609,0.008850248057461929,0.009032152120276082,0.0015071008937885821,0.012111396474942748,-0.022854716518825313,-0.0014771932741810545,0.008856961612466296,0.0066247629052283985,-0.03166015014835055,-0.0030338079227562043,0.01185668401727591,0.02177091617903215,0.01316892300768202,0.008749284966825144,0.016815322116488063,-0.033580021578212604,0.007766088700677298,0.0008307038186493587,-0.0516408082228097
2023-02-09,0.0019182010614591238,0.0020902151128945334,-0.00783688084135492,-0.001577131368367679,-0.00618737814549275,-0.016942736530602298,-0.03602513037570376,0.014045906288122745,0.0047246309932617025,0.010149822626857596,0.004512153221015058,0.02639378788134572,0.009018622307508495,0.025545296618120328,0.0011124149142911488,-0.021208771300596285,-0.0113004729391879,0.00553501570262549,-0.002974000487651729,-0.008924664676190797,0.018294628806536317,0.0021542400993451727,0.04354416037908637,0.00665106891747913,0.00019063917773665118,-0.023684405216939375
2023-02-10,0.00026122918513182825,-0.015020911320761554,0.004396038545900094,0.0034486337381653964,0.008781899987105435,-0.011185072107156468,-0.0416688934429853,0.0009567419015810152,0.0013996480582039172,0.014602682805325173,0.011636382822306057,0.005599715139593675,-0.011886730427909331,-0.016306764051536415,0.016625709600357474,-0.02338473647165118,0.006217054790681464,0.05368664583369953,-0.043960777333346135,0.005102708822387614,0.017598814275803232,0.003755261625286277,-0.008234277771433374,-0.014319872721596405,0.0003484964199771401,-0.03554159068718621
2023-02-13,0.0073580378648681055,-0.000639666052701493,0.008897500330413699,-0.009510661145258226,-0.005416509298498351,0.008732048826837868,0.008380309300741073,0.01683102141379189,-0.0005110499501999044,-0.008061069095371298,0.0014569511306095073,-0.010343737009762766,-0.0005445881351318071,-0.018257967409428533,0.0003072455817572095,0.01887010468513184,0.0008451461992629028,-0.011264713191649678,0.020823338509566858,0.005484875435854963,-0.0025384087036002256,0.008592944367994848,0.005878124254691031,-0.0028591906791088917,0.00037545442968878184,0.019140318031791725
2023-02-14,-0.00394453630431657,0.008013731589279205,0.012313455243889715,-0.014992596976766692,-0.0036535541758212497,0.0011814518271018315,-0.007140735746305693,-0.008886732833596866,0.005052370590801214,-0.003929362206166576,-0.009475586209828801,-0.013516114564527504,-0.002065448414048654,0.00042029249713304573,-0.008924240095215308,0.0005591359753600589,-0.00900151765863011,-0.00395389553215697,0.00415692246623256,0.002517290721070431,-0.010970137282021342,0.00648877226643374,-0.0021527018351655824,0.008873654951111698,-0.0031345701556334538,0.018847335382110364
2023-02-15,0.011130255778578846,-0.007959710452957625,0.004473880025365862,0.014987579583518373,0.0053194178244713175,-0.006178200122041622,0.060852951463417515,-0.005857312695878303,-0.001033502426338817,-0.00875908930361835,9.416822002794589e-05,-0.005011712555876069,-0.003638251742856702,0.00953790349334338,-0.00231633427754252,-0.015699350940467927,0.002305353737628746,0.0031063022087773895,0.0012828281712544687,-0.009385930428382205,-0.001407643215511234,-0.002366444220100572,0.0032136189618034994,0.0008672952056301142,-0.0023986577829571143,0.03406886617049243
2023-02-16,0.0033592227101215677,-0.014886043607666877,0.005357184626073264,0.005023092012746755,0.00576111231396681,-0.0063172199415791885,-0.07021236500372785,0.012242082701413914,0.0073579894927094935,0.0086541779174939,0.0035249091270832533,-0.0019154086428102568,0.008134536935604508,0.016829277665959097,0.013636488226558496,-0.012853894993161474,0.0024020689715176236,-0.0033060610645853084,-0.0158443500982276,-0.015999846484478275,0.010948027185068043,0.008231262452830013,0.0027682495089877968,0.02328433557752052,0.0068847734386429105,-0.0216203596600959
2023-02-17,-0.004779356217809783,-0.019989734812350557,-0.011518330191421344,0.00791922335454287,0.014725118631025769,0.016192619487662707,-0.0020672568606969755,0.001218080191169646,-0.003704968404594,0.02602230954943252,0.002915448883518801,0.017012684738182404,-0.014699615042757963,0.03114969569763204,0.020580956079571555,0.005319079172612762,0.011606626916372376,0.010472513607363565,-0.00507376545241911,0.0199200041455454,0.0071545065483180625,0.020623360873025076,-0.014170386503043919,-0.00016734766582782168,-0.0011474813531525685,-0.020336213314061657
2023-02-20,,,,,,,,,,,,,,,,,,,,,,,,,,
2023-02-21,,,,,,,,,,,,,,0.01630133895584296,,,,,,,,,,,,
2023-02-22,0.00446972705190174,0.007399887102188196,0.0021752356192236144,-0.010141744002498232,0.002645089823192337,-0.0013866241249514966,0.030449327640863166,0.0023933019252856402,-0.01213909879145958,-0.0027435099637223015,-0.004045001328645825,0.023487971713029965,-0.001207728278789344,-0.006604379178302144,-0.003981840413674997,-0.004005272456501507,-0.0012641087084547253,-0.014483340981636728,-0.006189437560710442,0.0030947028166820045,0.0012330880654688459,0.003205338131872515,0.014790427421026764,0.01332724777056915,-0.008792917070825523,0.014268438903560665
2023-02-23,-0.002039052138625097,-0.010204435727958705,-0.00749372140483906,-0.005077344996402999,-0.0060432091950176625,-0.0036844934480926295,0.019038067331112796,-0.016795515191954435,0.00625656506852712,-0.0027863481269168044,-0.0067039208685470975,-0.0008144550704665132,-0.003751528615687283,-0.003572152887574953,-0.007745493300012618,4.694559291262834e-05,-0.00560485057047988,-0.005745878982246766,-0.038863749731730124,-0.019842925147757207,-0.004250639849237681,-0.02297715545616763,-0.0011365210384612912,-0.0046516312923501335,0.0135259096814353,0.01074905968311235
2023-02-24,-0.007467556177232382,-0.06576923575172333,0.02041723185454547,0.003057064216390626,0.005181889428362507,-0.01726027947964226,-0.04627198165093471,-0.005203824949641556,0.0012775392790517204,0.004507573707043799,0.008855616459108151,-0.001260367996808287,0.0037587610069969024,-0.018743328643757273,0.0026671786894894023,0.0009466182757965624,0.0003457398107609144,0.0022040713273516754,-0.009545918070118398,-0.002220470245336892,0.008552454128443743,0.008326510447522417,-0.0012927682420462716,-0.011062879585951313,0.011704473177631902,0.0019550197399819114
2023-02-27,0.005174324043761391,0.002480120571180411,-0.01727012149908813,0.013059500525512524,0.0006363827609638939,-0.002742735291437537,-0.03131525740150187,0.012078495711511428,0.0007638567953465181,-0.0022362426303419447,-0.003685659592866153,-0.001935740377336126,0.003610393278816959,0.005962246449313202,-0.001699862128692331,-0.008061573783203824,0.0012868071527574187,0.0012815533962799996,0.015467157765852058,0.0009167037295541025,-0.0033571953671901467,-0.005011677829344863,0.010776822110381001,0.0030041012214716556,0.008472800923708057,-0.005913516992512524
2023-02-28,-0.0004117304354761542,0.0080931029878194,0.00884499795671212,0.0012442388278373073,0.0018438474331301524,0.006794180404043337,0.009752462841757459,0.003865070239189916,-0.0010802586660764169,-0.0007261390613819696,-0.006083464909616199,0.02177514160704097,0.002501309249727246,0.0038626761567003287,-0.003972029516922104,0.03488700076164786,-0.0018591355292248979,0.0025417043305282494,0.000249878289297345,-0.02495304257833353,-0.01049356715154226,-0.010493464149181952,0.010445369970294105,-0.005279082599012663,0.004462991257298987,0.01483734614155463
2023-03-01,-0.009520778328861779,0.0029657115110919285,-0.0021330779700804436,0.042796607026149514,-0.0030331770635931843,0.016163488530907766,-0.021055188069250108,0.025437703960983105,0.010187298149576418,-0.002282113766671423,-0.0038595252836528537,-0.008652735412705614,-0.00031272783045377395,0.014085104017223515,-0.01046344414221101,-0.003963421234823183,0.02765098333641547,0.006780127276631576,-0.022127299177177595,0.0036588038095074493,-0.007952763884576664,-0.0015343567552829063,-0.0012504444808082438,-0.0006331937648242913,0.007958416918102729,-0.061905568179095316
2023-03-02,-0.0034530266932806253,0.023712242688462615,-0.0287839184431381,0.006532813890537836,0.008657568299840213,0.004661942050280921,-0.006060378843021352,0.011086706690342174,0.005142395482949924,-0.00018730886828288718,-0.0018095535704514276,0.0003275237441329182,-0.0017264164806776172,-0.003627356776852775,0.010644850555956653,-0.0011815961845069722,-0.01039495757691511,-0.006785040027114997,-0.012686183164016818,0.011012038277555147,0.0108690575446857,-0.008573328688804005,0.006752825529492634,0.0023010960820062376,0.0011568880139032345,0.006925051919965064
2023-03-03,0.01894225682786499,0.015456486362255273,0.014425291654602379,-0.0037359342680560736,-0.019225605570023396,0.0014940197003106004,0.008839592801679341,0.026083323432288807,-0.005758000825915044,-0.0161477371607488,-0.010640880284118914,-0.017268946793824846,0.0005293990122412495,0.010611120015294961,-0.010792860439498453,0.04527440308022701,-0.0037730704358045486,-0.004765119490042213,-0.0055667468243305596,-0.012391829772205432,-0.017128665173198665,-0.010834329537001697,-0.002470876918454712,-0.014343925274400204,-0.010732982004588498,-0.0135992405987293
2023-03-06,0.017852109046024855,0.007974559758296085,-0.01221724888814657,-0.005896372105102632,-0.008048779550861251,-0.006768345964762612,-0.02242987332114299,-0.008332400534673545,0.0043348544489199,0.005520904290251316,0.0035554962317745353,-0.034918388389142074,0.014333864774044525,0.001694156453178719,-0.001143533739650815,-0.0025764225758788672,-0.0126409857412223,0.004715022666598845,-0.010681472803370062,-0.021136193707225748,0.0013340469549227851,0.012139290765387445,-0.02160021386168376,0.0018796394626638957,0.003782908108400873,0.006656489357692141
2023-03-07,0.0008307657499391219,0.008929589592583165,0.014840895130619147,-0.015541826070812004,0.0161644119299168,-0.009425939963395469,-0.009003771399471061,0.0037707186138035143,-0.0028045058155874436,0.008948744760043925,0.0004256566733531475,0.01009756978491505,-0.0037230430980859097,0.009651804099069072,0.0020807097542732134,0.013217506980271132,-0.010507792490605405,0.007714830544403695,0.003917791691144146,0.005644021000964838,0.0103701480598134,0.009412418662159916,0.0038433269214822596,0.020370773701008704,-0.0020445796934928095,-0.00822558701181575
2023-03-08,0.006962242538604002,0.0016014721746615557,-0.014908517863056359,0.00906706240301891,-0.0016538232856710966,0.010888733875449308,-0.02479902991622307,0.010276513582557545,0.014191888440782119,0.0012283798924377365,-0.002974337549280337,-0.0019990368628599597,-0.0039431212349198,-0.004334790509934905,0.0029054751811807833,0.0010783937485339123,-0.0007612316455047896,0.004713901817261057,0.00934802671792867,0.002442446009468746,0.001307808575331082,0.0007550510713292269,0.0006761575104554662,-0.005102731285450357,0.004205165341498063,-0.012039314438060056
2023-03-09,0.003544796422383034,-0.003140229507030301,-0.00803485735963072,-0.01274043483528231,0.018220176652883002,-0.0016630043868273159,-0.02960569272464897,-0.022372676343745845,0.01029887373363192,0.016952934494627647,0.003699389975661105,-0.015438943059122523,0.0056750318888290074,0.013799995151101419,0.013389645565076269,0.0007266974036016505,0.0031552634191870377,0.00945345050566715,-0.02647476246890268,0.02042514186358868,0.010891879927616421,0.0038624050850053493,-0.010258910254754006,0.010502893259450863,0.010754609728797715,-0.00026072407321786617
2023-03-10,0.0005994970615178508,-0.01232686037589048,0.009541344321921552,-0.04341520999338955,0.017467433698339807,-0.015421685428628762,-0.0018574336770909028,-0.013634213913805482,-0.012084707024276997,0.010790424688340239,0.008850439055785753,-0.011535163008478011,-0.006202334383410002,0.004581249011613275,0.01664010155999418,0.0024795986939919468,0.0006419877613480507,0.0005252630756555909,-0.0023799719188535295,0.02821217183430602,0.01581690850248685,0.003279449005168522,0.008709212371076469,0.016882308283006076,0.007150720127400367,0.00708387670474353
2023-03-13,0.014775741060136904,-0.013765061243263932,-0.034618211823572165,-0.008666010616948938,0.007828462918171408,-0.0037400701066567787,-0.019909414318174834,-0.004275592912070469,-0.017377885015241623,0.013413370797053736,0.0025459744880217405,-0.016502593851349445,-0.005404608043494963,-0.030234058591092183,0.01137097448248825,0.009253171218627787,-0.0038717572096287345,0.00024760435018689186,0.00407161253085675,0.02728625463184986,0.011275614296927361,0.00308664292678984,-0.010337556177497098,-0.012880660934334265,0.00531058402786766,0.02460265967626374
2023-03-14,-0.0023875944922118197,0.011463017833429623,-0.028750341249383693,-0.012159897804322473,-0.012211847707467749,0.006761201883303647,-0.025347527885086762,-0.02478908277802605,-0.013943664687517732,-0.01053252969349594,-0.02388219658780477,-0.010151719761537503,0.007050639236952261,-0.0005728193499432432,-0.005033371522030761,0.056049659959856335,-0.02343321494324202,0.006499574294880794,-0.011604601722128072,-0.011416647920052814,-0.017512918968353275,0.006997249379411041,-0.0013065429135123985,-0.007249139708237706,-0.0009467439778929609,-0.01181669183773959
2023-03-15,0.009602564958902216,0.007820888337214171,0.01646785518866123,-0.03028578940792548,0.023732209441950314,-0.008075860884066977,0.025951570703038662,-0.011460016553415775,-0.006107278083825274,0.01698095606175154,-0.0040098855963565105,0.0025811373804839333,-0.006453968472026839,-0.029684723918739664,0.008640322210218265,0.026205633410657736,0.00698088356543769,-0.02130092143575213,0.036986994789719674,-0.0044535645039758265,0.02484515140073662,0.01684038563322865,-0.015675258540163606,0.018091585227227647,0.003198367537548763,0.036550400577970654
2023-03-16,0.0011318891831031408,0.04142910333436656,0.0028216113075518745,-0.010888144972631686,-0.02023056502979592,-0.015746346580167714,-0.020521692725819718,-0.00816847765984785,0.02724112228475506,-0.015189008231272005,-0.006043528134539455,0.00011488406836912546,-0.017791959114805467,-0.014568559764053912,-0.009429435381835827,0.018746418014766064,-0.003648731218959922,0.020548854238687353,0.0030772779824284058,0.0028091318063121484,-0.018241427810308908,-0.03771166522293734,-0.0025188295787221815,-0.03728798959079771,0.0017481333895774664,-0.023756606371580502
2023-03-17,0.005565353266031581,0.02474757298333874,0.00634973241275405,-0.005897982568395799,0.005202736238872796,-0.00023532761532440993,0.0197333903758109,-0.03297358920174387,0.09070562315471908,0.003468433116182612,0.0029200252479250066,-0.010692686982823774,0.015789775568173847,-0.004614335831645167,0.0029524916444386706,-0.03445936792096316,-0.00039971107116121285,-0.005139822863182264,-0.010137742146578588,0.0067896377252714135,0.0032012750745019636,0.017662207295516485,0.0047027711143428075,-0.00334305828754744,0.00500612177402604,-0.008813294766913282
2023-03-20,0.0065656077121429846,0.004316616219431024,0.009327174568333874,0.015731734810826348,-0.00587601572907559,0.0007167532286627143,0.019750709414881218,-0.019537897403043125,-0.027392467569026357,-0.003201859356286141,0.00927227925345897,0.018982541309197964,-0.009890909240755308,-0.01065102116056893,0.011111615808955255,0.0023284201011570804,0.003603102451249951,0.005727335939399891,-0.003547724813441233,-0.010192702890680083,0.005128262649503723,0.013264810870871502,-0.015764425486026634,-0.0014745392574302407,-0.02658508328698872,-0.0073285698337872685
2023-03-21,-0.0010381482903836226,0.01826779558993219,-0.017589759729925936,0.00794303089849313,-0.026747838789107137,-0.005888242076020234,0.0271617563570985,0.03531829967133859,0.00361968756611164,-0.018502670393585108,-0.007979910570216076,0.0104601403722282,0.002047138797207415,0.006398785825303843,-0.011505642237689573,0.009008695132356026,-0.013173764184690628,0.00025875126565666484,-0.010819181945992185,-0.016554858053013155,-0.010617263095017648,-0.01943779162285464,0.007451117236670912,-0.001850033821149788,0.005002210378475924,0.02381427522298507
2023-03-22,0.00735956092933121,-0.016966335640719032,0.004621918452284546,-0.005633620678144657,0.012796304124234159,0.011431721011284646,0.0009366510295952812,-0.00401454132455481,0.0038625791503674733,0.014612895803002068,-0.0034466529110023236,0.001996911451561778,0.006479168854594097,0.02625323200786922,0.009534253118954616,0.004838724960558816,-0.009905428079034273,0.0012973070564411548,-0.022419704540500907,0.02832943661423104,0.008036766606576484,0.008099382415770018,-0.0013896652465216208,0.005007788811916991,0.009771261385532304,-0.026682197796391915
2023-03-23,0.003985120757929339,0.017169762597079252,-0.020761642827467952,-0.005303255636781468,-0.0019162366534519748,0.002999505731096308,-0.010825216853061703,-0.008211275732978418,-0.003629384312454298,0.0021236825246924163,-0.008466078096025731,-0.011547469307331748,0.006530206056186927,-0.009307384050527001,-0.005360247744557678,0.019386728305529566,-0.00830270822469692,-0.0006672716095394993,0.08708009917073989,0.0014869680863827117,-0.007856772230387055,-0.011070228388329384,-0.0042128359168222,0.008270354079124687,-0.004331918442400107,0.0034155067779881865
2023-03-24,0.0026655724085813404,0.010511931107540784,-0.009259650268423791,-0.016713462774406773,0.014047253018085737,0.006801528694583725,-0.03507025481007653,0.0022412005372254296,-0.0025049990373193776,0.010263222996798937,0.00992300273130664,0.011016688509406514,-0.013371576418061859,-0.02076993056317511,0.021741460625528397,0.002828924484042483,-0.004253766802110315,0.0074865954217797626,0.01939380964134818,-0.0011042743745239836,0.013944586670881165,-0.003953432383603239,-0.015723320177588707,-0.009052398479208912,-0.0014301265462930424,-0.007807772574480731
2023-03-27,-0.013940043884424491,-0.006474129470676715,-0.007971037149616111,0.0029150832135098614,-0.0007165249302998333,-0.0009021936214252957,-0.020084027294385298,-0.0007780664093079981,0.008555283845954609,0.010617868910690609,0.030438626462907514,0.009882082518160251,0.006856353470006349,0.024627233444252994,9.106981998385777e-05,-0.017034444268197335,0.0018135006797406206,0.007628943646837971,-0.0038699775406797476,0.0004432667137252988,0.0005864557591244157,0.007894121028386936,0.010527084931434061,0.010941146367707155,0.005070804163450182,-0.008454619637012994
2023-03-28,-0.0024065795811052393,0.002243815367856561,-0.00560278513209389,0.011482104078249789,0.005524584687014666,-0.004379874612544521,0.0032900935900106454,0.00851840603980114,0.004394271884410994,0.009545326469516668,0.0018057454275515195,0.05616289430830945,0.0007557361466279389,0.007309699520160251,0.0077913497750965455,-0.009075129117019798,0.004037300915308517,-0.0032401129641828064,-0.01106113376116169,0.0012402188360028932,0.0012397337397207497,-0.006139624562942814,0.02587416894596184,0.023362613895055784,0.003762499027577304,0.0011363521812873811
2023-03-29,0.005553617164015812,0.001188574343990112,0.006766538914720233,-0.001337604761047162,-0.010302074622585922,0.003231529865311611,0.01060568439451437,0.0245558991330459,0.0003244565226563356,-0.015423525115279557,-0.01137651280452534,0.0005524779986856299,0.00043847392825147047,-0.035519815726112736,-0.003028558666939851,0.009033605957770474,1.4738303022454602e-05,0.00016432500533958283,0.012067067590788128,0.002121888216612522,-0.0073266387661288235,-0.007094019562196685,-0.009204851841916328,-0.02450440659039188,0.005685069946715249,0.015818137176148328
2023-03-30,0.00417457086505113,0.0015112054713142253,0.00042965833921293495,0.0011904704299185997,-0.004562514405738405,0.002828196573969821,0.004594014805893387,0.014201497545877517,-0.00236175631286617,-0.002983672707700835,-0.009492874783411875,0.002692686935723776,-0.006466135831262987,0.002101737268469739,-0.01150225538833316,0.006410368921561105,-0.009688514395872039,0.011769858813655887,0.013560079426418348,-0.012859921437119115,-0.004829475001926209,-0.0004303989827614263,-0.002615763736099508,0.01336017320694216,-0.007699754786756663,0.014681366199562174
2023-03-31,0.0012075809188116793,-0.005350390923817727,0.024729429492291954,0.004713800758083142,0.0036428535295887077,-0.015490216023315684,0.009005295001791369,0.010787303229840672,0.0037896671899739776,-0.01001473746023085,3.485458838792255e-05,-0.0010957229561252557,-0.0028852226060516184,-0.01626982643204755,-0.012424861547667643,0.005290288784572272,0.00823329857349453,0.0014698894648463856,0.00639499912340713,-0.007902218907305691,-0.006307405451717818,-0.012569063446598472,0.010284157649592895,0.002902212264016768,0.0007393995330011727,0.010549512490588553
2023-04-03,0.004002824754262058,-0.01742593631734135,-0.0006323525107203576,0.0008021502533976932,0.0015039854857537005,-0.002359997907251943,-0.03136436143565147,0.002650375151015627,-0.002166962006151074,0.0071103987565996896,0.0037006003049668834,-0.007538725675073965,0.004721430154960071,-0.008926316531469802,0.003472978542492955,0.0016329195439706012,-0.00883639735632602,-0.006145604687234685,0.004405784083148623,0.007066241017823938,-0.0026015733225785986,0.00955721253063202,-0.008801888168407324,0.00641719381178496,-0.005090457741579901,-0.006001096982723442
2023-04-04,0.0025473773619003603,0.019136288814901148,-0.002737068554797939,-0.048233640336139416,0.005346885836132853,-0.003239020536839332,0.01863761309624845,0.008951645726538393,-0.0044721463851118415,0.009335707441555874,0.0023138551755822467,0.0035942973937330702,-0.0012158598184595082,0.006223070110811468,0.01006944943260768,0.013540730126437861,-0.016389169660406044,0.007443635501747536,0.0014039583639792186,0.001813268647275379,0.002235020604245408,0.002730447377790046,-0.011223516544994427,-0.0033106305745822517,-0.010257225320733254,0.005389767250392641
2023-04-05,-0.008797849902675958,-0.005634346156851877,-0.01754886833340974,-0.015534683077873424,0.012398994500792848,-0.018484118683969153,-0.03736537090355163,-0.020306217584517228,0.017680568748573378,0.00776220292590335,0.006595586563140965,-0.0024745881144578874,0.0037585925042485924,-0.026042571852746166,0.014970939625503443,-0.012597098840624099,0.0028836256819054773,0.0033319972040012358,-0.010196847533374243,0.017919662662975067,0.012335819912674961,0.021698175258817565,-0.03711853768636009,-0.019570335531017946,-0.00385571760398451,-0.03199976603286292
2023-04-06,0.0019165328819872318,-0.007296201341097208,-0.019310469849057488,-0.023997848913932418,0.006453129906657917,0.004063962376662733,-0.015073407637583691,-0.011624373284151224,0.005858571843533333,-0.0018831133240548859,-0.015990335948005474,-0.1638674987492177,-0.009956481611925083,-0.012493418538166767,-0.008481303288595754,0.018267037604893233,-0.010715590609786885,-0.012945291838360462,-0.012400601614679152,0.007272903155277843,0.00034147895495273417,-0.000292978426344348,-0.012470233669137576,-0.028236511687540156,-0.00790868974493164,0.006969360338705988
2023-04-10,-0.016968427528067043,-0.012425640973676377,-0.0025945177435350297,0.0294096714688985,-0.0017686534633859496,-0.003897764216464372,-0.010798308253992306,0.03063386892968545,-0.0031503513430936048,-0.00530627507292325,0.0030650570013195377,0.03929447982973544,-0.004675744354080025,,-0.008315038170171207,-0.007243502250899203,0.01081910343223047,-0.00043191906149764314,-0.0019982892077330394,-0.005211066508133078,-0.0072884230118336335,0.0015435856331558195,0.017194488600141833,0.015339256204436547,0.007912421373953205,-0.010460468893289443
2023-04-11,-0.007549640610762576,-0.013619816022884312,0.003910280570736391,0.02356471866570453,0.000593320165677258,0.004988135972533114,0.005864318984060479,0.011833763577158485,-0.000261008428142917,0.0015488462297091887,-0.004614018841278655,-0.015196825633253863,0.011120355162445361,,-0.0030777601499196727,-0.0041494140862374795,0.017557895343749297,-0.00038150212978471654,-0.002259574363338235,0.0009997208822839498,-0.0014870806168648665,-0.00022528233361962524,-0.00044820707975645746,-0.005077111353485764,0.011551851916776434,-0.016398133247034985
2023-04-12,-0.00021839999440520508,0.0008475278738396819,-0.023506518983143154,0.003681716891607789,-0.005027171780124351,0.026058478328919388,-0.02944284412276421,-0.011405258355956738,-0.004762577790845324,0.0020895323333330884,-0.010280113539298918,-0.02229957821198536,-0.002318707774154216,0.010813163226746636,0.0027126266319091874,0.004836176682753268,0.002317867054817291,0.011965397458708948,-0.01709448594825924,0.005969842107285461,0.0021670772603599175,0.0012005897024365275,0.01515355371825755,-0.002737437005776666,-0.009375040046170513,-0.03172228932271404
2023-04-13,0.020840790295607148,0.01082547889894414,-0.012989569023033054,-0.007956818170403945,-0.014376837010332988,0.0047498661725857705,-0.007671660260023971,-0.02983720138660706,-0.00628994027516927,-0.015621584216905848,-0.018241599681078413,-0.005978165612800845,0.008490606096898556,-0.006772814659386839,-0.009986980614035357,0.016410260360578466,0.003792085526634903,-0.00038299062186730737,0.03253372758128026,-0.01007717124504559,-0.0032934647675531004,-0.007510682007975555,0.0022373755522895333,-0.0031886749647533907,-0.007205137117549221,0.02659510414700028
2023-04-14,-4.4548266609156784e-05,0.003600569641059037,0.004665487977907334,0.011136977860718211,-0.010422177744112915,0.012049498894328048,0.020039960611971663,0.006885028253605041,0.0004247632951395186,-0.004597322984523422,0.003945840503413844,-0.0005603065092026904,0.00958999942280725,0.010953086990245442,-0.006874171920585592,0.007243008855807531,-0.0015107979791111337,0.00918755691561457,-0.01976836101196533,0.003101372692405624,-0.0026492960477246807,-0.0031178161140206218,0.006839155897593319,0.013916361438806035,0.011859762704022225,-0.007620001024472134
2023-04-17,-0.0031853627187179434,-0.0071545185358594665,-0.004260248085342977,0.0036681465762566923,0.012618694115312135,-0.006298234453044227,0.002448295201878281,0.009473143761422831,-0.009288397498243506,0.007424348881960086,-0.005803382577120764,-0.006602182705349624,-0.002420142446018403,-0.01978104278790005,0.003139959663556402,-0.015180376919343153,0.006243304409473183,-0.00515873749406226,-0.020758822685097322,-0.0017200920000097764,0.0018163238210304744,0.002710547666262997,-0.019446392438372206,-0.003923289419444975,-0.0011283030106556957,-0.030356477096029844
2023-04-18,0.006649618624087861,-0.0018343312761239794,0.008284336579805096,-0.0010329525535162087,-0.0069696011381035206,0.014268196220608154,-0.010067832324033521,0.0030879838065918097,-0.0012910023621349742,0.0013454894372693094,-0.001168271609862881,0.005097037734027365,-0.0020354160381534925,0.012429898868777878,0.0025604372966323563,-0.005287211325467611,-0.005631523513237702,-0.0022988869969308157,0.0020901864917615143,0.0038953019415139956,0.0012050045768206008,-0.001984969330973141,0.015308699281850524,0.012600887748574596,0.003438580646391909,-0.006031293784573455
2023-04-19,0.007052561299127569,0.00686481461685895,-0.017082530554678677,-0.002357888306271705,0.0014266044806866551,-0.0016660208235395046,0.0021396509400116726,-0.03997860931169739,0.0013057494855696072,-0.00877558166552228,-0.011341588910811717,-0.005832776293619557,0.0013732998784102834,0.006354755773418597,-0.0019015794096369776,-0.009966729454932599,-0.001703802410684796,-0.005526800244948671,-0.03162082314138637,0.0005571366282582924,-0.0005109408101684476,-0.010160541486789354,0.023113708659584398,0.0010260734676904582,0.00992354546608476,0.007219736665260323
2023-04-20,0.00010623381922925113,0.006347235006368246,0.004164511080104738,-0.004641649188960373,0.013995363323423327,0.013161337334177237,0.004585099496943967,-0.022688734878786976,0.005473273625047348,0.01807857634835397,0.006269181969302595,-0.009920486419644381,0.01185397672475852,-0.02775367773070736,0.01547527967301976,-0.006240196687590127,-0.006773552871071398,0.001971266258586235,0.012853995629401815,0.014144163725859027,0.009254893191773306,-0.013136110631784548,-0.01261334447596385,0.011524118606387246,0.0005962829879621045,-0.024305799474448664
2023-04-21,-0.01068404744923479,-0.007714308308868545,0.0015767692650803244,-0.004522013447446516,0.014278670565239793,-0.009608013031577878,-0.002761510639515685,-0.005958205195363386,0.0037179208524429352,0.0007477884053677109,-0.005888778349699475,0.001113039381093417,-0.00026319326016444045,0.013459959933512566,0.0031793614368549328,-0.0017480805977659886,-0.003290241542707073,0.01657929563732119,0.007180428433303909,0.010424787487964826,-0.0004716558761854728,0.001015376844063276,-0.01059785483359621,-0.007654849758802484,0.0002765768313033323,-0.027082754882384763
2023-04-24,0.0010268299455176155,-0.0017254030814404242,0.010006177671711525,0.013494371966179086,0.0018773231512390076,-0.011115762307421506,0.006889658095138751,0.028784319518520673,0.006612559961400866,-0.00027655994326880595,-0.0034764893879271064,-0.014936145595289885,-0.0022106276153108784,0.00897355513994258,0.006018953071590172,-0.001321336285117547,0.004699757925628045,0.0013687878429529121,0.0023193486492725235,0.023747760652512495,-0.0003660521420769669,-0.003313707058900661,0.00010329956785137817,0.010286883163299843,0.002426897311531784,0.02759486538757061
2023-04-25,0.006375319356445197,-0.00472764770336731,-0.013828950687182484,-0.005672317737791421,0.022560291214456685,-0.010017237189446249,-0.027654657944181982,-0.00417230291501125,-0.013005630962974024,0.023397109090751433,0.0197184368081067,-0.01208041007373839,-0.000734341761612245,0.013950893156265742,0.02541960631564444,-0.008814450644610283,0.00924309182250449,0.0018365117315886081,-0.0038535794714090743,0.011482141035698556,0.03850596818847252,0.030482452166992635,-0.022118500331506308,0.005690218006971226,-0.08406141165473957,-0.025982510222911093
2023-04-26,0.0037800698241583497,-0.01382703662907192,0.005802924131756981,-0.007319297427238136,-0.001349186678514358,-0.02129536453761327,-0.00225829523392862,-0.015700152283965263,-0.008133748902467874,-0.0008358816954826542,0.0035234041858770437,-0.0010571936716717856,-0.0009617607143511675,0.008141573503720245,0.0014961333625878037,0.012754809184743143,-0.01005168640691767,-0.001723931879409557,-0.0004992060754154259,0.0030649282442922754,-0.0023259088263762884,0.005733263264256383,-0.0028535966422004178,0.01415755490593984,-0.01726061792229361,-0.021852689907945977
2023-04-27,0.008829146790572118,0.0034603911395030273,0.00868141866651384,-0.02816968666484676,0.03804254602336843,0.0004885347049903288,0.00825425852230599,-0.013500323491211885,-0.005336115781331419,0.02467451949763344,-0.010666547666458914,-0.013237019475930367,-0.0007255534432086819,-0.01956614972249704,0.0010339339362748223,0.11968888303803626,0.003850073612899463,0.0011508642739153085,-0.0049313254521625716,-0.028811769040096635,-0.013466629624840243,-0.008371164610043058,0.00015433518055552042,-0.018981608089319257,0.010508583154442475,-0.02184515654250252
2023-04-28,-0.0007121432827221774,0.008277904642167266,0.005210674969539086,0.01260252948727536,-0.01010319411842886,-0.003979202474326149,-0.002879524506801623,0.015002717325792059,-0.00010957862781935113,-0.009241125231530312,-0.012663785199133026,0.002228906775017636,0.008767005299288533,-0.0008309505905841341,0.031031685537165732,-0.0008754912847861451,0.00019651270746701144,-0.015915506803530932,0.004267925296512098,-0.0024502052748354153,-0.0019271189256404586,-0.04853610346693582,-0.009232258977143193,-0.0015716155653495711,0.003279426002847252,-0.0059689901974615545
2023-05-01,-0.00014433470738595133,-0.008645580352040994,-0.011288441099501334,-0.006606606089940237,-0.004350284723769082,0.0009942288954490897,-0.04672863362405133,0.01553772152945776,0.012678594547352762,0.01243488020228567,-0.0021454302275205617,0.001769179637147178,-6.111806948216891e-05,,0.006903349431843453,0.012286677688188807,-0.0030972620151066277,0.011264601125849372,-0.01722372835963537,-0.003200287497900023,0.004524624433440594,-0.004408769916854238,-0.003779742571423994,-0.03325368104284987,0.013677758983698163,0.004455779268296989
2023-05-02,0.0053947415629568285,-0.0030869705900818944,0.005476230875323229,0.0018288832525681364,0.015310743887835487,0.004902484507803617,0.04191768394149431,-0.009972643261953573,0.0021318588007442907,0.004168120614190585,0.004210675014243881,0.0032989961048749405,0.0015037542969833506,,0.016506978004834583,-0.004615646498467352,-0.0155276158896821,0.006799338560470103,-0.008683995405425637,0.019645660116573094,0.014559947575739418,-0.008314755579963418,-0.009575208109838362,0.007945663882898746,-0.012343545749756824,0.0036420074882420606
2023-05-03,0.0005311189920341741,-0.05650194836550815,0.0012607075817976376,0.009275751327031179,0.011224149091198177,-0.16639711351751107,0.004729869758905325,0.0061507822558196645,0.007523768107172257,0.006670223013686805,-0.006664181256691548,-0.00634435528645072,0.003992940176519855,0.01691787079636664,-0.00047571434713977734,-0.002239356449627583,0.005541793598163869,-0.008487894165390197,0.01250928440756871,0.020737389384502425,0.006634118345326345,0.003792407497572481,-0.013615056932000824,-0.007636153622806008,-0.00430380248570339,0.0009515827213213424
2023-05-04,-0.002694627434700392,-0.020065882952321035,-0.008994566275729365,-0.01717368385284823,0.00957951493727438,-0.001167988690661259,-0.057602098499890175,-0.012289361716407932,-0.002189832346761844,0.008786743134785668,9.049711138409133e-05,-0.015557048428510911,0.01047308446388251,0.00737235938450409,0.010724299007522475,-0.007589375318337477,-0.002408933914912925,0.013420529369538858,0.011853834382610895,0.0056107106981673205,0.013463028038743108,0.016867811261706445,-0.015625081045320677,-0.010308999014323472,-0.0072272548070391185,0.030237501372588182
2023-05-05,0.028452137253105914,0.018954923823581993,0.009039290666690514,0.003913269236515582,-0.019805953478643556,-0.005837858537117935,-0.0460274576852866,0.018722356247150795,-0.005531080483265338,-0.01596212315117551,-0.009663595113957424,0.01357180476430453,0.004230909971626895,0.006425397179565584,-0.014981216114930751,-0.021643774633475332,-0.0036475917611908937,-0.04894892291794006,-0.012302238544730892,-0.01609728723512971,-0.013872495066869606,-0.0021929406297129805,0.005165928199275749,-0.006704347123039245,-0.004336544549932153,0.0004902161775881542
2023-05-08,-0.0008556163331033817,-0.012909064410292936,-0.01554000068753103,-0.0018467967124707885,-0.009885332301907246,0.011682943994370865,0.03043674666127183,0.002050053348359171,0.005784098406679039,-0.0024863225408884304,-0.002474046008499431,-0.0039806774181442295,0.0017575626967911706,-0.0004521286642489297,0.006638970720349802,0.0016530219750852115,-0.010224607111282702,0.011410697350660248,0.025728233847806425,0.00038956414615221036,-0.005187733545630291,0.0038667044239288906,-0.01379577596871806,-0.00875903651084331,-0.00813399557383998,-0.00786539695117916
2023-05-09,-0.005391550712341209,0.0004812881838602845,0.007201751237799092,-0.001473224971612619,-0.0023553704212495585,-0.018477526225015084,0.0038249516098172176,-0.008731794090996559,-0.00452201837005195,0.002068407429193231,-0.00010277132708358394,-0.006751976786996572,-0.0020870837166179212,0.011627977102790066,0.0017626772362477894,0.005007939522477578,-0.010468479157032196,0.01044079778034801,0.007387377675845963,0.0030504460794459343,0.008665371800172572,-0.010332362173098852,0.00041842916149170684,-0.008295502388851128,-0.0033337881063847385,0.014590561672301883
2023-05-10,0.005936963477243706,-0.00048573050026257114,-0.010402597558526683,-0.0059828602359149885,-0.0016699309813672514,-0.004831905488524413,0.018490873205498692,-0.0019543563699961908,-0.014543939994051791,-0.004338203323804413,0.0025310234251625374,-0.024541337112882422,-0.00552848112122073,0.003111045176254157,-0.004483965263404999,-0.00572653126764,-0.0034918573817805942,0.005915191614653592,0.005391361648701354,-0.01987325844351362,-0.003814513591980262,-0.004483965263404999,-0.034518285005578186,-0.013480383588674538,-0.012807098986775234,0.0092038716322429
2023-05-11,0.0027911919508794014,-0.005395994224701939,-0.006611393389196918,-0.01303330545656245,0.0034637200853611105,0.004678873105887993,0.01772366249125157,1.4602405528529872e-05,-0.004886608438243845,0.004104362696178532,-0.0074821365720774136,-0.01292335099088715,0.003918561316980762,0.0033223227542884537,0.007730945153386903,0.013323488338371714,0.0005071542283285879,-0.0022061484629735117,0.029542367470233755,0.004184959282999001,0.007204390320910692,0.00641395298696712,0.08435681569342357,0.016760696932954344,-0.006113822129073521,0.002006986292947266
2023-05-12,-0.003834146315945919,-0.016362634397973697,0.0031192159528684593,-0.0007496578145527177,0.009418240068869932,-0.011499556870221195,-0.015851316396395365,-0.015266121960210821,-0.006911611169235554,0.0008555023626424241,0.01762957900360218,0.004550808151274954,-0.002251054895710203,0.002911374182945292,-0.004542286244814786,-0.006814067303315463,-0.0034770567911522887,0.01732444565126945,-0.012542557588347547,-0.003536182770832008,0.005576466061273044,0.011534402135661925,0.02570697609834316,0.005039633760177797,0.0009312966316107341,-0.010208754569938638
2023-05-15,-0.005855631441847864,0.02750837557814778,0.010564352572832503,0.005393390341282611,-0.01059797364147097,0.007285331782984628,0.030523015944555087,-0.005528859541390707,-0.005246014195696258,-0.01796298815710018,0.0012750116416149204,0.012574373118389826,0.0009434109515420452,-0.0008951080096539776,-0.0048841838201233445,0.018640582178456988,-0.0007642727427310536,-0.006644784509942658,-0.014726610991169897,-0.0028022601267108094,-0.012391252845208256,0.0005108506261897183,0.04245214415446186,0.0011088663860665537,-0.000881155468731798,0.03378230035978658
2023-05-16,0.006377683373153031,0.004757559976800163,-0.020582129363440615,-0.012979664378019007,0.001695902402578331,-0.024637691366332093,-0.0467648514181731,-0.02712738557836125,0.0012072574728001495,0.001829842484013855,0.007188360796710036,-0.027125568822410018,-0.0018904308723807217,-0.002445823909464462,0.007278354954611377,0.0062103518442617744,-0.018301269350050386,0.004664443269526641,6.5292026699692585e-06,0.0006871048627222764,0.0020540138047178136,1.6489639754091456e-05,-0.020103253951710198,-0.026531170693704698,-0.006888538297797342,0.005771884247500414
2023-05-17,-0.008287605067580417,0.021489890190800054,0.03334500688732289,0.0117579255340865,-0.02108898803839132,-0.0010163199835160341,0.013365472067521145,0.010331468241414399,0.008988701501007501,-0.018316373552251908,0.0063335828388435544,-0.005862218173854572,0.0058876370469673756,0.002649198227262728,-0.01921724884852427,0.003476369284024061,0.010249800495653494,-0.007532140117961772,0.0067158640518742985,-0.022161430787986824,-0.018973541587733678,-0.026644019829592636,0.0248546373582621,-0.0019507058704923974,0.016618873836448333,0.016295269904138987
2023-05-18,0.00422099844604773,0.0012102179880999486,-0.02161694731153263,0.002907635146903065,-0.01208260676963857,0.0046617550501475424,-0.03681633544374674,0.0027287003166145407,0.01065319433526768,-0.008034087223721675,-0.005944788344517837,-0.007197769663446429,0.0035261900645442434,0.021558179771135277,-0.008927077900272584,0.008535194354083231,0.0002830481675970553,0.0038130646779972466,0.08271295181893867,-0.010157944811403752,-0.012048478186115319,-0.03345964309860383,0.006205131206858949,0.0097234659066614,-0.011312568555481572,0.015315457510592712
2023-05-19,0.0020743219498534637,0.03146558722950232,-0.03291892979791211,0.0017252818675240755,0.006629209613952525,0.0015958063387934152,-0.03416405703206504,0.00230513938945498,-0.0044126500638113075,-0.0015522162555494656,0.010244977307962588,-0.0284496827120998,-0.015007176701328562,0.011091237993173686,-0.0012722320588278713,-0.003455949341239828,-0.004676062944068526,0.004548490137205818,-0.0145255373206864,0.005171604906284988,0.0029075971721922445,0.007597152766848914,-0.024160357089855866,-0.042478507313275515,0.0008028051427823035,-0.0008552403410821974
2023-05-22,-0.005635848799531384,0.001999814577550829,-0.0031325294503111722,-0.0025762954081055556,-0.0026807518189504442,-0.009710541875717071,0.01017042192197537,-0.0018719051084127303,-0.0019011895767020448,-0.012032783274501191,0.0017307276263152094,0.018335035248095766,-0.002852429022381142,0.0029358433105453052,-0.015597210856809096,0.010755245498468513,0.026907505520114006,-0.012560535138701145,-0.006587063787369285,-0.010106029508055947,-0.027261101520327236,0.018330283526680313,-0.01922478948404316,-0.02127303770015676,0.003238136770983724,0.029252502203620523
2023-05-23,-0.003932964554604235,0.006840963936868394,-0.0005810478248869932,0.003987929214387287,0.0020438383696571583,-0.020196955279485174,-0.010884148968718477,0.019820647204987885,0.002301230025153589,0.009472156952602395,0.01655529293275848,0.0013883443043558596,-0.01681216324728607,0.009261189515590629,0.00832223045495939,0.004859184330301747,0.0012919868563906478,-0.017134495984816978,-0.008116274943407165,0.0047605843660111224,0.008168041007142413,0.009597699109693214,0.005532232594245512,0.011076384479751455,0.001193383822944205,-0.06943897088360895
2023-05-24,0.00895064792014666,-0.005261723332872226,0.0024257806555531003,-0.006832240038024517,0.004763200718120197,-0.002381650794089918,0.003115543169407875,-0.026781970391863585,-0.006315300550149616,0.007509065290562722,-0.01218518257591561,0.010374355787285516,-0.006728200227818393,-0.011485788035213718,0.004939159719931641,0.01732916847969035,-0.029523398718572236,0.0008371280609271725,0.03220698515568898,0.0002531832092967923,0.0009769642565787828,-0.0023722741716049045,-0.017240343556002014,0.009024780708653202,-0.004872864346531114,-0.03868292879748603
2023-05-25,-0.0020651675741421016,0.06314745780554087,0.022045070236830222,-0.00742215380121225,-0.010785714984463235,-0.0023852343756161076,-0.02507061167242397,-0.004344483967333668,-0.001913503327770849,-0.016720582170866694,-0.0001642319768546674,-0.0041877931781824085,-0.0045783014212936735,-0.004037920498828784,-0.012600280138045372,0.00520651562285912,-0.008139096627214126,-0.014329084916888113,-0.024791542474242867,-0.012315393225598381,-0.014652980460246878,-0.03904321289774604,-0.013890968684355576,-0.0010929103946564211,0.012170040689058803,0.0309997496617902
2023-05-26,0.0010555902379130178,0.046457155213337264,0.029739909508218254,-0.004381563149128631,-0.00791486547302167,0.004428572443093248,-0.021166963971381847,0.049341012340528456,-0.01718086169752786,-0.023264689341236933,0.0037542138120814084,0.005146441058682116,-0.001347726954887607,0.0038904651706699322,-0.013714039824102464,0.023952931376691966,-0.014182445490956708,-0.003935512085232018,0.04232692653412662,-0.00712523841651902,-0.01424616341983731,-0.017542408575845103,0.011275228792880343,-0.14672736587645052,-0.011063300627137673,0.00461052390966854
2023-05-29,,,,,,,,,,,,,,,,,,,,,,,,,,
2023-05-30,,,,,,,,,,,,,,0.00054554468768786,,,,,,,,,,,,
2023-05-31,0.0058266597017564425,0.007498852396414235,-0.003836821604218499,-0.013662592664849704,0.014067507522853684,-0.034952232397772676,-0.011347974763411761,-0.04075382410828354,-0.029975000579281597,0.019097822611229387,-0.0007651128918074734,-0.01822754098675261,-0.0006398254038467721,-0.013975698961429694,0.020478994155641694,0.014488904868629304,-0.022519325987493954,-0.004802112213703746,0.011834067545349769,-0.00240909718236626,0.01018343972663327,0.021872512601184613,-0.007691290277289764,0.00035892609101084716,-0.010149465141930492,0.028185313331407058
2023-06-01,0.006168021968272486,0.011591706641429722,-0.006689397388682794,0.006281625922970324,-0.0066093921053886895,-0.016049216172826286,0.0017432611392289576,-0.0006879459838002866,-0.013019942686234964,-0.01000858803930682,-0.0002890465172247225,-0.023459878109264642,0.006199557757227803,0.0014684383503562604,-0.007129832207425579,0.019950690112267022,0.000541105697622557,-0.008790439325466304,0.01013393141070984,0.0018527852903131858,-0.0037524066283978197,0.002240442127583231,-0.01710072520552952,-0.02449467071791389,-0.004884480907632938,0.0005731437299356656
2023-06-02,-0.009759184882905503,0.008008036025580978,-0.010281975684643507,0.06945660743750803,-0.003105895175116835,0.01499150539668892,0.022299388577928125,0.008586936738535389,0.005945082847677696,-0.00972052126107048,0.005493109066281088,0.01994824880396484,-0.006850145675445729,0.009275134599896484,-0.005568281624998672,-0.014534424705965554,0.07297068774038351,-0.01272734428507638,-0.02113276375650308,-0.009955708706816502,-0.004270627863105503,-0.07011013852163472,0.05266901457595252,0.03145029149067491,-0.0007704285778868947,-0.025444132404443986
2023-06-05,-0.005567484649519172,-0.0030151008260103085,-0.003187167169846017,-0.01635220493367462,0.010958010891678138,-0.03623542927617296,0.004826753706716258,0.018145667164327528,-0.0009729382082563909,-0.003477105536295211,0.0036648704024956347,0.014596180100712508,-0.006585563048162157,-0.0007649385808591314,0.002272777086670952,-0.002471598685699572,-0.04237352589462873,0.0038427605070775472,0.009669554112220813,-0.006946471923208963,0.0027099895711516497,0.009854901685447781,-0.020401909180725264,-0.0012871005396127844,-0.011455836694453603,0.030770915225497464
2023-06-06,-0.004414166624478244,-0.005324963720288012,0.01851664791921337,0.016569811444798077,-0.020843275998996158,0.014433637775774333,0.05395112482707476,0.02465163975425,-0.00950062578035371,-0.01850177124267216,-0.0019766947908708143,0.01593430767244408,0.023123751965912875,-0.0024928161342491206,-0.015949409792930913,-0.0033487210207744367,0.0008099641101282362,-0.020006280218094474,-0.012885671004259858,0.0007400361184752846,-0.016632561253697498,-0.03018627668141871,0.01598128566599666,-0.01071478904110501,-0.003903080327864461,0.0046006586077562694
2023-06-07,-0.003944286700556687,-0.029845517226587237,0.02170026924117785,0.0429422573864604,-0.00038599117023263574,-0.011774988573695189,-0.02372828205902433,0.05485610686708697,0.027046686734574,-0.004374690084792854,0.016548417577045837,0.03901329452376312,-0.018742740852123796,0.00992068452660333,-0.01106233178089755,-0.0239250446719117,0.03138354591502668,0.01319211936567477,0.005014151868860672,-0.011609725982586694,-0.004174346894787795,-0.011669509717076587,0.02963537541128991,-0.0008348141445111423,0.02714272699245912,-0.039353457926041946
2023-06-08,0.009276405187384817,0.043318890117815645,-0.010416682547157108,-0.010858736257399748,0.008296404345761177,-0.006905833587885879,-0.00630286136798508,-0.006924619225711526,-0.004363303283609232,0.0013942864905611696,-0.00596536480849319,-0.0006371822400421667,-0.01642055714539825,0.0011246811383971433,0.006278324278874425,-0.0024707245923270005,-0.008565049016326709,-0.012063482541639692,0.01782514170903937,0.00304001529349307,0.004860291691827889,0.023601986714206102,-0.016886403494470015,0.00196925594915931,-0.006305201779295944,-0.0025796521816168205
2023-06-09,0.0010120524995009816,0.03294984097379605,-0.002740570492205552,0.001325825414626225,0.0015157477577985023,-0.02654417532113107,0.040880268553112664,0.010634118879917276,-0.001103280200108303,0.0015957935719728145,0.005473369594747091,-0.017711283737707584,0.0032862653460019597,-0.006627454168974145,-0.0027898763002053295,0.0002504114655934586,-0.009683165841227193,-0.00551771218435837,0.02486749166273783,-0.005007185649478552,0.0002248119274359528,0.006832210537745853,0.002378047722957133,0.010022973659843393,-0.006921296261138243,0.0048453707674551705
2023-06-12,0.0063173433641039445,0.03611939057921765,0.006096033759559472,0.0028900485935470233,-0.008364759523074472,0.008239550186981193,-0.017321978979359054,-0.006410051694283769,-0.005790456005933198,-0.011783846282439447,-0.0010434282703164488,-0.002303304336351175,0.0071729167264007465,0.004452942446632857,-0.011513534646496959,0.013701895942651143,0.004292503031503081,0.0025859129887997323,8.317641464672398e-05,-0.014963717051503567,-0.011789131783526807,-0.01373651962128597,0.002625471584368988,-0.0062759466012030085,-0.0033971386227082956,0.021063136773207036
2023-06-13,-0.009544219405835053,0.002253581950236283,0.005633134968989539,0.024761559186116555,0.0011362028672310398,0.02112507095761673,0.018810457199860853,0.018466759863662974,0.01230583862553325,0.003020950781369436,0.0017175201244434835,0.027213761798146052,-0.017403794662137484,0.0036652700742219047,-0.0081685020668536,-0.005936303691536526,0.0076832260306178846,-0.011589405645044293,0.020805381129445966,-0.009727389951775356,-0.008911429317398412,-0.01381432995630838,-0.0053120878849497455,0.037429859583853364,0.0011725161125404338,-0.012136314883007149
2023-06-14,0.0026721678843204533,0.00030796451547066006,0.0017971034742831904,-0.009456981657981034,0.0036040760051165854,0.03973939141689575,0.023092695416247144,0.004134547099407637,0.00267614425278917,0.010277453077377707,-0.0037266746408636253,0.005245291960134235,0.008281877655501146,0.012221709950214654,0.004818302613026626,0.0066627303434163565,-0.008508635839786227,-0.0036856667391423903,0.010953843509185823,0.0014738050342717468,0.008159149575732272,-0.014909237515551399,0.008193896583528204,-0.0012251024445315561,0.010690744114819406,-0.006922276017181095
2023-06-15,-0.0009795004649708616,0.01155344331867214,0.018354254729651798,0.00569969094538858,-0.007250012541350381,0.025551065915326632,-0.0026051973248195637,0.005427474105733188,0.01729891592132149,-0.011142097261511497,-0.0034317561964498644,-0.007489592967384606,-0.0007574210198582065,-0.014434191570722898,-0.007665469278649306,0.018844127719107595,0.00606610342985725,0.0020504716319389438,-0.0021749185585084874,0.014175515628293,0.0016887809505008455,0.024604274512748825,-0.01721739987388271,0.0048650753147261305,0.011381010823378723,0.01033649534533665
2023-06-16,-0.002188393634310448,0.012369729124520168,0.01392709354512034,-0.006018793523399513,0.007010726510790377,0.02643885279328506,-0.01060370327199156,0.0015954943541870437,-0.008931883789065731,0.0031349624217552607,-0.0029756507901147478,0.008338214847838588,-0.002950446612258628,0.01590883859725789,0.005168858817033328,0.0007265457116888419,0.01070372189520219,-0.0034845972901532685,-0.026220384625615933,0.0015249667440028203,0.005448626504462872,-0.010112597602131235,0.002060546404747843,-0.0034880446145231225,0.0013250291910309464,0.0053873060168279086
2023-06-19,,,,,,,,,,,,,,,,,,,,,,,,,,
2023-06-20,,,,,,,,,,,,,,-0.0017515703943780103,,,,,,,,,,,,
2023-06-21,-0.0004298840747297694,-0.012002433021792935,0.0077829144951563345,0.006613828065752503,0.025577733467149533,-0.00892837009921743,-0.010972674008987826,-0.008819364306979716,-0.019835701213358092,0.0069090338711782495,-0.011450721920726492,-0.008168409575126878,0.009302643293852664,-0.008079155922264492,0.0036071617903130626,-0.004215493504130419,-0.002868050730507443,0.012590195293332829,-0.018334232957951446,0.017979773644612007,0.005892638584058862,0.016294643542590248,-0.00050570913882797,0.012179022281537999,-0.015288545549020371,-0.04620025950284434
2023-06-22,0.012814445869824942,-0.003501416694497994,-0.003331260650320411,-0.02085513949797746,0.008743711421088651,0.0003457757413414253,-0.03002378516325288,0.008414518793100179,0.027683043246550243,0.0017739491745369929,-0.022560480059942822,0.00036793619459674076,0.0007024151159813474,-0.026668308159954135,0.0044926726207585865,0.007793396063159541,-0.013960207408217573,0.005252233481512825,-0.0083520658807551,-0.0012289680813974968,0.006643648673114511,0.008800449556202183,-0.010652056963352363,0.00855066670859106,-0.016669421721204003,0.004058462614926706
2023-06-23,0.005947544165974317,0.022609214665565536,0.008670820103863108,-0.004559997257196913,0.0032510687833801066,-0.01075168361440404,-0.027179471087192764,-0.004321246470934015,0.005125946178920149,0.002972270749153405,-0.0056064256982183425,-0.016714821033113947,0.012979243359276249,0.003235792188088338,-0.0010201735159063308,0.021173107214666698,0.01054651914581839,-0.010213729714459996,0.011303935745680671,0.006173341146220257,0.0008266177413260856,-0.0038046934015385503,0.007425771741437881,0.0026995599232901846,-0.004536084005167473,-0.004646517240921577
2023-06-26,-0.003066093021044103,-0.006261617396538521,0.033173849368433594,0.015193230994596685,0.007575697905047085,0.015636076909003038,-0.04454049326403142,0.01090623985232797,0.015634331797391376,0.006185089023055812,0.01924377462085991,0.010038298667455758,-0.0018057347891721198,0.00379280648223701,0.006265295480795019,-0.031047994057682327,0.0014088501316724678,0.010876145292766703,-0.014568834766625183,0.0036604052705144774,-0.0018548666071567244,0.01992387893310188,0.0019234055107940629,0.02680461278824764,0.024925012494789844,0.004486838293256468
2023-06-27,0.003603202218396273,0.008898212842175957,0.0070945034596126,0.00432807010823133,0.002504337307918769,0.0008587363179455298,0.02307173378223837,0.009805419131648119,0.038899457340212384,-0.009991740383591408,-0.003841890247460178,-0.004554392026688614,0.00012269428014644035,-0.01353979500503022,-0.0018971491257708806,0.019355105590736388,-0.03286799785747063,0.0009910491894464801,-0.00871511330361896,-0.011455854954693034,-0.004262346894630564,-0.0016673780400062732,0.0025628924628846583,-0.013915062044076998,-0.00034151968068218963,0.010009174259061338
2023-06-28,0.006681874727438086,-0.013625927177483454,-0.00724447617883428,0.005256551200691573,-0.002784221281838639,-0.012879622400589263,-0.00010312889510311063,0.026724768381778286,0.007162405404188887,-0.039351999283495864,-0.004028660514225568,-0.01678100084663381,-0.0037321143807756973,0.010238498707000665,-0.00924956655569531,-0.0057770858955368265,0.0035090230687454538,-0.0008436735874949308,0.030947751066510487,-0.013293452036983178,-0.013178401159358866,0.001088316065393058,-0.014162147057425245,-0.0004028078325901685,0.0060219791967656144,0.009758916672966467
2023-06-29,-0.002676912334421244,-0.00169594718045607,0.006829145453208785,0.005325088016255419,0.0006040294884133157,-0.01138548657770666,-0.024141854007643127,0.00634455224797259,0.0017251116767953434,-0.008119358938334598,0.012982509018030886,0.005986609207670357,0.015093591289051078,0.001592182066145087,-0.012093388421425044,-0.017653079393658788,0.0023235109840433754,0.013337081632775805,-0.008195856302609217,-0.005983053741162481,-0.0034934965648381056,-0.00029063565914189127,-0.0030707056909262676,0.0024516897022404116,-0.002253495541645778,-0.020341996100143533
2023-06-30,0.010833465456605351,-0.0014787501615296517,-0.027411426451958265,-0.004858208258195829,0.0004622336827557749,0.007728061916652651,-0.025333307571953845,-0.00022879058340152802,-0.02058969516650233,-0.008167380491411969,-0.01413390605408893,-0.016409595423572787,0.0022536752937942772,-0.002814469381200002,-0.0031378251683624736,0.0070894923161071155,-0.0037037473076362293,0.003982145139109772,0.016336413881445022,-0.0015189564780497822,-0.004981733549596967,0.002784938519817981,-0.012969393630503867,-0.0008350134834713696,0.005907664551242808,-0.008127010625639253
2023-07-03,-0.008955528655575029,-0.008900894891494926,0.0015140825069162034,0.004031566864747038,-0.0014700820463247055,0.007078679992389203,0.00816629075800801,0.006099596599968837,-0.002582600310203742,0.006959067510460937,-0.002216765386924946,-0.0032498331727235374,0.0005074783778005187,-0.0018493243275583549,0.006643880780661471,-0.004515928987491646,0.0093197677191319,-0.0029434841801452283,0.0009860390628875226,-0.0005060029291776846,0.0008811422642704958,0.0019251842364762517,0.01588547126171158,0.01317271342758497,0.024045608562357934,0.004869447105574576
2023-07-04,,,,,,,,,,,,,,,,,,,,,,,,,,
2023-07-05,,,,,,,,,,,,,,0.013239763172916308,,,,,,,,,,,,
2023-07-06,0.010431154838939527,-0.004329676614598821,0.002247145617589097,-0.009436462407179103,0.011025004156995477,-0.00035780414164565677,-0.018383981013810446,-0.016181706620265857,0.005304925457173426,0.0037024864571848504,-0.007572159312453142,0.01571271872975477,0.005334766061533935,-0.02130135991507265,0.0032788227496826083,-0.00016248962841225456,-0.015599667892645552,0.017760679938445545,-0.007910663799680528,0.00162270333261616,0.008029445120765422,0.005056552970052808,-0.00397107734471791,-0.011417669642161732,0.004088626868111955,-0.03583209350767391
2023-07-07,-0.003026159919431781,0.011134502350601871,-0.01314185423863845,0.02198547010407148,-0.009706090808620726,-0.005175517089501813,0.00105589152579455,0.0028651005386203243,0.017319768454157836,-0.016427814579123123,0.0022596279978588374,-0.0744363245715739,-0.008479455175942618,0.010285943518853036,-0.009209424631888896,-0.0021350948596915442,0.013040583954498808,-0.009819888890555184,0.00117889373289215,-0.004320084811102243,-0.015998607787270358,0.0014995639274365535,0.008057209637309604,0.005160323400933753,0.005542227487127183,0.01801420690056099
2023-07-10,-0.013260831924815197,0.02042765954200143,0.00490881456768566,0.012400437798783859,-0.009275605704711976,0.0014398391157843804,0.03469018437762328,0.0036031403991345634,-0.0006537336363849899,-0.006808504260342296,0.0038032843077360212,0.006734550118308924,0.00654833180316583,-0.0029608023961981145,-0.0010161196575944054,0.009882978550129318,-0.003432791912452049,0.00821587709607341,0.005835102902445488,0.009259475451262267,0.004258663096353477,-0.006938334114696132,0.01661367731350949,0.011101313766965104,0.006328983470715199,0.02728896864376784
2023-07-11,-0.00955225314581365,0.010161151546487668,0.016793163893394247,0.009495192360923,-0.011727553584085615,-0.008294931807164452,0.08506714564118734,0.0038748854677703726,0.01991753751041525,-0.009594615991433852,0.004845441168209064,0.04684264518639458,0.00763980665301367,-0.00020642892540001512,-0.023524577661786616,0.007504551556911654,0.04192508464357281,-0.002233329282441243,-0.010138138723544632,-0.002534090318129456,-0.008478502847520497,0.005401585871578796,0.01606876877648955,0.004220111610167887,0.01482065465501714,0.02460938656430911
2023-07-12,0.001574337690571248,-0.002220451760308162,-0.0157282065087736,-0.004445001578496921,-0.0028100373699908587,-0.017105083276259925,-0.030994619528038836,-0.008067882852322295,0.005011421982060504,-0.017443701698810044,-0.0193123814338112,0.011929529860534638,-0.0001463663143412841,-0.004233530441007938,-0.00021687414614302014,0.029633246658548273,-0.010845295794543408,-0.012271321866180962,0.0013118503076097188,0.0025619073898313083,-0.01181391759892414,-0.0011976309525401074,-0.01124102620946199,-0.005755703465624151,-0.0006632894752200968,-0.006550820668760782
2023-07-13,-0.004412614597340214,0.011082125459706882,-0.005756801190513361,0.00044144432292037017,-0.0108111208379289,0.003203286065721178,0.009562650103448922,-0.010441320299846346,-0.020511019126897012,-0.009810034346393937,-0.00033991784541642645,-0.016200142632506465,-0.008794552039663173,-0.0058533065827277575,-0.002447714855285943,0.004686957628980304,0.0042305065149137455,-0.01762679075405449,0.005784985322863312,0.008623855219274112,0.015332880209500965,-0.009889774232450077,-0.0030425192316414496,-0.03212524808847217,-0.014529340958479131,0.01216014380630126
2023-07-14,0.0018116847273831338,-0.00371192921890684,-0.012136641062569842,8.639692295042689e-05,0.009186113635852977,0.00293892308137933,-0.008637444838098363,-0.01280048220176666,-0.002883297800647555,0.0026597000357512224,-0.0028585950908265323,-0.03651090414422209,0.005892584315967508,-0.004058157030596199,0.007289277742488776,-0.013461569359983216,-0.004419821889026565,-0.0027406367407395438,-0.01778185294117618,-0.0019126980138158833,0.004650499909709782,-0.006154627104247634,-0.016969211587030575,0.0011513619124116081,0.0004847036945190286,-0.008099702150386912
2023-07-17,0.013450125862245477,0.010071511163262103,0.021571460705978485,0.003342718593751348,-0.00820695493328949,-0.008916581837498327,0.008610758687389808,-0.06326782423145982,-0.014420673541189144,-0.0014271770642180215,0.0024415671618298607,-0.013421409608583068,-0.004625456487574953,-0.0026128263318256906,-0.008559461769413912,0.001810382461310045,-0.009720464308550003,-0.0023780627428633405,0.014564638330714308,-0.009419582749460975,-0.0175633357642645,-0.015882682023484196,-0.020117575200399695,-0.003707265884648425,-0.017457814589312837,0.028018822283960576
2023-07-18,-0.008457647440890947,0.012480388527395192,0.00868414677245366,0.017546857815321282,-0.009251335125242677,-0.03031997669654296,-0.007866736594285939,-0.0014394610567971533,0.021305045641508924,-0.005488606861688838,0.0012259319337255548,0.00105515072276674,-0.01716209328853524,-0.007806617622627465,-0.0048931485303054245,-0.0025135177777360074,0.0057637291107128785,-0.009793083904339861,0.04787657915214716,-0.007117275205842377,-0.01347410142615868,-0.003856322765308784,0.0024286638340622613,-0.007773049359238171,0.002897062639156456,-0.014805325545603876
2023-07-19,0.004714026289186046,-0.011865074051194413,0.005420370464499946,-0.0014435681440896353,-0.0014414262839559377,0.012468358631427368,0.02721451495824856,-0.007297898293007754,-0.008885253644762559,0.009399871448359853,-0.0014713894762277135,0.04038336980622015,-0.0020816151465321564,-0.01036118398535324,0.013037476256046787,0.010332373447364374,0.0022046872910634896,0.0019417261291991839,0.003518233962986672,0.0033197272659488686,0.007455076974267172,-0.008641743106917232,-0.024728590938714046,-0.004898102536847193,0.00549806848752743,0.020331622278346728
2023-07-20,-0.003340569120774406,-0.012762382876881695,-0.0003674631648021842,0.00043901237231702694,-0.003724537932517813,-0.038852512462796085,-0.02467193881244434,0.0017923836292212947,0.019359631147621403,0.018955015202863468,0.02816213274158419,-0.0031370932889440706,0.006229533885625971,0.002166501912972074,0.01590835994923867,-0.03593158728867685,0.014584608009016842,0.018916206036722505,-0.07735287128016877,-0.008952476569965229,0.023078093918667664,0.02507332959678199,-0.006689780915800525,-0.012045730024659584,0.01170271401262779,-0.04897896984228289
2023-07-21,-0.0064859369409819845,0.006157053044831606,-0.01060875434563291,-0.013499645669803662,0.008828506374040312,-0.014589304081434218,0.039108571009198956,-0.007451816067820194,-0.01500883318478885,0.0038286290482556495,0.003722796501689274,-0.0017517517201197652,-0.0017560948796838671,-0.00535481177178776,0.0010296924626240767,-0.02762795392758477,5.9494551811756224e-05,0.0019769169231604877,-0.02300254010473035,0.0030008726075168024,0.0042189718769827245,0.005385955939460896,-0.006780419760345713,-0.005168953876029003,0.0016018389470622285,0.01729762000191082
2023-07-24,0.0001859758133786471,0.002943538718612748,0.02049444866735861,0.002641547316561965,-0.004543517554519205,-0.018617365130545904,-0.006101519523820431,0.009028243891350485,-0.007500147952732683,-0.00735862761574102,0.0002842379655803029,0.017409984021816705,0.014331240003909507,-0.0012251275733232703,0.0005616066007341214,-0.013040100632506268,-0.004609316861481805,-0.006161126049479937,-0.0019990240400282744,-0.005939667161319329,-3.764746985313039e-05,-0.0006982866648750363,0.00799962186065084,-0.015857352888302034,0.0015182225090073498,-0.025433515684680996
2023-07-25,0.0016991826475190042,1.058825515531936e-05,-0.0009276700353950673,0.007556746237265655,-0.003936231520040634,0.004754522102877523,-0.018870225838178434,-0.03003547046430155,0.0006247188363885936,-0.010218533867292767,0.0028470119082284473,-1.559756426705583e-05,-0.011485868544012345,-0.005335701958015027,-0.0017381668865212863,0.0069931838190253615,0.050508226446476456,0.005305576762145492,-0.004378773077429066,0.0013357409968060008,-0.0005097237913731512,0.004966450244756615,-0.0025768148832789883,-0.009478844486252025,-0.022194518312796507,-0.005404233122004776
2023-07-26,0.004700155702469511,-0.020383713863150077,-0.008437489841069401,-0.014116156919988132,-0.0004568602445055303,-0.0015825084187449656,0.014893848806931675,0.006782953338509312,0.032775052288487094,-0.014434834536192986,0.005428479431965227,0.029464641225432242,0.0029713385857534913,-0.017536362886809487,-0.009656356753867334,0.014078788664467767,0.025740690356843565,-0.008436428565930632,-0.011605191483478605,0.008421958113554728,0.0014096574826971686,-0.00953078907286975,0.00990346905572137,0.007019258499564751,-0.001468960648205897,0.02568546336412214
2023-07-27,-0.00015620623341672246,0.005297434301580695,-0.001649683949973002,0.006347055615194108,-0.01359377554444674,-0.019520327202871113,-0.00042247613796053685,0.010813835839535213,-0.0038689637474349503,-0.02218953437010751,0.01989319746969287,0.0023567807674836905,-0.013231822087999667,0.04587580748199083,-0.011357355413869508,0.05043434778652911,-0.006448237492292397,-0.006134617957564981,-0.016051426079583764,0.019132677784246988,-0.00959845860452091,-0.0021515098822659784,-0.005348331403314921,-0.007407365783210107,0.01797623855023678,0.02456813924609247
2023-07-28,0.003630144242512845,0.019112225231359803,-0.01753890000203817,-0.0016314307884310875,0.002628586496559171,0.030422039862035843,0.03086167208798596,-0.04410932766164943,0.0032361218365295485,-0.0009721541169511738,-0.006520627438822313,0.011225021165356619,-0.013781626457761709,0.001673296913315303,0.027159156227312575,0.034297832136882755,-0.003672356233343832,-0.012071792851107266,0.020642227182139816,-0.012468447211242184,-0.00043640614115769694,-0.002800304024686673,0.014901518952563642,-0.016701340342526017,-0.002532589760026571,-0.0003461057147142732
2023-07-31,0.0016972537159338774,0.031242516572766554,0.00034100079117083126,0.01673201848276218,-0.016702964289102562,-0.003907269353603748,0.018806348066688017,-0.00523934819585159,0.0026226605464114705,-0.019844313418196258,0.00362015625225931,0.003197882378892958,0.001890546087222944,-0.013975496716606473,-0.013595752905293135,-0.022606682777654652,-0.004865146858524461,-0.01665512700757521,0.029509733007079264,-0.0039038073069623813,-0.016444239449408093,-0.02347477549043364,0.0017865031330670522,-0.002793454933072703,-0.005513695366775262,0.002225822312648562
2023-08-01,-0.0016109551793385135,0.008029704457169218,-0.0007066688342192151,0.09121197546636484,0.009982022917516153,-0.0249460126276132,-0.02733986077174244,0.01856190302351657,-0.003965866964543707,-0.0004476235322866673,-0.0032299557560681036,0.006646525888105326,0.009741285476671302,-0.021013263568431917,0.005632929304751566,0.015565291489235578,-0.005765372655071821,0.007898292358806347,0.0018677701021838633,-0.00555300182741203,-0.0007489585690035883,-0.0010368510606789672,-0.004287336110229689,-0.003067798743316419,-0.006045407713478501,-0.0033334784298341136
2023-08-02,-0.0016503302934183228,-0.0203982816992615,-0.00464551293692872,0.01009808004315249,0.018093899575499117,-0.0006150963068685122,-0.011819675889308656,-0.014476325173196636,0.0037336979732439657,0.025115052601032195,0.01969988110494114,-0.011937041513692126,-0.0039157149304578365,0.01567253632488952,0.02728949965312033,-0.012190021128197226,-0.0010845408355717456,0.012173612039875437,-0.006496929890352665,0.01621874603578477,0.02181525924160166,0.003057010659355597,-0.00529727149560999,0.004772249610796697,0.002249136733319834,-0.027581445095866575
2023-08-03,-0.0047738020192290564,-0.009784626909880911,0.003409828077299837,-0.01873407330550092,-0.014707608369710079,-0.0012782273262179622,-0.13433140127824894,0.007149284054379645,-0.004722723621510494,-0.006714874000825821,0.00449015585825574,0.02375181534755888,0.01021445426842904,0.004096240546898278,0.0017517674190384858,-0.0010153480750891841,-0.013244832963574038,0.0027566034792123606,0.005573276370679947,-0.01103858243856315,-0.0037716251968223924,-0.000471639209631336,0.02562694608689231,-0.0031566630154269415,-0.007541875850076041,0.0025479738404268204
2023-08-04,-0.042719869344518546,0.011256991558087237,-0.012901861086141442,-0.012500441268890716,0.00025322019114337735,-0.001566754912302848,-0.010739504480068107,-0.010730574855970287,0.003326890588083331,-0.006819623765279004,0.0038462030282631066,-0.001397928641248658,0.0010762425685272303,0.010078063005222737,-0.012896285849544165,-0.002554619029528582,-0.010372936358055362,-0.025494842200166512,0.006692217436146897,-0.0077268179342789844,-0.00816713742914199,-0.0003878022636213396,-0.01609516220240037,0.011221075549611492,0.0022146478771993827,-0.0065757569839267616
2023-08-07,-0.026277616690213668,-0.003614937830369369,-0.006017723280141052,0.009822647052668332,0.002071931458647258,-0.012012460372498701,0.025784144685482513,-0.005145134932401874,-0.003853047853590308,-0.006175957150495126,0.004425907599375778,-0.03464777193757651,0.005080910118447912,-0.010422646009383474,-0.004424601826907626,0.009738082159663541,-0.011678073911559395,-0.003429666372100959,0.01219927073892646,-0.004652393048511616,0.003381125395714557,0.006205975912288775,-0.0016571963532796552,-0.005305337405262733,-0.002336741896100447,-0.014816069475350968
2023-08-08,0.00952987090910773,-0.013016922096387495,-0.007146700632801983,0.008620833177991005,0.002336843100661956,-0.007594652531996315,-0.018640893766763367,-0.00041849817091155206,0.01897074723447456,-0.01579221178436563,0.0023711097293642736,6.601327877298058e-05,-0.005054367130736592,-0.011468012999974575,-0.007362595243024295,-0.008164506406201588,-0.006329903652526392,-0.005089352337338093,-0.0013629489494005886,-0.0011387797383394238,-0.008891135732906896,0.0013645751756576896,-0.01441834303675582,0.00017237162324901245,-0.004565790603687336,-0.01194834310067161
2023-08-09,-0.0019157313345289362,-0.0060614359830041264,0.005649038242198978,0.012836232576884377,0.012797937336623488,-0.004558953753334372,-0.024840024206287392,-0.0046072666236235404,-0.0033241302853337373,0.01305726995794132,-0.005162341289855599,0.009123521880319951,0.008259636252051616,-0.0040597994152692385,0.01248850271181301,-0.016726958777560363,0.0031009055351610693,0.01934955397875837,-0.014407822257697211,0.007038730380597102,0.00454471679496804,0.01768026460266603,-0.0016150323767751829,0.026391904283148082,0.0005030588361852883,-0.007765117951338385
2023-08-10,-0.001485387009758754,0.0037392967138325517,0.016953589269052438,-0.0027462246940370694,-0.005456301302443123,0.022313995191935776,-0.021034532712879694,-0.045026662358404024,0.00370413611870668,-0.008493404116708847,0.005082973304076033,0.02956903410392342,0.008563706658993642,0.011691740958359675,-0.0013350289704565643,0.0014859150301369528,0.0015812359414724142,0.002487377554010406,0.0022673954170835398,0.007575601962416911,-0.0015009296954109352,-0.00010585401732021715,-0.15956205098962462,0.0015627811179230733,0.005380119114581472,0.013573450244120044
2023-08-11,0.0014071933154951033,-0.013237355762709235,-0.01285883572972879,0.006002338791976536,0.005674630046992091,-0.012523461464686525,-0.019004463277626282,-0.0005750740607757265,-0.001781837682302445,8.655402195278938e-05,0.00016218229785613936,-0.017785596258307113,-0.004369192375898168,-0.01627714352259202,0.004461057419082426,-0.012340624494925456,0.007325933750973235,0.01514828935082857,-0.0182800613665135,-0.004107358113350168,0.0026480365174803566,0.005498745195909205,0.014049264210756807,-0.006998035293903526,-0.010901670920030582,-0.01182496793591259
2023-08-14,0.0036426516335592574,0.021390811418430022,-0.007137999580665189,-0.008134458099472885,-0.011569582254664534,-0.008494470040114166,0.02895729673385694,-0.0008082350227216484,-0.0013477290438670408,-0.0022168813301739476,-0.014204731657705416,-0.005064224833412734,0.003363799523563804,-0.009657357358204388,-0.016024839587905904,0.009333988930076975,-0.016558774322185554,-0.008967562722544842,0.008763576005720974,-0.011122306135564641,-0.008032543934069936,0.0026345924417199296,0.0064931984547889066,0.027391331734602176,-0.012035079562706996,0.008513857572656658
2023-08-15,0.00035060635026951115,0.004753422032060972,0.002710458018620465,-0.01364763963462079,0.0013572116880009588,-0.010283381788368184,-0.03182869093713825,-0.006482017388809713,0.006343405038402028,-0.004717607035187088,0.011268813723570248,-0.006967349913448162,0.0011892787123493065,0.001237235117597879,-0.001152274043312862,-0.0022967499445535333,-0.010495190824100775,-0.0016053542055206593,0.002013274494782502,-0.0006853593815092651,-0.000811585075503829,0.004956017154137404,0.007050249956571442,0.00640439563756634,-0.0012687762961812732,-0.010506905905709685
2023-08-16,0.0025964381580767526,-0.000561091917970713,0.007045937015695558,-0.0027556875739633835,0.0013977525258036527,-0.0009449289614076317,-0.01762261226031525,-0.006634705576381128,0.0057479747087817445,0.0020278439507011026,-0.0011143795622237107,-0.002926979697806309,0.007352456076356484,0.009757098026386468,0.003128180966951777,-0.01781309621223015,0.004094948018567801,0.008799824892980479,-0.011915947336910926,0.014048372672249898,0.0067834223910472335,0.00517408454836632,-0.022396854022763035,0.010317296162643097,-0.006989215803461457,-0.0028139294020393946
2023-08-17,-0.006842199243794034,0.0022318019089625496,-0.0014664623472251392,0.010117104182835845,-0.007669974921135192,0.0072810757567416395,0.02150607482152278,0.00940632720787149,0.0071093486337762135,0.004148971331813911,0.007855057340369731,-0.0035864817023906204,0.0032754217683584885,-0.0034177765113851954,-0.0028487793738564138,-0.02354874014572672,0.017733690487268916,-0.007128795467963078,-0.022254567696847305,0.0036385929877656986,-0.007518173528045735,-0.0058856337899945155,0.015577739350335351,-0.015873801063758797,0.007712913029036983,0.007483476858506366
2023-08-18,0.0029648487754687647,-0.006769831395942116,0.011342892236825275,-0.0048302301725087204,0.010130107512330122,-0.03298700568653412,-0.015724341353670623,0.0111377241652042,-0.008382429491245569,0.005941315646790235,0.005480782819750285,0.01514863431741964,-0.0009971888554669572,-0.0072565351610250906,-0.0008341504281230705,-0.006305540570453405,-0.0027424131419743203,0.0009415877119065552,0.003945229923425275,0.0027055562869464644,-0.001364239041109827,-0.0015379162155531034,-0.0001401304355428401,0.014163480730360334,0.003077148457682144,0.014377597531189945
2023-08-21,0.0008574453627119283,0.01740586786782372,-0.0031892861205149448,-0.01071379930145,-0.013754105667675542,-0.04383148471242304,-0.013113928178370649,-0.006042957719095243,-0.01719721967771559,-0.018260582494787903,-0.0007270533805292523,-0.021657443260637455,-0.004252768217365865,0.000879808208888333,-0.012502648828101925,0.01659847229344047,-0.01507867933446927,-0.008751929953228488,0.0024155352077388503,0.0020470698642087726,-0.013221302669134793,-0.011212971779740233,-0.02942907760422775,-0.017962554811266962,-0.02293853641295185,0.007904273753106317
2023-08-22,0.01068247516741172,0.000875358461108422,-0.05617269346043907,-0.006571922485567705,0.005589746599676149,-0.005903420758240907,0.004959731633021436,-0.005576807258689809,-0.0009156375720229537,-0.00850366841970518,-0.0027750274669802177,-0.000794004169943352,0.01457793963433529,0.006478884776256688,-0.004574572804687982,-0.005156349246743797,-0.004078141609195396,-0.0018045112855702428,0.014729823980860868,-0.0010984255795604136,-0.004847270119406,-9.939892533772365e-05,-0.01644761117257887,-0.03591337953080653,-0.006896775028370161,-0.01862873044481239
2023-08-23,0.01090382861145045,0.01057297235967991,-0.004713248362806732,-0.0005710679061785573,-0.013417893425154426,0.010881551070820228,-0.01648855862145493,-0.0034627952675085893,-0.005368688042108216,-0.004170792937912893,0.0025251071781264844,-0.01319535452722298,-0.002951190527246794,-0.01473264804208807,0.007043750408873617,0.012042703772437546,0.0005277882246275123,-0.0041582226679310885,0.023759188059484737,-0.0008943340172318237,0.0027283566931128878,-0.002388677798646155,-0.0032039983517688775,0.006094803978845098,0.0010612748767993008,0.024501167015705594
2023-08-24,-0.01271230272266699,-0.020986502622072467,-0.00755947096307763,-0.00020366756402312447,0.01724212199552555,-0.0005408555345752797,-0.006520118493554383,-0.004100490520863698,0.007045857622123952,0.006770199604747007,0.014434345469913956,0.018486784597096517,0.005005486568826822,0.005314543457182408,0.0046441409248564325,-0.011997302885303207,0.0019175368900032908,0.005574345110897272,-0.03477030795046254,0.011615724355175772,0.008180761917035761,-0.008620883223399156,0.0035836827992313802,-0.02129406095119435,0.002325569508891956,-0.004438479106437465
2023-08-25,0.005925068374734943,0.017929312738665493,-0.013008094792989922,0.005387488808574092,-0.001763196632549091,0.0096690243501667,0.0029161415517473532,0.006898912965717319,-0.006911180042055931,0.00931898430955247,0.005821358629232387,-0.004573566709954235,0.006408460181971831,-0.006568645190522027,0.002456462364514689,-0.011077263444421281,-0.002149289569806312,0.004820352918673443,0.01564459827732767,0.0025940566250339803,0.005924678179304754,-0.006492985428810938,-0.00974012119424994,-0.04359641780001278,0.00447975824278557,0.004484424316175906
2023-08-28,0.0025814528034693307,0.0029914374082598005,0.013000490104120077,0.0019173124534428432,0.005954153570652432,0.014557721564169013,-0.0072326697783751115,-0.007104169914571079,-0.007733242520044703,-0.0030434105831791403,-0.001655204712979863,-0.01268412541980124,0.005028716381429765,0.00015329116139972676,-0.005565310258242695,0.010407972090624495,0.045983942760070784,0.0012682821408751543,-0.0013851852944650744,-0.002191753588642209,-0.0016386527023430908,0.007458728717236518,0.00010100800029344548,0.0027983852719128954,-0.00644243456935456,-0.00818481560847728
2023-08-29,0.007302207054436405,0.005589112713221489,0.024103810996228825,0.0045607463364656375,-0.003919701976522916,0.003907398441933108,0.015392076609211935,-0.0019032285694671192,-0.005876708164726185,-0.015976040672369907,-0.011563723276066806,0.0055921228224196096,-0.004175603891719781,-0.008576149897073115,-0.015486587119623918,0.012123053735019429,-0.0005820253094301897,-0.010413994061406084,0.01402828564915981,-0.004243347654146135,-0.010735855680552131,-0.0029681740682430124,-0.012399955591337664,-0.004114993369861875,0.002726955867688563,0.003843000625046944
2023-08-30,0.015338946178968804,0.005027794203804614,-0.016831931044876236,0.004380102565904709,0.0021392997010356574,0.027438379309906447,-0.004908475509609156,-0.005493152221020203,0.008869429216902258,-0.005578877140615002,-0.0010335215168240097,-0.0115742003111029,0.0016570470666590342,-0.008550935667517967,-0.00257421143238723,-0.013531477207180842,-0.014442271595278222,0.0002797704366377385,0.007050757026703103,-0.011863442238538968,-0.0030040952879157867,0.0009201762121531232,0.0006754636121195645,0.014932949331091017,-0.002319172767376587,-0.005867761301526775
2023-08-31,0.0027694318256950012,0.02723145660783266,0.008445306199834413,-0.002653552204079257,0.009512666099871447,-0.016988314534698512,-0.008494559761851983,0.009909735121144125,-0.009278873721897618,-0.009677257501942815,0.0013928070084446853,-0.02180721756865822,-0.0014713544675138968,0.002041377745701567,-0.002734449763274416,0.004274082744667007,0.022851042958244472,0.0029389191896500577,-0.0006806309665028376,-0.006085214002712225,-0.008941807738317209,-0.0067004536311163765,-0.0013953770024560663,-0.017012652588807686,-0.01357676570745947,0.03596421004172767
2023-09-01,0.006664056429196874,0.005119730344851581,-0.0172340713065694,0.01641325063314647,-0.007069359438499845,0.005489127657561266,0.012676913227751996,-0.0009747120840577495,-0.00199074704968516,-0.00649986329224761,0.005760636930043583,0.009820290945510068,0.005301577022461368,-0.026673383487945346,-0.023830985464933896,-0.00014324386598096872,0.0008256776495123574,-0.0014113416647254517,0.01249710140427851,-0.01212126950816983,-0.01641231095551343,0.006127631542240275,0.009605322651734305,0.0005621723066582263,-0.010063754745080478,0.007915110543806447
2023-09-04,,,,,,,,,,,,,,,,,,,,,,,,,,
2023-09-05,,,,,,,,,,,,,,0.010359645259443884,,,,,,,,,,,,
2023-09-06,-0.02882168809879393,0.0017669498400647576,0.004131624332178729,0.0114811856491156,-0.004061238922873467,-0.02090441072200322,0.005872974915996143,0.005317403940396148,0.010283821417500616,-0.0010907944278378823,0.006498969425620893,0.0156989161227713,0.011054179208484505,-0.0030418570211007134,0.008840465299915778,0.003706422051321212,0.002479156151801609,0.006437982734915471,0.00046362447635428516,0.008688604653763865,0.010244618557282537,-0.01319030102156138,-0.005448698809314645,-0.009875978603557156,-0.003152126619038853,0.01679694368410789
2023-09-07,-0.026038082697545706,0.0005775675656837231,-0.011298910854092514,-0.001985174890999253,0.028710487102826754,-0.004324740934951166,-0.04696747523885192,-0.005902308537876211,-0.0018766471539080065,-0.0034428165827458113,-0.0004355304118098813,-0.0018356725833588161,0.006696477581912275,-0.010979557760899317,0.007659497531738779,0.0015401221531544662,-0.0007369571742656955,0.008515142737096415,-0.00266635960989392,0.010667661925974903,0.012768655437921828,0.026695591399565677,-0.011052430400216307,0.02389723721832926,0.002779852157970275,-0.0011130542641412111
2023-09-08,0.0020650960204320334,-0.0016051129210693516,0.0062795173669989435,0.0015937967773043127,-0.010232982233872367,-0.010435600180811355,-0.02979540530033853,0.027001413892655313,-0.007664254972610585,-0.0012352574460421373,-0.0003422774190546818,0.016689386410782214,-0.0008961940618268383,0.00668978408034504,-0.0039982720502460545,-0.0040381975177194995,0.0013104146547089357,-0.001107816055954336,-0.0021938835728551043,0.0015507494231243868,-0.002163464429505102,0.0011231304704351075,0.0017190165379945554,-0.009173567047957798,-0.008823171438529176,-0.023413630591783474
2023-09-11,-0.00010087682203074877,0.0006646808730632614,-0.014643832727304185,-0.007538246210282429,7.073557690140397e-05,-0.011268943557346534,-0.0411342627756609,-0.013227543601642022,-0.0012362024241063807,0.007628493116432988,-0.0019832025434225464,-0.05227511169640664,-0.002263739976531731,-0.0006472600539697559,0.015476653740928548,0.02573805333196444,0.008807463134548277,-0.003148258909289048,-0.0009420500833257073,0.00464215795951306,0.00836691882877627,0.012385768721139723,-0.011427084244032937,0.004564679943906302,-0.007654759025044866,-0.01060908714434472
2023-09-12,-0.011364887951988645,-0.03379034650738322,0.007485215550683155,0.0048448313620897965,-0.004893818417536222,-0.007350487589875998,0.005541579275338604,0.024517458784280577,-0.006985654691545107,-0.015244544407080896,-0.008322372658864263,0.01166163872208037,0.004687860030171298,0.015963187482015306,0.0013522462163934046,-0.013487278132636393,-0.0010704725449429686,-0.0020995409703206125,-0.018262205487601046,-0.00830947589093034,0.002007383475759017,0.004626416019652302,-0.0012353457426840242,-0.0037453213384561757,-0.021154628409755794,-0.01534064493166909
2023-09-13,-0.013096340480408641,0.01969117071548321,-0.008248948620735552,-0.02214218441168736,0.002955588764836703,0.005962387795037882,-0.005099061859816678,0.014019598282594359,0.0015021486729396294,0.008970803487540202,0.00046705603911800786,-0.004948125586342611,-0.0011695099286925803,-0.002138342676161642,0.001995063517129303,0.010029261589606264,-0.05825909060320489,-0.00557859877577882,-0.0528876939854549,-0.009832358289690868,0.006667654047890048,0.008678995872993145,-0.03201584856233897,-0.0017965643152478838,0.006869660605447692,-0.00736089124552064
2023-09-14,0.0003527323565883922,-0.010959047453476756,0.007897517846477076,0.015635033370142493,-0.009474755982656125,0.0037103925166992457,0.02440779530185666,-0.010012225873306746,0.010883232992202618,0.001488490196400738,-0.002970830675390168,0.013147596845709764,-0.01554024026540668,-0.014263982128970398,0.006859681683277996,0.013401889820790158,0.004138182915410349,0.0117348916662674,-0.036932714930027144,-0.002939185379875031,0.00019665864522555587,0.0030190694247635985,0.007282154180264788,-0.004494683914978648,0.009879731532789426,0.016341035423317996
2023-09-15,0.008005535949420883,-0.029983895515171444,-0.0022718262064618244,9.139420803239151e-05,0.008184815223145181,0.02162508675355812,-0.01393513594863538,0.01136711532167789,0.0006823939807956148,0.014851141673224877,0.002929674791511072,0.015072930756033553,0.014506399324765606,0.02344467659351923,0.006080645188857092,-0.024443876703260647,-0.00015455822830134913,0.006472102335245422,0.0032954828947339143,0.013780870272343204,0.004489656431162059,0.003844686744653325,0.010870435340085138,0.006724749362156723,0.010666494441048613,0.00573235170584141
2023-09-18,0.016192036581648583,0.005953007834929691,-0.012334559321598215,0.005690995550555744,-0.0014566336923258483,-0.01035501267371619,-0.01750607251860581,-0.02213271254494642,-0.019534259545930244,-0.0002505445512399618,-0.006885992706353483,-0.038484627892006906,0.006085272082281934,-0.012177870531456803,-0.001833178968777216,0.006737590306462371,-0.000919500634150805,0.014073324525222697,-0.007120280387948874,0.002089874228137001,-0.003279092900484115,-0.008612375214044454,-0.020727702077040888,-0.014455341364440932,-0.013494602604944617,-0.007471440317205702
2023-09-19,0.008331833524625187,0.019562114309454648,0.013476075560860723,-0.0023695388170817955,-0.0011069473243686678,-0.01205145554527054,0.03175162823190214,0.01997916325257565,0.004918803565444385,-0.01380480787686822,0.012007023919667903,0.018754841786486898,-0.006479435944099721,0.008171344725096397,-0.0027197467647765983,0.010480376688338122,-0.005865237325611172,-0.003415964936385296,0.00671491303533589,0.0019810034874585547,-0.00375810012221256,0.013940005194464034,-0.0024589020660544803,0.011687856311907385,-0.000562932875630695,-0.016113196742569835
2023-09-20,-0.01059733392426443,-0.0015154548642242194,-0.0002635399104814473,0.005604542283597191,0.012241627175816006,0.0016979325224799613,-0.006577147080745194,-0.0065286967189046585,0.01151484268073999,0.020204458141856008,0.03198552446548619,0.004198060935449943,0.0021160200102254834,0.029891579551584058,0.01121281459587109,-0.00830601816121801,-0.002976980485836611,0.009184706877509718,-0.015592532108645973,0.018485709086688673,0.009731192237029895,0.006587040696195423,0.0021173453198506387,0.008253405613136477,0.007053199184679615,0.0016071784521479726
2023-09-21,0.007511437867167348,-0.02447409523074584,0.012160455558256622,-0.007216366616718317,0.015454656145054146,-0.015023037705912845,0.009599227119133413,0.003455809774956742,0.06162697895523106,0.0013534204212404255,4.9239407907020194e-05,-0.02688252998287788,-0.0010405020510715346,0.004965661474240268,0.003419242346778595,0.0032530005032502807,0.0012479903419433391,-0.0065918526433720315,0.010835307733994437,0.01640093410321941,-0.0004171103010621735,0.0017604194337729195,-0.0055916650430973824,-0.0007637290474447056,0.002381501995301627,0.009278761553380477
2023-09-22,0.00724022308798844,0.0003885764887173737,-0.014737691888089932,0.00608216152767338,-0.001177180138210554,0.012699505121515298,-0.004708304447933687,0.021148212276587364,-0.0006071733145974756,0.0012867968118958073,-0.0008935514673138467,0.0038554540772033352,-0.000530462954771993,0.0008125591528256315,-0.001664241070527761,0.013623492962346662,-0.002320409219776387,-0.002826966931940511,-0.009002121482822978,-0.006039755811940384,0.0016684836496780875,-0.0022762120393532426,-0.01542163776907668,-0.011359290857801407,-0.008320239675097651,0.010200750502183498
2023-09-25,0.003357201498590978,-0.006557707806219337,0.003774918359440882,0.00040802472537104784,-0.012999783032519474,-0.018451980519489264,0.010397028868999403,0.00804427184074652,0.01642964733107255,-0.013497066893254028,-0.006950262839223176,0.010774410504444498,-0.0033519839238942417,-0.0181326510092511,-0.014246041003459609,0.001828264369614807,-0.027209326160198777,-0.007911568410380543,0.009115097741726919,-0.008522972285978425,-0.00938633314985482,0.0007132396506588368,-0.015469508383637476,-0.004875763228835983,-0.0005766208721915689,-0.006927886480550871
2023-09-26,-0.00866392821412365,0.004374842342478202,-0.010484055804953152,-0.0025840288672901446,0.006635757197485659,-0.025611930948974626,-0.029301347267840394,0.002811081379233582,-0.004181995787125858,0.010996176725431295,-0.007384415817626944,0.0062924869716338705,-0.002930273433279451,0.0008749535268791631,0.02707165746746143,0.008518504736945043,0.005134253191895755,0.0033125549755844697,0.0003114489654486574,-0.002323121165511033,0.0043520344724414795,0.017948558313171548,0.0021029436839006266,-0.007028093356569953,-0.0008830308411962307,0.009636231494994929
2023-09-27,-0.009126701840816542,-0.007537198276942547,0.004768496707638015,0.011606440312545985,-0.012154715706720665,0.002778668476951962,9.395178876103749e-05,-0.0034474844544758465,0.00482045740668946,-0.013094714804010255,-0.0007179628378238823,0.02144259603512344,2.342976291580534e-05,-0.003284582892919885,-0.008448276529139931,-0.004310159785311907,-0.004703026387859688,-0.0021305473244098705,-0.004606383791803226,-0.02712729726362728,-0.01732881295938382,-0.005640229534765839,-0.006981266734087055,0.00675005885361224,0.0031278410382002964,-0.014577825234177277
2023-09-28,-0.004367664111050162,-0.0017745760813785427,0.0018588197398088369,0.007051096485325425,-0.006763046642968451,0.007745826841916603,0.02416015659491655,0.007827633209138263,0.008305010039916683,-0.00944782768046215,-0.01699888652777981,-0.0028628037491231773,0.0041200732979205235,0.003760486772723448,-0.008408713781071109,0.014997539181387243,-0.00803333655776528,-0.0014603369502317332,-0.00915060365916498,-0.00500152540778509,-0.006306036549526217,-0.005893173970516585,0.0016201531484656417,0.010593425714664928,0.014381367385183808,0.009109828715297752
2023-09-29,0.005756045059617687,0.013072750750013684,0.010982497954219461,-0.009019399491687508,-0.00011983673014093199,0.02102616748257846,0.015729218651705734,-0.008436934518562755,-0.0029953462998781877,-0.006010322502816079,-0.006331245774152783,0.028389207528360716,-0.0061278345125198586,0.002709582086142026,0.0028536728403856237,-0.009627647114894833,0.006570136958292894,-0.0044025843724749825,0.00600421300841969,0.010905486346610704,0.0023556799988564414,0.00521516614419304,0.023661411331169502,0.00406329229637592,0.005088745076695433,0.026271715368858306
2023-10-02,0.014756420208458243,0.02194458051413206,-0.005549557243528569,-0.004768170489816814,0.0001388645116666698,-0.008035367880700583,0.0010045546004868733,-0.008936026911198103,0.0006378097607493416,-0.005427095637802637,0.003484629043155385,-0.0037612966050145635,-0.00023103020834136512,-0.004328916722683762,-0.013191687194789359,0.02193876150175811,-0.03639659131566064,0.002418305480614169,0.007150575152220062,-0.01236170492079347,-0.0016729329237542556,-0.005720519065756324,-0.005992424032754573,0.00868267999239114,-0.005147398509680601,0.002351261026210194
2023-10-03,0.005974132313046887,-0.01331252835146024,-0.007677206855651875,0.0036235129387821585,0.006324595803902766,-0.0025740327454014666,-0.022760190578648087,-0.005752254415409275,-0.0048141424067588146,0.004548400141197839,0.010831949567660093,-0.010646068191222935,0.0016436930634102787,0.0033798189848105453,0.000749323452371442,-0.005420397295815116,-0.002106102984106628,0.00850453971507803,0.004331148684242225,0.007928982015955488,0.005054539257000945,-0.006577609937116091,-0.008299334904403821,-0.007871567260579693,0.005167593835516793,-0.015780955808318953
2023-10-04,-0.0008013219098716995,0.01435436779352739,0.00594130583894481,-0.02275819164965953,0.0037622684666975825,0.0012483887872678512,0.015168471750619084,-0.014737877771888952,-0.008647759193210147,0.0007148169358788259,-0.003266111026541285,0.009314522482156917,-0.0012056070039498934,-0.008109754957160709,0.007866600921876854,0.007308636262593815,-0.01678175816182481,0.001982873151147979,-0.007711629145556564,0.0033184320383854438,-0.0008943868724220483,0.003837984457397692,-0.012045414125775533,-0.003873722415810521,-0.008304940405952088,-0.03721033300376886
2023-10-05,0.008502224983241269,-0.002515229386576223,-0.012260680664473722,-0.014656395843197334,-0.018467816868153908,-0.005649364937793666,-0.012502073463413033,-0.006202171239158005,-0.0021183561237165804,-0.015838554506065194,0.004494119103193417,-0.015077184851957415,0.0038729010900419025,-0.006550584791032432,-0.05125853624856691,-0.0012810004166162736,-0.0008545584785022431,-0.002342612445821013,-0.010131357783005779,0.0005922677083460837,-0.0508538806850487,-0.0032592730565366157,-0.008034994745258262,-0.016604070853860287,-0.0009078074634091271,-0.022008125039159943
2023-10-06,0.0029355122305880776,0.008013141579822802,0.004893817686529189,0.008277138279869867,-0.05880597681732147,0.0155561978180625,-0.014042054775527113,-0.003411379604975062,-0.01667685730877977,-0.014218721461339068,-0.008211284544843434,-0.02014190712912689,-0.002251445296208132,-0.02066306194513734,-0.038094265174110076,0.02309419914208921,-0.00532523009025776,-0.001164440054986171,0.012125688663484624,-0.024546388122339113,-0.010628247790992917,-0.00017269100815497929,0.010302693280038078,-0.009705929204212316,-0.006012282450226447,0.0030643190717738467
2023-10-09,0.002147167011256057,-0.0013483112984669088,0.015365442758018988,0.013467259380740337,0.001255073250176153,-0.02936584225576222,0.004219102246384887,-0.00047060618108285546,-0.014756715932970232,-0.002817453621745125,-0.00510680859580126,0.03262732066085161,-0.014419997622635017,-0.012568546239751455,0.00016714281865781722,0.0029848895011439502,0.0010491415723834496,0.03052508909381957,0.005334116730618899,0.00920703769284037,0.0003716439244230152,0.0016801466500750983,-0.00630385429964031,-0.009332350216375351,-0.005850187859941736,0.003164610657636624
2023-10-10,-0.00856001900925274,0.0012723750259573396,-0.0033572973574480525,0.0018323963795892073,0.012220586471812567,-0.01394611756639974,-1.3323592382707972e-06,0.005562425603973908,-0.0010237267057131572,-0.012258821208772419,-0.005840798181464213,0.024182286641963646,0.00905471554184989,0.013074110131548577,-0.007403491930141115,0.005723056813806249,0.012647022595209334,-0.009608585553982585,-0.03793244856956168,0.006069847014780416,0.013631623678776128,0.010990138784619186,-0.024363878749924628,0.006530663543119042,0.002632200649505645,0.012643754035784438
2023-10-11,0.0036110852714064112,0.02797535679887253,0.003805939986252227,-0.005683635958423694,-0.0099652683214293,-0.005999123103601622,0.013443568028248754,-0.0001946666526599916,-0.00947231538992599,-0.017517381289921863,0.003587889302927749,0.027826843799310108,-0.0056917113731296265,-0.0005784814497828972,-0.015765555486324523,0.014287665623160528,-0.007051009797400365,0.004652733171921275,-0.024088417291483033,0.018274622967575205,-0.01512013626801445,0.0006926713313144539,0.0094502076712204,-0.008669379014205503,-0.005900157947075879,-0.040856609971062885
2023-10-12,0.011307641844539806,0.023922112571591492,-0.0017874478160344598,-0.005555891858173623,-0.011551485139706608,0.0004785410997876216,0.005012717409379364,-0.01416154100273559,-0.007141176442252761,-0.015237560643872716,-0.007647266215634829,-0.022107668547840964,0.006471538022783441,0.011489402738631305,-0.023324382321781578,-0.0049182246953629605,-0.008910290977744428,0.008610712541181953,-0.006679523954181699,-0.017540513634304644,-0.02167122847679792,-0.0075883050265307395,-0.016586186876970888,-0.015654861524033392,0.006761504215817005,-0.014580447487836379
2023-10-13,-0.00527378717026139,-0.014404679917847552,-0.0076268499863533235,-0.0011753346528530217,0.023720156352988853,-0.008876236602468612,-0.019533394274232507,-0.010814568679290093,-0.03148334501078043,0.022125186896317373,-0.014663975121187334,-0.00850431611562441,0.0003426196470335263,-0.008326792981230069,0.013046421119658702,-0.024195134703067778,0.0011995586888170484,0.0045680553398662616,-0.010263482051183659,0.01012084682453429,0.01716438145956556,0.008773971485362186,0.012320784137891505,-0.0036034550553165623,0.00308816909177001,-0.006325102145666284
2023-10-16,-0.011321473969837959,-0.006986270336049927,0.007681670060539991,4.249165231451357e-05,0.0035448585850921255,0.007781660338960661,0.041645667776307294,-0.00043349841354278773,0.008842242555895163,-0.005512164412793341,-0.0051775712969297505,0.02043036807869858,-0.0027306151162524994,-0.00468649332599691,0.007120501457717365,0.009933765869362121,0.0036143068243952303,0.0073478082081523954,0.0038568206604483457,-0.013219991904696693,-0.0038441295080149374,0.00048790121234065786,0.016226951085511532,0.010041893539371571,-0.00047071982476354357,-0.003741774879136628
2023-10-17,-0.008686271290143432,0.017075469854053837,0.003914002932226213,0.006966856402670585,0.0021220921925144687,0.01764335445187215,0.05410751648322143,0.009318577613088408,0.0019967481801204112,-0.005427522662748041,0.008071933564140599,0.0252905932983869,0.0016187963115863457,0.002725880864458796,0.014790261463470289,0.008972542172951181,0.0068804436368870014,-0.011732040546428735,-0.014036285346508248,0.0004492546202687908,-0.004309588375754347,-0.003183125763757011,0.0258659265909853,-0.009197850626134207,0.003481546095391419,0.010544586367171371
2023-10-18,0.006004744718808519,0.009436115330858752,0.001714610183898846,-0.03585752992323432,0.026079234744422752,-0.01491706818322025,-0.01743084046957566,-0.010686428073539256,-0.00442047459617001,0.015653820714770283,0.010905378908283248,0.012034602589752974,-0.007905990001594532,0.0027631379750590046,0.023000010728922105,-0.00829758234386635,-0.010344123603600264,0.007776216636399269,-0.013390889956748642,0.0051541759332508486,0.02375082122264094,-0.00817321534957538,-0.0024294360867384013,-0.015688443987006417,-0.007976753102122536,-0.00022798227865472587
2023-10-19,0.0063220158356113165,0.004664745589162411,-0.0014886936196695233,-0.01593650134622404,0.0012805442279026913,0.00978109065037347,-0.028041500864089297,-0.01024060285072359,0.007169241148205385,0.010470489118140414,-0.005520149104730754,-0.020908724275347845,-0.00509767146678286,-0.002891400495699914,0.009418075715395657,-0.004641472561325299,-0.0066754545471772175,-0.013306139013394058,0.1690304879467035,-0.01982062649531524,-0.0005894934867286539,-0.004761023244034934,0.0021892069622418964,0.009449251824676708,-0.002959223828974955,-0.0012043139209794163
2023-10-20,-0.0021190600913078006,-0.014009830041789795,0.0007868706079482424,0.0030857508370825126,0.018388926493145497,0.0017072857429698551,0.004636695250352707,0.022125390548302426,0.001610697905753744,0.0092445869068557,0.006426377570717512,-0.005020484502656575,0.0036649407314843785,-0.01010978487869707,0.01087222744678007,-0.000713378883011706,0.006727244556834044,0.010137973742621487,0.01056926781953349,0.012130050645094759,0.00909734834408149,0.006418939331491291,0.002029423280628495,0.00987654776524971,0.01192766918058663,0.002161911051981602
2023-10-23,0.002379687112203155,0.0006687686412368832,-0.005303574111304887,-0.0058584762569916515,0.012005229543572304,-0.0007180632781660368,-0.00987067020393484,-0.012060092527073518,-0.009327522902225494,-0.00742739050149932,-0.004001254581135316,0.0038362660852769848,-0.0002394481785610303,-0.003313583059698866,-3.055393469864054e-05,0.019051226857615844,-0.009290572412631648,-0.004785549960442781,0.01635031018440991,-0.007512010497629507,0.0021857687978882323,0.007160561312699376,-0.006138232962324408,0.004993302712668846,-0.023321224138915353,-0.007713198943338551
2023-10-24,-0.00472240158182613,-0.008838626974446706,-0.01034482319181007,0.0017507314353828463,-0.0014448506721165266,0.0004001230325598737,-0.00040694886269676545,-0.015105458147419037,0.008324340196326885,-0.0015048510278112825,0.0030730363999735832,0.009901452123354249,0.001178923693064382,-0.0100211120847985,0.017113039050511647,-0.011915153201280337,0.04553772155260338,-7.234153535584653e-05,0.009669686657572285,0.0006386316867525998,0.005915092945672384,0.016909950414557562,-0.006548961785254104,0.008896958383914688,0.0005637829590483534,0.009256345907252328
2023-10-25,0.0008479567091668194,-0.019799267868512493,0.008456328630394805,-0.004133486724966495,0.02154633800259098,-0.010801772181696978,-0.010896434939947963,0.02750921523929628,-0.012431288182519928,0.03630641343147889,0.009186781699684121,0.018595006064167197,0.012788929416293504,0.011901838324149705,0.016475323721826363,-0.027317668885654345,0.006239504127694695,0.011034935448971606,0.00834535477647369,0.015160310712926894,0.01532590230141151,0.013772752295176272,0.012190677748691425,0.01135903088854584,-0.0016663961189834486,-0.014466308499887948
2023-10-26,-0.012773020342665808,-0.0013309011044535524,-0.01006415346913403,0.0015849569117910578,0.011615730898421717,0.009454289079917522,0.0024614879933680944,-0.004632051640588664,-0.01911854834939497,-0.01603820591132743,0.06056314788689521,-0.00017322152396859192,-0.04439185180174465,-0.04584101532293272,0.011223568088381097,-0.025492752417743292,0.003554037792591447,-0.008380669872199209,-0.006915198360425756,0.011103571293635817,0.006042640535020016,0.025095652198380836,0.0168576096394758,0.017070840353801686,-0.04751536489040409,-0.0022519623364273267
2023-10-27,0.012769610981530177,-0.007177696414802925,-0.02091432335545418,-0.011163023455548093,-0.018079753520019115,-0.06746367963928779,0.006243284143977124,-0.11766669683863551,0.008792716830991476,-0.021330373476572517,-0.0038252165347598677,-0.0180731497131712,0.0034014121169195777,-0.023380858190906184,-0.0049483838235695465,0.03386242913280191,-0.007946507775833389,-0.0041140578172638165,-0.00925040474537786,-0.018177806224074056,-0.006289505736351453,-0.015219260187178896,-0.00948534320812644,0.004563422823950725,-0.019655150669710464,0.001270883852076854
2023-10-30,0.0002951418510783732,0.025028487288150325,-0.010768109252278224,0.003080567321718908,-0.0047966159641594786,0.015613941231646944,-0.03042176949265618,-0.03108610254931221,0.022861494345210343,-0.0018531000982529022,-0.011238016576568421,0.0011575284144662579,0.010897100025482276,-0.02321804042650677,0.0029108567799067675,0.00797444832837213,0.010842006300376461,0.0020507217636966946,0.018678411327964772,0.0002158935241385329,0.00465474426821455,-0.0007956701678375477,0.004656430512310239,-0.013668497306538852,0.0172859351979342,-3.500000322209651e-05
2023-10-31,-0.003655987574567643,0.0032415096405513655,0.02965475649653504,-0.07300126575958332,-0.004491607058647817,0.0005577910988237011,0.009672454886445303,0.007038201623259077,0.0073752909869746475,0.0008916412510622251,0.0076172311652578095,-0.019471377031399006,0.00407771453584016,-0.009173720066027902,-0.0029890927979796533,-0.011067683860843003,0.009499155733875941,0.001634602068457669,-0.002548911160819012,-0.012929001559495168,-0.0003129345403125594,0.009700576747705414,-0.024293679274612012,-0.0010166528627588711,0.011323069950932574,-0.0068082982699612105
2023-11-01,0.008232554372980871,0.012874826921400073,-0.023226684393859665,0.015063582835248557,-0.017873457000743387,-0.1995337451690744,-0.03683022757190346,0.00590459326353221,0.002530159528022491,-0.00783719459490384,-0.005251479547918159,-0.008311308024769204,-0.006600172188494735,-0.0007639038596249925,-0.0012929473775662448,0.024612203934400112,-0.01479416581770121,-0.003180015657564761,0.010140659778715033,0.004063423164443858,-0.0007681399208891992,-0.0022339522216328067,-0.045702201196874515,-0.025847863431585072,-0.02077154354411681,-0.009672400996114883
2023-11-02,0.001834756881980093,0.007238820340122576,-0.013098410840243657,0.012586885807046588,-0.00013698020368835273,0.07558219636110075,-0.0028677686399243285,0.004350210721480563,-0.0023310328979435635,-0.009808948740963164,-0.0077857965617331715,0.005958999775244944,-0.005968833019358133,0.008834706180392393,-0.001648092819266811,-0.022001231109912034,0.0004655903881756185,-0.016469961324470983,-0.008101526784437763,-0.0038580933776093396,-0.006970369500922002,-0.008862004559917924,0.008971620136827507,-0.005914392582511141,-0.003193198265938113,0.0019643652757013186
2023-11-03,-0.014575060270155649,-0.0005341233421010116,0.003266314510281587,-0.0025770173830688137,-0.06550515533317491,-0.0392940320268631,0.04934387917656835,0.03202648105226902,-0.009838529287962472,-0.01762362012875951,-0.0033396208162823626,0.02265725786446282,-0.0006138766791483619,-0.0027872602467442498,0.00311172947063465,0.002604759547183866,0.00739767415038628,0.055513540457111876,0.008618545830772595,-0.012277391836389318,-0.009633540751841196,-0.002635900462856222,0.012925954154284991,0.005225531030937702,-0.0032666173845810054,0.018511017351951153
2023-11-06,0.012852212797494156,0.0014227503090187277,-0.005176099653494082,-0.012012554403519449,-0.0008313990766208867,0.01365795030297745,-0.03500966934073779,-0.025427194805965225,-0.00907686562776544,-0.0035085567870640766,0.005481748807596221,0.01204982086381401,-0.0014678810212136462,-0.008143340000258958,-0.010180787304575278,0.0020614312144076052,-0.005375554193489673,0.015480678026051686,0.00375165560429358,0.00032559269680243474,-0.002292420965172348,-0.0027703591026151386,-0.018932584555546583,-0.0014938286865475714,-0.005882818038237758,-0.02032740030370017
2023-11-07,0.011610796720628036,0.032087813830973255,-0.023598685333749758,-0.016941258258233227,0.018223472462797652,0.02254380188175098,0.02506087118451461,-0.016419305906908765,-0.0074460840403524076,-0.0037458638455303284,-0.0037800485372305737,-0.015774124825748803,0.004177685519405561,-0.01431251471361561,0.000823638280761152,0.006722815215017386,-0.006796564851250797,-0.001526954588338958,-0.003139159462443919,-0.0075298440445917825,3.9151760023559135e-05,-0.004265128823265685,-0.0024759606951159085,0.022031572133849542,-0.005792335005209481,0.011232979368963392
2023-11-08,0.004879904362113274,-0.0008169707327199127,-0.025863888139211144,-0.0014305713249700425,-0.0020194629183731827,0.008256750893198772,-0.014114025853919299,-0.01280428920646226,0.0037861338156695012,0.007155414838346141,-0.0063800380948402236,0.015546823388400188,0.0011294607310434746,0.009193904233664618,0.006733383951935901,0.002006251541132764,-0.00991509567165505,0.012799084651629933,0.003689002770176364,-0.005988640268265399,0.0002511798718252134,-0.004335438733305885,-0.0013689412833363113,-0.008083099271462446,-0.00029984194511145645,-0.014723161187481515
2023-11-09,0.005459417525662702,-0.004849490647982235,-0.008494186599694475,0.00523059031608486,0.019706660139047427,-0.002893824562712477,-0.022702239284136283,-0.02674210853605763,-0.008951567608448507,0.0059674831560279085,0.009791754777602302,-0.024480709279697366,0.003618745043057814,0.005298721588213873,0.006924696098237759,0.010491562101884178,0.0013679420753860416,0.006822484452493116,0.004648558813573289,0.01227288752428568,0.0007358529684950987,0.009788702240753011,0.03794547686628613,-0.0019217431770878202,-0.006005877237044266,-0.011000751833989297
2023-11-10,0.007603501390866407,0.018101114895771264,0.004103584402627147,0.008000866456489675,-0.014835759498954992,-0.02055908779402227,0.00405465228951396,0.000878508237710518,0.004450649001400908,-0.0004536219951047915,0.00075255599350732,-0.02192774505932482,0.0009317665491950233,-0.02958042163847363,-0.013005401726051469,0.010027020223586147,-0.0035116354552260365,-0.008427228263017783,0.012167073802235251,-0.015979042882985905,-0.01104257111067386,-0.01071453750842788,-0.02127395632583995,-0.01340482906434226,-0.01720658909564321,0.00763170089918308
2023-11-13,-0.007747855606977216,-0.010684110474272424,-0.0035309198559333455,0.00913860578806025,0.014322148289857894,-0.008053157517047493,0.00036141462587424567,-0.003221095134640528,-0.0017654028234155295,0.01765231020697855,-0.005337685293561267,0.006481646707505062,0.0007597450841597686,0.0027829938727366166,0.003439959864130815,0.0021134776824509593,-0.00045714604954327775,-0.0036011395686335046,-0.005022251323024363,-0.006240421343947311,0.005928291239875039,-0.001874144753745921,0.014704885704224457,0.002863009296443453,0.0012701715655500934,-0.007543156333547851
2023-11-14,-0.004789264051850983,0.00462317248834454,0.022278426686741515,0.0065383735103812235,-0.00668761967206577,0.06085102067343007,0.06271581039042218,0.03998820763431854,0.01674546193770743,-0.0029476543239919106,-0.003477711390481808,0.03215296163783021,-0.010706806023207394,0.005483482964234732,-0.007531011112564823,0.0025537790335237176,0.00552297306017957,-0.010613502286186849,-0.010011101064514527,2.05942623630051e-05,-0.017048794095030795,-0.020433691531063114,0.05107563651810354,-4.814785531026544e-05,0.017112520033611522,0.0009119748855108689
2023-11-15,0.0014438448704658935,-0.016522664080543148,0.03450392158918114,0.01143445918482322,-0.0030134044532491577,0.024864484361622585,0.04754017343644712,0.005133772298787864,0.011149950679857579,-0.012312656256730503,0.012830212450199774,0.014424364767846365,-0.003659183932402388,0.01047394813533531,-0.0031661909729504556,-0.012301396532753972,0.017883080610905155,0.004359427396311233,0.02802515477954115,0.00019603758851349795,-0.006712542061220961,-0.00030439171364538,0.010530230359067083,0.04212925690829672,0.026341531794402018,0.013856249253567654
2023-11-16,0.007851792944857827,0.01014820294638108,-0.032113714575228824,-0.012660378991877108,0.012230089247289522,-0.02855611537961389,-0.02335374472333429,-0.030798883223539186,-0.010824473449293825,0.005554146727466236,0.0019553201934257025,-0.012359959895334893,-0.0005099669718473532,-0.013799006223003563,0.007810993778592401,0.003257981052405823,0.00290111124207848,0.00880588733829435,0.009655125016597932,-0.008976392401949917,0.0015601193859728912,0.0007796377081610295,-0.02644947442289769,-0.02473796572571807,-0.00295702967064837,-0.006524599712918744
2023-11-17,-0.0013873877555580227,-0.00028551119306285955,0.020740265776163724,0.018298244508123673,-0.006449868617303123,0.00842266372676681,0.03264520969446205,0.009544763131336342,0.002679614135530972,-0.00046512409561660917,-0.00239250651212386,0.008020268310001022,0.006776380049025255,0.009934501852114863,-0.001140584117683252,0.0012614207493510943,-0.005148038329171989,0.0018383905649701493,-0.0035092702238959106,0.0030473064332992017,-0.006946644569043703,0.00020940726536600174,0.008352496203661186,0.007890682619296374,0.0060012335569308295,0.010074436797306019
2023-11-20,0.0018879066126649136,0.009269263783498127,-0.009002618973226628,-0.017743105451201502,-0.017671810611884053,-0.0183748139558938,-0.013732468807581943,-0.0005745124144271863,-0.0089922004292593,-0.022339369409955845,0.0021590524801309297,0.02223454522606727,0.0028520906660101097,-0.0017589013372951712,-0.00342575545946322,0.007324346966517847,-0.011166174103658721,-0.003682528048956968,0.010982347521542257,-0.01376656537312737,-0.008829545189300458,-0.002041773854175366,0.004784783168147344,-0.0163330390139802,0.003354623624503228,0.021929702764932113
2023-11-21,-0.0022100187491849166,-0.000770030123454224,-0.00517317825909358,-0.002131589934629141,0.017001821689063168,-0.016762181260475573,-0.01851470596890825,-0.01248579675869843,0.0032732747951648156,-0.010824098961234707,-0.0008298426772623824,-0.0037335578512627254,0.013272124346003555,-0.011045447905060901,0.002866712091458168,-0.006774103480733817,-0.008402368248105807,0.0037738749134513805,0.00303259331003225,0.020187996168330336,0.009707652865851846,0.002761747594113184,-0.010657862110003524,0.0003198587626618288,0.003357896285422046,0.0011118771769781377
2023-11-22,-0.0005467047169642747,0.010227125264861359,0.0020020885817495504,-0.017693447417151953,0.00972905428171833,0.016579597572432103,0.008546988999981187,0.002808477286909472,-0.0017160710576966665,0.0012906135204044933,0.0038656881345013883,-0.006633445933112658,-0.0006866568443415488,-0.001997893546832108,0.0032660528806611744,0.009322548905583261,0.010621190087938048,-0.005530034295636921,0.0023606059519123423,0.0011763000796272127,0.004401392733826448,-0.002042585142050024,-0.003402598820414271,0.007224993112091127,0.0024822653091221003,-0.036059924068224336
2023-11-23,,,,,,,,,,,,,,,,,,,,,,,,,,
2023-11-24,,,,,,,,,,,,,,0.00489755739458797,,,,,,,,,,,,
2023-11-27,0.0010065944516177705,0.0016958988248564344,-0.00020384332798673022,0.002075425775886597,0.006383265004080485,-0.007568979112047125,0.031611596369428785,-0.003815271212861515,-0.013612021522565687,-0.01515780711292447,0.004467578005526773,0.007801991468746383,-0.0066035360026588386,-0.001461107279879692,-6.460265582486358e-07,-0.008482583184299619,0.013626839786336609,0.001424470989941029,0.0011408814612298146,0.0009009439536925568,-0.004245307907657869,0.0007461661823410237,0.013072427988395585,0.0020264924794008987,-0.014095418471168575,0.017760825548671866
2023-11-28,0.002233999978897838,0.005559819889206397,0.022953061479342063,-0.0005354793648690848,-0.0025551266520097426,0.02590814599812763,0.01686977665935996,0.001921444036190767,-0.0017293719562532228,0.002151581776305145,-0.0004659568512592749,-0.015191804834723155,-0.0008823553239942772,-0.007834219885537008,-0.0016795070963174785,0.01183722393225728,0.013854285964033819,-0.007872037376336127,-0.0013348630071060574,-0.006690983987787558,0.002228219587640412,-0.0038027071317821015,0.0022541610240225385,0.0067594630367942,0.006707524392527198,0.029225764541220167
2023-11-29,-0.004463532473243714,-0.008567311981473091,-0.00243321320498624,0.008825124523954675,-0.0036804184517743588,0.002780888825345218,0.026587279478231474,0.02216126230126958,0.002998277668053162,-0.01635626365549503,0.00582890784109058,0.009465167482867076,0.0029266118921041917,0.023893236373769278,-0.012913403706817261,-0.019083634683697226,0.0005404668221479225,0.0027675103244703125,-0.002832451780250933,0.00342046775245175,-0.009121444792151268,0.008831545248320194,0.021900410675947612,0.005851068125452774,0.011229120870280274,0.0071656796556368585
2023-11-30,-0.0007213210377809975,-0.014117905170694667,-0.0015233571173192129,0.0013070711388034617,0.017027273237491425,0.012856042534506562,-0.02178924701095264,-0.03494555614950701,0.015512564455291367,0.008061699291894264,0.009961968069218008,0.002713675415998429,0.006000688094571549,0.0011071567598719412,0.0050176671590607125,-0.018985856582504956,0.002309050317132577,0.008220511505149242,-0.010531959422099058,0.0003587368076571895,0.010652743498595463,0.006625327990050778,-0.0037840728581564065,0.0104536365528336,-0.008249213639941466,-0.005550005493575094
2023-12-01,0.0009175849367630828,-0.0034843198323755153,0.029085365066761515,0.01821689115425773,-0.018913063803897234,0.027410057515195874,0.07630543684442226,0.025315319103559997,0.015723530720636703,0.010409952014108326,0.006676664324935855,0.00832896534233818,-0.0045929747827706535,0.003525317858038113,-0.009251110523397665,-0.01299586153397081,0.001999492604023656,0.001714600159139934,-0.023237669334254085,-0.006049271328534833,-0.003496857743927384,0.006090658012211314,0.026649152745438442,0.10220393481802925,0.01589237606268834,0.030393381834310063
2023-12-04,-0.004055999570600877,-0.007506365924698555,0.022706390078128247,-0.0024198120634837395,0.0025772594237228885,0.05853861728645071,0.01698818901045185,0.01675062965942964,0.009871139252048633,0.0035234807800431645,0.00883428824532706,0.004135352215602794,-0.009385335387616545,0.011727088375282801,0.01105668633667889,-0.009368838781231292,0.04136250366742111,0.00030586625446482607,-0.02001344065718469,0.012871186808002144,0.008076151104833396,0.009021015322864367,0.015194540513754684,0.03661417619139795,0.011928660864879093,-0.024894481706357663
2023-12-05,0.021632069181533264,-0.00330175827588719,-0.008669371093348976,0.002296041910400781,-0.016360553947140644,-0.04822561923527169,-0.015457088050622514,-0.008776826677943106,0.002375839902465371,-0.013543195091925253,0.0023687779101391193,-0.03066125152609933,0.0016954500965189467,0.0159357229486079,-0.007013482021344997,-0.004837018825862516,-0.01634910565420644,0.0033496275020199473,0.0033227803161779423,-0.010498644890516218,-0.006525850741305073,0.008422048721808295,-0.01760203301647889,-0.010401621338751332,-0.01071887525008608,0.008784795907295972
2023-12-06,-0.0017810047637553117,-0.006920337015907996,0.018635773250872067,0.006962683856079788,0.004333960418048455,0.012909771673365378,-0.02205513262474279,0.012396742487269852,0.008153339187364828,0.010664239057115332,-0.0029713936487284487,0.002590529659190377,0.008041518278704918,0.01887770687131962,0.012536712416376328,0.001267080955866029,0.014723319778579325,-0.002533309629287217,-0.014593172457442627,0.005139895374116521,0.0013457935211875771,0.01364654583196201,0.006682207191259226,0.03109658952480443,0.01123607088084777,0.03621122581917635
2023-12-07,0.0021712570028953326,0.01398920026062922,-0.015026092605351593,-0.0023423642107200937,-0.0013392260778761766,0.010627888699208388,-0.015134390829324662,0.004192811461039447,-0.00639651889612769,-0.008708302151624436,-0.0083425809865727,0.0012543964098528093,-0.0012183099633049643,-0.008449180659886313,-0.003479712790375622,0.020823695449164292,-0.0032010730202276516,-0.005208364546379185,0.003828655186473684,-0.016681504406544256,-0.008266670735212367,-0.0024376064489346483,0.022504549509654304,-0.017391665982604887,-0.00017627429823163787,0.005987235654979273
2023-12-08,0.0033168214580026056,-0.0020750957385329283,-0.011740514315393802,0.004023852235765402,-0.016947233933532924,-0.019628518652566318,0.009960480263443872,0.013464658478397729,0.017829013304057506,-0.021655896659158458,0.006764703597995414,-0.023024928378828746,-0.0064917625545298785,0.004406211760495493,-0.011356966522220624,0.014766147048574929,-0.003224399231281483,-0.000507976914953634,-0.00020172165813936438,-0.00036641324510511275,-0.014724854699525558,-0.0038396246084539953,0.007672770881464341,-0.01979418592871196,-0.00537348595541598,0.011614181660488221
2023-12-11,-0.01685176441626024,0.02097674044425646,0.010718965352567666,0.0015475752467342119,0.0005944279388465645,0.0040771326139315,0.05364294458620855,0.0015250792247176737,-0.006973697824856906,-0.001017226826684814,0.00564541572806454,0.017366276542032377,0.004688726001061072,-0.0010614963146937662,0.005359697181693601,-0.026373867378767568,-0.005955787284940173,0.001899331436361562,0.009584827156866815,-0.008347394543163689,0.008992044311927794,0.011740399910707078,0.004724424902857738,-0.002928951349328912,-0.007251537754428772,-0.01049437854044677
2023-12-12,0.003320734132630676,0.008932249601216746,-0.017143147480474186,-0.0026447539439127254,0.00718300971806074,0.008679174621779584,0.008743389213081487,0.003530596071696701,0.0014070614995218556,-0.013134952810000322,0.0027398635634567903,-0.02349185720649416,0.007524453485768801,-0.009833202647572481,0.0026481690794271096,0.02288466210121798,-0.01041565425971902,0.0032129497150976682,0.002163147311508018,-0.0016673066745025444,-0.0007262640007303922,0.00541018380770053,-0.012287282773525088,0.016928041401375715,-0.007231297021924155,-0.022510669437564634
2023-12-13,0.0030409684745915655,-0.028485072994815397,-0.025124603658181144,0.01136549660885322,-0.008251627977743148,0.03349791012393322,-0.03520740532680555,-0.0064821728914967736,-0.010647224069308736,0.008548829683219905,-0.020268434832639737,0.018885813009609453,-0.004310150675052471,-0.029275641806404407,-0.0020279148553690174,-0.012094878029846878,0.0022426236586390313,-0.019791239898910185,0.02302323055073008,-0.011878911822561955,0.00736191506033701,-0.019197896167202355,0.015253053233636571,-0.013468139105617727,-0.0015503517624195773,-0.01449239295628224
2023-12-14,-0.0018894406641929429,-0.06611419876988689,0.06823869860112519,0.061539341958417815,-0.040658871424206655,0.01853736494563707,-0.011102452197110035,0.0720859970153922,0.017913187433822753,-0.016313070454423872,-0.006986395297968739,0.022433337609353288,-0.017057996977779877,0.0258595411115623,-0.035610835789003925,-0.007337253090480389,0.02470669315613483,-0.033755339794326766,-0.02379376373091735,-0.007864576203695184,-0.0245063266016724,-0.019444439237747857,0.05469399315000234,0.0004150923266588169,0.029848855533138652,0.010270631325700164
2023-12-15,-0.002649560462262057,0.00014463008023701818,-0.0022463013791041986,0.002074852433164409,0.001608521207668634,-0.016492288598598748,-0.030911040500190445,-0.004890715264301626,0.006624555116794051,-0.02408997554106662,-0.004097821280712455,-0.03380080323765844,0.00010022280124966088,0.013777084992018684,7.62494933082003e-05,0.005328962026962092,-0.00048432429594047477,-0.016768720550932925,0.004822637860215417,-0.0008127040997273349,-0.007352973288214382,-0.004513589141636132,-0.011701165370159972,-0.008010603225923174,0.0036487368465836223,-0.007825049365116965
2023-12-18,-0.013031647297262583,0.02018605049532307,-0.004528344366900416,-0.004633213560833571,0.011100164813437452,-0.009819224731482334,0.042323400365360975,-0.012015749003338239,-0.0022885768056581934,-0.0015015484082059327,-0.0013846693644341546,0.0058613416857513645,0.009471657852797133,-0.017422632817745143,0.0005635038034450535,0.024433636060140707,-0.014904143982588103,0.009835659860523593,0.025255966775852068,0.001522024058383753,0.0069086528126101054,-0.003823847721253548,-0.01090309488251262,-0.008910452829667403,-0.012936367792372727,-0.007462521890556961
2023-12-19,-0.000506225177400843,0.003330276908476426,-0.0043143259058135985,0.019509067142879477,-0.00812628125110959,0.037106570364626945,0.024562194154596817,0.0016774809653874456,-0.01267685758609538,-0.004275475483274116,-0.013117274017438896,-8.24645120758305e-05,-0.0034160573153922957,-0.011059966166053425,-0.006007112264547754,0.010789638190846107,-0.0022769627896972455,-0.012184709018944417,0.012441816458798716,-0.013649176694402243,-0.011550030139654166,-0.008362263143838478,0.02342248620669607,-0.0039216369621974945,-0.0055572637541765335,0.008987817931193742
2023-12-20,0.003970283428535115,0.000493977016229441,-0.008947065521748065,0.003590372280833254,0.0006634287130362626,-0.02161955775360458,-0.024842361718851125,-0.003618443682165351,-0.10585151474305021,-0.0019136851240924013,0.005338006767737324,-0.0006512760380728011,0.0005352740807489376,0.013576817208815428,-0.009523997585004773,0.011601800825771225,-0.009598174548642424,0.003245638887491187,0.0030685589456548312,0.0053250306643360945,0.0012280614356139363,0.00615145844899756,0.005741201383241412,-0.009547973713893043,-0.014148520934596731,-0.02066505127899987
2023-12-21,-0.011071498804613444,-0.0034564906267000595,-0.007523980358300264,-0.009058645607733062,-0.0062540640002510806,0.0025805754506746936,0.009437754551881561,0.035461289162908693,-0.005793915565327046,-0.0020574032580784607,-0.005740504436007932,0.03123011390502617,-0.0007890499346023816,-0.017111731448659073,0.005997244378584732,0.0034696440869355083,0.007929499331684076,-0.006552291607900829,-0.005518808582515744,0.008953537519189814,-0.0025762647438061226,-0.007777936177469469,0.0164962655969767,-0.010510873985705937,-0.009027449728034709,0.018899804691026256
2023-12-22,-0.007207571222135001,-0.0039762091159319946,0.002560222226175579,-0.0006603659318149546,-0.00046178887930281576,-0.008740907865389502,-0.00506222796371425,-0.0008498398805847351,0.0010486290857216751,0.006737664011851496,0.006798576563546321,0.022016023354827663,-0.0001014673470356442,0.0005724245556431029,0.008984500665830453,-0.0036369571560871394,0.00563437755480467,-0.0039141806376264965,-0.011525614908495019,-0.00024751711668313803,0.0025922670363278666,0.003374708350739608,-0.01497550090478339,-0.014456707224228538,0.0052756604144463815,0.006684843578645516
2023-12-26,-0.007072570024501346,-0.005050044763005523,0.018620997117828164,0.013918113577055635,-9.661463142607296e-05,-0.00021594619967491013,-0.03201274532345799,0.0038655728825918168,0.01173409838085826,0.0005897469289739554,0.0023677347759951672,0.02620036381614499,-0.0052455705224533355,,0.002789518829183546,-0.00015691582876886656,0.01250871248987906,-0.0037474784063600275,0.0048693214104833515,-0.00026486146408544187,0.0028055725689355437,0.0029610453851973695,0.010883022864943692,0.008539907017716342,-0.005621841504619418,0.019354504803077655
2023-12-27,-0.0009123171087852544,-0.005074346089668058,-0.0005315775580998494,0.00699211968795499,0.0061552019890220855,0.003465654955249864,-0.0038520215812071212,-0.006249719655638919,-0.005597280553615525,0.0014048167099725006,0.00010133590687178007,0.00034150853612402443,0.0001981205534227204,,0.005542254415625836,0.0070244198701645555,0.004396953079862209,-7.568578346539567e-05,-0.00020890653564875628,0.005681575609133294,0.0017673915797380424,0.005647235268964268,-0.007014093331152105,0.010886783911466136,-0.008961022995020218,-0.007898531233350603
2023-12-28,0.0018561490122943614,-0.0013096416972573355,0.006172397555409548,-0.004529325232446535,0.010492336231215926,0.01218809935182108,-0.00607476526449402,-0.00440564414698541,0.010150296199416431,0.0006630427485050383,0.0014040486917803463,-0.015110822640306387,0.0042486089852906694,-0.006912284946577141,0.006246773133698813,0.0009991649080467457,0.008366105117828315,0.001723851333721882,-0.0029729555617840075,-0.00010848651364736561,-0.0004292829383972796,0.006024592805664586,-0.00892618822265201,0.0070378179837742305,0.00262683512465256,-0.00905058949890769
2023-12-29,-0.0025979093665089437,0.0046399422676538515,0.0005323414313748165,-0.0012493252248210185,0.008890953401404444,-0.0059839531563407045,-0.007793582806857047,-0.009329259338186513,0.0004209153068566174,0.015481896388317984,0.0016048806691941753,-0.007346908596639112,0.003272078643933196,0.007484377603998227,0.00517910129650645,-0.009341586344871478,-0.0005467061308480625,0.009320209779167477,-0.004573964776101613,0.010670926516106793,0.005483190604342991,0.011508572964204267,-0.004455342790570804,0.009296760774978874,0.0023175982395327033,-0.013317904996253405
2024-01-02,-0.030125971606506208,-0.0220463752991642,-0.007369403813666797,-0.004350662192777688,0.005766162835436739,0.00019052543395881028,0.006030705818167781,0.003199460889216743,0.002774893102121756,0.03564326231352666,-0.006873616283376682,-0.011268124589005168,-0.005171465274199205,0.018130601629753662,0.0251276200260645,-0.016008486375348796,0.01188098100837387,0.0010292422895501474,-0.032090021996586504,0.004536328753074859,0.02373637865588607,0.015515141619099837,0.04260699452237782,-0.0012375310583393473,0.012720551443553663,-0.03272075871768676
2024-01-03,0.0005287408044752917,-0.006257874730807078,-0.0156700755785093,-0.02071513554237092,0.0014605006817738353,-0.038666616910152385,-0.016034061663346644,-0.02899006137349658,-0.01022030716671074,0.007026990408525391,-0.0006523515949847791,-0.033189096049164424,0.000621079594262719,-0.009826726562897514,0.00043210050416531143,0.002760639311772839,-0.012074554272640037,0.009171465755533292,0.01177303868310875,0.017366916045384206,0.008247757627808605,0.009066500132422384,-0.026565837892818522,-0.01826752308380608,0.002963765829789855,-0.020617138631027876
2024-01-04,-0.00927168811721546,-0.004861358671027549,0.0017051015318901852,0.009759740671767991,0.009495357941442517,0.0038612957983505947,-0.03246188075832568,0.0008664765838106714,-0.006061243640484659,-0.0035565783764969217,0.008175120928681556,0.004069892450389245,0.005816226773403654,0.00535760605434743,0.0034283812973570083,0.011121442443710716,0.00695370984216459,0.002627157741564745,0.012806131227919293,-0.00017420789593702857,-0.0051291958614192446,0.004785628781521112,0.004785480303769685,-0.006913085548156506,-6.266225448814389e-05,-0.0005912204657294584
2024-01-05,-0.005838845418548733,-0.0061463144475149,0.005212773393705961,0.008066015749212951,-0.008702269151086073,-0.012062266270575273,-0.010345826670066005,0.012729125775558847,0.004371007712844932,-0.016838889838517113,-0.01239395226854112,0.029584605167586986,-0.0026593821944955742,0.001864976985076705,-0.004418290557833826,0.012088712746649577,0.002057069898237174,-0.0101335834918449,-0.003110806898258045,-0.0049248679495715875,-0.01658038813852547,0.004767153174795702,0.009827356467291049,0.0028659064733675965,0.009194273331190272,-0.0009288617060776438
2024-01-08,0.010060240936593301,0.014135482090669171,-0.017939073863092903,-0.0026240029884978533,-0.008788258893780876,-0.001514380023171169,0.013912905905498096,-0.003988174299971892,-0.006902515635791584,0.006190372734910854,-0.0016741965716722262,-0.002306082592253178,-0.0064253041842687875,0.0020324091257126753,-0.0056319564440248104,0.004950556881170076,-0.011628321266406116,-0.002146762450761175,0.00902590486366539,-0.00591092577016572,-0.013108323098172336,-0.013869831978534197,0.006244343377275197,0.011016964467966739,-0.006554284801986832,0.00724140899254011
2024-01-09,-0.0007853487891450461,0.011210093484771866,-0.0035525202623344354,0.0016147197374076772,0.018538278519677265,0.0032041482553966105,-0.010739236042546785,-0.00938267523924674,-0.003912540615955917,0.010043988843292828,-0.005099969967470863,-0.0003648762627956881,0.0029471682136608113,0.00525386594220123,0.0018848769545962707,-0.0019513759038672918,0.0036825302066414434,-0.0012390306477201296,-0.004583553833228948,-0.007601240514318097,-0.00999392815992095,0.00019281165775941744,-0.015061706133818298,0.0058260995797563275,0.0016028782660486574,0.0003081122346870746
2024-01-10,5.5283507842673885e-06,0.00257356578840362,0.002450019197549169,-0.002039411085648535,-0.0004565298311778321,-0.03151483493726903,-0.03287592377917126,-0.006510500785794071,0.008732391567579212,-0.023533345761612257,0.001517640457880276,0.0011031625936710476,0.007750957528978697,-0.018832172808919134,-0.014616249871829856,0.030816638013744457,-0.012998541795939733,0.004045235373594025,-0.013465334119445838,-0.011889590151703322,-0.007161613214186291,-0.005114579936436936,-0.004865207314770137,-0.014221601954690355,0.0023372140854986956,-0.007569020613737321
2024-01-11,-0.002551584038871346,0.011601060175928435,-0.014110406894740635,-0.003726618362100531,0.0116577367076387,0.021456593183795558,-0.021812888181377055,-0.009472520937274687,0.0008305257417999812,0.004731322431617668,0.006439225277268923,-0.006052565811577537,-0.0029482015728372613,-0.0110823995968935,-0.0034339026389828,-0.0014882568289297238,0.006395812069916351,-0.0017412556585563177,0.02973047866135259,-0.008461725413514087,-0.004061743505224813,-0.0061878864814981505,0.005472119135537135,0.004663451027713483,-0.01154827960232263,0.005364509573574372
2024-01-12,0.0010270694410496883,-0.0023409808202374816,-0.011333749060087883,-0.006400355584423978,0.00037681710932147006,-0.02732350441825815,-0.03771708380595651,-0.022100309279492913,-0.009839963622164993,0.00045708071837058384,0.0216961124644639,-0.022289416622373937,0.004826613413839276,-0.014572822191647794,0.003920546294440497,0.012287598487040308,-0.008095840114870745,0.005708146588796925,-0.0008931849178651641,0.004252536850195998,0.006111256123073616,0.0015304721386673048,-0.03605739836085231,-0.0023043173932071337,-0.006653840181161663,0.027862149726658236
2024-01-15,,,,,,,,,,,,,,,,,,,,,,,,,,
2024-01-16,,,,,,,,,,,,,,0.001451968461778974,,,,,,,,,,,,
2024-01-17,0.0004435643571134573,0.00297331347831864,-0.004402752370902374,-0.02432420641563504,0.01111781014525337,-0.021201808985656823,0.01239554558268341,-0.010962588036605658,-0.0015246485023265866,0.005669125427254951,0.00034626594236930597,0.017427948260654524,0.0034459505483189767,-0.02636744542345415,0.0117939422556681,0.008093466327167675,-0.008875792692069062,0.009988754058138483,0.003725957066112562,-0.0013129419681656707,0.007241755639041614,0.012913997450907377,-0.011657509460393678,-0.0012106903316589923,0.0006595593368208252,-0.01102567229898277
2024-01-18,0.02376520336159893,-0.012831369799997216,-0.011616503323905625,0.0029304378796188857,-0.017619773328195865,0.0021228767273606675,0.004368063536968947,-0.03364993879875389,-0.005599309800690344,-0.009170667778758856,-0.004229337045470238,-0.002968671679713042,-0.0010847219064833435,-3.919275409658418e-05,-0.014125767858729654,0.012260451209871182,-0.005411470819249864,0.0036227852832149132,0.0015625543740409586,-0.012691870617270617,-0.0044191745726269716,-0.005031065888885244,-0.00908428483607493,-0.0030095291384961698,0.003940493986096527,-0.018076744138469825
2024-01-19,0.0032196123964336465,0.017752145237295958,-0.011467668422549426,0.004365258817365936,-0.021512967484196177,-0.026648451757605107,0.008489768197381675,0.006794820402838964,-0.0022343042377164224,-0.017588489413775443,0.015497689155107297,-0.006510781581034131,0.0017559001442235544,-0.024512688207417366,-0.01313649805175321,0.0071478458587519444,8.782114681271658e-05,0.004229935636570925,-0.017176375354467255,-0.016924629105738886,-0.02062858453644678,-0.010676089358730101,0.010293291921315229,-0.018475422167210098,-0.010013609573840565,0.013236129268638708
2024-01-22,0.009968822477051997,-0.015210368202197455,0.03287600567548399,0.00968864282627302,0.004924183325065501,-0.00720106883385474,6.99830965902315e-05,-0.0021943252026270788,0.014679928890459548,-0.013745375259999193,0.005678439588451489,0.013190237777788383,0.004605683575779729,0.00085086938405321,0.001511924225844119,-0.006549484007586148,0.0002183283028669436,-0.006148159282167942,0.003520572551318324,-0.004599639185511983,-0.00623567881090159,-0.006917046616787714,0.019912591232544852,0.006968309973445219,0.008705268448389036,0.005772004679613474
2024-01-23,0.003731867863437044,-0.013541221997163344,-0.008636480343041097,-0.0023672500969553756,0.016439371775913703,0.02064084535313171,-0.011393535751753281,0.0122571161387377,-0.0022832521783280324,0.01710403985352804,0.0035008820300861387,-0.008603141126826475,-0.0051727345848116,0.012764190239560103,0.014720924880645248,0.006036586571555036,-0.11327136037029373,0.010863918157433483,0.010419974195172932,-0.01863842466144594,0.012401674788521166,-0.006814835085700688,0.002686009662961286,0.0033692527843622866,0.006284032765887959,-0.0023465658465009476
2024-01-24,-0.004295838227498461,0.01476124534994705,0.0027464134666284057,0.005593463005987953,-0.025030735564311124,-0.016340521769437344,-0.02786976795677487,-0.030715321351209135,-0.005276763860858957,-0.014976310330286124,-0.0008693637519179287,-0.0027167162691011937,-0.0009487186792507263,0.0076570211288085055,-0.00699403696271006,0.013466473028784565,-0.030572380047442116,-0.004211317836037676,0.10621985915502785,-0.003715288779160608,-0.012980656037471783,-0.01143852912318899,-0.003998295882707725,-0.0031665958366304814,-0.02255376379927665,-0.00928523533643133
2024-01-25,-0.006957038216496625,0.021286325442455567,0.020377104937649326,0.029451246162392808,0.004729310180056512,0.014555768194232765,0.012889486189337385,0.022845059286033198,0.008354437213583754,-0.004996248865838604,0.08960530977450065,-0.003351942529434604,-0.009591522205003145,-0.02139740839285087,0.0021771655731879225,0.0010872248763731385,0.024126165303683944,-0.004529487814081357,0.026178349515728616,0.007114537211275085,0.0005365603724365453,-0.0018037320423411884,0.013919058290840836,0.024921167439303726,0.014729459013159918,-0.028725063168196785
2024-01-26,-0.008360989117786932,-0.013242050363011737,-0.004533742281244257,-0.0038034036909246893,0.011358616818201273,0.017284857158917366,0.00022052043868758808,0.005060909391743418,-0.005590153877624182,0.005140582936569271,-0.015154320717300496,0.01335011144096876,0.004612647806200854,0.025923739429499215,0.009242389806800255,0.0030934664776353094,0.0007558795705971955,-0.006926162869497876,0.015633974619841173,0.025278783852430764,0.008456770727958474,-0.001808678011591347,0.01920932443120782,0.001401947686240912,-0.0019153896933490344,0.0053981469169778196
2024-01-29,-0.011142704521209246,0.01899346370989563,-0.027337519709174085,0.005200839880006081,-0.002714132230435373,0.028451984438671474,0.010996381125323973,0.0064908211221386125,-0.021549948349585568,0.006007039454867691,-0.009050962398958973,0.03194181484261205,-0.0028821017432467677,0.0025640954552716977,0.00016230624092972157,0.009898837124403759,-0.0034939958449853314,-0.005563340983506748,0.0018573191135500267,0.005864276815730651,-0.005829171092794905,-0.001821866144615658,0.009892508821303325,0.02161722377340869,-0.01559189242574821,0.01001043028441928
2024-01-30,-0.018645075694590174,-0.0030011439604528123,0.00032791224375849914,0.005579983294019097,0.00963670773746328,-0.009213836335084657,-0.014931664084962826,0.020513777444236325,-0.016574730845250962,0.024409145596521187,0.004501553566029326,0.015075871087518511,0.011064092838740436,0.006741557300893319,0.008788367195650792,-0.0017931428168952435,-0.005935891437055085,0.0029569159843434445,-0.021872799595600845,-0.0026885886716564444,0.009342768825823855,-0.00792209330230631,-0.004191382501286034,0.002077056978808667,-0.08141423235625678,-0.024787424811610892
2024-01-31,-0.0032518387765343437,-0.00010546680246958928,0.004785610474918767,0.0015040884460929549,0.009638101016447909,-0.00021555430940123355,-0.029218460878677077,0.01101238136428706,0.005932268960346154,-0.003349317269615959,-0.00630332676969414,-0.015998904355572274,0.025180620043555146,0.02558206119291717,0.002089548094108773,-0.008690493502772512,0.0014843118724490179,-0.0083810438288765,0.018344341947036824,0.005250402803485432,0.009679766777700105,0.013199009607115175,-0.0008733345000289106,0.0029556039310428828,-0.0056784304068365765,-0.02214968383659477
2024-02-01,0.0008469524939684892,0.0039036431478800537,0.025442599180676595,0.01208085739151743,0.006835334421808614,0.008038090756654404,0.07855206614938703,0.01992958123547428,-0.009758383303416718,0.012772525733586448,0.0051475847607036496,0.015147463775683656,0.01352858335675755,-0.008834071307759928,0.004378842840290664,-0.0006005743197441404,0.004040522139799219,0.005190111927368957,-0.006466492153776926,-0.0025727237106050183,0.006315967907957631,-0.004616567994089271,0.019215267038456885,-0.009565690489380385,-0.008899502824179617,-0.008779126046273955
2024-02-02,-0.016089603286732146,0.00022481944472141357,-0.00470366199892891,0.013365813274994753,-0.03436294617553137,-0.014990501814150625,0.031728030997269396,-0.007378547548275938,-0.008989937816323845,-0.01456485228971327,-0.016623493693547986,-0.04116859765248648,-0.01142218952043994,0.009290046763994253,-0.006372590984822235,0.1924919035037147,-0.021528031135946257,-0.0030879191324539867,-0.015741603688081418,-0.01746527964444622,-0.014935972869302705,-0.01511526431595156,-0.01093432656401927,-0.007089757489005422,-0.014616681871565618,-0.019628190791497024
2024-02-05,0.01303294408919442,-0.0035248756879062704,-0.01636726587488191,0.02321219989692358,0.011337628731894589,0.12367577597147872,-0.008438461534015285,-0.042118602967131324,-0.013524370203779279,-0.0032388605768742806,-0.0095700999252879,0.014900368823478227,-0.005107571096260366,-0.01484279857034887,-0.016847741909557512,-0.02961433481750131,-0.019370858290699178,-0.003895160448183055,-0.0013829352304619569,0.008525442116349313,0.002893896376587879,0.00460802488086276,0.012184083337501428,-0.0026513957720447623,-0.01634136021757715,-0.005838060274039325
2024-02-06,0.006321466752354787,-0.03936034794284382,0.006179133098006773,0.0017966463726721837,-0.002510046084558959,-0.02939321461916855,-0.0019094648309834206,0.039104766894472176,0.010320182482841611,-0.010508305001536877,-0.0023646984762546452,0.030224665222907898,0.005877797879004332,0.010035191569654156,-0.0033724860496426867,-0.012519070271925115,0.008797292949124236,-0.00206434057938254,-0.013305678528357068,-0.006750549652426052,0.0006147594712329063,-0.008544529035574566,0.01329527834621591,-0.003066820077170851,0.046869580497546526,-0.0037235079305667496
2024-02-07,-0.0076604735261427415,0.006104427215242847,0.00031031284824201144,-0.00554555717160321,-0.0023508849523081743,-0.037514462638541635,-0.029483894440397562,0.052239003201996814,-0.004884912876226277,-0.010911250636550518,-0.006442342846361582,0.010189132333077389,-0.005179618803851094,-0.007928668601457911,-0.016613380134485545,0.024459903154291585,-0.00738816138913867,-0.0004046755169224703,-0.002089068126427396,-0.021796300122673418,-0.007949688071999361,-0.003396806654525575,-0.024095069584567974,0.01574256201139823,0.0008048535180589234,-0.0038389013484230183
2024-02-08,-0.006325156844502855,-0.0005543296828081079,-0.00043836279063702577,-0.005483995467260638,-0.008610224495912089,-0.008743651769970717,0.01621887471996808,0.0017731594125138805,-0.002139892202369542,0.04086874921088257,0.011951420388534473,0.0402934732135285,-0.008472495943956937,0.015997136657223354,0.0013057328567531723,0.00030256656018279315,-0.007390929966072934,0.0007104008093352654,-0.0019472981524129018,-0.008903947279229829,0.013309449783293514,-0.005824751385219429,0.06485685293160737,0.009311949824127863,0.004047701974248197,-0.00025748906187006426
2024-02-09,-0.0016486328145919327,0.012687231577188207,-0.004285063000818656,-0.02077364889157729,-0.016849176951391542,0.012514324765958262,0.04258627409213611,-0.017433653465553922,-0.0021436303007345003,-0.03965082871126069,0.004997475436778309,-0.009107358412657751,-0.0065716127904464905,-0.007587472828508357,-0.027010550657277754,-0.009763729332661453,-0.008961223532197748,0.001993391515004106,-0.0007470982009041283,-0.028896342518410778,-0.04129026670064795,0.002087311122523916,-0.028770893760478033,0.0010191197909761307,-0.016964745584293395,0.022426600248789175
2024-02-12,-0.008052837061859885,-0.023556386841047883,0.005181741027775022,0.015042724247757766,-0.0015805746641184282,0.018878289981525187,0.010681341510871967,0.02460818493490513,0.008450406045239722,-0.007902453621093763,-1.6891923528161712e-05,0.011640951916425557,0.0027616284269744718,0.012193625361540228,0.005458953696969138,0.0026366466746394757,0.019571275196025972,-0.03169043278180261,-0.005232905628165585,0.013120667838329547,0.01848344111199607,-0.001702323822792895,0.0352344565567515,0.0055985004183425335,0.009085227068707402,-0.017620203902324993
2024-02-13,0.002399851371018613,-0.0025881851320305183,-0.026104434701416435,-0.013655111882992621,0.006573296253754024,-0.012026366591838089,-0.04288882831316054,-0.00943815383731983,-0.019258153892985463,0.019455992292786717,0.0004596519946461486,-0.005813474398714935,0.01748934090624743,0.010475460502299416,-0.0070059354029266,-0.005050361896805522,-0.0071437657812285504,0.010956222726246634,0.007704905756407254,-0.00404726934865085,0.0035342084912010074,0.011943228090813829,-0.0035908540244479203,0.025101521162136042,-0.0036199487230268446,0.000957080299550217
2024-02-14,-0.014389468139526795,-0.004977662511289838,0.013739825558062524,0.0027908019385518568,-0.01568642259535946,-0.006132944626803694,0.014617078592523702,-0.019043544284018665,-0.007718382392019496,-0.028005093358219546,-0.010287367767450761,-0.005036753240833081,0.0006925491331801759,-0.008204483042124622,-0.017498725375104773,0.01902132379717636,-0.012169938420243831,-0.00904732063470104,0.03516161680035035,-0.0021239644187494022,-0.017632877235434607,-0.009951110313649814,0.02696289112452166,-0.017996836155058538,-0.014272387565551603,-0.002039713897278972
2024-02-15,-0.0073959954477783585,-0.02933855187001233,-0.00515097994306335,0.014260133859876456,-0.001800688628691871,0.012895890623453532,0.014785123439377212,0.01789110059613086,-0.007130217019648111,0.00113286647419919,0.012155565001063628,0.004353921555529938,0.007270168703189972,0.014322261496439781,-0.003020422254282673,0.016892630280975318,0.010348771667923806,0.008299459282291366,0.018569028550089683,0.008523208402397398,-0.00379167672363967,-0.004892097717489552,0.021523430518204156,0.00042645219523174127,0.01331613236692153,-0.007380316401484621
2024-02-16,-0.0036270243536056235,-0.06934467242264208,-0.007253094057007248,0.0012130571651086663,0.008808012192548342,0.012028758643770954,-0.010500059081539947,-0.01276844358042628,0.009327349333949297,0.004542043744105384,0.00892392249787044,0.004243870142195516,-0.0018804700604426738,0.01273154445246727,0.009970342505361107,-0.017323215111929358,-0.00742871354964636,-0.005724412686917368,-0.01122120247213021,-0.002312227821325896,-0.004370814094686204,-0.002376111528542779,0.014702231362529017,0.008974266908696404,0.025856046508864527,-0.02517782242075617
2024-02-19,,,,,,,,,,,,,,,,,,,,,,,,,,
2024-02-20,,,,,,,,,,,,,,-0.006563092418910288,,,,,,,,,,,,
2024-02-21,0.0029219377519258405,-0.007519765941836565,0.010336773991678427,0.009572932015769808,0.004447235635417046,0.015068155191762411,0.015343081759140897,-0.010243940263327311,0.006542304914189945,-0.006843508008438581,-0.021652438266422713,-0.004597549036016391,0.014895058597296007,0.018053035046262433,0.007070296688952649,-0.008097060583074689,-0.002462158021879657,0.004246022258747484,-0.004359176750784122,-0.00481063154270156,-0.00019679206345091238,0.011077710004496755,0.0032277043563668784,-0.005882796426672998,-0.003753355889451915,-0.0007749830370367139
2024-02-22,-0.009878967972899222,-0.02288700100523222,-0.006416998485468728,-0.0055148893016894185,-0.010677599941087523,-0.013053981617102028,-0.10552577205166003,-0.022770382708399373,-0.009731367132558288,-0.01566800053627171,0.0039744534129799725,-0.016663441140593926,0.006129157051937284,0.025887473841106567,-0.016651384325359286,0.017549846159789384,-0.01545288540302514,-0.001973958075317972,0.0052484607157217145,-0.06863601166379674,-0.024558435577703097,-0.024170697113313988,-0.003235359254399217,-0.011341671228737082,-0.011276010526635627,-0.00857193919842647
2024-02-23,-0.010382071441816021,0.02917377967250201,0.013878852935748087,0.005209719081706865,0.007279516642916484,0.008531052938629102,0.04723064888076434,0.0013022696751556762,-0.0032149135959085307,0.0011504070237993158,0.007849225151824513,0.008530891573326205,0.003596482636279097,0.005404874269681281,-0.0023715196255587045,-0.004667751993671754,0.003446877171922935,-0.002673961556658999,-0.008691637592125101,0.007218670332854948,0.007675907673409199,0.004482324373480395,0.015342434366759417,0.010165657137002126,-0.007694353806633414,0.020257374668904315
2024-02-26,-0.003664501267318987,0.01650715102547262,0.006015391474487153,0.008417929897846399,0.0039858396196053025,-0.029349055255144862,-0.023517982102104096,-0.011863989407746911,-0.005824649035638063,-0.02314412295972612,-0.004774608142740333,-6.35405687160473e-05,0.006089090023360333,-0.0006776076225606387,-0.005540091776500722,-0.0009443326134894736,-0.004422319868052749,-0.0014212124487281708,0.010795463458403098,-0.005948207724661425,-0.004114390316604322,0.0011702556103491135,-0.015368761558583022,0.01568237810787365,-0.003816190619550075,-0.0006296932437397373
2024-02-27,0.006407922529584331,-0.015961970797039537,0.0324337319433643,0.005208636448290838,-0.006984182963612584,0.022359258744830468,-3.8718402723958434e-05,0.0024777457467179964,-0.0005451977687134235,-0.00934094177731104,0.00231270455120014,0.006024222289661374,-0.0012005425287067162,0.009504496915813787,-0.0038894026135674054,0.009316165119761743,0.003521273208275222,-0.0013106549646217935,0.022151396268569323,-0.00367244998464078,-0.002300357672206488,0.0026252353379734306,-0.0035962688248837305,0.0074429991525211125,0.0035140357883562956,0.07829997670295308
2024-02-28,-0.004967258642904038,0.00044549433897200785,0.009500127384110324,0.007548902962906223,0.0039606938405370995,-0.001520667626900618,-0.013325221793333397,0.026658307540350257,0.01396138581380002,-0.003470962675984901,0.0039840291612979195,-0.013136434564046784,0.010294214088155118,0.018842182456274892,0.0024786745823058842,-0.00456300507216445,-0.007442661149297147,0.009477188101132739,-0.006967852695640819,-0.013914050104344655,-0.005061789569371644,-0.0033229972842193645,0.00565554841631799,-0.0023496112914876965,-0.0017139057593872353,0.02292857631001277
2024-02-29,-0.008922092663587677,0.010102031141652867,0.009831168477535401,0.008122155249148832,-0.005229094697149161,0.0029130837144457633,0.004489249548009333,0.0061530217233782825,0.013594844175824683,0.00395402940205547,-0.006686038236984215,0.0053382523797946835,-0.01377035340454047,-0.001959335136165752,-0.006868788340255838,0.007394393986589698,0.001987362008267324,-0.007825278961810733,0.0055675962217440755,-0.014472411987633937,-0.007792967710352872,-0.004309776404943566,-0.009210572520040872,-0.024186058884565376,-0.0019133270377258427,0.010714607781461494
2024-03-01,-0.014038272006754116,0.01100045766141955,-0.044605247240426915,0.00019676528848866504,-0.0064097288809847885,-0.006325352839088083,-0.03423191625240063,-0.007203989063536254,-0.017526988509896868,-0.007316134300476174,0.009124531343024822,-0.004155306754427102,-0.00406901332643872,-0.0018970025620805853,-0.01758763663186036,0.016822237735607093,-0.010830519842670916,0.007640557042679186,0.01922627003609101,-0.0017560042227178219,-0.012543876578329893,-0.007578854402373381,-0.014529913957592844,-0.005419264495635456,-0.009356697270231917,-0.005462935740450758
2024-03-04,-0.024187982884481873,-0.004043790234499078,-0.0036833996102397792,0.006984756497387057,0.007774867640617966,-0.005861481529475521,-0.02888836731688471,0.024486421653173718,0.0018825970700100392,-0.02034355804460286,0.02701664638441703,0.006675632594142833,-0.015884937241020025,-0.0035307855638787577,-0.010690010771932434,-0.006988939464704913,-0.003378787545773032,0.001818864489083305,-0.004474027875277176,-0.008078407914572261,0.005932100420390496,0.0010095497172603052,0.002463767904512748,-0.005061515491119439,0.01841603390291824,-0.015729661574027
2024-03-05,-0.018247865818437847,-0.03048016651564245,-0.010183582448611173,-0.00492578392575993,0.019802818092314434,0.007080243387529328,0.02259900811491855,-0.002365821046102723,0.01809524317947031,0.029540977440497773,0.004443709344128632,0.008012176049630226,0.008122555554038735,0.010464340719894105,0.0008236927251381587,-0.005804908832020339,0.02386321209452613,-0.0016006785853016625,-0.01794780981969779,0.0185866876875338,-0.009943470513112729,0.025865670903768345,0.02076845687815032,0.0155358828622707,0.0038854281954845415,-0.035998281457576775
2024-03-06,-0.011019292019921911,-0.008353055177691915,0.024479707639349257,0.0011554093624879247,5.948675020972516e-05,-0.018106041240229964,-0.004265865334234009,-0.021039334515923325,-0.00642771333948966,0.022956565822269015,0.01679174581742715,-0.005687664699536077,0.003585916031882741,-0.0174783588643328,0.005869662277434573,0.006833052445832211,-0.0069750598357631866,0.012097844136005786,-0.006494444374637198,0.0025128921219466083,0.0007835492954044732,0.004021121488854584,-0.02167515638015849,-0.007252329012793601,0.01416953895607942,-0.006193888540516501
2024-03-07,-0.01101366324775166,0.013540815879877766,0.006445688995413867,0.003371492613193139,0.006095744807534498,0.008676560527357768,-0.013364892866987943,-0.007881008858781291,-0.0028968145425749547,-0.011911691471771069,-0.00836703915057413,-0.007570380605622873,-0.018913223591603634,-0.016481155547689808,-0.018961020759702296,0.022149825474849782,-0.009223305502373824,-0.020169907193013703,0.0077989140220593445,-0.001283942490371004,-0.00962940027417969,-0.028402421464923444,-0.004086464025180536,-0.010267615922129325,-0.004666901391135347,-0.001120137754798911
2024-03-08,0.01676526588981242,-0.0012946155872974874,-0.005292541051916122,0.003501032380532454,0.0065285190034379825,0.015504765964434397,0.06369220241703422,-0.01200476004764972,0.0013072303189078927,0.01712475464530916,0.003526600240990052,-1.4587365847029687e-05,0.010207466530933629,0.008600369847612588,0.0185005205565848,-0.0056544900731125836,0.02034833526394675,0.010149042652299767,0.0004644726385464315,0.014432961530339017,0.00616056938559284,0.004095431308500874,0.009724907132266591,-0.008243943268405163,0.01011377945544878,0.00846802198986285
2024-03-11,0.01295369086539122,0.016946306731180916,-0.026620092126649397,-0.01131918057109893,-0.0014709335260331136,0.03068741841360223,0.009558147794814897,-0.0046250244269698815,0.02139041878154091,0.024045887271879063,-0.02041382717283291,0.0033177496319601874,0.0009092041252652949,-0.0009453290660760283,0.008777148945363078,-0.043071983029441485,0.0027197973027114353,0.008933610085715249,-0.005309426688538288,0.0026159103979271903,0.011425904234604212,0.005817648245939444,-0.006524330282896673,0.01656044346248986,0.006253315173161744,0.03864452078025449
2024-03-12,-0.0084231953757683,0.02220178845977272,0.0011019059132422182,-0.00442503588173615,-0.004942672338460907,-0.02315610994002304,-0.03177227670415428,-0.011201787981366396,-0.005186840127950232,-0.02401467465863516,0.020352928499820733,0.004132347101950762,-0.0032941250928104626,0.0015053128975801577,-0.020317943050605858,0.022215001660893963,0.03845274755287953,-0.004131423645247212,0.0056887521747777114,-0.010176330933097555,-0.012355104982180731,-0.01775677225588057,-0.00028571411767108756,0.0015771419384664753,0.005793616666110557,-0.008331567726397093
2024-03-13,-0.010197917706411652,-0.007727759392781253,0.0042519956632554035,0.014615803326518906,0.010728154169741488,0.04045688652387036,-0.02131820446659094,0.023394436710348465,0.0058581101116328416,-0.0010275721512557068,-0.003536085759177632,0.014869463600372557,0.007718916225220029,-0.009395718787017282,-0.0015602589434793313,-0.0064396566789742815,0.05611805959218552,0.011500874217037715,-0.0007429116933379554,0.014682997587718516,0.00654332374030786,0.004429420796184358,0.013993096194169885,0.022821959739469433,-0.014723511277605739,-0.01868215128937678
2024-03-14,0.013798251633454384,-0.002533800168175393,0.00209699785427786,0.004042210328789708,-0.006994170826221446,-0.02941947526338473,-0.03067254226281846,-0.02057262531669346,0.00408580100210687,-0.0013659863260033767,-0.013753183092416243,-0.021623164926121707,0.01100802680003643,0.003560851135699372,-0.004542586422830341,-0.004675829788335584,-0.006257488969309,0.0028420004890685746,0.0087124074158077,-0.007979417625955887,-0.0002745648280340074,-0.0046248052752723146,-0.006543125684001061,-0.00019670042074260152,-0.0027502816841498134,-0.014370291592205708
2024-03-15,0.004286239725721397,-0.13023374319228243,0.013712619627109235,0.02125256106625606,0.006099698035567536,-0.013734300593723048,-0.01072260111861012,0.004827326673297994,-0.0022832527078052722,-0.0013095002193433958,-0.00571798723344108,-0.0006129646890102869,-0.001129696089677501,0.014202741578254297,0.0035234496118380365,-0.009233769475484155,0.024714165659493248,0.01085988766651702,-0.005148172575837773,0.009364738928629879,0.005754675456537295,3.5650774365958426e-05,-0.004288000533388181,-0.04561813982569762,0.003103869890006994,-0.01284510824358931
2024-03-18,5.452737194344692e-05,0.03713723486983245,-0.017725498297120224,0.007890582004194124,-0.007084717103948979,-0.019206202705367326,-0.009185587957722507,0.003632139680191049,-0.006752306866005253,0.011817669034929423,-0.0030729699835516655,-0.0013703749120377307,0.00011299504658945914,-0.002761200786099094,0.001596934266385297,0.02028795538165662,-0.008222687095539194,-0.018404216675413032,0.014329584002818807,-0.020129691313051312,0.033764441792906386,-0.010396849650299633,-0.009520419563726512,-0.013127947022978925,-0.017271996376456156,-0.002224604741328795
2024-03-19,0.0079359305642972,0.008615469699111866,0.00861234070470962,3.443741860720273e-05,0.00010575782852684235,-0.016676214424544922,0.006005105634014463,0.004203108186991322,0.0079380615398712,0.020587885717832766,0.0029583384933546952,0.01787371395844306,0.005021381658512736,0.00511963639604085,0.007532943998038277,-0.007138202490479917,-0.0006875411704418966,0.011319877413423995,-0.0018489490051554203,-0.01627042849167859,-0.002495960397202124,-0.008193464202876255,-0.00907608777690383,-0.011754384928358008,0.004305595658088857,-0.0011195496628411128
2024-03-20,0.005805085972072188,-0.012837456944689074,0.007915706861201244,-0.001698838661077673,-0.026546733917367615,-0.005005154165316661,0.0160809531044801,0.03987624890730257,0.004228168951728728,-0.029624240955342884,-0.005697269273160055,-0.008369697819238908,-0.0005570404924268857,-0.013624270088102963,-0.014163415081573927,0.009796553341441472,0.017586645348389718,-0.008239095434126709,0.0022921350108864313,0.0021161234476276825,-0.008554931417813938,-0.0062910972500651585,0.00979360168600718,-0.018581339845798572,0.0012781687597711588,-0.003943977954487643
2024-03-21,-0.044094178090879566,-0.018434775617656274,0.020303495700725094,0.01951549256187035,0.005209244470819829,-0.006711480412876725,-0.009075121205140868,-0.0016862683282758972,0.015456296137353664,0.00322721965931283,-0.013857402903604044,0.011186610299317223,-0.002007200712153212,-0.009469655007775524,0.0014939087020384711,0.0011946019154223109,-0.005456498186742431,0.00583770580371068,-0.01117040547500403,-0.010377998629647278,0.0001964676078478611,-0.004663888072470201,0.011320367678569365,-0.004019103083194753,0.00038209551919021756,-0.008022651044695905
2024-03-22,0.006712651059653019,-0.021541598921308247,0.016568670144867848,-0.01629026722509408,0.008333112149582766,-0.019589229546669418,-0.0028556437899296405,0.000628127290508429,0.07491571384283724,-0.005220614757714959,-0.004121464077588954,-0.015975354143737186,-0.012861796927798652,0.0035838108664881796,0.004033660414468732,0.004986547151446419,-0.00870234403957193,-0.0003446609439027304,0.009913353240226574,-0.006547888332829821,-0.0010912986390128054,-0.0005861117836608587,-0.022303298367030044,-0.0046717167444817465,0.007518696756202092,-0.007314401015943939
2024-03-25,-0.005245494521210148,0.018489826204240556,-0.008456149035058536,-0.0029767386259056394,-0.012336820860004427,-0.024951879770567897,-0.02746700110542799,0.0022805581083265025,-0.0031000952884431277,-0.025885950342318553,-0.007687068483566817,0.0019830393548306846,-0.008633690475266298,0.006048149800218505,-0.018353989660613856,-0.009818463818888401,-0.01511339690664082,0.001218805957423963,0.002179177342024996,0.005153815195457101,0.006426625928538154,0.006230274097617228,-0.026764094091324186,-0.025386313737713495,0.004974780539183987,0.01442549220280509
2024-03-26,-0.003872715643091662,0.0035292377051154844,-0.00537665518034236,0.004036137737251311,0.0013432700692036503,0.0038056651726865454,0.003560297913361987,-0.03285905727248162,0.025519803159945953,-0.004274028237982508,0.0012637847536978164,0.011383527319942521,0.0043963267264044426,-0.0008627087947279399,-0.008632935114448403,-0.011374553626961825,-0.018279993661591165,0.0019087265165677048,0.005636651891543165,0.005465354920340948,0.0035529009190964356,0.0026758378855005205,-0.00027377863460531504,0.020146590731484837,-0.07882528926624544,-0.0025967062783756045
2024-03-27,0.012581882429744784,-0.014934827015196994,0.013977399511811095,0.014546073442994079,0.00469089959845137,0.032500669006615635,0.024651967858073442,0.04120858793480364,-0.012471704024200503,0.006089227988219426,0.0035708887321270755,0.021688666375025978,-0.006218667066581807,-0.007677571453466925,-0.0016638330875879959,-0.012724268452961596,0.010467070806118306,0.008054864485118385,-0.03359723943700166,-0.0019841613912852107,-0.0037673660904748996,-0.0029821017518978366,0.019336802383803864,-0.010224916842061504,0.01598893509828092,-0.004561232724924924
2024-03-28,-0.0116756123490237,-0.0007199505954988972,0.0008380283717193127,0.0037649948251361476,-0.00015683635454810663,0.0616938365009152,0.00962043727367301,0.0157287043781289,0.005344586151627473,0.0029617498211669258,-0.0002778442783575308,0.030891712720846565,0.006457548815089975,0.0028279030881996903,-0.0025429113347124055,-0.01788236516403252,0.013033881349303611,0.0033258894589585086,-0.011221923308240123,0.000581311977362331,0.0071797651335920865,0.0063520812023898365,0.01602153576195864,0.01711062345754355,0.007707211265328473,-0.019879618927555964
2024-04-01,-0.006442258029717651,-0.0029606717723380527,-0.002740813768045136,-0.005327718880189569,0.008820275654701004,-0.011739247233748862,-0.03902249876505448,0.0027665792446404103,-0.031154044023246952,0.021396556598071714,-0.0039037432384528836,0.017521207833470442,-0.004569078513370073,,-0.001415051856200722,0.013896330195361739,0.06214308414047054,-0.001902126222471212,0.013506480119683029,-0.00034046637819729053,-0.009585617425043824,-0.0013559644947529481,0.015071642577231814,0.013737124980692905,-0.004781980928326046,-0.007776829453431944
2024-04-02,0.00024032515938920973,0.001503025884261766,-0.010766949387480462,0.010235738022148166,0.0036206978792457933,0.012106571257589738,-0.003686604113961156,0.006486630943042582,-0.010038733560575497,0.018738652225204322,0.0022344249938798244,-0.069608300394149,0.009391975263397412,,7.1704587229382e-05,0.019490950517611627,-0.0053115308303361974,0.0029402733310155416,0.007076302133302681,-0.005597201518873995,-0.001663841147346301,0.0036120816288705004,-0.0343410475976037,-0.010397690548973881,0.017603689572350256,-0.007437358791328896
2024-04-03,0.003706229324841104,-0.005498048762616725,-0.01181830108478299,0.028950509511009193,-0.015234785328289147,-0.042264304299178046,-0.0015513675189749998,0.02677042202958968,0.010533085141443577,-0.029413439648895645,0.009603326270423596,-0.005359870075635764,-0.005283608318467081,0.004897757391797208,-0.019716564021520666,0.01774792812907955,0.0026788971166991082,-0.005976574100178711,0.02474691265232032,-0.005680429763104566,-0.011357113603717495,0.006189238227563676,-0.0212645501821791,-0.1544546976662612,0.019827480187121882,-0.0098712661293745
2024-04-04,0.0074420634670600005,-0.007584828695674561,0.008425682607753782,-0.0036321225318443062,0.0020589606273443417,-0.0024798355696373786,0.018627444916954117,-0.019900070614880416,0.001633604712098835,0.017876592005007685,-0.00317099361479245,0.13612836625272995,-0.003689300623954006,0.030734859804233183,0.015865253426589954,0.020583207313867646,-0.01610233976612807,0.005427031499348756,-0.008202718153331068,0.021843412803790763,0.012157581668772344,0.002227588946185799,-0.03504224896964536,0.03201705703283908,-0.0025735239798568843,0.013283364465458192
2024-04-05,-0.006597424304676025,-0.015184493786776998,-0.0033777267355679097,0.01461796203176502,-0.012078675356400725,-0.010267446182109952,-0.019945963900669605,-0.0058003009730205335,-0.018322007819820962,-0.022377546367443713,-0.004714145880348353,-0.031127806616032205,0.004610688514302019,-0.01853902537485541,-0.014324450240296382,0.021038816471347532,-0.0056870179056112136,0.001460564632453254,0.019752789280931937,-0.030794656155228917,-0.014105328230454295,-0.014193016987849472,-0.013423070036550966,-0.01976987561474175,-0.0020327314531123353,-0.016472142327723982
2024-04-08,-0.006288687559348749,-0.0013568918132448315,0.007032145933288936,-0.014995647941876578,-0.0046252518067223525,0.007298238201731699,0.017610627602310025,0.01016380893275981,0.007869601320950936,0.002697246371492046,0.003969814738283617,0.00037463099831791524,0.005327535665741623,0.025806386573598683,-0.0053615255860500755,-0.01496651114501868,0.010261511245902355,-0.00039163558551713606,-0.01183890018583389,-1.3615634965047363e-05,0.0029758586583328306,-0.0009289068310942561,0.005266174585804029,0.018429715381222733,-0.00788353657422236,0.0014867964948470647
2024-04-09,0.005796745259261993,0.01563138182640489,0.02862687533278363,-0.005649519292548755,0.002495670792477256,0.020008177651214654,0.037434987202381365,0.008248622797754068,0.001457518724957474,0.0005628429918314026,-0.00413215737969741,-0.003878496261849329,-0.015416406506844282,-0.007058275267098013,0.002400753335544792,-0.005971116895483575,0.005951338356330993,0.001196326158381389,-0.01769284627313339,0.00476870103311966,0.004628435964164401,-0.0008238808217242433,-0.011876546692809242,0.0030158103517796686,0.0016188775175818293,0.011885726850616063
2024-04-10,-0.0016822032870387194,-0.001364228780107779,-0.022765933232744895,0.00991425072728358,0.016229007391944217,-0.015316159348573777,-0.004814109399969846,-0.025993288818732863,-0.012506460250015672,-0.003648193367621455,-0.007816331428318946,-0.010543114358988026,0.0031243339759616795,0.0070941368434090935,-0.007931829197926121,0.015125284368712189,0.00967279578846747,-0.006153746299454199,0.010071701036487246,2.974147873535671e-07,-0.0002727584321831067,0.005606257934771319,-0.019824029574970536,0.0009917746480695433,-0.012526420761738044,-0.016071559560310922
2024-04-11,0.03582603305648013,-0.013479037754180356,-0.005942687131489599,-0.00768656230290532,-0.017193318667070634,-0.0035789666674261866,0.0031919461915346226,-0.008976239441398248,-0.0004895089681284936,-0.020619703918258625,-0.008197416757475318,-0.0188932340506609,-0.00927794479824584,-0.010865996636397868,-0.005945150365022744,-0.0010390158393382976,-0.001506915209313897,-0.003731965597183695,0.009044526465534108,-0.00013849346946415153,-0.010937125014505389,-0.005511993660960668,0.001725158049064257,-0.014186140348638854,0.004439192539637649,-0.00262320929568971
2024-04-12,0.023177412245037554,-0.006490863011482828,-0.010571296058740187,-0.0025202940031565646,0.009628520375070004,-0.03103825324941989,-0.005329454045205573,-0.018424847119356436,-0.0015417259840819764,-0.0049743226693829135,-0.004975825004380652,-0.01717131408096062,0.008294158989518907,0.009665665836907866,0.013203105586001351,-0.006972180339409606,-0.005518105301998144,0.00041403598528355623,0.005087960130148228,-0.001986952131622033,0.013006544122174946,0.01056795438364122,-0.001709475078293221,0.0020705108222314195,-0.012964271195027077,0.0003152535048231986
2024-04-15,-0.009842162552514688,0.003605251960574596,-0.00990184476921463,0.007317317753985919,0.016967870448410305,0.0007820211968923019,0.007248801923756876,-0.018113457318230997,0.008063361377739997,-0.005363076276304057,0.006425184531807959,0.03750249516287385,9.755189067539582e-06,0.023564259065979143,-0.0002744310112597903,-0.01077602984149717,0.01191186756109186,-0.003190640956027946,-0.013154066429499012,0.004744270669539974,0.005180090962492612,0.01058410314313385,0.004486246855141318,-0.008506807783950299,0.011607363678623805,-0.010532585755762769
2024-04-16,-0.01711079649592162,0.01507500315826038,-0.01262413647138605,-0.009017739991126206,0.018496838016126227,-0.00020217313895809497,0.026483259170071993,-0.009390668662822343,-0.004691673451327927,0.006109878990945172,0.015849642059479252,0.03704611549149284,0.002121784334161547,-0.01932324633039395,0.003726484290301202,0.001116954967821937,-0.0006818477977165172,0.0065754969664945095,0.019136285423500543,0.0008678524341233507,0.005351013844070107,0.0018688123761638753,0.0027912536488533535,-0.01887871829154375,-0.011474653798639434,-0.013879795649701099
2024-04-17,-0.0023667104072084832,0.0020638562437400587,0.019881875727319143,0.0014458857428165661,0.008105007732152503,0.013886846696155697,-0.006946178124015989,0.0016447780236852338,-0.0012777113882782576,0.0010889538542837585,0.00224327724151574,0.01802955998524869,0.006520028304253689,0.002965954479728694,0.013813419884852518,-0.0054047224218954915,0.004792140457715588,0.00695667942473821,-0.0004216162638930321,0.024624233135027707,0.017601372961197903,0.007658098443592776,-0.003274943306210254,0.0066764094842088895,0.0013016193660406739,0.002406834972270344
2024-04-18,-0.00350623934836658,-0.00046866462143690946,-0.0008088584383575403,0.0011196093176826238,-0.0005940173315472919,0.05125193838868103,-1.4414048424282733e-05,0.0038695237483198364,0.0033486683625779667,0.015417300848964088,-0.0066942033469630235,-0.005052084997849482,-0.009657323731487755,0.007718896853429524,0.012131300879863471,0.017648170510495498,0.007924984492817644,-0.0008755633754787828,-0.0028921303847814217,-0.00538455144459149,0.01867038857232528,0.00695562835322161,0.0024552631606905573,0.0035271981006724795,0.005652840916056001,0.01676463894532987
2024-04-19,-0.003454120936690064,-0.00848648291448395,0.010732070296628038,0.0032346177324225067,0.01990198761068318,0.005996393876999351,0.0001456251514690976,0.015391893477699536,0.02250348733626839,0.009624201254148534,0.00936493104793179,0.010708627519427694,0.01027612205729933,-0.0001973513540330929,0.022753015590935677,-0.03255281209251626,0.017394324159315744,0.009318389683098172,-0.08217433579270517,0.030239626573057343,0.019555623179529746,0.017959409281465888,0.011721482311347398,-0.018551996794158976,0.008968568466440674,0.0005837420714481789
2024-04-22,-0.0036402018958039406,-0.004709860434492175,-0.022257187583961113,-0.0004133375912513948,0.00660171007011412,0.012112156581076672,-0.013374824735165491,0.05222439643526999,0.0031043772825236626,-0.0016511454377903245,-0.0069691581844368855,0.027765180121277266,-0.005744773592248675,-0.008056903794851022,0.010355625301936122,-0.00735925863888931,-0.004937939343006681,0.007697328598587738,-0.009524029342667273,0.012791195206408146,0.004649511964291531,-0.008546261711786851,-0.016362719647891155,0.0021031194891816263,0.009409661367367983,-0.007217368316497996
2024-04-23,-0.005572992044184044,0.0009077899384846155,-0.013029533868559429,0.003806588431761959,-0.00479137561368681,-0.0013824331280127833,0.016628375017880836,-0.007306299037901587,-0.006042065945148778,-0.007939431212840242,-0.010370384931568388,0.023716249582183657,0.0013250231225236941,-0.013851609621008176,0.0073407969256704675,0.017865444539716613,-0.007861871717167457,-0.01103768649549286,0.029777264328154418,-0.010895573138604231,-0.04165965329985766,-0.006482994034343603,-0.03354739163687748,-0.008878356850236413,0.012182358936880577,0.02296988769241204
2024-04-24,0.012489434308949443,0.00871065514306224,-0.008341842611664707,0.0005303031617585052,0.0057846935209378,-0.011087288190702371,-0.0218662033397633,0.0005597696553134579,-0.021114451030830206,0.005453058380113562,0.010270688646035087,-0.02242517096193697,-0.000904542725915336,-0.0006182633737324972,0.007702181532491359,-0.005454067034888155,-0.010750783525928953,-0.001486337109948166,-0.039382208304778454,-1.8875117590244628e-05,0.03593923915047492,0.005483657479719906,0.014746341956627385,-0.021011067277939444,-0.015326947046772288,0.0002738869609464345
2024-04-25,0.00972374100451856,-0.0031364987071861306,0.015459127047754873,-0.06562583558100865,0.003644778233979684,-0.011506507429700497,0.009511291847551062,0.011526330321486089,0.002509363839723777,-0.0006855722794393282,-0.07793293699698267,-0.017676709588975825,0.0037331981664283642,-0.006231282193254972,-0.00257537840242672,-0.10103642254750611,-0.002052324812622963,0.015906093656634868,0.02201407422412771,-0.010953021856897283,0.0004615695492955485,0.003784814009638593,-0.011411654196153531,-0.0016103388654974404,0.00982826772391654,-0.005318145400801333
2024-04-26,-0.013682136577959136,-0.0015068887146227894,-0.01273428475575289,0.005707959624588366,-0.018880512664285698,0.006757460095709433,-0.006786473477321087,-0.029380981136113427,-0.009004009899214127,-0.015498980407988694,-0.020747425246923745,-0.008312500218984775,-0.009538264089218318,0.005360280706572906,-0.012892646975705913,-0.005881836669325624,-0.005614486102923699,-0.017486612230500187,-0.01652993665912239,-0.011096479544046023,-0.01643510510800994,-0.010757803394984,0.006546317685721004,-0.014179621491666405,-0.00885231235299666,0.005518234004736167
2024-04-29,0.021629522306345184,-0.012580388228799033,-0.0038451021802914376,0.015518078591693518,0.0023708798572130707,-0.007654462617862845,0.018325287677467994,-0.00630599068060389,-0.0031032709476597198,0.030717011206143896,-0.0013835517155755817,0.02521713889772248,-0.014683246739653932,0.002604230521617401,0.014099556485076548,-0.027248522265575947,0.00041521390090570875,0.0003139591678780196,-0.006278777996290508,-0.0005141546482729797,1.1098226670558375e-05,-0.0014097525716965098,0.020042599284235463,0.005803056205379686,0.0033261968508373485,0.01811186899186601
2024-04-30,-0.0025402063506021477,-0.0059153751683197475,-0.002402623157956474,-0.027808852282578123,0.024897020660897162,0.015185599066952826,0.012681746269116112,-0.03132817184989556,0.00038403115145968503,0.02326419098271515,0.008384261373640567,-0.0077393621426209425,0.002823034994900886,-0.03574694321663674,0.017261813678918436,0.010067416716586064,0.06293084388293857,-0.008831526902534526,-8.750131015455853e-05,0.005790530482323919,0.014424659512028648,0.01524346217864836,-0.010135738085719104,0.003048794489537654,0.008527557924033813,-0.019329518494669684
2024-05-01,-0.002611761613826147,0.01760917056687794,-0.01842750149680983,-0.0070256120064075,-0.011672474174075131,-0.12838918759137563,0.019017202662228838,0.007550570064085216,-0.0005754935986980181,0.002300902026276974,-0.0072144260221505,0.0006079997010915994,-0.016799463299043804,,-0.013940076146323088,0.02440381262302571,0.023433472451840576,-0.005852644438654964,0.005378673231845044,-0.006007819398740399,-0.0008850048400405042,0.011354192453023382,-0.007336132271370865,-0.0033079931848599697,-0.00714230038819208,0.011782446163562721
2024-05-02,0.012903581324150482,0.006167995423571826,-0.003436466000303229,0.004071319266666373,-0.012704500138797203,0.05030453107739863,-0.1596876069504125,0.014642044964328749,-0.004142388802394148,0.002126253641920206,-0.007547177851374043,0.026788364100599038,-0.011322625666451258,,-0.01181623158534173,-0.0034587624180490995,-0.025686785456794814,-0.00841419653233566,0.01523214946936724,0.005823803528731464,-0.00741552958562508,-0.01251284968086952,-0.026854406002390308,-0.02101572899626969,-0.00021935739620637662,0.010673562737667064
2024-05-03,0.047259520622594975,0.00760815778333801,0.015466444221924114,-0.008651392522860402,-0.010384537805682381,-0.027377975071312788,-0.00023399290255543548,-0.017360472296206297,-0.0178232555157386,-0.0021423490848395677,-0.006363200290127713,-0.008907180013076887,-0.006934564748372063,-0.0031081378781374625,-0.02120916428449182,0.010717903080908586,-0.009044589207543918,0.03937057889588691,0.012551616176719183,-0.011963485567604959,-0.008566945758180955,-0.014436546245610637,-0.0009557196692262515,-0.012405661076018815,-0.017922845693251532,-0.028631896601885587
2024-05-06,-0.019432960711847413,0.004915152520936328,-0.011266165711250387,0.005560784932682639,-0.016922940163812794,-0.03183969767860606,0.03119460000636254,-0.0046946295823160344,-0.011707367055170947,-0.01755116073087115,0.007174110938754419,-0.0030532695396843224,0.0027269480882901043,0.0029457168314337423,-0.009753862545797354,0.02003056772957179,-0.016090563021662563,-0.02180474874807825,0.020105065823712742,-0.016254985988091164,-0.012199569470827676,-0.0238742310033484,-0.004209976031112506,-0.01664236154032417,-0.008687229413894881,-0.01032612390701182
2024-05-07,0.0024539341757601196,-0.0040177290068329485,-0.01935423628453614,0.007133615982114483,0.013076315419216611,-0.0058789376884088584,0.0036197686691195052,-0.015918404890487903,-0.004493762861803141,0.0071556459773671754,-0.0027073133229211788,0.002717869428103592,0.006867942424638063,0.009272824506935118,0.012384610255453676,0.0041538927712743146,-0.012214058359931723,0.023053110117477127,0.013782956748315423,0.004620793314207283,0.011169401135246781,-0.0024519113547862847,-0.013754790367773495,-0.004407630188237088,0.0015204478147603506,0.0038328836093342034
2024-05-08,0.001869536136355543,-0.0084650909124383,0.0023329525587575395,-0.0014433945742718945,-0.0013968752240812732,0.0003145709741240177,-0.003180411975921893,-0.0016373909697349198,-0.005620979992199571,0.009089401822234833,0.009032834998392247,-0.006772333708958134,0.0037802100969906993,-0.009953227004878884,-0.006483193680898669,0.009317335665541493,0.008484077428765224,0.002378907127886465,0.005731910383968253,0.023128381530428954,-0.0034207531261530866,0.003951735720830851,-0.00025067187084359954,-0.013177801093749664,0.004628750602221676,-0.014638513534558473
2024-05-09,0.00492363173567667,-0.01625671729272704,0.007608686794262409,0.01604115613710233,-0.0025624481227830564,0.011353314346582044,0.008973317482887877,-0.00673705658449586,0.010606048261337486,-0.004440819674546015,-0.016741465888112872,0.02675634511026881,-0.0035077452746836713,0.010167053738540766,-0.008356538538815572,0.0008760086140586765,0.005080188119722218,-0.0020548766194872226,-0.0007921135700814652,0.003601436392492996,-0.001427141965826717,0.006270496347040355,0.030568256086222823,0.015991224381765923,-0.0031285208945035503,-0.006724109136951761
2024-05-10,-0.008539761680378621,-0.002395250613149935,-0.0015146268389643058,0.006907087143108281,0.0007793631334080953,0.0009328633170351264,-0.025762914614399945,-0.013191071064831417,0.012355178704434921,0.021790050353988732,0.0036429362972421053,-0.0042948812478301734,0.0016218912680732167,-0.003990160772032403,0.012595575602259546,-8.610775119377578e-06,0.014789479878486667,0.0059594609970146095,-0.0036425343962147583,0.004191233087064372,0.008066389862348089,-0.004563981698044728,-0.009080489818942161,0.01075381476779591,0.004769970105066523,0.01209181067468279
2024-05-13,0.01788672726241458,0.0019414777933837168,0.0073870009783076895,0.0055683014474365855,-0.0012497929349029047,0.020771678825258988,0.00976973057400965,0.028598315940090657,0.0046065924527618485,0.023339210239482933,0.0026943223549451556,0.002893803599506306,0.0019480721249085509,0.002734312715576559,0.008106469141527795,-0.016957426370137862,0.007317027161339862,-0.013125216329668121,0.009604975201947585,-0.006041442485818838,0.006415114171135716,-0.0049353966603364885,0.03218535377501297,0.006142833323515173,0.022158976400987074,0.01863729190742114
2024-05-14,0.001335842393709763,-0.019658399262236337,-0.009523212695028538,-0.0006321422912700658,-0.005174474854285238,-0.009663004249923168,0.012119496118811579,0.004083572749219888,-0.034250667643891175,-0.007796970191687014,-0.006031347922340391,0.007948655485552125,-0.012614764586934446,0.009351805983415007,-0.00246882653544378,0.003367150370138461,-0.0003210474808983399,0.0036816979399645344,-0.009589743363942693,-0.005891557975008066,-0.01053147866945181,-0.010592270854910657,0.013541821623760608,-0.010481933417820555,-0.022500279351768793,0.001817204525957461
2024-05-15,0.0005019191180786198,0.008034032523740464,-0.025300358720833915,-0.006523107979473641,-0.008439725324012937,0.0027551014437547927,0.004014762770237379,-0.02216616132559901,-0.010635135036423105,-0.02837547551891917,-0.0063383143268598285,-0.048720643231074834,-0.0033495796882414552,-0.016475809924280105,-0.020057415782571364,0.008820203429145357,-0.0001251617770112734,-0.0006924799085679112,-0.01194406624434774,-0.0001125862774673525,-0.013995240391182828,-0.010053421358449999,0.0015826044712368148,-0.0074089894792077615,-0.011715927882596233,-0.007308520368441096
2024-05-16,0.0027141154904644083,-0.0030074456098320157,0.0061722138689601636,-0.023804287828787962,-0.0025833589134642843,0.018552466104428733,-0.005352177015091719,0.007768121314546406,-7.005293933826096e-07,0.022322809022278456,0.006301357261619067,0.0056982464184363035,0.003981164756466482,-0.007773432697135485,0.010353229429016508,-0.015175497655487313,0.037838181755339484,0.005862259961431304,-0.0028081979977063742,0.001892174547430736,0.022420307030914577,0.007613997163520292,-0.001433741538274802,-0.0037932363889103815,0.013707859546110424,0.004432360598169316
2024-05-17,-0.0010067615200057833,-2.5799464115072723e-05,-0.005102817240492219,0.01465977607879787,-0.0038831352177038925,-0.02641097230996725,-0.0030370644143743464,-0.009242233714701342,-0.007077046740158965,-0.0065929469283949604,-0.0008098155055236145,-0.006570138135600034,0.0018861960317149151,-0.004970473795481878,-0.010758806163719603,-0.003954147076685288,0.002649940881794155,0.002628788233186574,0.016164757122370865,0.0019640124085373856,-0.0061891840715802005,0.0014028398100693895,-0.005868365801436348,-0.004855205773370286,-0.003971172736281781,0.0019622524512619144
2024-05-20,0.005245671516871386,0.0016900055794513147,0.006718315927876306,0.017272106045225444,0.00021142422456743581,-0.027706577630532303,0.0015847204215384547,-0.011502782444711479,-0.010790073543240575,0.0041548639025756895,0.004349050670050314,-0.01178587270571807,-0.0022415733669317595,-0.0145808076066134,-0.014393883397146423,-0.007421778812768176,-0.001391351082097314,0.0007964419867780848,0.030833732469477182,-0.0002547194076372161,-0.011235205962893291,-0.0015263481481680996,0.0023916751107211365,-0.033602338576893986,-0.011972607275169023,-0.002007526474546717
2024-05-21,0.004355421086509548,-0.008361281955268751,-0.01927889543115824,-0.012646661002874815,0.0026618911275473334,0.009546262457824195,-0.0017221603207073777,-0.002501874243978186,-0.011845755053636164,-0.006057897122238809,0.01839026626034701,0.0025346863705280054,-0.003720258525484188,-0.0072687430389211105,0.0030481652055665,-0.011481394609683448,-0.022176996305662167,0.0010538211938673214,0.012775368439865709,-0.013836622410466126,0.001768706259042574,0.0003047241622102792,-0.005092491573217672,-0.014584703293743728,-0.017204620380781632,-0.006090511171440216
2024-05-22,-0.0048322903668786,0.0070227911847461355,-0.02715524646512113,-0.006010764978582217,0.0050413241050107915,-0.011986497345397695,0.0005247676484074759,-0.007170530275994125,0.0016756030756708284,-0.005878368999018502,0.003974337885323753,-0.006861186292805188,-0.0029135408678395702,-0.013009990990440534,-0.0035209585261143372,0.00948569977261593,-0.013291458812146217,0.006303147440834933,-0.012879250465275383,-0.004268090419081938,0.008283468385842041,0.00964227265843498,-0.017836958068283004,-0.006460260228415948,-0.008640231450325109,0.010848882796452242
2024-05-23,-0.013677344839359673,0.006099622525804427,-0.004959652093505129,-0.007340814019612285,-0.0009129222303676521,-0.028101425284010495,-0.02322506711167649,0.014030816206956898,-0.0036479696271748407,-0.014655460828752909,-0.01000660326285474,0.00508102245975961,-0.004250578080484901,0.006620373273667712,-0.012129276937364097,0.003105190703485028,-0.005319021233086585,-0.013423868300004416,-0.00011364037891881118,-0.01619059874291362,-0.008105755672712767,0.004178433083241173,0.004487952988854627,0.0015922662340048799,-0.025101823727306516,-0.023063434933906724
2024-05-24,0.009587156604298874,-0.02330528815026789,0.019855206509419077,-0.012133706196459038,-0.006531105520948488,-0.007555973733599841,-0.03051912983216143,-0.0028723105668162496,-0.01382029801608331,-0.02709666940242017,-0.0057118324185712055,0.013745873172600342,-0.007067698054345373,-0.0021311613723624667,-0.01498928934322008,0.019706840692901073,-0.005393106614381082,-0.0035608617527427278,0.010429411666069699,-0.010351007255437916,-0.01414112426018832,-0.0007574935161824836,0.015726037998351705,0.007993331610839371,-0.010164056815754274,0.00245105881995622
2024-05-27,,,,,,,,,,,,,,,,,,,,,,,,,,
2024-05-28,,,,,,,,,,,,,,0.0011088433376134077,,,,,,,,,,,,
2024-05-29,0.008945999889848455,0.005632233506792317,-0.0015924060014640418,-0.016762239223541586,-0.0007934215037618264,-0.028409513540694098,0.0029458829414324983,-0.0029069476119150117,-0.004445612476881022,-0.01317847348895318,-0.008016533770599521,0.014440497570912258,0.0015029287841435979,-0.006341888348153857,-0.002104710245722896,-0.004218390663781713,-0.003982854658348245,-0.00035770329123629985,0.016026467877133577,-0.0007912806225226499,-0.005494862254213251,0.01675081327798056,0.010023448102638666,-0.0001107329015520575,-0.015674057183022838,-0.003912372559760846
2024-05-30,0.01123023983425342,-0.06046133497743922,0.1401890118576261,0.00934664021019005,0.016138601741890968,0.0046586415764836575,0.01633689538841554,0.024141000608220775,0.02421177246863615,0.003804984172897763,-0.002525568794739752,0.03714263306180454,0.005138783313193174,0.013001134683380933,0.02031840770915405,-0.009435192988505703,0.012535092264048364,0.013199832830224967,-0.004657074141155126,0.04760390636227951,0.0020603337189394333,0.01675183861942453,0.025965463653311316,0.02527287796813793,0.024202772357341473,-0.0075517216309616275
2024-05-31,-0.0030093376878590483,-0.010517358259540144,0.03207009679355077,-0.01017965725509018,0.017364961484900077,0.013756317553596409,0.025180668567932107,0.022558428470143665,0.009521611733020796,0.016308148229463137,-0.0006619318653937611,0.01410906279066415,0.0032140195969292407,-0.000899080731511237,0.0013991763363341292,-0.008498890411600457,0.011727846095171968,0.006484546662971935,-0.017353699749167673,0.015662467013355164,0.006167337513032889,0.02084611023910443,0.01889067945568068,0.016636292312197654,0.007096888160459169,0.005353940904440524
2024-06-03,0.008142755637794208,-0.01402196581189763,0.023878353027309007,-0.022266809162005297,0.0015006755863213872,0.005855418034210524,0.026140821378148882,0.0038302975271764517,-0.022143053397132184,-0.00824345481021882,-0.010525836902577246,0.005131435519076355,-0.00979488504338022,-0.002170257272785303,-0.018334827140667143,0.02171879784643993,-0.004910766901697672,0.002967217178368342,-0.013319581766508604,0.010172738650912061,-0.010774807384691054,-0.011861413926421038,0.017048957633705397,-0.01422700091268636,-0.004786825086067981,0.005241912017928785
2024-06-04,0.00014630810746285583,0.019794640540820474,0.00896394628613506,-0.012940501166993523,0.006139928712006304,-0.006977037920861573,-0.005950559086801421,-0.014628380275486297,-0.012242077429091114,0.017079978944014584,0.0017040209083667435,-0.01847301751557373,0.0020622978831530414,-0.01356384508101205,0.009484496078289384,-0.0025499722950442782,-0.013030459741325995,0.0061936990462483354,-0.004926701281376289,0.02082287979378572,0.014031848356357735,0.02640335028122931,-0.02905481328947468,-0.0027851562875925717,-0.021658899304436208,-0.0047427372368203935
2024-06-05,-0.004026566739512738,0.004723469498090882,0.0005600796715665712,-0.006108429731996212,-0.015547653712735032,-0.016542420168671135,-0.012617994099859198,-0.0085225018582058,-0.0033093477663068693,-0.020394699239644987,-0.002379264606423126,0.005836426008139606,-0.007598243348101885,-0.011084564570663202,-0.01346311974065073,0.026035831955598665,-0.0072843461910609975,-0.007974615779992256,0.017679624761178347,-0.016306326404277538,-0.014147917908048813,0.0014173907828489707,-0.0016292943289173412,-0.017625621542491365,0.0024560115749063804,-0.0027463758716512743
2024-06-06,-0.006896827981150877,0.005311745447053262,-0.00857012094195031,-0.0033213138105266937,0.0020566164481967686,0.004672862898546626,0.021168065133221114,0.00019981663563317653,0.00914969918082309,-0.005043284926482761,0.005099015623678538,-0.013453370357518257,0.004722287337879161,0.0032494919071410777,0.0032888100586838664,-0.002426217062970748,-0.008279756598033372,-0.00028584899946326736,-0.0024914200907726336,0.008425692104664595,-0.001471635307335184,-0.002573635489942272,0.001349291689813903,-0.005689218279468,0.00012701797898762024,0.01662759011376158
2024-06-07,0.013507212691084014,0.01704953469557391,-0.0016071852391602581,0.003095143376825593,-0.003796231000061878,-0.02349821189934398,-0.013079924094768658,0.00774320741241552,-0.009033839466695892,-0.005270304802541537,0.011876070061604516,-0.01188815014092115,0.0035890472324184852,-0.009070234941955135,-0.004457392220787337,-0.0005049458147103891,0.027993565381306373,0.0027077290746804206,-0.009755597364133894,-0.010669667702148389,-0.003569443392408722,0.001393257792987601,0.00528193581798142,-0.0047827731572362975,0.0016968995353467964,-0.003163031817306594
2024-06-10,-0.02172861445346075,-0.014376377773828497,-0.01133876174633941,-0.0005439447863164748,0.0005854493951764628,-0.016360389436724354,0.00952087527267853,0.0163491754479701,0.02159863003435958,-0.027777272859374813,-0.00040429345293868657,-0.00045586671345954066,-0.0037814204022851294,0.0037161532671579067,-0.010101802508555524,0.01697457922973844,-0.004563832759265529,0.00480355166909785,0.002142573701936268,-0.022854253984043615,-0.03263234018824179,0.002257389251126396,0.01609120161678579,-0.0028683154098514407,-0.00229037169195756,-0.0006712599542442188
2024-06-11,0.0699387860407703,0.0032686593975701506,-0.003169406089732596,-0.009688354400750554,-0.0007609297430895001,-0.01289457890012835,-0.011943022652645241,-0.02451986386790883,-0.007794772620456802,-0.005378898878491412,-0.00893187072906687,0.0023787240252952646,-0.0031778368298821524,-0.004389113559510882,0.00145015258964043,0.006979133506725743,0.0038462445965263825,0.005582707730095393,0.0035736594586217585,-0.017504327359815663,-0.007713161073086172,-0.01538399159771664,-0.02918691939793916,0.010858252518604283,-0.005107187143191694,-0.004457532076750037
2024-06-12,0.020074788678793976,-0.014598482079726693,-0.016883876966879874,-0.004165141291720076,-0.022772004907469445,-0.03894598234440316,-0.041959197652041924,-0.01098085853075259,-0.023676137836073585,-0.026288665868745342,-0.010393630913543395,-0.008081962143570598,-0.021954547444397732,-0.0175238231065884,-0.030403675334376046,-0.0058039981273163566,-0.009589273629259654,-0.0020031729029703627,-0.006175504734756254,-0.002706337569780004,-0.016015659386016123,-0.03434446708483152,-0.01292017403685397,-0.0022357972716633423,-0.015201962847423145,-0.045576036720803126
2024-06-13,0.003146452643349562,-0.004801882667369695,0.013283946265668423,-0.00955435076768163,-0.0014987217493911409,-0.0017305974843986327,-0.051815195532351144,-0.013934099913993303,-0.0023446558536817097,-0.01105096041217768,-0.0016345795436132349,-0.016262730388831748,0.002170011482877765,-0.020394642495588422,-0.0023446558536817097,-0.011659873563301004,0.0009159200223143316,-0.009304062163926652,0.0025779622284747283,0.005214595990343351,-0.005396781924542626,0.005250628468110863,-0.013318198133596582,0.013727372265170734,-0.013632335359618719,-0.0449752211468073
2024-06-14,-0.00777454452919224,0.14550875964103405,-0.005533435205454462,-0.014589584951319345,0.011851307858274707,-0.0012714811162728434,-0.020723539878699793,-0.01886902041585803,-0.008335019084516615,0.007883403665759126,0.0009260162085564794,-0.022274973791378994,-0.0004375677704377967,-0.006675989387891157,-0.0033882464304045845,0.0015058168345980505,-0.005908987701553681,-0.00045780590769051166,0.02507021054250358,0.0015192798846215272,0.003332708595013889,0.005419453346759084,-0.012590043017332797,-0.013657974914853876,0.006028048319271173,-0.0030579334513168854
2024-06-17,0.012007136633442439,-0.02017130125255262,0.03877529358745124,-0.004771334978771913,0.007191826572476634,0.0009395487946457504,-0.010552074215813056,0.004291063223369251,0.00706591959124192,-0.028682546860449465,-0.0059504270465080555,0.019906606703157692,0.0001623501793026616,-0.0014935469541634827,-0.004171544521565096,-0.0027651958859400416,-0.011331543212697692,0.012074071785252327,0.001971345141735803,-0.005697193797480793,0.006559520918519857,0.00023372480544558982,-0.005033709905116979,-0.011937487727331608,-0.006189965695353461,-0.02134642488395866
2024-06-18,-0.01350583357038282,0.004245087055081198,0.02344838252311976,0.005977504361076358,0.0030595918211160367,-0.03812356548105045,-0.020068219738986315,-0.008428521296395486,-0.010399388248543695,-0.004269438269298487,0.0036732025127923507,3.401962204940823e-05,0.0019418570187696993,-0.003622085397075092,-0.001159469700166893,-0.01661446305336156,-0.0001338951283524903,-0.000483949050989807,0.0120385642496319,-9.046787421795877e-05,-0.00047494601435826844,-0.0012247483516845126,-0.024229310946346172,-0.01937857437272905,-0.014667042221172655,-0.01551521095143149
2024-06-19,,,,,,,,,,,,,,,,,,,,,,,,,,
2024-06-20,,,,,,,,,,,,,,0.010515824048494715,,,,,,,,,,,,
2024-06-21,-0.008882119509688424,0.021621390268535934,-0.019765320622164073,-0.0023574168093314363,0.0017456782926233982,0.011766250494816277,0.035410882557893486,-0.0068130825415856355,0.006076635885058468,0.002056422336056296,-0.006832595616196313,0.001127611866514222,0.006733355946338615,-0.009006616135639245,0.00837421745118705,-0.012230954984149278,0.008742941639358404,0.005306322387763962,0.012003489834872982,-0.010490611978293374,0.005161882118902894,0.003205684068889769,0.009550541762265108,0.015964911227387746,-0.0004105266520683104,0.011337463564110029
2024-06-24,0.0061978109572159434,-0.014312639084358536,-0.008771083458125606,0.009653863973202559,-0.01024589379408214,0.014308099022017129,-0.0005910922349863235,0.03600432020265065,0.01983235073081413,0.03167743757650776,0.017851119733433563,0.01219165831435387,0.0077040344870492605,0.016888603365616706,0.031782517410512745,0.01141237639570003,0.008924980466714527,0.008556834468567032,-0.02185756897602331,0.012214950640923816,0.007847722573123384,0.00996828601891242,0.02924193942929343,0.01835759087076172,0.01770652637880421,-0.01510737694016362
2024-06-25,0.0005345524060902385,0.0012365304814545564,-0.03539003303308208,-0.011812435641071928,-0.02840331481307179,-0.014790927636664453,-0.01160663553064245,-0.015380714904510095,-0.004440567047102717,-0.011301475116061721,-0.017704079463014,-0.013408139043714629,-0.00680040227659795,0.00024985186247650226,-0.012264497074454761,0.019497407387230936,-0.013060574598854235,0.0017342173905663394,0.001133476515041698,-0.00978918610350854,-0.00827686034245012,-0.00573183233739194,-0.024059966417505407,-0.00785948238591172,-0.034525194944181936,-0.004279558832352648
2024-06-26,0.01842080787574152,0.001805886908690768,-0.02769357659735694,-0.0036187305543495807,-0.005101306380949522,-0.007367886815440539,-0.0015724312002203256,8.166836266498834e-05,0.15370492014158432,-0.017009063044052364,-0.005801941200865857,0.003644920890944814,-0.00874891963135338,-0.010213138193289062,-0.019405817050091145,0.003362953320462214,-0.007451995033192382,-0.017275875835772947,0.006279919285607338,-0.017722963653374668,-0.0052172687983081945,-0.009003698181238695,-0.005632581675252268,-0.002371002921913612,0.026635350684197645,-0.0058984390915409746
2024-06-27,0.003078668773314641,0.03333025593450878,-0.00019534930185782784,0.0013268176851464197,-0.0054057199815977786,-0.0217518015910364,-0.013850680377340385,0.009001867348274573,-0.0033381570988367804,0.0025343828686292813,-0.006842134803765609,-0.15488651422500066,-0.02219473945789341,-0.013669911283075264,-0.00150755237764566,0.011643226027248987,0.01604686416996781,0.004740253852149046,0.008905438933080267,-0.011335962042291037,-0.003786163567072398,0.005388514866502714,-0.0030657144908009526,-0.005883067979294165,-0.01770062401615813,0.015255353269998162
2024-06-28,-0.012170459252452304,0.020141828208766976,0.003728068054335898,0.021307194068916346,0.0009106679461963196,-0.03614722509460311,0.008511416822686413,0.02943131154606682,0.018873698384442084,0.004900291089453002,0.016375290860813796,-0.010231305588424,0.0004924062055181588,0.022056161563825838,-0.0070231859230518445,-0.025441150557554915,-0.005415169482449689,0.0031778999889264803,-0.009739873319806636,0.003790824143947602,-0.003916006876426348,-0.0029054624597385503,0.03244226221436197,0.003876327574214078,0.0115930057246304,0.016397615145001487
2024-07-01,0.02642894367431703,0.0053707188121403515,-0.026403069532132895,-0.014744108861650673,0.008802210238380681,-0.012261967958490883,-0.036076737820254334,0.01486823230015677,-0.0065443885696975235,-0.0101827019218379,0.009755722564135372,-0.005787573783349709,-0.010722539279038878,0.000886555105354514,-0.005731877401845442,-0.0017633640658289984,-0.018136910564335973,-0.0018466643277417205,-0.004557363707468509,-0.012338771808935278,-0.015044327205519625,0.01378503196420544,-0.02137156813866492,-0.006459199542791172,-0.009252026526741397,-0.0023376612745973357
2024-07-02,0.010044620764235734,0.007554458170264677,-0.007653552657619023,-0.010206531765281301,-0.0007601807402179972,-0.001545460473034943,0.015730660687637066,0.0024252565901881074,-0.007735304591480752,0.00586282527002302,0.006368956280235816,-0.013479307138039132,0.009892160452853238,-0.007275521542677743,0.005913680096982121,0.0033553497931457787,0.00384343931593234,-0.005185988435678857,0.00266737897888647,0.0029707957186038136,-0.001959369225256191,-0.0011698613862327623,-0.040727279746285094,0.016202604334737636,-0.01384518437627058,-0.0208887639861709
2024-07-03,0.0007265593737841858,-0.0007864712421963294,-0.0031373595080592676,0.003610929974714683,-0.004230740075157113,0.0002994094491310939,-0.005599356530636257,-0.005084444409779065,-0.020207791410628007,-0.009958536515215721,-0.013939499926540422,-0.007180899757807779,0.002854301179806784,0.003721334638416396,-0.0003894684517511404,-0.00418163748509448,-0.005084444409779065,-0.00756657841191366,-0.0007729686925910251,-0.0016661503424775237,-0.011075193673653838,-0.013529711115983112,-0.013718005598451044,-0.013608121778822424,-0.00034068655116326063,-0.00011356825673058957
2024-07-04,,,,,,,,,,,,,,,,,,,,,,,,,,
2024-07-05,,,,,,,,,,,,,,-0.01257647924922256,,,,,,,,,,,,
2024-07-08,0.005522252718120235,-0.006100217837535227,0.036096741836376456,0.0011456004738128467,-0.010492204214157974,0.0003936789947505126,-0.053711340382233796,0.009886681608579417,0.004187385911113006,0.002295710087410585,0.008186701338875002,-0.009903267711479868,-0.008247226763809512,-0.002238699941891187,-0.013259091569626236,-0.02063103862986937,-0.003187978532710467,0.008547410140341105,-0.008126015210185522,-0.004685635709336666,-0.014825323565408999,-0.0014072606843492652,0.043078933695728905,0.013906396738373905,-0.007030751813373204,-0.0157780587387083
2024-07-09,0.0030338427064067197,-0.017042782893570196,0.009900925021362639,-0.009857856733921255,-0.009928621214272515,-0.02224346930330101,0.02887784482883715,-0.006904386168442023,-0.010215493677154797,-0.01161992286095026,-0.007271108862710984,-0.03133201926874529,-0.002715953573131813,-0.03499699521827804,-0.014646785483881208,0.0005435849210473354,-0.01468763957543695,-0.0003571163472018135,-0.0007410719362856977,-0.003163803709184121,-0.0020980762744444714,-0.001410930413696887,-0.009092316647750232,-0.00026104960823136736,-0.009963949245582082,-0.009800313119915804
2024-07-10,0.008595525967958872,-0.012805202651834158,-0.020043729575264013,-0.00278617350574506,-0.007913682044746961,-0.029399982957286408,-0.0047703985259659465,0.010722276418888343,-0.008363551947033532,0.005824594578246245,-0.0025017151213775346,-0.000414773648338862,-0.03507875930297566,0.0024601796765562067,0.0003682762283043761,-0.0013590469277391382,0.009653520632928458,-0.009363464519281495,-0.022005512393473592,-0.0043794992265429045,0.000230506462659541,-0.001997915008036477,0.008800655026876436,-0.010157589262154598,-5.5666582361446615e-06,-0.02567925115128955
2024-07-11,-0.01445792163462345,-0.003494491413567724,0.01390500400196415,0.016830458859037778,-0.0018235967010672427,0.0028927770237833217,0.026034516694184662,0.03154199726471263,0.030142823512140815,0.014741185458913675,0.011405940010674742,0.03893561930719458,0.015173964369143533,0.009544828657916726,-0.000489221487146918,-0.032363665358612015,0.024106907672403644,0.0027280375247441535,-0.027981572150492573,0.014847650191689876,0.010963736174394834,-0.0007097880419267844,0.03544551625937897,0.02085809375965275,0.027856289868573025,0.01947728730756859
2024-07-12,0.007533948023880521,-0.002970566342902048,-0.002493910789614029,0.007952049149729135,-0.0013720059717721167,0.011705713245298233,0.03204082878444625,0.036056744594291645,-0.007253196016421937,0.0059932960603996666,0.01983196748793903,-0.006039859793500635,0.002937932031968238,0.006670520684251224,-0.004904752324874417,-0.03249187728033842,0.002329492366180741,-0.0017352470916027762,-0.013406714973469014,0.00830653379809232,0.009304433553487534,-0.0014344564008279548,0.004142549387992522,0.02472097226621539,0.02421375562543071,0.011797520334641654
2024-07-15,0.013916998284650095,0.009086925583551952,-0.01175198126559629,0.027508359294727613,-0.03152937834649849,-0.0252720145584876,0.014859742743779769,0.011428817818114334,0.017239400945110228,-0.0029320965269119537,-0.0025526518139900034,-0.02846738259402759,0.006012679573229374,-0.00776599691366564,-0.01827900561802487,-0.008258485698286355,-0.015513664222612134,0.008015656204432453,0.010839555213616014,-0.020438133190184504,-0.017972049163705872,0.009483050796968762,-0.035172577389464,-0.04588330214131231,0.009818774137331454,0.010112298732784852
2024-07-16,-0.00459754898279674,-0.004922270405230078,0.01407857184047523,0.03644264690618759,0.004976622765230143,-0.006884234210846718,0.056953186547862744,0.00485467971210185,0.021477622166233612,-0.0008314612471869154,0.009631892505975292,0.011333586063739354,-0.007448037160128762,-0.020506712161256435,0.016609967019644234,-0.019227884133098172,-0.0006455841800445672,-0.0021296374491934777,-0.0065873016096601456,-0.00725687024078614,-0.0008969714527307104,0.0003781088657204279,0.004910163847928306,0.03040586797269529,0.015670869794462527,0.00792693952140544
2024-07-17,-0.01136838649517613,0.007838032694322372,0.035818771143696915,0.006217760540687678,0.027510929181913002,0.010858025075558775,0.0059849090161598895,0.02018184416141089,0.00407171569892073,0.03514140257050136,0.022753889904134517,-0.009819083869322731,0.031130448599319904,0.010780450967631694,0.033523530367444265,-0.042831673304621565,0.026801293175436336,0.00796888588950484,0.0004280074084157537,0.03572952829234144,0.04506364136043384,0.017097336145544317,0.005314880043439718,-0.00860116242390696,0.014266955538078663,0.012913321243248399
2024-07-18,-0.012718312485444194,-0.003265396435885193,-0.004072370128356706,0.0028695258602374762,-0.007127484311116095,-0.029728306687740624,-0.012044984230009326,0.012650675221844598,-0.004456856903007234,0.004414388472987696,-0.004080237017079491,0.00024882198332576433,0.002408091632156051,0.024391027097239726,0.004836349629124936,0.0378171766184644,0.0018913989420975552,0.009721344739008653,0.0009897068780559959,0.006966759036781345,0.010641773443310742,0.0008976759927540323,-0.013315290244927613,-0.010537045962224822,-0.009960613869335,0.008662479284618274
2024-07-19,0.007720052808695921,-0.0033652132189375683,0.012815515644518771,-0.016453377155402515,0.011446694093189547,0.030669613173916033,-0.0069973645031993215,-0.032035024471129936,0.006129208366132843,-0.004187076473079032,-0.0034956218680740614,0.005506181268659538,-0.004069326988387467,-0.006369071484879751,0.00011706621311025067,0.009115685183627487,0.006178896687151436,-0.0036846324187039814,-0.007944351409685413,-0.0009859495691912912,0.0012120842100622475,0.0058236504917417165,-0.0038934865649398187,0.0015440564436628446,0.010041420730869999,0.0024064939888841508
2024-07-22,-0.012352334403393672,-0.003859172992025206,-0.00672879823291983,-0.006026071540861766,-0.02999087841755621,0.007961735161432726,-0.01668749361276356,-0.0007776166215116564,-0.007135537011328408,-0.010059518127860434,-0.005880726220286681,-0.0026086816676094138,-0.0012133653847392623,0.0005411184730799157,-0.009437556345633924,0.011460865469837378,-0.0006881388866695204,0.004482556526019366,0.011565629655143406,0.00473613492137237,-0.02082979022573861,-0.03611465395197344,0.00279025471731309,-0.008873484605108395,-0.01079203564940956,-0.014698941482760186
2024-07-23,0.006246382583877108,-0.014320916627799551,0.0014456630295451856,-0.009078236985079036,-0.0027147520165731187,-0.009130861194966089,-0.024087008642375896,-0.018980102709730717,-0.020007726984454854,-0.005499337543673932,0.0012866001622273693,-0.01954595978445317,-0.012327596108353767,-0.0027998381523978155,-0.0064069887780542345,0.00420481392121308,-0.0007281960762154371,0.002567928428934496,-0.005762345648646305,-0.012513211811519098,-0.00667295947555413,-0.00340140946966605,-0.01351716954985116,-0.004518453697966662,-0.11898191463572727,0.014859582593444887
2024-07-24,-0.005605155759257019,-0.004268044155808393,0.009433670115633674,-0.00047277277123691785,0.024546334317744112,0.02154856268376315,0.014430511981218919,0.01157999035537094,0.014771559551954971,0.03452115380759113,0.02271453686614122,-0.009465552662814125,0.0021629486143501797,0.015176618152425547,0.029057240526810357,-0.032960068297218315,0.00901750436840798,0.00814455710037787,0.01261636080870332,0.019914194476139513,0.03451560319165092,0.025018236035188046,-0.008920997420598598,-0.027404536601509877,0.029806434312427577,0.0019441398610857696
2024-07-25,0.00033799587668825737,0.007232945698539717,0.000811057205943766,0.02972276730657175,0.0001599277671473498,0.0061446347720292005,0.007963761764190891,-0.1784711705090014,0.006181734252171833,0.008109811350138885,0.04839877699025419,-0.0022859336640280725,-0.001447731514001016,-0.002736373229986433,0.004991935108639378,-0.011897279155444473,0.006498466934982017,-0.0075301256576838504,0.0021551734285149005,-0.04019910764495083,0.022089723099103176,-0.0047504305447774176,0.000373597397800296,-0.011929422749827112,-0.006138717295152585,0.03007385763027115
2024-07-26,-0.008929265137497477,0.00824614231896792,-0.011090468702846357,0.006859119560223004,0.004232571235694538,-0.00288234794768627,0.019357986423676143,-0.00840231485797216,-0.005899443141927918,-0.006626951500475542,-0.012288476004770121,0.018270392945622937,0.008881582267995292,-0.010137430174782525,-0.01063858777501725,0.016015301443770058,0.21881588943844732,0.009809266665312455,-0.015380070453844708,-0.014790150040152383,-0.0009746255843194884,-0.008863759960807904,0.018417578743122,0.0058652259547040675,0.002680300610351294,-0.0030381362532310163
2024-07-29,0.00047129456277605897,-0.011561074054527554,-0.022221428219481143,-0.017790028564148463,0.0012581313918118564,-0.0007139926260273377,0.02488122114353586,-0.01689899240986914,-0.0038451629472341375,-0.0058254703487155,-0.0021171013989199627,0.023235991073600637,0.006306981780861642,-0.018585438766309914,0.009424798906983112,-0.0007919554968671694,-0.01654152682287857,0.0035301064360200307,-0.007798150790749969,-0.0051289150175418685,0.0018495355914116551,0.006820656758296018,-0.012082226517322936,-0.008527287743733236,-0.002520924302283567,0.003014274188434918
2024-07-30,0.007526014554912863,0.008873696930527974,0.0034393391292952824,-0.003195846303888472,-0.01630182046758477,-0.00784628786093855,0.01513705808519672,-0.010480459529915609,0.010474286593211146,0.012282692089011893,0.0025580674624721134,0.0022293707467848645,0.018896340113678023,0.0005983086426654127,0.004214966255223107,-0.00045080506499550754,0.017663865915393706,0.004732435541070945,-0.002025915453081062,0.01423342184197629,0.004786777294892075,-0.00357703658980546,-0.00965828367796051,0.007469687342678832,0.008225769361409285,0.017062286366252954
2024-07-31,-0.0008025396841861987,0.008226949791047655,-0.002085153405310569,-0.0026831131366993333,-0.030074731199840277,-0.014083822958321335,-0.006183932155131799,-0.01763823873734982,-0.011240065570076618,0.002302153425034703,-0.010035430309004445,-0.011959764099323644,0.0205457378574756,-0.023419650492819688,0.0035950758177667463,0.009336654353384821,-0.009481786091533051,-0.00671228907747401,-0.006525518713128786,-0.007204508117100827,-0.018738235715149543,0.023667997940622465,-0.007746992975741662,-0.02297644260014564,-0.005408226992498877,-0.026440371948350583
2024-08-01,-0.0030572036618207177,0.004194634077249626,0.0038692069350050318,-0.028709784980499475,0.03409956467659547,-0.011303980465430019,-0.06275721221836683,0.0016785326588180105,-0.0009303596802979763,0.024530050509400936,0.0007861893021576805,-0.01140192506830573,0.010890153495809574,-0.014592886052133824,0.013108311920971727,0.06194227201470548,0.005226274121866381,0.0128411813829592,0.008123383168188392,0.012604200838558732,0.026955859530872428,0.03997203071880884,-0.009753874045876465,-0.027250348144264414,0.01530445737749242,-0.00998199814975309
2024-08-02,0.025251338329979278,-0.018659904891719425,-0.0202546943293056,-0.013743002950337369,0.003583315372536089,0.001701387959855416,0.004917742262555147,-0.04335797033076916,-0.0001856085590044021,0.015676831784167455,0.015534634502256783,-0.014876516311389087,0.01753844508611968,-0.0006321441631906843,0.053076531615905864,-0.000905206516929824,0.008656161388642114,0.047786235335395055,0.00044152020588628105,0.0527792340694635,0.03598577762370425,0.02741580617590622,-0.007671652224255476,-0.00716465186043358,-0.0009167176556786893,0.01024213673269303
2024-08-05,-0.018198289850683724,-0.002055026864072662,0.004106622196743515,0.017284499341679638,0.04407629305468974,-0.004586210351763209,-0.03574304342180601,-0.001935628862575145,-0.0015400433980923278,0.014598044504585572,-0.0007523041626640303,0.018307269368499912,-0.013362669263796922,0.006298118968223854,0.0063412483209585035,0.004545745263026646,0.024938458556812648,0.0039877075110541504,0.005377850766689951,0.009940128307042273,0.007501874226593985,0.01995605196342809,-0.0033383786304107543,-0.010293981568361255,0.01403870193690493,-0.018928458036033602
2024-08-06,-0.020102237963736336,-0.0007726737764008895,0.011707564912166069,0.020075439533822514,0.0036570697153799347,0.0023358363248491276,-0.036864477232221526,-0.0031449973021282496,-0.0010281571642747345,0.00683798441503547,0.008684695846184365,0.022684125542888234,0.00389924102628747,-0.016327321191071276,-0.018324063193380202,0.028239122536981354,-0.008107026804682338,-0.0023216910033145854,0.008057094449293478,-0.006540329030091829,-0.019260018815541402,0.00564637590728756,-0.0043856402070316935,-0.012981760515755614,-0.022415525984234796,-0.006758889779047816
2024-08-07,0.020232873734444712,0.006606648877417243,-0.008119105557483852,0.005773865045064053,0.010399440672327676,-0.011543441739340743,-0.003751067909235406,0.022272767521602677,-0.01886406819552222,0.009891271292601034,0.007734647858502863,-0.01111153577644075,0.011169927926195977,0.03000397222110507,0.021757492102773113,-0.0027289787140990507,-0.008759838149671406,0.011433251822557833,0.010867972580809737,0.009975229146010789,0.0036764444018284603,0.011579444232689418,-0.013570596385023781,-0.007920078135410291,-0.0017433430342135292,0.0057643701091947275
2024-08-08,-0.006409335225244783,0.009315932297670138,5.569981551767356e-06,0.008756186700358493,-0.016939712039712562,-0.021623072725482695,-0.006738283896696506,0.013804786503009092,-0.02128087476946039,-0.011632475909325146,0.008060206435510864,0.006060641961505242,-0.010282620114261842,-0.019584759838334298,-0.010654174385261062,0.019315999280851592,-0.004317633536937926,-0.0036530354556869593,0.007816959919443311,-0.022945381537554432,-0.019666520490448702,-0.007196999581892793,0.022148870198114068,-0.00499154607754182,0.0003924249013054215,-0.01424868020121206
2024-08-09,0.009064243565070296,0.006757105721001189,0.009500124732528592,0.0015753754419514099,-0.004280211318239191,-0.032479524892066736,0.008973937841836532,-0.007633056381567527,-0.009014328158785667,-0.007640347236236411,-0.002000735292415179,-0.013721415742726673,-0.002037645283526235,-0.008634488130577211,-0.012639940831754681,0.011300847140023995,-0.0123436560459671,-0.008116634573116288,0.0010235902328283863,-0.00544928170227732,-0.004555580024786732,-0.0016241730242665398,0.003237689191594839,-0.019773545166150375,-0.007761865323583472,-0.001647268623039544
2024-08-12,0.007086889579975608,-0.010056077496985782,-0.030259269641494946,-0.0066356449552731345,-0.01412614969860948,-0.03313358513787057,-0.032424379338145126,-0.023805594195571822,0.00622908128037003,-0.014087757019492053,-0.010332928408873343,0.015368093692102569,-0.0024293045786623058,-0.005751357914641542,-0.006353993818744574,-0.003558167500087417,-0.006566382402727999,0.004826052031567496,-0.001305011921684196,-0.00782425664300923,-0.005669867540087914,0.0038188542115791257,-0.019399457111335172,-0.005071514491807649,-0.00767298812025119,-0.018844051239261472
2024-08-13,0.00034545537145325156,-0.00876745980078808,0.007044055184335818,-0.00860436807586562,-0.02309711832982342,0.04950959142623357,-0.00039711871593328674,0.011549977861616822,-0.002697385165971955,-0.012871137346754269,-0.008878369794757868,0.009009651190847068,-0.008793868225273282,-0.01754351226801465,-0.001547312902900444,0.007554007921967587,-0.0007159254837583173,-0.018688918243050967,0.006654375524336453,-0.011553990084883559,-0.011305646000124625,-0.014898208085933229,0.0028909099386233983,0.017499667742629343,-0.0037929572676260737,0.007194391294737201
2024-08-14,-0.001789998045838459,0.004714830620733634,-0.006590170809320006,-0.007395067149789769,-0.0008289456529477768,-0.006978473804684082,-0.05126659704712566,0.00012105859704725219,-0.0030114155556442146,0.001941872255638355,0.003140007306468462,-0.014234864579345308,-0.0020820679337030246,0.010626194288268831,0.00840267660856897,-0.007191507277610754,0.002717983302431781,0.01217136856841683,0.01725582580249818,0.002514558349497209,0.0039505113849886975,0.00211478649079333,-0.010886225251788284,-0.01139403179480658,-0.00437713943886664,0.002354532201499504
2024-08-15,-0.002602678537453995,0.01048820817618612,-0.00226286459547298,0.0077123647637487025,-0.018189320043837776,0.022173078795092227,0.027167714220840633,0.011371760017200083,-0.013133259950314002,-0.03582326901498756,-0.007657919304942196,0.02539505205685666,0.0024470960410443166,0.006519794211350405,-0.02905456735919809,0.003932869359729363,-0.008286623307210084,-0.00813028671253968,-0.013805848865801051,-0.024466555938628565,-0.02298388048129074,-0.025599365702454357,0.01653281389643113,0.09555191061082269,0.0007155245843752933,-0.0012209938323817227
2024-08-16,0.003928741731459073,-0.0032528643973143145,0.012047928914188821,-0.008239196161764717,-0.0017897206494643658,-0.0037766219452617378,0.0013603101031764986,0.00279017383583402,0.0023034649329867207,-0.011206836912342588,-0.002866193723996213,0.0075795609263107355,-0.0016269245821887157,0.006400906095318071,-0.004266491683831086,-0.02043302012784376,-0.0028548387231861483,-0.0033406454492631577,0.014369786208287882,0.006804448356729775,-0.001410177240063426,0.0079264005749482,0.028622489139029206,0.02925686792209392,0.006567021253334193,0.0018131804786241101
2024-08-19,-0.01043017834571991,0.007731501916187655,-0.012068532382164987,-0.006315956623907493,-0.00822237839336637,-0.032045174752723615,0.00827068917235474,0.010258681149311721,0.0008594498453657895,0.00929671794301612,-0.004819874351460696,0.009761789106066399,-0.01377444690494023,0.00042916053207942007,0.0012588930282804167,-0.006195460867551628,-0.009486234249192593,-0.00718289656611848,0.01172948132984053,-0.0026513112522297266,-0.0027705227529983834,-0.0045329847228985365,-0.005266982203958603,-0.010172973766902738,-0.0024577270698997733,0.020413758128538628
2024-08-20,0.004729254549189488,0.0004396002826357881,-0.0015434355859980098,-0.0019324595788339227,0.01666103180797296,-0.01826321630256922,-0.009312870522167116,-0.001746801201977899,0.0020538549652791005,0.005737940039682865,0.008660566417486804,-0.01764377498145875,0.006567018069885355,0.006267932971665058,0.003254200564450027,-0.002833301116589859,0.006863436976799031,0.011311291497455134,0.01652276719481116,0.005639376564415821,0.01366343534004022,-0.004898712182292653,-0.0029440175912929245,-0.019258774091674202,0.0014416631487472742,-0.009550025514926896
2024-08-21,-0.00472528478007439,0.002056415705399939,0.022902411452982996,-0.005200886135405369,0.003140004095863569,0.001696460883720441,0.0027636604338443505,0.011678008064820888,0.006438306006103067,-0.006462996765636331,0.0017798212311146422,0.012093559827579536,-0.006627062096398628,0.010524188284814828,-0.0025490388472191317,0.011764691293945084,0.007741514734379562,-0.005787603186841461,-0.006272463764161351,-2.3081622550380487e-05,-0.007879125914427854,-0.008112866579603084,0.014829243757044974,0.027924057156827775,-0.01184357044915274,0.014363374993489053
2024-08-22,0.000673120058529153,-0.005825277681013152,-0.005888120462647306,0.007154100036810274,0.011472398550777752,0.008167784900488417,-0.006623535660076896,0.01538431860801015,0.0184004279484854,-0.0007395866685951935,0.0025944236294682677,-0.009211340936777113,0.010685003767619716,0.004891378772449495,0.005135233683632112,0.0028971317876611558,0.004057778722831751,0.005973098626914641,-0.002772414303145676,-0.041262804646143514,0.011957552030369745,0.013946605409384305,-0.014882700239233992,-0.008551189588230312,0.000644984279102645,0.13860242920160026
2024-08-23,-0.001195265418896918,-0.00994063020037017,0.01650512240455737,0.006188279728390533,-0.016159827510050184,0.01323232634735283,0.018447853967666683,0.020568002282437048,-0.0016286757747543401,-0.00754590849047454,-0.010769040334332347,0.018083458406203956,-0.0165600404517382,-0.0036924309766490637,-0.005836013862758449,-0.018871440464481526,0.0036799514873746553,0.0025109104692038198,-0.014720237868481867,0.045182939389427856,-0.010743582699301646,-0.0005894644237576241,0.02560918111474786,0.00024639994107089613,-0.0025745654850966027,0.019380803839241345
2024-08-26,0.00465261789181326,0.005195665925385229,0.011548441754683725,0.011046591347419255,-0.0002724000529479298,0.011691535094608851,-0.0011784334486748538,-0.011043306315934864,0.0033554971570118886,0.0035611452900571328,0.012740668421723611,-0.02300002005153745,0.007870328672031524,0.006696951087347913,0.005399961460339386,-0.009876568621389747,0.018555925580570176,0.0027588080185891872,0.00564386485058932,0.006481663540689353,0.003722380939145453,0.012469923368103042,-0.020610167084039177,-0.006538556336871726,0.013234246625874913,0.019977227055898772
2024-08-27,0.002146322124926492,0.013384077555386176,-0.0017077241834334567,-0.0017090903814366287,-0.008077735955773213,-0.01884382250016059,0.0025744838059962305,0.0011051553034950867,-0.009467665366448608,-0.02847781058964627,0.0021931068449676516,0.014729226939358853,0.011954610632862739,0.002417043950769582,-0.003556429826307661,-0.005471760928005498,-0.005008107865588585,0.003355515997677694,0.008979390042306523,0.00863981362979871,-0.005402746078552179,0.01636622505091445,-0.011676209368955304,-0.011275725118650826,-0.012116506045071196,0.0065371908110503085
2024-08-28,-0.0007775575385723377,-0.00684504261212715,-0.006287596316960298,-0.002340235502862109,0.010128177487023993,0.0008075563761050786,0.003087367878942482,-0.003000766430036994,0.010146986918336265,0.008382619145641867,0.0046173311005102136,-0.01889439502119128,-0.0007400035881428568,-0.0007375966493402553,0.00597597320797616,0.0015071023366911573,0.0075742590980342195,0.012567738008219531,-0.011099803463898383,0.006914035196213697,-0.0018961739159754076,-0.0068651721865067294,0.016904780881226933,-0.006222757651972,0.00042463141413084937,-0.01085294276968407
2024-08-29,0.014609582831674905,0.016255933126271604,0.14117152671203825,0.009918718758493372,-0.00783710423894779,-0.019659911225087034,0.004928034871093945,0.00637995729591212,0.0004447787349056709,0.0006137336844748154,0.002256367360980449,0.011729130043634739,0.01911525543681314,0.0039016240228358923,-0.00725858178185812,0.002825702420790832,0.009916846697815118,0.004497049512748208,0.01267388975996775,0.006974808813964839,-0.010482725161950479,-0.006564158636504058,-0.004383181287099913,0.0021111833123018675,-0.001611567121357571,-0.010570324908419693
2024-08-30,-0.013530958678651062,-0.0017016955945439172,-0.007897093919788878,0.0025904697251877273,0.0009220972757011392,0.009371092631798028,-0.017480436412480427,-0.0028923060450785076,-0.0015867440557810752,-0.0029986450584758018,0.006146336099918548,0.0019867305925400647,-0.004810115087260147,-0.010734318230876894,0.005176242650875906,-0.004130402939199085,0.0032997035930428797,0.0010929730835191886,0.0027159972020833756,-0.014933050300034334,-0.005502508373245396,-0.0136532229616666,0.0010126098377616355,-0.050193140932780045,0.002270983546986516,-0.02238931400392674
2024-09-02,,,,,,,,,,,,,,,,,,,,,,,,,,
2024-09-03,,,,,,,,,,,,,,0.004043323336419435,,,,,,,,,,,,
2024-09-04,-0.007016218576780031,0.008975095651957643,-0.008106183068189887,-0.008654749022036223,0.010435223764587498,0.0003059026268965592,0.01639438795853332,-0.001129778835070483,-0.0005783195448344491,0.008443566232958721,0.015662581950580456,-0.004647535321053886,0.003718156678947926,-0.014982095672065987,0.04340184775990452,0.0035174392524737197,0.01153720000732572,-0.005028298432509959,0.008058811034060476,-0.01676579719986715,0.00712223873809803,-0.007024582106013089,-0.0075385624295791764,0.004724131297942025,0.012739793080236206,-0.0076957184069265105
2024-09-05,0.009945725418801121,-0.009706897333078945,-0.0024842100042348214,-0.006455142120570523,-0.0038544472272512564,-0.022304135269143543,0.003018017615584734,-0.013420250802178346,-0.022695527306806795,4.85485264887231e-05,-0.004429002988875164,-0.010084655476711224,-0.008945402448496953,0.005522636191194863,0.0003609550027965369,0.011053385446025743,-0.002657216501707582,0.002697939967276075,0.008814821684235863,-0.003440952678058329,0.007387442540973899,-0.00513093118228336,0.007145196740804494,0.013742581984210744,-0.008772206359459411,-0.011060279056974487
2024-09-06,0.01024533197697497,0.009301488058461094,0.008106353372937858,0.00466884892096453,0.014321605125433567,-0.011273023190426001,-0.025568634092228315,-0.0003814816681886324,0.009303959717150811,0.02584176103818736,0.00812851027342587,0.005576706904804163,0.014662689561084519,-0.009222112188381426,0.020457090820040325,-0.014837433583706039,-0.004048615692875179,0.003974550840545099,-0.008850689631431319,0.011715288199152685,0.013860239605717584,-0.00393866409235355,0.001410523074735881,0.02773360620481924,0.018359177678210603,0.01651648890047075
2024-09-09,-0.011172523184130423,-9.636916485855629e-05,-0.01574266813587566,0.002629374368403381,-0.00758680998857475,-0.018323012738839073,-0.0273725157473369,-0.0040186066463763215,-0.0057575964758944664,0.005687336486181138,0.0023185788191435464,0.00024159156599634635,0.011460333022682567,-0.015172892742701727,-0.006268659940668941,-0.0025449556154915065,-0.012668732628684287,0.005499718984014468,0.0029143690503847797,-0.01600229251871943,-0.006786972532626168,0.0003370870248504687,0.011462618578323092,0.026451462473041643,-0.0010736123690704424,-0.02036250500420156
2024-09-10,-0.008094147021583398,0.003599159217947623,-0.02200752018736707,-0.004113384589054636,-0.0012529435252686127,-0.024953628369546177,-7.910314686743192e-05,-0.03636757032657478,-0.0025311035356494482,-0.006539192455428666,0.004322012841661893,0.01676993929481041,-0.002563355440575732,-0.05323642842848508,-0.012133437295536398,-0.004472672652839682,0.008216076361422964,-0.006227191530202458,-0.007137685617569223,0.005763022594500011,-0.006605291361818422,0.0016718305977321268,-0.007379152748983486,-0.025622152877478266,0.0028985208110592353,-0.0028207637115416073
2024-09-11,0.0009200656174930266,-0.00039482568235782445,0.00209825943418962,-0.008151379901592204,-0.03596239942962365,-0.017830644304387855,-0.023217396355334263,0.0019319431852133917,-0.007106901792419684,-0.03142131961760686,0.011592951390649198,-0.0075448092644223586,-0.010337188253249696,-0.005610916119864973,-0.021047052127891708,0.0032812540663822443,-0.009588832611704179,-0.015709373792079373,0.0009884830300721514,-0.022039588802838517,-0.022081734622570126,-0.0002835037369914861,0.0034229453547716115,-0.013877909977333625,-0.020909211279148132,-0.0016694317214602794
2024-09-12,-0.007001159679227653,0.0031356340245463077,-0.005958440632291673,0.0061763969820385345,-0.004686842916717504,-0.01128141044481179,-0.010962106997352672,0.008772619788123492,-0.0034932295625331733,-0.008300826033295405,0.0006995819893609312,-0.010087516142949338,0.0005549613094435468,-0.007674870128006495,-0.0070917462126469655,0.01940804241850036,0.006326464152090816,0.0014747796171263872,0.00032598260627181297,-0.006915183211757103,0.0008675553901749122,0.01199714252993167,-0.0005492204039152515,-0.005400220959875135,-0.00811791400318762,-0.018639432611402995
2024-09-13,-0.006619719442448435,-0.09010636234680236,0.0017533328953482918,0.011466015652251027,-0.000675761384826945,-0.0011320242898240629,0.07016244167871188,0.0011835233641568355,-0.004079078196962849,0.0065342701159047945,0.009619795492886274,0.03045514453569309,-0.002867645103374894,0.013812757578572699,0.006423428093167427,-0.007272009604311402,0.0033023278456403293,0.00129206377328428,0.00953114957313761,-0.008886329002873894,-0.0047871700659427585,-0.0033327669598306464,0.011718944599014458,0.008691168070729116,-0.014596242090692546,0.010219534852219825
2024-09-16,-0.02903191060243171,-0.029885525507604482,0.002197044846839802,0.006417670393083386,0.010085108240820206,0.005484123492230708,-0.03306256703846744,0.00903337259739967,0.020567552161848024,-0.0013563626292204534,0.009777525268670484,-0.023835668361634088,0.007560425110651359,-0.004781517601788465,0.0023310312484152718,0.016220139702250558,0.00948064739080623,0.001957721996673545,-0.0020600004199761157,-0.00455340181979591,-0.002102380491878053,0.013632619653536349,0.010436478067832544,0.027685624061639436,0.011868096636721948,-0.000812682283531041
2024-09-17,0.0019081044618542986,-0.012671013557848498,0.0067201082709842375,0.016202982964422796,-0.013569987080445434,0.03462326887316758,0.0036329829610253217,0.008994692777986923,0.015830985600871816,-0.00788360090989082,-0.01421754823835819,0.011029040283974778,0.006325678989467898,0.010878029131078382,-0.00595784644851971,0.00543621178771625,-0.007990533612343143,-0.009899375229740603,0.014681614217607608,-0.009312143071666945,-0.002183268510581482,-0.015566915799645309,0.00019781888499981193,0.019540714081463184,0.013233210205829682,0.00698179484446837
2024-09-18,0.020886238470977925,-0.010500868607072111,-0.0012251350029246488,0.006939514378313194,-0.008758258762114335,0.0017613811753119935,0.0012325595353765983,0.010236029020870174,0.005687828949637264,-0.005383333533594881,0.006679246542258377,0.00695755724685998,-0.009538883229850192,0.010592758243570644,0.0022307936937689954,0.005935713377078877,0.0013242535651033505,-0.002412252313464869,-0.020359754656160578,-0.003386643585243432,-0.006488720807598658,-0.026802766462262873,-0.0005693475363930389,0.017304519390717643,0.002896455862498093,-0.027495552304796167
2024-09-19,0.020088592079517076,0.01905722744773697,-0.013613980435128292,0.03424528244547731,-0.027014979432830377,-0.023340547977964032,-0.015680562521870334,-0.02244149799872508,-0.009531500047940789,-0.027653261608711177,-0.021861768177109497,-0.009899025418210972,-0.02051387404133731,0.007324513251409703,-0.02057476746661646,0.022338874389724594,-0.013377790957210811,-0.011868840794815982,0.0030819791503045035,-0.021225012276214872,-0.020116145691044807,-0.0019269027873978217,-0.024164448396442273,-0.015561459537216882,-0.0056487031546443855,-0.003802977719746581
2024-09-20,-0.000986371146254994,-0.0059231444558712765,-0.009840436643694495,-0.010086610303266852,0.01985803122745422,-0.025849329245161257,-0.0010180968570523419,-0.0017217948182963738,-0.15036106318415787,0.0014804942150598022,0.019753741695025417,0.013989071140442566,0.001393365692330617,-0.06618301192451603,-0.004745049919530286,0.0059653424322868576,0.008889995296264552,0.010509586537272964,-0.0027301786486843005,-0.03466982063233448,-0.017983340545802307,0.000939219240211342,-0.003897334461009372,-0.0012328642267269707,-0.02477514039790152,0.01120713236080928
2024-09-23,-0.010390295986322129,0.007855110350234673,0.0029461695920078856,0.00356248947465021,-0.0016487331349188672,0.017070654257174578,0.014256243288092607,-5.203278762611063e-05,0.013488361978325036,-0.0042930083677392705,0.010052482869779666,0.010087601725037976,0.006120307936847924,0.017194335933552463,0.0010947956093647626,0.0026419326144357935,0.0036461562878036258,0.007449014324273362,0.0033816996095952234,0.004090887488670258,0.0026235953567659287,0.01233321560497358,0.0336012761894382,-0.023132183506701764,-0.0017205996102067633,0.01584913296851953
2024-09-24,0.0014628887085561537,-0.00970989790040011,0.008933835333996054,0.037254823828898775,-0.006181924192262489,0.05838850655332495,0.0009540522401678686,-0.006177552927108199,0.029715708145288122,-0.011735319957372647,-0.00037973273300218047,0.010221386276241029,-0.022083120722614202,0.010681918646999966,-0.008009311451132928,-0.004424594114028957,0.009137193510960318,0.004243350936544488,0.021433634515253708,0.013853753417307102,-0.015235610998080462,-0.007549327939937123,0.026500703644768864,0.01947745548084634,0.0035476536053198338,0.006792490019305708
2024-09-25,-0.0025369106433553723,-0.009911954695188352,-0.009656372344473585,-0.018038734202174944,-7.786009857813081e-05,-0.0021614273836428888,-0.005408862348500798,-0.0395370707617112,-0.01071705720876226,-0.010241874525651395,0.003037940512898185,0.01153258507440924,0.0060468056156333105,-0.01485521888836494,0.0005127238868730677,0.010701454271128119,-0.002657017033269149,0.002661070010469224,0.0008920730539274668,-0.0028685744616209208,-0.001199126055592692,0.011144432698871887,0.009129866428539746,0.0012649999006386636,0.017225503336611103,-0.019455233144297535
2024-09-26,0.001041459761305763,-0.008904517409447976,0.018038244304937612,0.029563491129362962,-0.004330239717920459,0.0960595404356328,0.01664973677304249,0.020913274450777175,0.005666875015160944,-0.006551740905804682,0.0059057153089463466,0.023738990132338822,-0.0003204104263123675,0.02871000768737142,-0.0005279282936971885,-0.004865632411808596,0.01675180480026328,-0.009322002967580234,-0.01807770938210751,0.013554860828620674,-0.002326692473036518,-0.004333685387952091,0.023951625014714706,0.0055321876361111855,0.009800589543420557,0.009942260564012262
2024-09-27,0.0024399217116337635,0.001447201182501967,0.02385328530630404,0.0015601961678719523,0.0156347717790557,-0.007776290361602878,0.026185941444989425,0.010616596142054346,0.005833999717001159,0.01615984417765781,-0.010338789280042504,0.010107050214726021,0.006077496687473927,0.03209709917055337,-0.000361442607685003,0.0004078630545583106,-0.014093839785526363,-0.0026519678955160275,-0.004481671135827092,0.0042342246323108235,0.0030802650430663547,0.010748749957582016,0.02103622424148277,-0.00391773588244404,0.008228264784528205,0.010687201168496863
2024-09-30,0.018635456612898116,0.0002254031014348179,0.005933487789687053,-0.004134204360115801,-0.0010753159985652516,-0.0060388030553634175,-0.03241297238427587,-0.024644737977495113,0.018674963380045817,-0.012407913998623843,-0.0031497085541869474,0.0026917331522486876,-0.003912447305987055,-0.028610359648987282,-0.005050288813428172,0.004717273792723464,-0.008606509569969112,0.003089387319707093,-0.001522177220793397,-0.00691156671289006,-0.003942588662469548,0.0015146609355383145,-0.024261469085939957,-0.041092111326059166,0.01125565675314455,-0.0015047797030314225
2024-10-01,-0.01981742586278057,-0.01960717772960463,-0.009553079706334566,0.012571215155262605,0.007032358958715013,-0.015252214382933893,-0.04884264264854943,0.027316569552626957,-0.005729934501735534,0.009480471837061577,0.001498968343006668,0.003819541688759198,0.014549009421603198,2.012536008244581e-05,9.374558973163083e-05,0.016363968142341534,0.01195768137096831,0.008100768713793172,0.004896978045417666,0.0073375507811968,0.017145332325631202,0.00806419724141505,-0.004937184314461995,-0.016349182275537277,-0.013192875801656845,-0.00644874217140301
2024-10-02,0.002381284291111063,0.005848104401579901,-0.0163197310484704,0.004091935684244596,-0.011815286741252429,-0.0013723876327649265,-0.008933784614992168,-0.025254831640377118,-0.009894952214455466,0.008203258598053376,0.0015938490839033648,-0.028736248054022973,-0.0017703456861746236,-0.0027471145276203313,-0.009865629186464053,-0.006487200069533738,-0.012031025919624905,0.0007968925504837632,0.006885842660448782,-0.004219300737895226,-0.010816301368784531,0.009468550899822015,-0.01071917758024199,-0.013985883668154897,-0.0020894380294300685,-0.015144200757247761
2024-10-03,-0.003213286233626822,-0.002292429997052703,-0.01356276414313684,-0.00583035856366132,-0.016912550917014157,-0.015925611913928495,-0.012593310201584607,-0.001180964215048097,-0.016488228721728837,-0.010830733657213876,0.015289003226683362,-0.07524155367861307,0.000470736464414534,-0.009303713176059158,-0.01381385844052363,0.0190694276020692,-0.003118103333354161,0.000813841123627923,-0.004351590030448271,-0.01141067039029997,-0.004334604780167228,0.0014410825866393306,0.00015362292034004632,-0.001421196026734739,-0.015535223295591982,-0.0042348935964579
2024-10-04,-0.003962778415062873,-0.0021818144794327754,0.005491381690935437,0.006371533864495849,-0.011930461577277174,-0.0042538822380986385,0.02429786828970748,0.002512941910059574,-0.013701569742513686,-0.00451984659454685,0.005756805249772068,0.010576997151606538,-0.003454708293177733,0.0016079866321350167,-0.004051833921179027,0.013628633147070301,-0.005334556282159175,-0.006320537424253647,0.009281036823705513,-0.015552605903314975,-0.012293088158456311,-0.0077684562459761075,0.007423103601699621,0.015391165453747968,-0.0049158645451166105,0.01260398951840691
2024-10-07,-0.012944961927967458,-0.02968690354641923,-0.008383863354039733,0.012507311219076445,-0.00971329481959482,0.011463827434953777,-0.020906414076834134,0.0020174053723769347,0.008282645252916776,-0.01288070381288453,0.014541711066612062,0.001513299031491444,-0.0032731755907147164,0.015692081545478076,0.0024540892964861616,-0.009140594262499468,0.0064810192614346285,0.007121021783749404,-0.015118713804279094,0.0032660375044827328,0.005061461949809609,0.00982612229363855,-0.008048288218823751,-0.021293963178006026,0.009205213323492223,0.0023037621406631903
2024-10-08,0.008714774282094995,0.00865664607174077,-0.004475818396001863,-0.035527432238867784,0.0003014571657813381,-0.031867566866291885,-0.016721908646432637,-0.009689347495581924,-0.006234469667779408,-0.009422718842616806,-0.0030848361886022246,-0.029526401756146292,0.0020346420246597496,-0.031017577625837456,-0.011802022520158939,0.004179052675659767,-0.010875817891102368,0.009723295954009892,0.018575997867337213,-0.01461349147104829,0.009507982364241219,0.0039427407248353585,-0.01888401460576916,-0.024526840014853613,-0.011518548984915222,-0.007341987986800191
2024-10-09,0.00958497202141495,-0.011466152001627816,-0.003960828613332135,0.014100124153939797,-0.0016177573263509437,-0.009349688886848728,-0.00849062046672766,0.005279411973058812,0.00528124147705844,-0.010365277031524012,0.017731325444447776,-0.02683331161349234,3.812452501006369e-05,0.0028086256089745465,-0.004290510514598944,-0.01112766871744808,-0.004737885551364229,0.011754936677549122,0.0007422975796871345,-0.0022680247499862194,0.00532638509268013,-0.0027566963580012427,-0.017055793477169456,-0.020061950786347094,0.00846374849410414,0.017037664318853007
2024-10-10,-0.00010813418469468594,0.02127758116630507,-0.009284306294790268,0.0032060197351631015,-0.0020041451656879206,0.015303808436335942,-0.019797427048864558,0.007719709755787951,0.0006721279864977392,0.005279163276140197,-0.003392927724334527,-0.0069294185137322994,-0.0017903288525668026,0.005578932451737684,0.0033368808045279863,-0.009242038665758567,-0.009410270683796407,-0.002045216443075648,0.006001815616905937,0.0033012220808050774,0.0046782548026704784,-0.0009475082039575033,-0.006856338254444316,-0.0002644974112312459,0.000867031223430792,0.014646902003423667
2024-10-11,-0.01255718900074998,-0.022236278308501056,-0.006872065901712965,0.007512048228354162,0.007817677921237332,0.006166455642445223,-0.005246266528520449,-0.002306515819263222,-0.005711371919171482,-0.0145286239714294,-0.005021950389047625,0.016384177434892733,0.002461941597271089,0.004787289661048577,-0.012799080173171662,0.0044306659042552266,0.003613942887183752,0.0010721723504938385,-0.016321740464688483,-0.0017480882993741176,0.0044689081673756625,0.0014676901360781702,0.013313060857082393,0.02631943443176321,0.007197140128831103,-0.008451257222484632
2024-10-14,0.00877226634633499,0.021015396543898834,-0.013147089847885596,-0.027781273654629013,0.007546772223234521,-0.02498132163438327,-0.009317608895062501,0.010949016982771953,0.0039811191948999625,-0.0076001439050594755,0.0008663909235411271,-0.012932201841105995,0.0010526759971398736,-0.008745350542527897,-0.009547628081874149,-0.006911147947497254,-0.00021236106141597766,0.0030842527233736483,-0.021252351867093067,-0.011176744425487772,-0.00032801742465360384,0.005763952087017854,-0.0006389232652066479,-0.011107686565076325,-0.00793047816857595,-0.04718136387644423
2024-10-15,0.01863408461018956,0.004430823858998845,0.014420053174571068,-0.007519255120165047,0.019144908873280908,-0.024262738265357853,0.041876766111199615,0.0002835299464448715,0.0018886101698951663,-0.0013690798983380104,-0.0021667651127196264,0.022315393554316554,0.008734457185924027,-0.0008738811124164858,0.025616078941185227,0.0005806030882709035,0.007388588241416971,0.008497404893854421,-0.002236304340170525,0.004025979836054905,0.006473608034153422,0.012796780501873384,-0.0009449877958338515,0.008069725475688516,0.001887492692637771,0.015416194629120028
2024-10-16,-0.013531029957456253,-0.01548557519808802,0.006697241140909416,0.009831475641078447,-0.001708322866899925,-0.011022785528840728,0.019097844364087457,0.012848664710208624,0.017432576329895255,-0.0020751452470910703,-0.001631607958915815,-0.0347000364376977,0.008805877627966696,-0.013409736157297791,-0.003147120756781918,-0.02084927966438166,-0.00011128010800742771,0.0019535933799661453,-0.010316736637901336,-0.010433327593388664,-0.012751827352092127,0.007899844013025792,0.0010729725464400097,0.005388789086384849,0.010567635765326377,0.0027748462953867126
2024-10-17,0.0017675084846341393,-0.011191162670620813,-0.024149812426883743,0.002381481406945052,0.0029419030227183507,0.0011618828147218485,-0.03371421589003665,0.0037974533519941067,0.009222224624045094,-0.004752936065989921,-0.0032095992049989697,-0.012102110253618181,-0.0004317743871116164,0.0024611111996911683,-0.010814795981631597,0.00041401581113864605,-0.0047427790839034145,0.0024165178161593692,-0.020270401073459232,0.021460939209063334,0.001260096685314127,0.010136547546557684,-0.005988053359047729,-0.003821203789166394,-0.002994338012077602,0.018595600308357718
2024-10-18,0.008304934464101077,-0.007856166647011498,-0.0054255924459712945,-0.005568613621404261,-0.009783854781365897,-0.013868110008831036,0.011989065453977599,-0.0012613479457330712,-0.0034611391993935037,0.005707632627023784,-0.006891452137488208,0.004132251626051797,0.0010502819241466899,0.003058321361014915,0.0024964154720585885,-0.0047690388823347085,-0.007951438434826485,-0.009038319183430676,0.10689881179222716,-0.0003285438776432503,-0.001738828412227944,0.001705471556262106,-0.0046355459017914935,-0.011504071257655846,-0.00013150390810845458,0.0005868476703867476
2024-10-21,0.008120733794518609,0.007500679357779649,-0.02906981185701274,-0.003196927049313514,-0.0022982738385581847,-0.006840209947497344,0.0058956763734796525,-0.017997069822505596,-0.01854889448282082,-0.0036165658825989544,-0.00011523621579345722,0.0012868659386764403,-0.0007531565173420907,-0.003412888536172054,-0.014243124833229204,-0.0004496777882669889,-0.00039707427223290015,0.005821049371011577,0.012531127946836307,0.006561653846002713,0.0015371178983253353,-0.00014843585855128794,-0.012352378033522737,0.002581738289036739,-0.03201819924309268,0.02522040993906627
2024-10-22,-0.002146867570238964,-0.00876748840429753,0.006914677999399044,-0.004698358127980362,-0.011266170901407802,-0.018234525173161487,-0.04665666253297718,0.021614412266949823,0.004120539239120036,-0.006023074939884632,0.002632282893990534,-0.017755744072951662,-0.003389178657785097,0.00714157658643233,0.013537522226058196,0.01238471119785911,-0.022589624400251695,-0.014029450145597089,-0.009666676334519897,-0.011366628862036654,-0.0031820145678683742,-0.016403663828646997,-0.012555614400847181,-0.010874014754276073,0.0004748538883844189,0.001167704837898964
2024-10-23,-0.01243175398034202,-0.007194446100619034,0.004712352316645685,0.002163578358554741,0.007925360151936234,0.011474780510082994,0.01547548209596128,0.004690929088763451,0.0027417223716816874,0.0010698242332721764,0.011344245591165647,-0.0197544937516827,0.01057528194556645,0.011805425323078822,-0.0018809685565579493,-0.02228585581455833,-0.019807399072592324,0.002598084080015828,-0.010370629311096113,0.007871142004916343,0.0010477165169302527,0.01804943853140495,0.0003134423336004222,0.014697964874252012,0.009800518600957542,0.013622224693859986
2024-10-24,-0.002969058864502716,-0.006599112356344916,0.006102722433858121,0.0013021957032262055,-0.0015607874165768365,0.007422470227621547,-0.02249223321099536,0.014129101400188526,0.015836002440193342,-0.0009366673960151672,-0.0638428387796599,-0.018456279714731738,-0.008199489947147476,0.012281545655212556,-0.01079080905605545,0.005109991560171334,-0.013403620322677279,-0.00578528154279101,0.004874219855162787,-0.008348696875033257,-0.006713513334846599,0.05492596434131625,0.01921387342656855,-0.0017098184750072853,0.05066612382318736,-0.0004914744504267432
2024-10-25,0.00394254955164175,0.002059767985286176,-0.015000182073393153,-0.002516578262068525,-0.01704596249694057,-0.015270897147022233,0.0005050470324347023,-0.014825184537922365,-0.002449293977090261,-0.004859772636040205,-0.0167344127744411,-0.0002724203606729869,-0.006084997297831407,-0.009467559925705471,-0.009993521513043446,0.009933525869500692,-0.013300516482562363,-0.006275853095963901,0.00047174175565356524,-0.0034865461732251912,-0.0018497187304836737,-0.030527831693604845,0.1356716209438883,0.01696700869088541,-0.006350480570712191,-0.00011352292612087922
2024-10-28,0.005947927009030796,-0.008191823616600424,-0.014951719125123275,0.00937020978883596,-0.0005689976002476449,0.014196681482494755,2.127585953126676e-05,0.024448972412784764,0.009586050409336355,0.006120514395697274,-0.010849916322973052,0.007646113811985655,-0.0009761475805274422,-0.008880931011972182,0.0018261805139347942,0.005913606284765338,0.0417572807425326,-0.013315084656995935,-0.010018801041282388,-0.0006999235262610259,-0.014002595136046514,0.0037543479862980345,-0.003047602723673215,0.015510889744698053,-0.01785906629958456,0.01414604055192159
2024-10-29,-0.00045731896409084705,0.007428792314127852,-0.018765161592137702,-0.009550324823125123,-0.005770518208437325,-0.001275869821648845,-0.02806483266992199,-0.08604694801234092,-0.003102590996112098,-0.017091316268380563,-0.01326234324278952,-0.009600486450909052,-0.0054116532003273266,-0.009972048229897945,-0.007222223305420328,0.02453799099290177,-0.009442764571950035,0.00022238661699769402,0.012162005352077898,-0.021501402792527435,-0.015391826772966688,-0.009339805144311542,-0.030145952958849365,-0.002245547588232699,-0.009224626630985333,0.02072848019897311
2024-10-30,-0.011977807597107315,0.00595784527073584,0.008190733587538634,-0.018041330367122743,0.0022071413741301393,-0.014727948636305332,0.014041643770293488,0.009064198315920535,-0.00019021190921086895,-0.010698078117614473,-0.022979375208772024,0.0044503110718947525,0.01793633447457621,-0.006357385657103087,0.012555245974632312,0.0008056230117362562,-0.009927971724968065,-0.008113210408501215,-0.004205292458910437,-0.003707373929539459,-0.004401187112095473,-0.011209817013291379,-0.009549023595747275,-0.006519719307501948,-0.000497003469672852,-0.006236206119969112
2024-10-31,0.0004053384008207983,0.0009439393180294964,0.018835881287122658,0.010598808213588162,0.01254632341795503,-0.19033537405945267,0.09050461184434722,0.0014224137609717413,0.017775605369727554,0.01906543102731717,0.027497232911280922,0.0002347186935219847,-0.0088337346688373,0.0062033778969963205,-0.00015565093151559406,-0.02231126840698272,0.02574854614753408,0.010557176359891063,0.021652834381750474,0.014190813625077792,0.017832480777192017,0.020365246505423262,-0.001013340243676386,-0.00034245167124535847,0.020558083397870353,0.018079786239708184
2024-11-01,-0.01737205707106715,0.005780317918875566,0.0011049018676170252,0.005024744055216912,0.044351174877081956,-0.03832515587211627,0.021762892216904195,-0.010895125948851336,-0.0022669570809201733,0.005367833410479417,0.0033087324887792757,0.00175870152058355,0.01290134244176655,-0.004092509543626166,-0.003654565962163847,-0.004832573544196639,-0.013822358638028165,0.0060110653466940445,-0.003999870568007324,-0.000495341684409567,-0.00704271451700389,-0.0035546920825140216,-0.0142084841434863,0.019404651961085984,-0.004167290726141415,0.007414055012598508
2024-11-04,-0.0012255208282020424,-0.00019119267355216518,0.023934120989544394,-0.005379876772192982,-0.014276325861196648,0.0008595084958006316,-0.006662996977691127,0.01651060535647242,-0.008742391252447801,0.0013617049416371207,-0.006455444141042932,-0.008240881731325977,-0.0021083821253788937,0.011429594492585848,0.0006227401434809599,-0.00861328284840679,-0.007956679962523694,0.012263622873034286,0.0020317884454484902,-0.0002451122719472343,0.0073412179882709205,0.007156334563400368,0.036663504132326996,0.019361799090669707,-0.0050207202106052895,0.0020184649623645745
2024-11-05,-0.005779496051275146,-0.0017327531774071758,-0.012050118013975375,0.005927255922061336,-0.0008048617139702063,-0.02114437808542413,-0.00346520298332198,0.01090066695438452,0.0033698113818045883,-0.00606447350104955,-0.006207132458595721,-0.019324528897912474,-0.012305171245638347,-0.017249583458285422,-0.0021722168380773343,0.008691035306169548,-0.006941846377820138,-0.003731812304333504,-0.001147375957611274,-0.02410865969971754,-0.0031878390410453594,0.0004879437385507668,0.005444234368645828,-0.014844415709955538,-0.005949893464063827,0.01699036627927808
2024-11-06,-0.02856278759071018,0.012551966289310545,-0.062348817707644666,0.062113111493576234,-0.0342262196183859,-0.06447011285045212,-0.01865829661144347,0.030364207629566042,-0.008449058833575274,-0.043562554837556555,0.0037543664272008392,-0.016409506398984197,0.0055016441428310525,-0.0896966984283919,-0.06410830123523414,-0.025959759917036807,0.03319280326175367,-0.010060821072106707,-0.003958271419090886,-0.0517271723674545,-0.044003143620587215,-0.002927746574088008,-0.018416117239217877,-0.013230442233678863,-0.024698093761607254,-0.00034412789695648094
2024-11-07,0.01394087706056979,-0.01517635828270647,0.0005105812010304245,-0.028228630718400094,-0.0006489132846481116,0.04045108885741522,-0.0012142364160006025,-0.014677556300527694,0.0038164206106345855,-0.029883447432365262,-0.0070099516055837086,-0.00508245240876537,-0.013667475085194947,0.02067591011569747,-0.017224905887008757,0.026918958195542242,-0.013778280126873876,-0.005683302186116901,0.013498975314007788,-0.008640291308790515,-0.01174193667735024,-0.010446083843857257,0.028541572582989616,0.007354750724031245,-0.005713912781025732,-0.0011569169569793925
2024-11-08,-0.004945030674882833,-0.016213953377670287,-0.013855694301261878,-0.040110617691270445,0.020687323543363112,-0.04010120375125692,-0.005629113301869437,-0.002844383089571245,0.007083123675525327,0.012557781791051381,-0.0036162918784181652,-0.011958407016109618,0.009527870148375195,-0.02997963443438012,0.0035470341055185983,-0.007745373808760614,0.005786978998585157,0.06997440618854855,-0.00563999708183871,-0.008268872828511742,0.0030115664376990647,0.012744918229774083,0.009240244158384092,-0.02409960857582405,-0.016503674860873563,0.012080510554105528
2024-11-11,-0.012997651709756863,0.018841760649698447,4.002735822239423e-05,0.00708947342253019,0.010867499478456999,0.009829178108602843,0.011974073109955352,0.022731963961667878,0.011291845812056334,0.015197674631216351,-0.0016708491993722152,0.0013935875171819934,0.009245126379552993,0.008389190003469826,-0.002479656619407633,-0.011438489801389284,-0.010943755068877348,-0.0161098073346565,0.01211205128480719,-0.01113920448300676,-0.006117097022179996,0.01182270896828852,-0.014373861678645405,-0.013220532829839926,-0.007236080550953594,0.04960794114774436
2024-11-12,0.00289265965137242,0.04638292972358482,0.013083986671041825,-0.006009322284668217,0.0054923012398476745,-0.025749626769068668,0.00289265965137242,-0.008683534146822436,-0.005803294248955315,0.019642405863235735,-0.0020154327027561703,-0.003589432981855878,0.0011006313543789892,-0.012055248657044215,0.009246628438076443,0.005722142728318835,-0.01703201960274825,0.00387870497327214,0.020348935132535995,-0.008722289075719258,0.0033795362002010387,0.0057459010626647045,-0.003900918275647536,0.0009217762142594843,-0.008276685010700446,0.01153951461674596
2024-11-13,0.003736928227728198,0.011317518271199978,0.005311071376815413,-0.015346405324643597,-0.0069921930103574725,0.0016804541982298193,-0.010787777628976536,-0.00023222772482434095,0.015850133381333897,0.016021232285719167,5.235555508065204e-05,0.006885271695210804,-0.01400846119378063,-0.012141622191435997,-0.008049404945089211,-0.008474194840221827,0.008206520963556008,-0.001739786710843183,0.013153985367570842,-0.009836776287231785,0.002201854615620391,0.0076338406585763074,0.0015266456918916482,0.007535174321257054,0.02696910515441564,-0.015060758584673595
2024-11-14,0.01982017998913921,0.0011107584891079103,0.015752103208539592,0.006798972998355857,0.011830182444493409,0.03738926923042152,-0.038681677819729976,0.0033468148384118157,0.007420131546856834,-0.02382271479091047,-0.003100653625235039,-0.006906698453260529,0.00321363770060179,0.026073174607650906,-0.0006170167383459102,0.0011533160557847255,0.012668387520152646,9.707559400440324e-06,0.014225838428290838,0.009016132305221691,0.008538380733689066,-0.006944369982173737,0.13402481635321306,0.0061281137990453205,-0.0017300096418986222,-0.022289912855230964
2024-11-15,-0.0009056878899887932,-0.036808777769376966,0.024996443859507278,0.004710155062757293,0.026438036683897548,-0.0034555733681385092,-0.014421898513064968,0.007783661784071749,0.02062758328955494,-0.031616036795839464,-0.0059362365938954165,0.0018670051315281544,0.0160668242134564,0.022351485774163016,-0.0031174941383981247,-0.026785310262550377,-0.000700439496246319,0.003683615205483437,-0.002681590465682504,0.00467207221947874,-0.02633610136220199,0.004202498826717194,0.0029993606282575636,-0.03277706267651437,0.02398473661323053,-0.004828676592985359
2024-11-18,0.009504391520451572,-0.01158610092136092,-0.043416943721940604,-0.002902548962652407,0.007731461801282036,0.008945027681216633,0.014820857480549066,0.014247362727601631,-0.001370933894961901,-0.0013226687978886709,0.011204943714821836,-0.027454318341232353,-0.00441601581895823,0.006658113064133442,-0.013996809036166735,-0.003340470898515857,-0.0009898302077853138,-0.0011571519293869237,0.024105366385785754,0.01248876264789689,-0.00574614568112608,0.0021090709596598423,-0.01579970190155522,-0.03628631917199565,0.01639309343018014,-0.031154677853953427
2024-11-19,-0.002823279144114954,-0.0037634375161381683,-0.02621096355585495,-0.009503687598529487,0.0017486516114630923,-0.0005565241548433075,-0.006930387079352562,-0.018236457270237705,-0.011246443379547721,-0.002493013048835646,0.006416494004253259,-0.015706444931355756,-0.008123550600485085,-0.015923962719378237,-0.0034936226736155263,0.008103520503245143,-0.019174537467788744,-0.009857367375695869,0.02468881940576506,-0.02055689310299491,-0.014132311323768576,-0.02012177859506603,-0.020409192075478755,-0.035603580534331214,-0.01824610402511173,-0.01891354429398906
2024-11-20,0.0031319787988939307,-0.00024209328291469046,-0.0028947908167971104,-0.0021928091865486277,0.003313850137604879,0.008312724137116811,0.008904864537501389,-0.028981214686912726,-0.01718559642513018,0.022064420967666365,0.02066770847155186,-0.01190440642631152,-0.013343545840145521,-0.01855791446421351,0.008589181250839406,0.007873526371766637,-0.00275221248933033,0.01052252087328065,0.014358509790924012,-0.0028915756332378306,0.012867344142641235,0.009712075764571004,-0.005775313589638342,0.003163589352015883,-0.008355220555056442,0.014254584319118413
2024-11-21,-0.007436560060028463,0.0045494332370084045,-0.008336807948878255,0.015865237260602072,0.0032855649169536427,0.01777287335949751,0.0168774121234867,0.0011833068822997284,0.019413864934485492,0.00011936833959658166,0.031006175985322626,0.005419071996500824,-0.0003457230808252554,-0.0061113654489225455,0.00040307704062025884,-0.009637385003245624,-0.009408067253528829,-0.0007930186511144743,0.010080695097526515,-0.0190390761622784,0.004738834427344019,-0.0006263226213831796,0.014731981901539903,-0.018391824527452805,-0.010791460120217478,0.02433232973230437
2024-11-22,0.0024396254298948428,0.011816360021932315,0.03155674427244959,0.016809732130750765,-0.006585942567199354,0.04276187284506183,0.002494678885113455,0.03171727139512104,0.012828362357200307,-0.004268146432753306,-0.000904985703595429,0.01844808208225368,0.007714364676091989,0.004632349076717501,-0.009487329663889321,-0.010482906934066949,0.005171663554502048,0.008778239284738198,-0.0031225672244092895,-0.01047076986541362,0.006884969144161701,0.0037176730492070043,0.04102768301439341,-0.00464864832672196,0.02279399814180838,0.05416751480975335
2024-11-25,0.010030386207867004,0.009827231772598477,0.03595659691170772,0.01750834704521087,-0.01633597395127906,0.040451645384794066,0.06160669211130543,0.016657471489991416,0.014247765433770487,0.0011553840430267304,0.011151925933482243,0.045386300726310225,0.007999696551784785,0.007693203483307487,0.005364720172126081,0.0076565119942590965,0.011774707308933596,-0.028035408424732955,-0.038886342531881946,3.542630570985139e-05,0.003461103891714057,0.003946121285421489,0.029735624405770045,0.06870358336052163,0.017154362679643098,0.03365862573296563
2024-11-26,0.0036824045659469284,0.006943557500043829,-0.054630968088966614,-0.0003479054148400884,-0.005993691081812247,-0.002844097645242405,-0.02188582606692091,-0.03203779512131455,-0.01283312162521022,-0.018539521681135485,0.00621792400511878,-0.025008936130982096,-0.0021518822755899336,-0.016132784339719985,-0.006646131980135861,0.009195521173910315,0.014459069199220131,0.011089029256847294,0.0023765634629593357,-0.0060734547169147834,-0.01118037487478274,0.015033205837090557,-0.002270793747844113,-0.011733291219038655,-0.024480052876785785,-0.06884674106540034
2024-11-27,0.003248095794624928,-0.01831944613869052,0.0002976012857742738,-0.006325481375234476,0.003620065172629139,0.014459874741488687,-0.004778488460821295,0.003801238017440034,0.0051544538896520775,0.008417749258425311,-0.004545582445704133,0.011548494742949278,0.011180956208668547,0.004757721781864288,0.0065756264245405704,-0.003765660448136199,0.00026608731249488926,0.012017431662224243,0.009233268865863509,0.016109259467022574,0.007254505542765188,0.012652237117447673,0.0015083646848184085,0.04480325962602205,0.009135944255404094,0.02717969219113303
2024-11-28,,,,,,,,,,,,,,,,,,,,,,,,,,
2024-11-29,,,,,,,,,,,,,,0.006431054400479974,,,,,,,,,,,,
2024-12-02,0.007074078690470387,-0.0019250917945745627,0.007884843868815272,-0.011312947880114166,0.007630521330875828,0.051073514145239196,0.008488445966178038,-0.015925592135981548,-0.022205938279622917,0.007146908092936277,-0.0025364604310806893,0.03878855596459396,-0.005413011344538199,0.00491562081408814,0.0018625452396210385,0.029780910110869252,-0.007241277281277103,-0.008451974107337334,0.009876644991114958,-0.0042921891169400705,-0.004895792170837465,-0.011033517664032821,0.03448167936064017,0.016742477293888003,-0.0149743198590232,0.002630732753012621
2024-12-03,0.012320367068037408,-0.0003352198290149655,-0.022006529658130658,-0.008525786690428028,-0.011958058294150198,0.01929055869142826,0.03146345328329714,-0.015023392024957616,-0.04709963159690933,0.008883633033543115,0.00662896046213568,0.011649884460320337,-0.010200114488220446,-0.025755980258568956,-0.006890286233997567,0.034668138856702946,-0.013545143279964256,0.0016824695431476577,0.004483173195026335,-0.007262878010481755,-0.008730951209518723,-0.0003290127024218048,-0.004477579352738292,0.002695255047433731,-0.032610799348554376,-0.006226967745347256
2024-12-04,-0.004567810980429909,0.033134225135584394,0.011032959159682054,-0.0054252592170316305,-0.006688086318600406,0.017309397657184755,0.025924850565902213,-0.013445178582938477,-0.0040007790345184535,-0.015021759475349561,0.013555553483357574,-0.0011601526923519234,-0.01562979113520313,0.013948573545317311,-0.029813178797678863,-0.005839540643585828,-0.011388699772112432,-0.005830420393233338,0.0038025997298036796,-0.004540241979486659,-0.015451721325425383,-0.013280196281836076,-0.013669458637544651,0.00535766354524192,-0.013221263094393088,0.006292819112712067
2024-12-05,0.0019931895245304254,0.005094403299836792,-0.005755296895136319,-0.009469173151688937,-0.004773015623227517,-0.012255663846962861,-0.029454339608449898,-0.026063186903092284,-0.012278491297401661,-0.017076515909274392,0.0072661233561786,-0.03003943313839119,0.008835253708842306,0.008279966633020663,0.0013957060382897568,-0.006031972509949246,0.02394699279404211,-0.003954975186157728,0.009344582279318558,0.000825177461295179,0.0038050952863109,0.005407668600873938,-0.0022036002439438374,-0.015488475751942121,-0.0073708520087873985,-0.0015970613155422697
2024-12-06,-0.0033183643687956232,0.02489121345348755,-0.020646954618080637,-0.0023689595994023094,-0.020359290831597265,0.01221605924167668,-0.000922299602919896,0.0042095307524125936,0.002013888776143169,-0.001349512170337741,0.011519433293743164,-0.009758077480245153,0.004745972854773406,0.0049979867485250296,-0.008504385406814752,0.021875187135528718,-0.004145314829153479,-0.01261729173091608,0.015884016157334813,-0.005632430056223714,-0.010947367636041316,-0.0031513356208154875,-0.017838745326541616,0.08735619873825384,-0.01801391849712264,0.0318135743417316
2024-12-09,0.02224535188168253,-0.002952337535738092,-0.00349617302053562,0.01685241649031588,-0.006168130356225321,0.035897299256065995,0.031449637701222555,0.014707677030083355,0.006967846314579251,0.11461597642691213,-0.027631629511131628,-0.006235993630318015,-0.004734323825726805,0.038498299403639136,-0.016445575462186057,-0.01020808231201753,-0.006026226202305973,-0.016408605801636833,-0.01637537172786807,0.004395912059255713,0.016791347978928117,-0.055058515462934166,0.006465511625347586,-0.017584686611003764,0.029390816681020615,-0.0012786506121065244
2024-12-10,0.007097600623740985,0.0013578298133593014,-0.00402187949681454,-0.02426155337837932,0.014013151496987786,0.013982418695555388,0.003134067510254135,-0.0008098725444674049,0.002212519278518066,-0.030395187100331844,0.01044210335402418,-0.003873781820954214,0.014803566879159846,0.002963883313944371,0.008009422622337614,0.012335377387404312,-0.010116845870970281,-0.000982641277836982,0.0025917197770864986,-0.015833577376099695,0.00528416024121936,0.02323823085725596,-0.011168050478544411,-0.01160513703393018,0.016112612355821176,-0.017484819216521896
2024-12-11,-0.013331710962679266,-0.0029011759630901413,-0.004014084443295207,-0.006929923791005654,-0.02198985523357877,-0.024634700184115177,-0.004251501441297156,-0.022370282422717658,-0.0015783219714846641,-0.06260251929602101,-0.015070568581767918,-0.005297191629837217,0.002117448172932024,-0.00510385757818721,0.014020374881482667,0.013406081142550486,-0.008165786048233592,-0.005880848670011929,0.01724614988840778,-0.005309920988052719,-0.027372662152549077,-0.0045682998472333924,0.006657420060067087,0.035944677920140444,-0.016613061013470265,0.0247579220103471
2024-12-12,0.011377608172616571,-0.13151247501887464,0.020689105433135402,-0.01538986040499768,0.0038038940953236677,0.002951527156975442,-0.0015363052522578968,0.0034928063894335004,0.014412480540621275,0.04467950583135083,0.014713559235885687,-0.0008788335408673742,0.001596973989208772,0.015649219629371047,-0.0023489729182422092,0.002426842219160119,0.0052598057055769365,-0.011715812783784307,-0.0063417426726321,-0.001705113704155048,0.019000789505549842,0.0008479984751841307,-0.007587528894335116,-0.008955046105272091,0.0043296988826596605,0.010726492019922929
2024-12-13,0.0007120369205751986,-0.018809262980653108,-0.009023313450519765,-0.0006824510420279095,0.002208410564470964,-0.012069162542576173,0.006854696387822989,2.6466639124200775e-05,-0.0009252806153702275,-0.004594240035722286,-0.006173545650836942,-0.004003666692408037,-0.0063781642201384825,0.004825680838660973,-0.011150237226581039,-0.0165241975293412,0.0013366993871796184,0.0020740311794021915,-0.007190855659785389,0.0015799831518631402,-0.005826218631760582,-0.005675068956573215,0.027835813345603477,0.0004982216996926025,-0.0016791525378545558,-0.037423298116106785
2024-12-16,0.00792830537590894,-0.012732343310755234,0.007159557523813254,-0.007978125374401457,-0.0020954158294359537,-0.009671531427800972,0.04079205104067096,-0.04229804427424577,-0.0037288570490763284,-0.030560787628466035,-0.010254531390807009,-0.014781927446435694,-0.0013232011248986986,-0.04236295298631587,-0.01090417611080885,0.003282971308115279,-0.007263033237319583,-0.009184676816897497,-0.001394219008826525,-0.016447013974342117,-0.016143529348438324,-0.014448762380435132,0.012023371905434344,-0.002195941964024506,-0.005430321974949637,-0.0036799828482660946
2024-12-17,0.013583644367439307,-0.009786228875837466,0.002266249247889429,-0.004369833006405699,0.0036750150100941514,-0.013604945257893464,-0.006523919062897732,0.00186221663349595,-0.01733980338547525,0.0006653786438612919,0.0022941539476438733,-0.005487071493675777,0.005184135104111975,-0.0016558432586701866,0.001424640330640492,-0.003825362417376521,-0.007103715375096353,-0.0079281744855485,0.0017469183686962264,0.015948669730665443,0.004633212947359633,-0.03431079658468672,-0.0022106457264754464,0.000991984805105539,-0.005704262504026891,0.01341047937188411
2024-12-18,0.00807105532652097,-0.0010851320149248833,0.012688922699248595,-0.002199556172331585,0.030059819889482253,-0.011694161131971414,-0.041525715963668164,0.0014084774593329241,0.014101612592711255,0.000387413860068353,-0.008940149565254352,0.02005327742427354,0.008683517351855685,0.02745770466272146,0.007973368259817648,-0.006426672841839509,0.009812959918257369,0.03150689316417432,-0.002689762401070772,0.0023883109577051975,0.018541043226688703,0.02940218799342842,0.002381086968894275,0.013037476282475757,0.002003030063844169,-0.0006489440544958924
2024-12-19,0.007879721745496449,-0.008017493851799395,-0.008552541282288106,-0.008808155934629691,0.0007706580400463903,-0.0026033677082411,0.009692796035853268,0.006025197337710786,0.010822618071741896,-0.01954546265765411,0.017897369181231193,-0.0074734132061982095,0.007250055376341047,-0.00784821847500472,-0.011630649019043093,-0.001847488189332669,0.01361102644050205,0.003307329127706371,0.014905925360789274,0.008228892504727803,-0.018302178716413042,-0.011324003621629442,0.010207821988059917,0.022276496817157376,-0.008584086147844117,0.02524049228361802
2024-12-20,0.007946822737454395,0.011490780325282834,-0.006760920649860447,0.004864758771657041,-0.008507176310727393,-0.015420543003895837,-0.016644377879557304,0.003504490742212818,-0.011412815579561086,-0.0030556694699068743,-0.013370011505091872,0.03357539100447693,-0.0017917423611897298,-0.011243185875995931,-0.008844599976165712,-0.028197142605753567,0.006042675034076073,0.0023476075491972725,-0.00309788989427795,-0.007701524819901939,-0.0021543997031103768,-0.0002726646409672018,0.012910062509931652,-0.00031727927774860554,0.01383532860510428,0.007572225024483403
2024-12-23,-0.0042223536848575716,-0.008248928276428869,-0.009975912539751497,-0.009063070545939134,-0.013602127555700005,-0.0020426266238684487,-0.031402793860443534,-0.0052629961488019905,-0.031658872266437155,-0.014687525582572802,-0.013689532118647096,-0.011312543607462255,-0.005525939884058806,-0.020944861052692776,-0.009139427218717189,0.01765927860908234,-0.009607723519515998,-0.007649098475163596,-0.0046471781273278445,-0.007773011655650808,-0.017104926172265222,-0.0011595862840065863,0.001754146388818878,-0.009310470830059425,-0.006730338954895165,-0.01114243511499624
2024-12-24,0.0004353176069724629,-0.008356605713593313,0.006889803860858912,-0.005076521448785343,-0.001273256884809948,-0.006628062172315818,-0.016634345948621343,0.0010783681397219524,-0.0005227275404533493,-0.002226283244759042,0.00013204423089963058,-0.004114292866703062,0.0017180205392521852,,0.0011030104988456468,0.002127163353077277,-0.0003435237476823172,-0.005337722095149822,0.011635406512368496,-0.010435241638327764,-0.000995694460819374,-0.004952462185515039,-0.0025460760103048763,0.003334792824459587,-0.006987075143745969,-0.006351759588143491
2024-12-26,0.003581232431484671,0.005361682380266575,0.029421187246075342,-0.0008185307381065599,0.003035765326530604,-0.0006598919840846706,-0.022993595531215938,0.0053958012434313085,0.02549397460587477,-0.0014128436791832621,0.002544575898559942,0.002125714526951872,0.0012271426235551663,,-0.002094339879908924,-0.006834108479424672,0.006695919304942399,-0.002007398224682322,-0.008155433543263757,0.0019842654846052854,-0.002015534814090003,0.0034100301649838682,0.01419248565743192,0.02544527183835943,0.0011977388382281573,-0.0022790118386555314
2024-12-27,-0.002186226306168493,0.002880881281073777,-0.003938236701074849,0.004899575873452466,0.0035608166895385596,0.005989074889849677,-0.00993239660516676,0.007083569380600174,0.017156328679737154,0.02033998787056901,0.0016733456750464004,-0.004971613697278721,0.003688436230421699,,0.017070783848071036,0.005188452615503603,0.003432714906990264,0.002611134259211334,-0.006896134666495524,0.011055736101235558,0.014007626257229067,0.008105195663084763,0.006371535002421602,0.00195688659911164,0.009077302800591158,-0.00790496966060017
2024-12-30,-0.0025614570232891376,0.009178919244531625,-0.014062138184958939,0.005631674140293641,-0.0017578025520897933,0.004939562424815747,0.03195038815169127,-0.0042531901718002585,0.011379756781029093,-0.0072880815110378805,-0.0006545393492027873,0.0194278138701246,-0.0017934060612022629,0.015370580055448557,-9.35251787101965e-05,-0.00358588595758913,0.002636239805566154,0.0026991749535139054,0.0028567198779825276,0.008277128993388394,0.003049523515634478,0.00011986173327172,0.009943072214259052,-0.004564316846414118,0.0044375477637409455,-0.00230201696655985
2024-12-31,-0.0027731205403320747,0.0017724739080374752,0.003702289931700853,0.003596028111597094,0.005145113133768975,0.014933236454761412,-0.013177625936701687,0.00630907771465905,0.007065003364166822,0.008316336233718191,0.0023780065625914615,0.001978013308072901,0.006225761841110122,,0.015115647414629008,-0.00540657615180451,0.0039748985252788804,0.0013511521427357343,-0.005832537885767319,-0.0027643366914020806,0.006525739081890913,0.004602070740876263,-0.003159857442754821,0.003205330419521646,0.010508910068915966,-0.009253247485354277
2025-01-02,-0.024011913001343532,-0.006051710948940525,0.0065362344897429425,-0.006018519742489903,-0.006084776781798085,-0.011113155609797198,0.006383486248746073,-0.023028832775277674,-0.022835711908388512,-0.0010829869837257755,0.0027242373772774497,0.0091604784907785,-0.005695318820834405,,-0.001626707079473766,0.02567359354343457,0.006949283511168525,-0.004266367705009766,-0.00292586029249442,0.004549568393943715,-0.009942211356781971,-0.003212653454786496,0.006815779651257237,-0.011042590977793365,-0.015460389121690454,0.0018562995921777015
2025-01-03,-0.01460553583701829,-0.03624680376407985,-0.04218853045652471,-0.0014221177384370343,-0.004891867744058809,-0.03719722046624918,0.002278778521371594,0.011238388598350468,-0.012122009823389845,-0.011174093012865427,-0.00027449035734949945,-0.0016889962801562852,-0.01458700466429974,-0.020727715469380126,-0.006545576841987977,-0.0036013888779715675,-0.011285168342238805,-0.006912615308637182,-0.019001507379044935,-0.011008652663113017,-0.01632430724115963,-0.014509092761814113,0.004774047715592866,-0.007493029185098754,-0.013241998273089473,0.0011327682288553298
2025-01-06,0.001200897555039493,-0.00412135246593115,0.008214451364298325,-0.004411109634958388,-0.033921080043091245,0.014001704071742171,0.04474022964097091,-0.0014894904459870073,-0.007141509153075654,-0.019085913043125013,-0.005448302147685213,0.0075227240532489414,-0.023625302908827583,0.030496271313602774,-0.03293535804359016,0.036752307962705455,-0.002304089684068922,-0.01720880157251181,-0.0046981665911629555,-0.007488678358997358,-0.02812399532838139,-0.03625324349583625,0.00779152556863183,-0.005654002683315396,-0.0021452153864314205,-0.009891136060494299
2025-01-07,-0.00028380206975553435,-0.00872536477038699,0.005323600567695208,0.007809000968233226,0.02221833621213387,0.01925956990581812,-0.03535432841376518,-0.005025112556982458,0.014863473641580804,0.0037872905115460265,0.01689736796146557,0.0015746184522672513,0.010068696207486516,0.010735921233265278,0.01230628697780467,-0.008429658699823372,0.030138373520250394,0.008255911873726096,0.00815534084442393,0.019044292923784956,0.005155783173869666,0.010915484524182562,0.006669920703691212,0.004078643081378508,0.017303169510066385,-0.011849687721572355
2025-01-08,0.0004626920419767977,-0.00877711781652879,-0.0026281595422658066,-0.00687708894194361,-0.003797777197291352,-0.008436483495127156,-0.011934598390998752,-0.0036094187831079427,-0.0019240953091802515,-0.02149760013524593,-0.005043261135574073,0.009192355811763253,0.008216562110666903,-0.02015388268889806,-0.001560360190925314,-0.013164384130497586,0.011695725468740203,0.015093519585392734,-0.006326095974659718,0.00013632001387264836,0.006280295003583181,0.013415697564377549,0.015808925874340574,-0.03221853074234171,0.01268179574309225,-0.008396847987402478
2025-01-09,,,,,,,,,,,,,,,,,,,,,,,,,,
2025-01-10,,,,,,,,,,,,,,0.0527278522844733,,,,,,,,,,,,
2025-01-13,-0.01191961661275076,0.004780454825181968,0.010914158609892866,0.031188109002739717,0.012623030352973741,0.019527440546351915,0.015164161641754603,0.004642347572807015,0.0126820719549805,-0.007390913766996965,-0.012269499776526915,-0.012926092219462948,-0.0010998711205578715,0.005873650594822477,-0.002997681201201252,-0.01380200177628721,0.02426097603296662,0.0017414140059603955,0.001528354989557723,0.005492131630342234,0.011464484857565793,0.00864712626059716,-0.007532142639224082,-0.0357432660271888,0.012457768197600805,-0.009629803476854493
2025-01-14,-0.005924414671994227,0.009159696822974128,-0.019056385994579372,0.023874418009329323,0.022380820669117174,-0.016212823678710575,-0.0018946598852641605,0.0060626788115880625,0.009888301263627053,-0.013671719379026781,0.000463606686287088,-0.00286853863679315,0.006993746693943592,0.0006571660310630278,0.015410642186997725,-0.024291725840024037,0.018244569304443736,0.007764129928642394,-0.015296192344092407,0.0013162049755202077,0.0019680326750239896,0.0022265193180550646,0.012486686003686964,-0.0008492180781594083,0.005493062036683538,0.0036747967542118953
2025-01-15,0.0013630314762624884,-0.007239623665265649,-0.013361085541175877,-0.009377650612528043,-0.03579004581694589,-0.009513591459372917,-0.020934012838493388,-0.0009302304390901295,-0.022022811727385516,-0.0412346990932857,-0.007841971673790082,0.0006635955769729307,0.007874611392065134,-0.004811457382044582,-0.026368901074332873,0.02017282905515927,-0.014158523922553234,-0.0199619805930491,0.005661135156747932,-0.030840484205746477,-0.019485925205065424,-0.018219297176027105,-0.018460653292584728,-0.010096172608603071,-0.005359852065960347,-0.004928887875185639
2025-01-16,-0.038287489230817706,0.02523863349389477,-0.009905183148712138,0.01721037288834104,0.029471625143280278,0.04975078334262251,-0.008212056778237886,0.00814269258646605,0.004932697493169158,0.017071499332296236,0.01406557960304533,-0.00635225532935324,0.0036254413741740876,-0.018135990505830035,0.026124031065457576,-0.007318331270647849,0.012273702421305765,0.007807384276527829,-0.004830899909483377,0.014550484173833533,0.014269279696057735,0.009348868366849894,0.03138085995534157,0.016718172350287164,0.021489955152021567,-0.008104101876435621
2025-01-17,-0.002455812386909617,-0.0028236132262817737,-0.01376189731643962,0.004382826367218318,-0.008109042241698061,-0.012680905221241545,-0.0024038491453797217,0.006992103357479795,-0.018175000779571016,-0.017457577739225405,-0.0004248910516126969,-0.02137400806308065,-0.007009150366827255,-0.011260043782307494,-0.012404791802046788,-0.007586170600181852,0.003301033939192566,-0.005322836116982588,0.00868242246983475,-0.012570885055714576,0.0016782088921691862,0.0049336376758482015,0.015285386629771747,-0.030120198100143547,-0.01160721546195509,-0.02723681305392245
2025-01-20,,,,,,,,,,,,,,,,,,,,,,,,,,
2025-01-21,,,,,,,,,,,,,,-0.008768227105582893,,,,,,,,,,,,
2025-01-22,-0.0007929715174601615,-0.003937872760462424,-0.013354154659047435,-0.008020710023713629,-0.005763031140242569,0.005026657285791103,-0.002295467634215509,-0.04448878546758084,-0.02479029103008945,-0.0220914839805586,-0.01059718797244158,-0.0015770881797765313,-0.00780447019459074,-0.008266693396256297,-0.028533639043246795,0.0052820582391972515,0.00904344013914904,0.0025830532904398407,0.09080575651629652,-0.016654082581708862,-0.009234707566419087,-0.012106480255015373,-0.015726169140887425,-0.014949769237864396,-0.008546238266803563,0.0032839817670964333
2025-01-23,-0.006072964415668958,-0.005404971961406102,0.015062799849981934,0.01679365101827557,-0.009155988724221076,-0.00016909509111484589,0.01076307172385449,0.007647486707131224,-0.0067925498497241055,-0.013452897127228303,0.0071384211684519805,0.005469742356227769,0.008040415564261494,-0.012957918019380288,0.0062296379457826845,0.015456269687485591,-0.0018932626549359455,0.00343790180026482,0.027045321719808113,0.003237676876593154,-0.0017344341994498524,-0.01512184948248807,-0.0014955021609346364,-0.005050640051496469,0.0026835922129098133,0.0038944271016587706
2025-01-24,-0.0010794419434760893,-0.0014898958131212003,-0.007655089950270089,0.00588170409724631,0.002478770531626928,0.032439540138822,-0.013343786646127676,-0.0010818483332566409,0.01492784435211747,0.00832597091862275,-0.0026304652421337282,-0.012304769966259288,0.0014887987104582612,0.002855132319398823,0.010930832953744973,0.02020139494441664,0.0015183826625096986,0.009430136581920268,-0.004526600871488595,0.0015227628419020034,0.006219433091550597,0.014565875935797612,0.016845965660123197,0.0011349047678470559,-0.0014859688918786862,0.0048548327123874024
2025-01-27,0.046360933553102335,0.021976556530054925,0.020599763486002454,-0.016452326493572533,0.04413364176323342,0.02767457920347427,0.03793896251056217,0.04027244416580089,0.0447319222073439,0.03455277055355821,0.01160018847800559,0.05448940112864897,0.041104259329743265,0.04682724988053688,0.03042901147865784,0.03371618907295115,0.028567339916065304,-0.008187458712870632,0.008750053765404164,0.0633375454129328,0.05139672721583688,0.02766573734125921,-0.014086575271957669,0.007807658075960289,0.0388608919979192,0.0374072327526942
2025-01-28,0.027326146070656643,0.0004492308130776834,0.00884882218910299,-0.021091814636470918,-0.026221067744892634,-0.01627861522108387,0.03456136570788049,-0.038119503127725385,-0.0194478775107505,-0.03517406268720502,-0.0023914298081793017,-0.00263886542193692,-0.009729226138550096,0.005013236793018239,-0.03356215061461543,0.012680077016827829,-0.01000993539190509,-0.015688352926596205,-0.009279649417981761,-0.011068212062986249,-0.03741782399022098,-0.010527543698033548,0.008434914675155225,-0.013458856837015754,-0.015382469712501567,0.07175773286281828
2025-01-29,0.009295704858952036,0.0020594312320446617,-0.014795610381770463,0.01221169555243462,-0.002389009580593515,-0.0036373369826788737,-0.008585159918531149,0.017575785961019164,-0.0082046492801372,0.001339571642512194,0.017840328264111194,-0.010026977036434737,0.007309674398673027,0.009812421160615314,0.008544741490709051,0.00788198247194194,0.005603516097636763,0.000745444952923946,0.011182129792117856,-0.0008824224227531596,0.005477333962771058,0.06803241117600478,0.012809974831183513,-0.0015644171649409344,-0.007431590833801405,-0.011566619259102295
2025-01-30,-0.012670178412238053,0.004505439144443457,0.015526106838841036,-0.051685814398501284,-0.0019973268422515122,0.03361626736769763,0.013071581965771184,-0.010172795831225101,-0.026434275662009954,0.014224611569729761,0.12436616083580998,0.03673673965753643,0.02608403047189478,0.004768910542408467,0.017129581342633093,0.0102606874560347,0.013597384719645556,0.01457737295217254,-0.010295144831038439,0.0033462082981037256,0.004899558848703522,-0.00859231795235238,0.01515761210834321,0.013888845680905204,-0.1464025999504871,-0.00424325878105658
2025-01-31,-0.0016452647248995644,-0.014123550463398749,-0.006465942980457884,-0.004393689378851318,-0.009889764344322205,-0.01893539998312721,-0.01546693624575779,-0.0028270323538950315,-0.011184107803675736,-0.013948786214332487,-0.004903952398661371,0.014595926304340923,-0.013645537747389302,-0.0018637931647217387,-0.002143747787539896,0.008220097166265372,-0.00920173832947202,-0.002062594176664101,0.008663662443158637,-0.013319773348434594,-0.002918811178625358,-0.0009266607332997223,-0.03407859623153098,-0.01019701555107333,-0.0007843457453602376,0.0010372201812144377
2025-02-03,-0.0262473739681659,0.010237455529892081,-0.01661690904374824,-0.019017552704891028,0.01623266413536828,-0.00030228527547082606,0.005787463567038298,-0.011240631366533083,-0.05857476312048593,-0.0021736310415723104,0.027280081602352402,-0.011834439623395032,0.022948151364801106,-0.02141378633097102,-0.0023931114534314624,0.019622661203464675,-0.006583251149580138,0.01638855459997135,0.009840411890371437,0.009020735158700388,0.004821320562449105,0.02962861113925852,0.015697381195569626,-0.00212081953583676,-0.018129070712902262,-0.001823190580773737
2025-02-04,0.013783066784463394,-0.003508500478635268,0.007933938476073044,-0.006118425200733579,-0.011453071552448013,-0.16791113034220062,-0.022733042155648198,0.02007528204884612,0.007370329667209852,-0.027862148617333382,0.007081207863250283,0.02278570299649796,-0.015807304115390552,-0.004952542939344662,-0.029694904985462345,0.0024245340049551256,0.0037056184168002826,-0.01142880812882141,0.009047845458217463,-0.0011145054229415585,-0.05234358697311092,-0.01079478614946272,-0.014976753433066703,-0.00465226518908568,-0.0029116908960649113,-0.006528207923892415
2025-02-05,-0.005326226117717825,-0.009814690327498266,0.01290493357464162,-0.012473420821541348,0.007508674079804267,-0.054721838060900696,0.020183233279862822,-0.018672505174165965,0.001909249362307186,0.004243738060452529,-0.008295058118676035,-0.005469534747322147,0.008933259947349281,-0.015942162657333503,0.019434187995204022,-0.0029429894591523897,0.0011676599606869065,0.016541909749498318,0.012415073461245818,-0.003441447022913824,0.011214269808800914,0.017924778880747505,0.0018479180202943812,-0.0002917444194148189,-0.0027456122434872388,-0.006113389114571488
2025-02-06,-0.00041813961171977,-0.008739952497375802,-0.009888486677583797,0.014747696686271183,-0.020343714533212376,-0.029122082840391528,-2.503037274026454e-05,-0.07856922621109341,0.021552821830142177,0.04035245441388002,-0.041091993334558374,-0.01041850340170658,-0.0021080853176336234,0.011713183154932638,0.003320775138266008,0.006456775484245281,-0.004496888221211415,-0.00139898703900454,0.0008754937049708644,-0.0077302093804735295,-0.005772486827979484,0.015907681628027692,0.11655187143389045,-0.025730175527974408,0.010386069355168726,0.0044962361654703464
2025-02-07,-0.0145039816209932,0.004113399865957712,-0.0027531442346530044,0.005168786783859791,0.005859400313275809,0.02144726955750742,-0.0096480603264677,0.007304731605179415,-0.000930645125062024,0.026466174452660862,0.005124365832671507,-0.02306413780221006,0.001689338843670729,-0.0016617902713317312,0.020185874915215507,0.013018202027379466,-0.006619789371615448,0.0036775471976896457,0.007741756461666194,0.005830923874302285,0.00416720943038329,0.005702240631339506,-0.012676270281791524,-0.05729319092216101,0.006292137465092162,0.002889620973561491
2025-02-10,-0.005525149977270827,0.034920447748200356,0.030747820755087973,-0.008526427667949088,-0.011187844552201898,0.04987662569757467,-0.010756681058882278,-0.006712541085862833,0.001683348589926137,-0.009681647338246724,-0.012297457531757261,-0.019185434422287373,-0.0018436898449651906,-0.006712541085862833,-0.005343903596604305,-0.002681807751917731,-0.007913564174974241,-0.0016010056465720623,0.006769695606790416,-0.005888955874165935,-0.00830338554676524,0.03223314124913412,-0.023258866823258284,-0.0025769244535347458,0.00257045939442313,0.004666879446935113
2025-02-11,0.021492178251862448,0.01677414169850322,-0.0010209380742143281,-0.003065186231521966,0.0028168357741213956,0.028768375868127638,-0.016766297160129118,-0.0035862571943485744,0.0113941469789125,0.024195944541715253,0.021444028944482163,-0.023403758544781827,-0.0017364949453116951,0.004934657261550512,0.03246417867512341,0.0030057915801779966,0.0021990983488671123,-0.015243320932416426,-0.01933533442786861,0.00694851684906328,0.008597027867372153,0.010878887289955674,0.028882437104967185,-0.005149057137072477,0.002901580433272155,-0.03799743395715083
2025-02-12,0.02099393678494421,0.01131111744127511,-0.01113816511061283,-0.025407433451621997,0.012925874096394119,-0.021035168984306685,-0.006658756505917407,0.004895290576004796,0.008044109262411392,0.0015866864548007564,0.007081880035269106,-0.0074687604137401165,0.0025466944126344426,0.017064559383052846,0.0052051753146095114,0.010476073302543853,-0.005272594334150393,-0.013458837068522134,0.021799775134404453,0.012876747427318702,-0.008605382542839268,-0.01049608555789927,0.04906098085202559,-0.0010408615228849616,0.0003663049403289653,-0.006462444975781856
2025-02-13,0.009246973896502642,-0.018076064077924947,0.016996081496677418,-0.0057109739329044285,0.00448664267814225,-0.0011550065484926542,0.03749942743487433,0.0025750442142626895,-0.00863668668989348,0.006843256955148647,0.002786724658518036,0.031907866651671,-0.0073977099391420165,0.04353925228259725,-0.0011854024874025093,-0.006042291367994057,-0.011433972670502834,-0.012246865234406323,0.005518266419154427,0.05588613060773051,-0.006328810509527827,0.02796297168599704,0.00731138619277627,-0.04440997791156709,0.0016514527316568994,0.0149800959911639
2025-02-14,0.012782578124276633,0.002118898293160698,0.021716007328430265,-0.0010022822511017715,-0.020770235133114934,-0.013994307050203547,0.03405605585533189,0.013975645746071241,0.017744459390810596,-0.009712423192646646,0.008135496792332941,0.0028161482059786414,-0.002664954236456629,0.003180063682685197,-0.0054871898977931766,0.011203300477809264,0.004329136548950507,-0.059814223459216165,0.014357768787790381,-0.005128549636657209,-0.00815878821571936,0.02172570658816897,0.012306416682077548,0.013111595830566869,0.0050874900306555615,-0.0006326732123256296
2025-02-17,,,,,,,,,,,,,,,,,,,,,,,,,,
2025-02-18,,,,,,,,,,,,,,0.009099677804697892,,,,,,,,,,,,
2025-02-19,-0.0007407527379414969,-0.017718150019319534,-0.002047693481442181,-0.0052019310428338406,0.0024371445053146257,-0.013320310085413012,-0.10291811172160359,0.0030051335821736913,-0.004545695380676951,0.0032060870091814575,0.002374558652589398,0.004809345023422784,-0.002570551232589424,-0.01893374243634649,0.009881863457604112,-0.01996569380064328,0.005744309826030802,0.02837553424645778,0.004844164029438325,-0.004347811024492332,0.00948966741155588,-0.0018450072945830343,-1.7370378510461748e-05,-0.026214280698180104,-0.006015834340375115,-0.0027290677510839467
2025-02-20,0.008254640130601287,-0.0006987212065001636,0.002577967940287529,-0.00657224156428593,0.005005034502758465,0.003493832625547255,0.0018114360659350348,0.009687584789907722,0.010292220955319897,0.017756962983467628,0.0059230931863852865,0.02903234967686663,-0.00484769756347625,-0.02100094462544677,0.008209504691977565,-0.008354668559371059,-0.003122522318624088,-0.0060738736665906234,-0.013675436035429755,0.01201381426919712,0.0268977495510202,0.012118508721258636,-0.025819471739599864,0.0230029298817781,0.018247168891708188,-0.01586073399957244
2025-02-21,0.015925042847958704,-0.005742609890515227,0.004308478826727802,-0.009027791279122899,0.025682352679010867,0.02351213834638677,0.014340329033506793,0.005349512531623746,-0.03609087691064916,0.05776269979462234,0.004750165742928858,0.002066666790221605,0.00682063372942876,0.003144972845005256,0.057276502658571316,0.0008158830668374417,-0.010437926809672038,-0.011957097000952488,-0.0038135343869816207,0.05223015530182562,0.04657455762725049,0.016197551375400576,-0.005242872628904771,0.003046497615818766,0.014748468933708292,0.005680100543384636
2025-02-24,0.011281536296362304,0.005194183255093687,-0.0070605130347768386,0.0016753074498451204,0.026425353031606535,0.050930133915251474,0.043595782699626495,0.012512345062029695,0.002411886808770025,0.03377848475572254,0.006460683833872993,0.033245439077935535,0.0076415519800732135,0.019424968233632045,0.01563871732470723,-0.017589533129776624,0.008417850293447993,0.0021248398199049667,-0.009664819464880181,0.03336619804893348,0.00724935203913879,0.016131727426629938,0.0026047602830281402,0.011469095573312327,0.003507818593207701,-0.012000608960796466
2025-02-25,0.0044369448161715175,0.0024070840158987306,0.020350666571633647,0.014829557463917564,0.03237744621052119,0.00041887034110554833,0.0026136038139765727,0.012166277847773244,0.016275640701144956,0.009234447444299021,-0.011053251969869171,-0.03551068821120096,0.013677958397325107,0.02228230296069189,0.012635598064606568,-0.011230442691581466,0.011965832663036635,0.018395034401928245,-0.006681272425508866,0.020224915467842997,0.02138416258496012,0.013667951544893975,0.0004138400528996833,0.00965375461970186,0.021466822852470924,-0.08015377565497928
2025-02-26,-0.027176209952511465,-0.004443558269660919,0.0034160596327372783,0.0005065197779505759,-0.01804317735161587,-0.02019493758034474,-0.02705114335453096,0.005171802970579176,-0.001539607802316434,-0.041334007503739834,-0.007546474011616233,-0.02107274147509175,-0.005029477416707451,0.011890376362276855,-0.03702122647563477,0.024502933741119337,0.00593744291233933,-0.0006050855989165882,0.012982530972246664,-0.016953789833067945,-0.03152586000687696,-0.02586244917747249,0.029972290797875445,0.0026804885581144244,-0.010465331834133784,-0.0010791621630020787
2025-02-27,0.003133657546210755,0.006102384779872794,-0.00393412202723431,0.008333510666450827,0.02304762771787605,0.011634122481853248,0.005999908999719916,-0.0031428871292366045,0.0253132062098701,0.02199461808993164,0.0056629048404971405,0.00010773446486844751,0.02218948555539646,-0.007739584544143252,0.024217619741108254,-0.0070834862066195825,0.03682376570896195,0.02355918735293605,-0.011396396058728775,0.004904773138339813,0.019230726592155745,0.01810319623962664,-0.010129049331116025,0.013274058799427113,0.022195346890770407,-0.0012629479807200195
2025-02-28,0.0032777169808801965,-0.012720506835549372,-0.001297671794287858,-0.00423642385248324,0.0008780003173813888,-0.025631002041507256,-0.01585414463498891,0.012132878252008927,0.001009643228128354,-0.013707247230954511,-0.018973866197242284,0.011590009721760719,0.004488473263279058,-0.01935531970513149,-0.011946656270785061,-0.0007227482676077646,0.014706612021226917,0.008985917928561182,0.0023065348974036226,-0.01647553779709976,-0.006315985891617082,0.008453263578429793,-0.0026884384248888615,-0.014268528761509858,-0.003952434326932819,-0.004602776279788223
2025-03-03,0.0018425070155135836,0.022521957622175348,-0.01766068827721934,-0.0170303585230428,0.0253305440767273,-0.006461189526221989,-0.024208289778143932,0.0008429213066378782,0.001887455182034814,0.05112105293551772,0.008683801844458383,-0.023582850082710105,0.015184968170738111,0.033658303303144343,0.04172882186239546,-0.002083120504179692,0.006637407189233668,-0.01163871121165072,0.010600767665321698,0.04143099843163234,0.03401704932471472,0.0292398451990461,0.002026688616378669,-0.030170485938926683,0.01952908165708145,0.0258735459203292
2025-03-04,0.0034124241882098616,0.02428328717554884,-0.12080648545914197,-0.003697077683523453,0.00018772509651687752,-0.017545613022175277,0.020593641154481257,-0.016519187044197303,-0.030389933471666852,0.0003581286167030351,0.024305707990370684,-0.02723138086542809,-0.02229164888319979,-0.03584679361291587,0.004785699813475319,-0.010740534807847646,-0.037041660774629115,0.002196144125531707,0.011084580031804014,0.02792301015731724,0.0006954689651469392,-0.0177470469344031,-0.021300686678003,-0.0032727505682778046,-0.00847629743846956,0.020578290025048074
2025-03-05,-0.011964510965413844,0.0005215316248645685,-0.0067709046943480455,0.024770352948576324,-0.011610951765461786,0.04494288947167946,-0.00024134571520550985,0.04695460509596949,-0.0003818095989693848,-0.0074740214707207375,-0.018505004080609733,-0.004512651392329925,-0.005340219952205683,0.019631173121490875,0.004310151571973453,0.0145750844214243,0.0008385546491895823,-0.00397342218411767,0.007697778315957526,-0.029594684764156054,-0.013169835631644311,-0.018376531935440088,-0.011036274274911273,0.012657849447166747,0.007934878581145277,-0.0022176234661688277
2025-03-06,0.016079837609449532,0.003502918984332304,0.05846503308849538,0.025263946347514055,0.019897407528813083,0.012673691477613547,-0.04318097765546103,0.01367403490565089,0.015342996530356645,0.03465232809465346,0.007236130669278418,0.0070146948868734516,0.0026301216125302895,0.06329644928854761,0.024757104225096804,-0.025655966317122525,0.013280082124768278,0.01127127344252521,-0.06751584372907127,0.02736220611429918,0.022563111368022803,0.01861843190626622,-0.0218447810190443,0.027402930728189445,0.030253929296020776,0.016231770053879102
2025-03-07,0.010371933179954107,0.004866528943659354,0.004784883691436592,0.0217219527130994,0.007465342689836785,0.019220793982887452,-0.008715538429827419,0.024656249268611097,0.011013341542476018,0.022533243977817197,0.04615023521046813,-0.00552061780274804,-0.01106787715532509,-0.031202792102474453,0.00915882063809792,-0.009135762765728028,-0.009876232685805286,-0.005945902451170659,-0.02234617827737384,0.019418906528432922,0.0022115776907309925,0.003188241665761149,-0.04154750534416607,-0.004309370828716297,0.0037739616466094805,0.0011036532327945991
2025-03-10,-0.02150649621472056,-0.004891633925338756,0.020046859421427365,0.012442572428732035,0.03471800397808411,0.009649265642412974,0.06650305538613788,0.03303374771176304,0.0030956872206782116,0.03399790037077621,0.009231923882460413,0.009375973037761498,0.009323908196880226,0.04773096427895318,0.03302580362322516,-0.01725215083334064,0.03599562757051511,0.009342659783893592,-0.0004421637336123885,0.032075225292957255,0.03869279021507688,0.032213466193333096,-0.029353597684790178,0.02430032392780135,0.018750692502660038,-0.006061944563671928
2025-03-11,-0.021621524776208156,0.004304136919725754,-0.04366214149594683,-0.008190631297954831,-0.0013543107869901094,-0.026302225019540826,-0.02902005940739305,-0.01954069030739336,-0.0068330808653286335,-0.029027899477716113,-0.023378060494303576,0.010038497006285785,-0.013507406891218987,-0.01179946081410077,0.0031657220642988815,0.02047788103845638,0.007025934534152234,-0.0019108034299369914,0.040359701903126655,-0.007074792093278104,-0.017520156095019,-0.02978713450056436,0.02553112431420479,-0.02560751664754235,-0.027749604428289443,0.003212350290205168
2025-03-12,-0.022365493799862968,0.0065045482315313485,-0.03402350093148854,-0.00971353800953223,-0.03305333458775117,-0.050288881792865614,-0.04627792328808522,-0.015206629391068316,-0.0026231944986450095,-0.05278704331359396,-0.002155387624757754,0.003123137106370466,-0.007093041479166118,-0.009166017469874665,-0.047186052170099746,0.01797889844351297,0.01341342224832065,-0.00209375536479417,0.022573750386085445,-0.0056794967938111895,-0.032196038092163315,-0.009016735462422654,-0.008777447240918446,-0.04424841925929657,-0.014340267687222297,0.006049499252723134
2025-03-13,-0.019752789941709925,-0.12464072787728353,-0.018322704478782814,-0.0003639800230617052,0.020586293955496382,-0.009890004884547166,0.0020948841468088064,0.007634415556144525,0.0035012111020775727,0.01974090391727379,-0.0014516442049453682,-0.03317501121429689,0.004722817740500096,0.0009984455158751349,0.009428018629676238,-0.03278732140742546,-0.013664964215413078,0.0168941082499805,-0.01819630652362647,0.01676631227428893,0.015038311925060555,0.027544570906880228,-0.013727863218190639,-0.03094092440746754,0.013630673662108128,-0.009367888846430916
2025-03-14,-0.003095306331146741,0.023462042361658275,-0.004338384380438098,-0.0022743848832393887,-0.027278946279122307,0.004327582159741938,0.006887283102535946,-0.0002795141290732328,-0.016203244386463478,-0.031269319152527064,-0.010891639671050557,0.012088889536781,-0.006241870076761913,-0.017079622092881275,-0.02714014544423815,0.008363814343838483,0.008234457299020947,-0.00932967498712678,0.00999787620344672,-0.022056850372465076,-0.01958054975182355,-0.033307584963210735,-0.01050701102027296,0.11550396460110979,-0.007988085043602933,0.006008026801612942
2025-03-17,-0.004027237463289035,0.0052371251387168805,0.025476491303476623,0.002416707195922685,-0.004399693758666556,0.02921228756131411,0.007603570666569137,0.013111127156607782,0.0063833089407383525,-0.004829896000126954,0.012186723416376166,0.014067855898915571,0.0018281633064030078,-0.006416130719105961,0.005712486056796751,-0.010859721113542387,0.012199609530876732,0.002268916697228729,0.02846399720206705,0.009711228030520935,0.012091084373413663,0.00995239786485791,0.004369909766745339,-0.007786894781133147,0.00471782500288942,0.006521965687243503
2025-03-18,0.0045320827423736,-0.009304421707653332,0.0019779244614183122,-0.006653406379889093,-0.007092548078544203,-0.001684899448154642,-0.024559299199644613,0.013677730634312102,0.012691797028217433,0.004377371213643899,-0.01314392035494516,-0.027059357478433133,0.007270058685635017,0.0324976744689911,0.003893965460842308,-0.026608962984487894,-0.0042933095248565145,0.011388877583808688,-0.010440757749410778,0.018053786882566314,-0.0048742255353655395,0.012806031716839028,0.007143406340638592,-0.02621027684594035,0.017429698654070958,0.014511857939923933
2025-03-19,0.001190824756736486,-0.0196902872539384,-0.0017734288896800177,-0.005125873634738376,-0.0047451489980256945,-0.017265258046888166,-0.009454980711288696,0.011312001099148317,-0.005428318485185324,-0.023016586222288193,0.0108254559784704,0.005636389322716928,0.0003296147932314586,-0.032502152113422,-0.020852775540912027,-0.007879146988022834,0.004375123451756391,-0.004967717986341436,0.020933330536582417,-0.020850714133789583,-0.01670498469583659,-0.01647487007861348,0.024850440929492734,-0.011118378521266292,-0.022492878112487458,-6.28398919382267e-05
2025-03-20,-0.0031115653492814754,0.006619064278591491,-0.0020162260990336245,-0.0048141463459721034,0.0025552537399768926,0.008397811679564882,0.006880758061537096,-0.013547650805074363,-0.0014974581596534087,-0.015024450754055563,-0.033369474917494646,-0.01522802003219137,0.002725849426737037,-0.022168744584410094,0.0014036892312371263,0.0055063533704255985,-0.010477436804031681,-0.002716633924803369,-0.006830290813432227,0.01282743817925236,-0.0042968337823825475,-0.006378396097071692,-0.005842234892739828,-0.006048513580534487,-0.001986386122311168,-0.0008311486846981353
2025-03-21,0.018652173006336037,-0.006856263709957067,0.00026390826795164024,-0.0022225099079772326,-0.009337712578381452,-0.016555266569755367,0.0031815852336865014,-0.0018237303411882122,-0.06532240628555486,0.015652284591789023,0.0014356441072476134,0.014998006035429112,-0.0021110801838807314,-0.0030471884632480295,0.00793215507756484,0.016666740493551435,-0.006840424364512598,0.00019363453101250983,0.009113924004521712,-0.0004381798799550918,-0.012377459759346454,-0.005454418373445735,0.002055579926395934,0.02757158070358723,-0.016895870729242812,-0.0016137835220715324
2025-03-24,-0.0063755689718751896,0.0009719600694024777,0.011038144827488328,-0.00010476409053250535,-0.01997925776228504,-0.010177759964472788,-0.0010199751000301571,0.007354073463024635,0.03440972464088499,-0.012681222462916919,0.0011345872001897739,-0.018268799816859693,-0.002749410738973168,-0.017646000146633645,-0.010825311553166461,0.020257586794250937,0.0009093728666342837,-0.0019615021552286116,-0.005462199657975564,-0.037732961508743834,-0.01077077824473327,-0.005450966227762422,0.017911829568450166,0.02682442234296767,-0.011564267530442374,0.011707635389854198
2025-03-25,0.012107578136821617,0.021672081733947524,-0.002912589510581154,0.001206151819136414,-0.021873704569956298,-0.02188563116561204,0.04116441618332001,0.002328104893497329,-0.0067327438622381,-0.01812094633790251,0.004261799566596114,0.0015427745948808358,0.001166370254138016,0.013675803017646704,-0.005577408653179461,0.010480431900792953,0.0007110534632137622,-0.001923702380753789,0.024444446509604978,-0.009162892977544912,-0.00778818163852546,-0.0023851277277688876,-0.014780748910265262,0.010961160023792882,-0.05209253037920525,-0.002469470251815986
2025-03-26,0.0012350942863393888,-0.0032866704640230893,0.013971179041671333,0.006749751525807368,0.026243438924248852,0.008281644613668093,-0.012473367781819289,0.012128826055033293,0.021942124800926277,0.03106865282660831,0.012917712498949574,0.008049513043074552,0.01832920741461319,-0.00943386805917057,0.03650853892828032,-0.013319899346719954,0.00581482603889083,0.01591014228632115,-0.015545640778429792,0.00788002433458923,0.032457032755346726,0.02568834092354677,-0.0027618612062837444,0.01425873909385944,0.020797742056883117,0.006677240996799116
2025-03-27,0.013779646403938917,-0.0008658747041968562,0.003841410194278194,-0.001999234682774742,0.02287236061520692,0.01939436091886837,0.008233079575719837,-0.035528059598666784,0.004332908727927243,0.0157682545074328,-0.013190644455303713,-0.00043386876053941315,0.018787479408413632,-0.023575543423103418,0.02094613111527821,-0.01044136657077921,-0.024463358393905232,0.005857742841346769,0.009560466809756307,0.017653736031150724,0.010236443665642914,0.025287070077023244,-0.00931514540924061,-0.000887688631561967,0.003306980860763864,-0.0095497948617137
2025-03-28,-0.0068430317625622905,-0.0066164397794918894,-0.012585480556894457,-0.008585787803284783,0.026379924414729028,-0.003115654450669192,0.014835269488990499,0.0015554566015704152,0.010676845083175457,0.01528291661649439,0.010761142074033225,0.0015896266588377728,-0.010680324904684735,0.006987014726015484,0.02299661684622889,-0.02314516681463663,-0.00451515593285956,0.02126382681314143,-0.02415452987187494,0.02494303860305014,0.017064756421433125,0.007250123733361535,-0.014627008652776552,-0.0096141732125814,0.007576121874572239,-0.005529808104495104
2025-03-31,0.013873895173085904,-0.01119041735784132,0.010472729945860682,-0.005204856044723538,0.0034431524373683686,0.003327330609774082,0.004956267310888718,0.026354501995611512,0.003025459876010883,0.0013495441196138547,0.01355990615048075,-0.011911932094467614,0.008353124116227573,-0.0335206143934208,0.0033832130582951425,-0.0061972321179520895,0.008408086724160713,0.005593354545275542,-0.006952065299946408,-0.016971009587119057,-0.0010500106616304627,0.0011803262573080175,-0.003260744484535616,0.01412934306397573,-0.002529257360127879,-0.019835685482759158
2025-04-01,0.0009909501037037582,-0.004641628575914436,0.006543294667222366,-0.0014465438140593978,-0.009412928281115174,0.024552148180344346,0.02483255143236751,-0.012754390090074508,-0.011164941919153293,-0.012025396351594497,0.002974976384988892,0.04689211004212579,-0.003069732510833756,-0.00304305119273951,-0.006728965361122108,0.012944362963589029,0.0017342615096900271,-0.007938217331475816,-0.008231504325126093,0.0034344146126992214,-0.005582037952942098,0.0030801382153535783,0.03144088613558926,0.016325696789891042,-0.010418074838894453,-0.0003923238200624901
2025-04-02,-0.0035918593141577304,4.546646626080175e-06,0.011558804040329385,0.005644388335537931,-0.01723330514829413,0.00638493245834626,0.03221677617208463,0.01439853707479366,0.006454748490129614,-0.04015583473459172,-0.00816627013002047,0.01463943582989402,-0.0087882027786923,-0.011522607695896525,-0.029196766613160063,-0.010260575939225913,-0.006118886955705838,-0.004434617545620911,0.0009626704075071935,-0.008396437521762112,-0.010402886126964939,-0.021549100392343146,0.018652466893968267,0.01627200859325595,0.0018749972768941081,0.007051923072911359
2025-04-03,-0.0440605469930454,0.00036307895601750406,-0.13000124014583303,-0.03796061062149991,0.07092141742977398,-0.10532750305411775,0.008530532318085093,-0.01170275625537276,-0.07115408129430467,0.06596196190520953,0.022433611054740843,-0.08848424384879805,0.01764910578301071,0.007446961779233097,0.07516120354398026,-0.04118706540720951,-0.005881453045065377,0.044986049701165154,0.02865260185325591,0.08132588724079792,0.06348416783183419,0.06098275748021298,-0.08071865196086714,0.009834550974011091,-0.04307432507333997,0.02454167688750819
2025-04-04,-0.013137856558838923,0.010246561980571944,0.031141348792134482,0.0019264791971436157,0.01758634094520317,-0.030643883264464877,-0.02267141698545938,0.06394236992120428,0.033158281173488624,0.0322367087643185,-0.0060026655693291575,0.0216609372210248,-0.017113994808529043,0.007682309465776749,0.03633270111068332,0.009168370093503908,-0.03206388154156892,-0.016875030861218998,-0.006975253426854011,0.017210538608847137,0.028303461415864484,-0.01408678306902067,0.02671845826966146,0.03690855631625822,0.03567847159971782,-0.015335718886550831
2025-04-07,-0.034402748770474556,-0.02164651169891596,0.01540225973834708,-0.025508143362684477,-0.03103640701821342,0.0027094286426242453,-0.015228158562566874,-0.03315918028470688,-0.02094091794996733,0.004550284647123148,-0.005141670445979685,-0.02574623233143658,-0.006346070834067352,0.001923917868687841,-0.013955471808957953,0.025155535853856992,0.015254109993441456,0.004793392330820656,0.01631738860783083,-0.029772690313720762,-0.02099574130972537,-0.00347243503566963,0.0031259331931307033,-0.04338867817992853,-0.019672418251502677,0.006759561816965909
2025-04-08,-0.03411765276729084,0.01364589532328675,-0.06693873402419137,-0.006151898918657639,0.0064367657613724205,-0.03887930592753308,-0.04937739001790875,-0.04382330589068928,-0.01918711843128762,-0.005824617977456703,-0.005337647251283717,-0.06429947251273205,0.004166460110866521,0.0008162736739236731,-0.0022360748983050183,0.004465735486081868,0.004887575691892798,-0.005136901574304575,0.01866197775855638,0.021348523392253016,-0.004482394501341025,0.014200543532123855,-0.02224198299874891,-0.027806847871123197,-0.02239072958442645,-0.004137918390379802
2025-04-09,0.05813456020305563,-0.02268324513011466,0.03801341187602936,0.0036635558924509315,-0.09210261516794471,0.026699949126257838,-0.015742069119313307,-0.001943210108276583,0.005164200764705029,-0.06335003297286823,-0.030547310452790022,0.10693949634362143,-0.01945880575996295,-0.1302361757146483,-0.061903838806927514,0.05240220440924426,-0.007390321723747428,-0.038227534384835504,-0.008906219327919462,-0.06676630336019684,-0.05744908914731761,-0.060237151182577,0.015077028037655316,0.012098925686223616,-0.010950160180285051,-0.018242255496602633
2025-04-10,-0.007786208188144572,-0.005404559153078692,-0.026664981536267063,-0.00475992154696403,0.05285884734244628,-0.016318449852895434,0.02416255063581807,-0.0032870443081491896,-0.01834289548476198,0.034181055790337256,0.010129235628646538,0.0071460888821169855,0.0033908165159461934,0.055521384663747675,0.031434959011448216,-0.03279092584119403,-0.004071036867315692,0.029046557498447423,0.008906072604355608,0.05536031651758733,0.0246482460096209,0.039393721946068716,-0.015332973743855227,0.011919757290652755,0.003501683847102699,0.0037012568210911256
2025-04-11,0.022502412205507305,-0.01117875850087846,-0.006711443866927347,-0.003256042359492728,-0.01250282555929405,0.018118105798920592,-0.017633246137316316,0.0026956729669542767,-0.011454439357585944,-0.008585190545632004,0.007741021100534207,0.017720490838690317,0.0027554354369596634,-0.005485780506296223,-0.0018750187106719718,-0.023071036828339553,0.0043191602469847545,-1.4154434455182496e-05,-0.021218493096550217,0.010117926098654806,-0.016080323385870177,-0.00813566941023236,-0.026227180925307958,0.00024845705681530994,-0.012706633219506713,0.0067605942447812595
2025-04-14,0.014109284201714312,-0.012370614036941063,0.014064198562679486,0.007969337248983521,0.003842608030663053,-0.0014264992929038378,-0.006797853365461126,0.03278405273546814,0.004954182429288467,0.02012677898364945,0.007258381304935169,-0.013263798497118895,-0.0026283704749274772,0.014153013841817996,0.010698001091063114,-0.030186723511649194,-0.0075033746975778914,0.0017150562810159808,0.0062011014370875195,-0.016459233502676973,0.008118467898628356,0.007403131123992379,-0.0019510223286087758,0.005307123657816382,0.00843342006986103,0.0010265106522564516
2025-04-15,-0.0001485932243528998,0.00021742560338156025,-0.008310996426799555,-0.014004041481530005,-0.003102718690368045,-0.0194990885048808,-0.0017086800634491528,-0.025048784143947955,-0.013002525189036107,-0.012071569875101607,0.008587860995391439,-0.039047597776433074,0.011328598157620884,0.01959216787452045,-0.01686668879665021,-0.01701221269997355,-0.0037866779970429087,0.011553182245904403,0.05004837275997087,-0.0029479514687572594,-0.024916100731333213,0.017224111614927762,0.004236317730748618,-0.020552092589767423,-0.02026471577041522,0.007562709333821194
2025-04-16,-0.01652500877729579,0.004741831344466818,-0.0022890404714788204,0.011196199723347955,0.0023266380326489866,-0.009754820488024118,-0.00012035356479145332,0.017117394107831863,0.004130032754431023,0.000258947766552442,0.013559354397711831,0.005683625535036985,0.014773665484574705,0.027394464273382768,0.014203124401095502,-0.014426288194511194,-0.013078760808851508,-0.001254143339144087,0.007402467883053987,0.023367106181009678,0.0031560418447632577,-0.004099762066376855,0.005673983129426241,-0.0013286780438006573,-0.0014259167537190587,0.005833723031026028
2025-04-17,0.012622892183577816,0.012066884321872307,0.037915180301700824,0.012838726237572207,0.02208016795020673,0.033044663643343686,0.03700808783496767,0.0231412687279533,0.018274313067083936,0.01304333950125569,-0.0003210424225221775,0.03694385648800158,0.0062691478851635285,-0.004502070053889362,0.011308522557447631,-0.0029792129860638505,-0.003243129941319145,-0.0001376270362623,0.010528026725305617,0.030566632183685716,0.01830341980085115,0.00791677776043831,0.01092065394465802,0.022014801389499405,0.022346268432915206,0.0027462086453931
2025-04-21,0.004174638753925652,0.00756982453888011,0.025826552084761256,-0.00409276593215302,0.0024040979353487923,0.02209869617008664,0.03240100097783827,0.00695275137848439,0.011859471642616248,0.022847233163278857,0.012722120619096278,0.04882343573728509,0.008084170424917492,,0.030103436909307058,-0.009973248418703173,-0.008073689893173919,0.003137534439570211,0.038859919166235435,0.025516609753256536,0.01579647712215404,-0.009099373825609547,0.01633934810580051,0.04570589533755054,0.021700814667859114,0.009579522260342754
2025-04-22,0.008947789563531705,-0.005625326576897738,-0.004669556713381429,-0.002535236454051404,-0.01823343174932357,0.0033806352616774227,0.006090683939705244,-0.006109978364806423,-0.01804818088961757,-0.019290328587354466,-0.005305201416937466,0.004842888436745962,0.010243532853581705,,-0.017295519917467583,0.0071116171638991865,0.05609468941838647,-0.007074305422303917,0.027954392854678822,-0.01687266311446911,-0.012910856742145649,-0.006101964171697949,0.002423240262837467,0.010433973996339496,-0.0189874443515079,-0.007455085496878899
2025-04-23,0.0076705000315955285,-0.010802524051498397,-0.015241121405831448,-0.0008626940752971546,-0.03322347049963448,0.006935564587377208,-0.019709241861298188,-0.0031895580335536966,0.004977963716516598,-0.02167802517303008,0.0023509247905875164,-0.002440042785577745,-0.01157884755136962,0.01426070417914338,-0.029986604887104473,0.02329653672952703,-0.018641679357531138,-0.00625125294905482,-0.007769784854371409,-0.013759026371569227,-0.025025803992750006,-0.012596027479214289,0.008908647756599608,-0.01911716392948737,-0.012840369688666087,-0.0013966063543309204
2025-04-24,-0.0018328504746640828,0.005169947617780224,0.019602250325477133,0.017236203366436165,-0.039058625592272245,0.004016230709128044,-0.025500469324533537,0.00837084249862019,0.0017747223372084342,-0.035925229962347816,-0.08604847931158355,0.0054477721855912264,-0.00997622628452044,-0.00516754306731948,-0.04786375416420707,0.004497187898973687,0.0004669891751583055,-0.010875769914501898,0.024787017092014585,-0.023285104706249116,-0.0691133293900279,-0.009347294966904895,0.005574438173185703,0.0014224732381382665,-0.002668213864326141,0.01626424158265083
2025-04-25,-0.003005998488844641,0.01149582967730578,0.018535969900267624,-0.00870924404217066,-0.01635444104092043,0.0052440749607420845,-0.0005673951937441579,-0.009361255001458568,-0.026520990587596494,-0.011702807601642773,0.0060573023253731595,0.0001457091720846737,-0.011071023078173092,0.0071222867402318535,-0.006304799051365384,0.01911101672678117,-0.018605827226300997,-0.0025149534860313683,-0.0031246497571741916,-0.026437967935969198,-0.021636672267426826,-0.11954788284828333,0.0011189538555571588,-0.013229064055692685,-0.017583442715179642,-0.00021985580662065018
2025-04-28,0.0034685672642496,0.0018067911028329942,-0.004037525484181681,0.0013497829551336604,-0.005675385265027089,-0.004850223700843759,-0.00020458682825919006,-0.002632687610506168,-0.0009242650111983552,-0.001988129774276981,0.015494507921093303,-0.013078552020811984,0.001252560923408641,0.00632025208921938,-0.008111307177690152,0.003872535099656238,0.0038014055112221,0.0011956444874956507,0.007393592291222939,0.016570639792122366,0.002208232416075928,0.016543616531513372,0.004876077146841462,0.0065790105445748814,-0.009015705518791717,0.0010692089201800314
2025-04-29,-0.0007104172783529705,0.0005998895077399258,-0.017657897549572477,-0.004695018127904849,-0.0037782075176184815,0.0018066721583054335,-0.00035341343647377066,0.00717151125566029,-0.013603877149135468,0.0065243575702969014,0.007874774046352506,-0.012729332909774849,0.003907822681632034,-0.024539927139789808,0.0026462157668241115,0.0027470508897335932,-0.002539837060015815,0.0052181908482913375,0.007940640773702823,-0.00770345792746252,-0.0016906353268795193,0.014554892331131164,0.00545949690946812,0.004056810749134998,-0.009510303362152084,0.012448630834408503
2025-04-30,0.004627594266520818,0.009302260733454082,-0.0013299329137232974,0.004603177833000016,0.0018529031531597795,0.004729098330792603,-0.05892637038685333,-0.015273043068329883,0.0008074060719331921,0.011363179837520221,0.008670847519826053,0.013738808170939976,0.014047650518486332,-0.02873239210012124,0.03629602439707269,-0.011291609311036677,0.002350089429492108,0.009145145546591849,0.0039213275648994905,0.013662789526768693,0.007975964189551155,0.02070635553037059,0.007229338606515645,0.012331705369094115,-0.016263511139015807,-0.001608967966301611
2025-05-01,-0.0024402111658625714,-0.007232501501914346,-0.0010509262111531026,0.008865692580562357,-0.07636148837972156,-0.024144270320185512,-0.028608238084202875,0.01068388647264773,-0.007582873154950209,-0.006657892254709474,-0.015231493815332287,-0.01879126759725147,-0.00890813308243199,,-0.010115401826359727,0.03597776635090044,-0.013570036223273463,-0.009092156756779213,-0.004752756255433255,-0.016431348514587163,-0.021271900842203317,-0.006096553698368812,-0.00856387343645193,-0.013148818730231104,-0.013644318981072101,-0.010039119060216484
2025-05-02,-0.05208831035085992,0.0019298339344415716,0.0006374300677121081,0.01623280251489323,-0.008664558983619841,-0.006236190928505803,0.02738118842514825,-0.004903343020352446,0.03126033285557628,-0.03734386948754753,0.00985001841672184,0.010573751505984275,0.008616428922234354,,-0.01649457472435012,0.028631648463895765,0.01558529040320522,-0.08927789980812573,0.005582758721220049,-0.011883268737239439,-0.013229053677464853,-0.007115298405757198,0.01747668561483029,-0.007397011773754958,0.004300962248779516,-0.0020404465317889198
2025-05-05,-0.02507685893528011,0.006880461883423061,0.0003583278670530321,0.004620578328750624,0.004660041352153144,-0.02207442147745242,0.02398887992363896,-0.00431881409375634,-0.00604328170147872,0.026644823347313107,0.0211647099829686,0.01131699369648187,0.009474155474654689,0.018201512046728485,0.007119675902033329,0.010150279350222613,-0.0026275001023925437,0.0037980211494202942,-0.013013328480176889,0.009689494779642427,-0.006777162075160659,0.004051116501386787,0.013665850902707,0.0025413989505786994,-0.0023320500494791174,0.006381597588933863
2025-05-06,0.005782465220955935,0.012731851524095172,-0.006791028973936464,0.0008225238843524441,4.0560261338695724e-05,0.022078047777061127,0.008358696130967957,0.034241932538297326,-0.00880530198342222,0.027794134487295286,0.007452370885630888,0.00032665346487603664,0.0038972594977864095,0.011216313511384413,0.003415938047094169,-0.01226435290320016,-0.012051034946676586,0.02562739637121092,0.010894119394267432,0.014569609407501294,-0.0017771837463486095,0.02984386815085205,0.00796601974674449,-0.010440605339222309,-0.010619881651030671,0.005392328269370861
2025-05-07,-0.015731105620594765,0.0008497119095589589,0.02114847101109607,-0.006216223435169033,-0.0052153103990459915,0.008125889537193398,0.013609696696020634,-0.019672023750331613,0.005728155790111211,-0.012228410946171664,0.01271372724262454,0.019153751511656658,0.00878453686924896,-0.006748353105114013,-0.009234663531930587,0.011828990475631462,0.00014573624517355555,0.0017363889287909107,0.011229092417709419,-0.004159234906729425,0.004679119172175117,-0.014354230329291728,0.01529626732033873,0.00991202266031066,-0.002747375311793032,0.003212853437866592
2025-05-08,0.0005187344378769776,-0.008345456532923179,0.009409480792429203,0.006564024894608611,-0.0037341508550310376,0.027612260219754825,0.036447666515870614,-0.005799775094835535,0.011132896540164472,0.002796988553876334,-0.0027607391604225207,0.02562039933079041,-0.0044047587981441705,0.01794741667707256,-0.005204232103379169,-0.0037889467209504257,0.012088240199446654,-0.017313556951117026,-0.015302891471479008,-0.024413600699477955,-0.009514045393503201,-0.020804137675640266,0.031524671189457676,-0.017056367022996066,0.02602232044969366,0.014673274534453995
2025-05-09,0.00597763203459778,-0.0011375033663706402,-0.007499548999964856,0.004936662583992502,-0.0059060716389115475,-0.0033707442805308574,-0.018511293260577877,0.015302942409963882,-0.005583899169381623,0.005296444196457029,-0.01220144235036047,0.008912842951157685,0.0033916415204916506,0.004643052356242294,-0.011933724565629245,-0.00851909142975038,0.011199206397212946,-0.008719090507097405,-0.0029671854693889,0.0070972911447756415,-0.006821127739467636,-0.014157800768808126,0.006772906082287977,0.01083414548107442,-0.010222058508385534,0.013920173231141475
2025-05-12,0.030587316475575888,0.0004719094405920554,0.03309150605349864,0.019434287140594142,0.006864613260377572,0.03909225216689327,-0.018711284988131682,-0.006294299070312093,0.036853069063380595,-0.0519852456525266,-0.014541075322505703,-0.0017625539692884828,-0.015623686348597676,0.002491176877355894,-0.04069489288611916,0.0466659531680218,0.02164871541038682,-0.01679003744165808,-0.059062467035461697,-0.06475872240078062,-0.023052593822658674,-0.04687318046352207,0.0270489400837024,0.018974967316260916,0.02292145450062999,-0.01583266479073986
2025-05-13,0.0029040947167151554,-0.0035607951996363685,-0.001796682729986454,0.02191556670772221,-0.018595042492553615,-0.005412092437889537,-0.024478705127155886,-0.0025087534536629708,-0.014975114236394638,-0.03278832311952473,0.01206665779494931,-0.0038661591412887386,-0.010153260162885314,0.013183059638401051,-0.032920352143879006,0.01871256171692326,-0.004520822440467587,-0.006352128572094662,0.018373436584211422,-0.01781678871836445,-0.01765222942083633,-0.019648428067235324,0.0041235667173440405,-0.007611928358061459,-0.02108080885439534,-0.0010790689220046001
2025-05-14,-0.0038422273683789143,0.004184460486718056,-0.00617532161958112,-0.009193751023184205,-0.01101382713475263,-0.02194696392917317,0.0030379881833966227,0.003692486714096388,0.0017876635822138276,-0.010699789687123817,-0.004002088197298859,-0.016192800340020908,-0.006765106075797056,-0.001024415597859818,-0.010379052635619779,0.004051474502791974,-0.01999753990882347,0.0036213894495737975,0.009999417313014458,-0.00043103955370682456,-0.015297986890421722,-0.009661754159024372,-0.00509126724345943,-0.0030863860533388854,-0.0026274213831793958,5.7531235037933115e-05
2025-05-15,-0.008276767334857937,0.00893498513304336,-0.011626731371302435,-0.0037033063630298457,0.01411993058585681,-0.010995573517752932,-0.0032805238052431296,0.005257371049441684,-0.00710905827016739,0.00804912620229703,0.030232656422755078,-0.005273258803233816,0.01142713555873165,-0.017295046845930417,0.02104872145885084,-0.02760959478139513,0.0016832856684267927,0.020867536035924505,0.019317024744414768,0.021962379686130795,0.019612327936393115,0.016565540681691138,-0.00437254098151707,-0.0032572643817596614,0.002892244754101103,0.002832983819184731
2025-05-16,-0.007903856201139758,0.023734311995196267,0.006174437358692497,0.0037719444720281103,0.0063195720680746525,0.01655376438062639,-0.006579730640352333,-0.0023540939172508324,-0.013928396981063962,-0.03060056915265108,-0.006705177431121312,0.0021322317521528245,-0.005150114636024883,-0.02071936561172183,-0.004242005893144052,-0.012503193137732405,0.022374626784049,-0.010294809886444933,0.0044974985242305365,-0.012207141025417423,-0.003355049472123506,0.003404409192899971,-0.012050964330180935,-0.003969375783392737,0.0026608610948184452,0.002177843822850578
2025-05-19,-0.012615199361866392,0.007634393790555416,-0.0306865145206221,-0.0037325804657293293,0.0006894358870697115,0.0018857819481026272,-0.0006634733708297258,-0.005505758201732269,-0.01564666515997093,-0.013116520594043779,0.005309125365901002,-0.005969329039553939,0.004489903090901803,0.0035048688459839994,0.005247691641209862,-0.0007355603148446743,0.005851112541108705,0.0017407538367015807,-0.0007837815309004181,0.014423657661586153,-0.0023156929526831904,0.005676343103394599,-0.006309527449693597,-0.007898060307180765,-0.006594354345617726,-0.016357147700973518
2025-05-20,-0.005316060777348364,-0.0034174965608567698,-0.002404622217326513,-0.004855636616535763,0.0130496809543309,0.015050977396400822,0.006644445299986423,0.0010895224220365263,-0.01814351840314299,-0.0015495550394859503,-0.001559074163794416,0.018669758322324648,-0.0051578901919733244,0.013741787335068811,0.006162559006985258,-0.0013193982439213547,0.0039451558000637155,-0.0016688916914691099,0.004199134601968635,0.015992784802189575,0.0039561535719468965,-0.008566056734436,0.0057012619797082165,0.014390111662485716,-0.011859741887471409,0.0013595345665378122
2025-05-21,-0.006923984110758119,0.0075625708615836285,0.002080411774082358,-0.0038368468553293678,0.005603365295642204,-0.020487197910079247,0.0019282143948328168,-0.0062530042771792305,-0.0034452166095826353,-0.012188528794950693,-0.006640742107419384,-0.013012952027688596,-0.0037748598017403046,0.015759537946730906,0.006874485083538939,0.013623834778714983,-0.014679092730612964,0.024434282662473272,0.018324640483854626,0.022731373924459675,0.0036159463745853992,0.014269522639182797,-0.01779606263716149,-0.007151534490083544,-0.0012920172288821696,0.00614714213760692
2025-05-22,-0.0031673633479479824,0.0011694267316202378,0.009140307418794125,0.008269460737382772,-0.00602484643689194,0.012383304141807772,0.03206451726150372,-0.003371840488523903,0.009669593088721617,0.01743207999058538,-0.00913850596162824,0.03566421106256401,0.0014983878144942953,-0.010639162114681744,0.003969175200933206,0.002128453655508844,0.002988580876738034,-0.010623515112456072,-0.005130080038977858,-0.0025508091889390183,0.00021441140815992021,0.0006941395730599709,-0.00871227857375334,0.0143794347153674,0.012129826170114377,-0.0019861117796434735
2025-05-23,-0.023536031548364034,-0.0093175374896447,-0.005162755275043285,0.00149385789280998,0.014375526541648309,-0.004623535329387973,-0.0007979702569084202,-0.00095465898424274,-0.0033461255863402872,0.016392486632785586,0.007714642003146643,-0.0038883229992250357,-0.0047976568465064595,-0.033185246178129235,0.016633408534174388,-0.008231119086621108,-0.002885963276611947,6.893178429967506e-05,0.004536562749256956,0.022952446957160033,0.0007138075679919975,0.015262386991983012,-0.020130367019079665,-0.001454683689677938,-0.009791657523614994,-0.027287083262797163
2025-05-26,,,,,,,,,,,,,,,,,,,,,,,,,,
2025-05-27,,,,,,,,,,,,,,-0.020265256368144025,,,,,,,,,,,,
2025-05-28,0.006620110517751909,0.003465209672089964,-0.0041214045838170454,-0.00017543953284904212,0.0062862814930306765,-0.006209395482156488,0.024786780676763875,-0.008007868861355294,-0.006305438018994969,-0.009154173733527005,-0.005787734652330623,-0.013460593809668242,0.007955563947390942,0.03270303780255657,0.0013859194858641954,0.007532899192064013,1.9036475675027198e-05,0.0064987249643424505,0.0030786386949860356,-0.009338854864704094,0.0002428063871491304,-0.002030687761172656,-0.0003621555479230709,-0.004635007090590726,-0.0027323043811671166,0.015330371528487152
2025-05-29,-0.006356330323135095,-0.0012700683488959807,-0.07671812661183774,0.002569782048205127,-0.002173702309019143,0.032204383161582584,0.025920795877863334,0.0009052430317004756,0.010310807598927996,0.030754764699147064,-0.009967086205205256,-0.020640950405040548,-0.0007815032786011589,-0.008162125536985365,0.008747779922298582,-0.0017271507257075047,0.0025137248436621906,-0.00971406286543941,-0.023613223388508353,0.0027999183069811195,0.005554898157855481,-0.013161920312938835,-0.02863187668226086,0.007451357397187497,0.01004703968399312,-0.0006221610164363067
2025-05-30,0.004582362056251066,0.004266425744897884,-0.0005218814796584814,-0.010606963496282984,0.0018133150163037737,-0.020117691711930785,0.04461782831852035,0.015736814580505687,-0.009725406584930263,-0.0038240765619604877,0.0015113721115747047,-0.02190313511493802,0.013615692469956864,-0.0035186808376700407,0.00037750146820969555,0.0038638730499234164,-0.008473186843037883,-0.0072080440942964286,0.018961048694262628,0.0008328308556277975,-0.003481627119357178,0.015935521102943717,0.0014836151848487411,0.11784116501835462,-0.005627248903113946,0.016468444588194187
