Date,AAPL,ADBE,BBY,CAT,CHD,EL,ETSY,F,FDX,HSY,IBM,LEVI,MA,MBG.DE,MDLZ,META,MMM,MSI,NFLX,NSRGY,PEP,TMUS,TPR,ULTA,UPS,ZM
2019-06-04,0.0365843861454227,0.0373701606817709,0.011388756659471921,0.011852629594639286,-0.011320158527421853,0.031008598827329426,0.0029474423788320436,0.03225809396541357,0.047590629143294816,0.006045393752463157,0.034458699868670006,0.041201983786846474,0.028564218490387594,0.04126026512950154,0.011249175000153766,0.020408054283822308,0.02655595542101885,0.03188869843454012,0.0498173675199185,-0.015396789933098454,0.0006978198509326461,0.020081189698575752,0.04267870107583649,0.014912258272123502,0.03750102217455309,0.03741760580758746
2019-06-05,0.016143061604846354,0.015444136907645012,-0.011260513412357898,0.008518943031504689,0.025429384386614684,0.004431473319646662,0.003918394750478393,-0.01411316807910823,-0.0062655753164843064,0.02163288295517618,-0.009043516934197582,-0.006982948085611951,0.02841330476837589,-0.010909940941878027,0.015343199042791467,0.0039998872547044595,-0.0026783822401303947,0.0235123184420456,0.006593143972222437,0.005478155768732229,0.017974652880328623,0.007926851386108602,0.0039933430840688455,0.005811737293612174,0.0056318620186526225,-0.008889979263820624
2019-06-06,0.01468175423073137,0.00710988252420619,-0.014552189727097042,0.002192957961479891,0.010386757420077775,0.02317749004765801,0.007643476877159383,-0.0030671142393786655,-0.010971860128149102,0.009043793223306507,0.00555176574424876,-0.02391016682898195,0.006126546043698111,-0.015296549862682585,0.009822445510672795,0.0009514993224282176,0.005309727349494864,0.0021790388599254307,0.003935551747733523,0.0046555561236709675,0.01184501585986375,-0.004456784820159099,-0.007441662168497953,0.00844487226845847,-0.002138094120396228,0.01781137075014927
2019-06-07,0.026616931422206447,0.012227132526920093,0.02279269458171762,0.008671621198369506,0.002056316115860657,0.016846022495604407,0.031149133855611133,0.0010254475734303714,0.0074593848782995575,0.005610493968501107,0.008243788270896779,0.007204522327067808,0.030911809556651182,0.006129213190588345,0.01047515947904154,0.029822548931651927,0.011474054698811909,0.01615098558685557,0.010472392020080434,0.010254521735058253,0.011289814292634537,0.014219847482328074,0.021614135384958377,-0.006376114347171891,0.002346705141840655,0.18406147161539632
2019-06-10,0.012779453841996524,0.00783718955666024,0.023069890730124554,0.01028456928589594,-0.008848628429086847,0.006559144467759959,0.022225671975438788,0.006147558128399178,0.02417433124120061,-0.009202156452304266,0.010726827363733316,0.03242746058042978,0.0011286426295999963,,0.003146953422455523,0.008479793091132448,0.01008347706144086,-0.012654560917432445,-0.024551820398137747,-0.0027327845090158176,0.0008989807034771591,-0.004673252444016507,-0.009256177224290285,-0.0032825167291213875,0.01893510099399376,0.08452947039105485
2019-06-11,0.011579512133802039,-0.015516894343797438,0.005061851825231223,0.012247424990358358,-0.007762667484874086,-0.0029773435565336737,0.028632718059808937,0.01018337343118092,-0.014829534705723457,0.0005848186371415487,0.008980272043337179,-0.03417992726757435,-0.009169083049348603,,-0.0036907968639389166,0.01876238971585953,0.003684047074387964,-0.005882190949188515,-0.002102250271491468,-0.003621212665727347,-0.0029193612566091875,-0.015782190842270172,-0.00834145913530604,0.008782145319270684,-0.0007991792509244311,-0.06990193385703891
2019-06-12,-0.0031826404881020176,0.003079843956636852,-0.00876643745388428,-0.0014142122268582247,0.0013038636004005788,-0.0018032129413684261,0.029621879349950087,-0.0070563459321838495,0.01210465218129353,0.010232585480475231,-0.00794400039656562,-0.01339099274728095,0.0007200506599762679,-0.007840140716440791,0.010372329421227677,-0.01718155522946818,0.0005921112133093764,0.004671257700858078,-0.01625527837180496,0.001277123579096484,-0.0004506477718722035,-0.001060072269146728,-0.029946368516378663,0.008264455392153591,0.0038997876323110248,0.08327177893719417
2019-06-13,-0.00020588391087450475,-0.001950616067277977,0.021567118102668204,0.0005508389231023703,0.0019530866027182014,0.004402608438458078,0.012722349372673358,0.021319475389996123,0.026647070148355878,-0.004268198029236392,0.006598827182334954,0.026660233936152133,-0.010043319926360095,0.0017677166579659342,0.0018331783603051655,0.013882498494785844,-0.0009465694910395506,-0.004914693329480024,-0.006163944111748254,-0.005395397357465526,-0.001502202975278366,-0.012337404501724714,0.03850150832631738,0.020389679963352503,0.01613530318729084,-0.017709445891540887
2019-06-14,-0.007262290646378622,-0.007310854516524468,0.0028859286408393636,0.0004718580058851174,0.002859827280533578,-0.006012748695000347,-0.032119912947577545,-0.007952130508857902,-0.006760524020097969,0.005013165327517388,-0.004493097858902728,0.014636576399574164,-0.004211337965203565,-0.015672030802269643,0.0073193787801941745,0.02175013364253875,-0.012792724891814822,0.0025009945539382628,-0.010773635034657558,0.0031560497960887446,-0.0015796826084333304,0.0060441588425705906,-0.013359829089386377,0.013750314719887413,-0.00392089918597871,-0.006537850942712087
2019-06-17,0.005966483932236422,0.004812626987361623,0.009086748596152328,0.0007072799742973146,0.0022031200583256805,0.004183352739023816,0.009734454321646657,0.0070141938579635355,-0.005043936614519295,-0.00448234469872677,-0.0014799893454084945,0.015821293945481152,-0.003460007031800383,-0.002214401762767104,-0.0054495020166268615,0.04235376612485742,0.0005399694668763999,0.021765021888465963,0.032054888164119166,0.000393276573177781,-0.0015820407379373291,0.004939848435601579,0.004062234587944191,-0.01249222473853262,-0.002164878307037932,-0.021736965652358164
2019-06-18,0.023518511131189523,0.004281540818754648,0.03031664440182924,0.023641129089490898,-0.012931905543811295,0.008557848104822519,-0.022056706929944325,0.00497485744584103,0.0160026915450433,0.0039939123086285555,0.01059678645204265,-0.003206814427192173,-0.001504864587903998,0.028426749732424206,-0.0034703893817936704,-0.0028568383248538387,0.03045944071047746,0.007629317340794195,0.018538632159806,0.004619137085312808,-0.0034711393254774903,0.015544313469503468,0.021914970144497392,-0.008509697494367363,0.007396524814065275,0.015594728058083929
2019-06-19,-0.002922558312142165,0.05213524365713895,-0.015003827755507904,0.0021483436643714438,-0.0018339102790149164,0.0037961742579473157,0.01777449582747881,-0.0059406109955192354,0.001322596589290459,-0.002531588404486973,0.005132498143621378,0.0252759704750134,0.004095633043838198,0.011097157638747523,0.009164044899775403,-0.005253113770764539,-0.006458764186154986,0.008782963489197382,0.017921128958915178,-0.0026412349553576187,0.005982089144660252,0.024071044054364332,0.005608630121292757,0.030615492481263384,-0.005776092823083112,0.027599357856737283
2019-06-20,0.008035608071360612,0.037430013448442434,0.011387111394792093,0.023122297084098964,0.0022310602386264033,0.017461546261052563,0.01012624666255979,0.0,0.011647757062701602,-0.0018854393211922282,0.012912117286166147,-0.0237564113602049,0.026628882173735713,0.003455455114742323,0.007264711606791208,0.010934770916196657,0.018682393719299917,0.001921503683182113,0.0046489522647612525,0.018440392093443725,0.00986072756665246,-0.004470905359855837,0.013123287163227193,0.0013972725383326612,0.018117572643621127,-0.0008789563280310331
2019-06-21,-0.003409309146568562,-0.009201942716530298,-0.012428595033303735,0.0019457397534983212,-0.005500329574403606,-0.00901819405169979,-0.04431211638268062,-0.004979948325818606,-0.014894312113285735,-0.0037050588570096687,0.0025208302805814764,-0.0009182488068431027,-0.008696108943212821,0.005063624025826607,-0.0037865170742548138,0.008494501727275061,-0.003392271208317199,-0.010607615774841705,0.01095264442051569,-0.004045089553600167,-0.0014907818602842848,-0.028615692276048987,0.01457258760229374,-0.007060330426836514,-0.01189562491437357,-0.017888580415083788
2019-06-24,-0.001006210796428486,0.001804057625852007,-0.0010363777452837564,0.0035850072035930047,0.002370462089372971,0.014340140401105872,-0.028124027188388245,-0.00400419510267358,-0.026912874446391566,0.0023334743385394763,0.0010777162575212884,-0.03216896186143048,0.003138188994782798,-0.03748474387784517,0.0014481919539151011,0.0076383372003603345,0.00017302998184054452,0.0031495902464535597,0.004956492243366473,0.002804336707378674,0.001343713844009331,-0.002113527551172778,0.0022344736121489017,-0.026053199958624873,-0.02397937023354091,-0.11008258608754451
2019-06-25,-0.015157352090737208,-0.03968384329960695,-0.016006944945115897,-0.0049115957378690345,-0.011166868387389672,0.0002172731424616714,-0.033474102603362255,-0.011055161794179091,-0.030577917699253887,-0.0018188952387684365,-0.0071046393706429845,-0.014720080531647417,-0.02099491835538847,-0.003559565289567246,0.002710962342904244,-0.01952227376169069,-0.007786277163792432,-0.008574392221725846,-0.028945701530988632,-0.005400214328345809,-0.002460041529575574,-0.012708444242386263,-0.03821655913383948,0.006204172226785376,-0.025972896545382373,-0.048987861574919966
2019-06-26,0.021628920038916144,0.00260443795124754,0.026359290405413294,0.01076956386269412,-0.033877714476391985,-0.007882534482357872,-0.023142907978440097,0.007113921156223668,0.02525947479281032,-0.022230301989119905,0.0011565071239212354,-0.0019275516569058349,0.006044878571725754,0.011031643022310078,-0.01838516106311261,-0.006248648657452671,-0.0008717882229594132,0.0042025500659359505,0.005273451230740189,-0.00436306459375535,-0.01113513259105181,-0.020648846718155367,0.01920540583633601,-0.01109866956348371,0.029239267791943302,0.01528875773751448
2019-06-27,-0.0003002742936231151,0.015620704303674016,0.004842727587365925,0.002589557796202291,0.0057756477656736305,-0.0024658972481436114,0.033134525841224116,0.029263438363605898,0.021198183540154014,0.0054415707625836696,0.0,0.01738286409769585,-0.0007655482398039037,0.0037412219505563726,-0.001475855722581021,0.0098048591605564,-0.002210818238993273,-0.0016982178464354236,0.021590216850050137,0.0006818028604522741,-0.004761322971391313,0.003422578873636617,0.00844694317297301,-0.0017400559444669117,0.017305011596775444,0.04563876669112288
2019-06-28,-0.00911177463114532,0.00484255654931065,0.018402295550694614,0.005830306507951022,-0.0010940597669415464,0.005822872002176238,-0.015875588017593145,0.0029412834992375014,0.005388471098479064,-0.006301812266263251,-0.0044758918447314056,-0.009017315985799246,0.013136925494671825,0.013044666807978667,-0.00406481031829542,0.018469740928916956,0.010728926725377619,0.012940558037903838,-0.007296915458091524,0.006227946412203034,-0.004252352909779877,0.011597877452332206,0.022229251197355415,0.007756706229346655,0.015437587188777746,-0.016395211948340482
2019-07-01,0.018340603964656088,0.02144920229130931,0.03872087502357524,0.0022746990121345068,0.006706880245959113,-0.0048058897155559555,0.011243318452263562,-0.00782031064204125,-0.007430409098774238,0.001641524281752682,0.01435806768605774,0.017720034569548515,0.0084676588349748,-0.002350472244557089,0.015027856633091474,0.0,0.006749496267929089,0.0009597568669235113,0.019819249475001355,-0.012185555139313076,0.005643154440356124,0.00013474781074940267,-0.013551814535592621,-0.018766783391625408,-0.0029048588659064123,-0.021736685271711353
2019-07-02,0.005854594601052865,0.0013955325315839762,-0.010907188024748327,-0.005490628836756106,0.004215046186756277,0.009712877776783646,0.009345762222413345,-0.0029556398046284293,-0.019512638393862858,0.013705601172540938,0.002430958794107152,0.005176539562812499,0.014244553554802364,-0.0033804407561882632,0.0043863745186547565,0.010362740540569071,-0.002807548017171757,0.008508726521406773,0.0022157016853712186,0.01644807739822851,0.004246477638051083,0.017936701460591564,-0.03067088484354019,0.0027909444615590306,-0.009420341594631676,-0.019917146497549276
2019-07-03,0.008286717613241512,0.014300399313564638,0.004606483298277064,-0.0019140079869731652,0.01597622483847627,0.011032747992268499,0.026181344278867424,0.007905181830918817,0.010200756231674157,0.01403466441202772,0.009413644722762848,0.020131163763821958,0.009276575187079583,0.00770889250415574,0.015650915355489126,0.011282085335237113,0.005516441647757109,0.012239035845160506,0.01675416534913987,0.0001924613962862587,0.011780089150522421,0.004504506872242908,0.0013184735392159919,0.012011854407194322,0.011764606324885962,0.06249265671872939
2019-07-04,,,,,,,,,,,,,,0.0003060486519421701,,,,,,,,,,,,
2019-07-05,,,,,,,,,,,,,,0.0017334331298599626,,,,,,,,,,,,
2019-07-08,-0.02061418064347864,-0.0034870633603649726,0.001530038959884461,-0.00479747368793626,-0.0034980154738027958,-0.0005395014023356071,0.009940060863018463,0.0,-0.007099710199599429,0.0023865632545647664,-0.005729038508362927,0.04131094943557767,-0.0021340143766038766,-0.010993452394213121,-0.001081167517912096,-0.0032585422903429473,-0.016337344100114115,-0.009317155581540115,-0.01153591308645141,0.005712603318828169,-0.003458021345577711,-0.007870908522938369,0.0006611551960151729,0.02243800539345875,-0.004881809195295128,-0.012189760020327345
2019-07-09,0.00609958047694148,0.004225533878771781,-0.0019442906911029123,-0.00407890418553325,-0.005130275422506991,-0.0072876942907703635,0.04452426775514762,-0.0058823685089799405,-0.010135637318524071,0.00021667978667760934,-0.008821235232075675,0.020267286093712533,0.007779229913162933,-0.01667355033804596,-0.001082256364204226,0.01762364435242314,-0.020627704996586393,0.007630482151503637,0.010022301415634427,-0.001444073535557755,-0.006185971959302594,-0.006346764898902624,-0.020489067554119056,-0.011936804065710738,-0.001864182126708025,0.0018730516190397228
2019-07-10,0.009888705309782475,0.009138720143787804,0.0009740738747900934,-0.012286632423567645,0.009228017847520809,0.0021207453473683913,-0.0061322712887605935,-0.00295862103528044,0.005025272192304753,-0.0003609033135415496,0.00818206299364932,-0.12003375880756462,0.007463200711686824,-0.01570019125703659,0.002708450134787377,0.017669756731861552,0.0,0.002230641657188892,0.002816267299701858,0.000964228356297836,0.020267144982964558,0.04630731766086482,-0.02631564094631933,-0.003673090963450143,-0.0010814681734018228,0.01968548234377887
2019-07-11,-0.007282386291184828,0.00201965957065231,0.025302523919790376,0.009951976076231661,0.009815741948608903,0.009712902489680486,-0.02197139430434958,0.007913001110956275,0.01631390658074472,-0.01068045324682898,0.005481577246283065,-0.027377419757845356,0.010676233197898899,-0.007869154233711262,-0.016207292745747948,-0.007399036704422879,0.020157147543598875,0.0019914568200516403,-0.003936947957715153,-0.00847624170985839,-0.0004463120615887384,-0.004705514780975806,0.029799280863678,-0.0006336440465674054,0.01682747196995238,-0.014236407220079683
2019-07-12,0.0076827424876220185,0.005916798725960515,0.013830368077180077,0.0328451170131272,0.0025295145931962804,0.003923331039918265,-0.00600091402473879,0.029440706383567106,0.029950374447351713,0.000583456874688304,0.01061990899734977,-0.006419688082753394,0.004383261545275019,-0.006645029107188893,-0.0016474131395499692,0.018088863207476047,0.025437755386417793,0.007073123125580061,-0.01646903787707832,-0.0010685423215378576,-0.007964169156159828,0.015205631458492297,0.02086126045510439,0.02711972841132959,0.024968890725121762,0.020787762518154285
2019-07-15,0.009394875154671078,-0.0021330348182649894,0.009763325434550385,0.009251418989683735,-0.00013242533475132934,0.002569474616620271,0.014705953561551466,-0.006672985557583555,0.002567636077343005,0.008748192640072316,0.004063367973980103,0.0,-0.000607666877879498,0.003884143456061251,0.002933558080423282,-0.004685997061362079,-0.002884826366396087,0.0030183377874826167,-0.01781650105651522,0.008460462090942311,0.006527481696436466,-0.001762186165520263,0.013513552782865812,-0.001992261128181849,-0.0011336123690024458,0.06966773619925992
2019-07-16,-0.003459648828313844,-0.009910601962075827,-0.009536432821029672,-0.003938884352703953,0.0009299649356941941,0.00971764427710653,-0.02044246994507537,0.008637096171971947,0.011257027932446428,0.014887946080705428,0.0014651456582341904,-0.015904580472768437,-0.009843652494168964,0.006449081892314412,0.0012796724988139996,-0.00034315298921705484,0.021118026554530767,-0.00734943167519142,-0.0016639613810286447,-0.004435800006341473,-0.0026088005644169243,-0.00340432973994087,0.01463404485132025,0.013664012509049916,-0.0017009564904544305,-0.027054153257254465
2019-07-17,-0.005623608095974286,0.01207066501164289,-0.007354739589859105,-0.024156788648998506,0.0007959004193174302,0.0032782971398490623,-0.012303393969653298,-0.017126656363267267,-0.027916921992177435,0.03759880121101222,-0.0032045860589980935,-0.04595968935637906,-0.004843883216387068,-0.014737488440039859,0.002190908860365104,-0.010007889946934134,-0.01031232511657132,-0.00798685936617427,-0.009699706322814805,0.013173149347140756,-0.0076235748129600545,-0.0013915419029197906,-0.029807609330204432,0.016225678052001147,-0.03200487156281939,0.02708552959981203
2019-07-18,0.01135976059882915,0.0022301040471914835,-0.005254171398337948,-0.006188809846708332,0.01617835814336832,0.002687754618367233,0.028066837443847303,-0.006776213336587622,0.001999269228299738,0.01228432205872565,0.04585151334152493,-0.025939651543323783,0.005448598388085646,-0.016258284368881992,0.006194319540491877,-0.005054492051592918,-0.009217387655240383,0.007992215861210905,-0.10272043996372227,0.00927332476805054,0.0007531025602169894,-0.012162622981407911,0.004294518710017847,-0.000491343066573724,0.005575886360112303,-0.045522919509775606
2019-07-19,-0.014927498055792299,-0.010352140073800031,0.011782269131213052,0.017704967829052176,-0.014485142010548846,0.0031015119039801142,0.009969349023051244,-0.005847968602630371,0.01058214421539927,-0.015728646164531956,0.00033460372479177103,0.01902146366630042,-0.0042634386056708,0.0013220778838913816,-0.00615618615628899,-0.012053052333652725,-0.002600336635958489,-0.015216749109667083,-0.03108759516655646,-0.010893157066048431,-0.020996243174722262,-0.006925672065580812,-0.00328926967237142,-0.02514948163616093,0.004960668687628678,-0.01901465638791655
2019-07-22,0.022853948685298775,0.005474607170830481,0.013251109156254604,-0.0072671183571668685,-0.0021183927498180655,-0.011475889012648288,0.040698562904735835,-0.0029850835144550336,0.01447949118280012,0.012949454833993235,0.0004004166795807951,-0.01706644445437777,0.010921935853168252,0.013204177551290108,-0.0045544630755837145,0.01996379423964023,0.011760939095618372,0.0063349694634959874,-0.014217707107885058,0.001628002175693366,0.0014604827150037636,0.002970383884071337,-0.03003298483264727,-0.011344503621761204,0.006775872491632695,0.03523239464870431
2019-07-23,0.007817563104426828,-0.002171391789539734,0.010700185103876603,0.021147593813541254,-0.004777080053981919,0.004452650147417803,-0.010360412915798145,0.014970237307198042,0.024889213924041753,0.0015638611293273819,0.0042741717772578625,0.003798534602792669,0.0012918751374744186,0.043549282928226685,0.0027450486164946053,0.00019770442436040092,0.016490973036029866,0.004823775505403027,-0.010688324302563834,0.000382447264821284,0.0035308208584807765,0.006180658533891492,0.02211622022809112,-0.0027199941619300283,0.012114269490384189,0.0074480318024297
2019-07-24,-0.0008136445479820509,0.007762713047146708,0.017644730117922114,-0.04482258494858726,-0.01320016598362106,-0.00015812074243881646,0.0033913795041073946,0.01573226402486627,0.012890924573361051,-0.0035980318934120126,-0.0023275519410147494,0.03999962026209358,0.004588632301871343,0.024352045214573348,-0.006752967849778968,0.011365871334071631,0.010702759812184937,-0.018794122039756056,0.03462418155625491,-0.0035361504593700577,-0.011702474405183017,0.03160993688431546,0.02529959472063692,0.00269897506573602,0.08663446732024216,-0.014888561015807045
2019-07-25,-0.007907223863149349,-0.004963348315572658,-0.010146195253673107,0.02122677515285387,0.006350460890902632,0.0004748762955153474,0.009992656497878283,-0.07453995397174129,-0.0007956863873788134,0.020168847944165513,0.0023998243818443843,0.004157891252147605,-0.0032116361911918023,-0.01950613408969004,-0.00018363258566866936,-0.019300334689318133,-0.007189418383853896,0.007995774241664533,0.02679748588010722,-0.009783272019976752,-0.0017027475408404324,-0.00868374468475508,0.0006495745616912352,0.004759995081770718,0.03374416177610562,0.012195102555473403
2019-07-26,0.0034779312979922317,0.008227182123399901,0.008823058182429122,-0.013287801824290901,0.018259717719823376,0.007016986761997135,0.030990792221503582,0.0010459585332180943,-0.0052882557716271705,0.021774025594148094,0.006449586879777369,0.0025881518752191024,0.009736883409687591,0.002486764966328714,0.007351708308057869,-0.00478296778001841,-0.02329785824171937,0.00692601060664666,0.02854864942586155,0.015110390536027918,0.017287997597730698,0.054311017239898396,-0.0064894017172257845,-0.0020867132270149247,0.019704037959344278,0.05241474931417156
2019-07-29,0.009338477132794898,-0.013011173373321472,-0.0019292221554657596,0.011586032946820701,0.0036921746961458,0.00623466804536954,-0.02455543111462155,0.0031348748679935756,-0.013375775628738928,-0.005033175985326488,-0.003171248404855165,-0.004130215292034278,-0.002233527732969365,0.001963884461742893,0.0009120409147231889,-0.019073920652323828,0.015978946722198684,-0.007818819511256736,-0.009172632835321659,0.013454117308861813,0.002362658722050215,-0.02219585897816012,-0.00032662267941196976,-0.02190007882069067,-0.015176877167108693,-0.056066496072802674
2019-07-30,-0.004292415429635099,-0.011652843428295534,-0.007732062160986097,-0.011230436600911164,0.006699881299513599,-0.01603655916958857,-0.016203742796254694,-0.0052084173887554375,-0.0012164100962037683,0.00032803004305992367,-0.007356607088699008,-0.024365102789863258,-0.01165437909698308,-0.025376603794251773,-0.0009112098540543512,0.005614019721001284,0.004921920988736339,-0.01641304845743996,-0.02034872088398243,0.0010356440785361798,-0.007983081908529477,-0.013109946510300952,0.0016332038601629684,0.007222719685473056,0.008926445778928871,-0.010158633197190015
2019-07-31,0.020404474978608533,-0.015742422165304637,-0.006103861738152805,-0.009627923861218468,-0.01552894165340768,-0.025346884535671577,-0.014411814072552875,-0.0020941077075710135,-0.010789714162935393,-0.0034148842061427764,-0.010215436984631898,0.012752401994740037,-0.021174963428068017,-0.0073030815846415464,-0.02408322815585906,-0.01426119948329263,-0.016382574876789957,-0.00024069330914755493,-0.00902030287946276,-0.0022571692746554683,-0.020462929444415745,-0.019311014847486874,0.008806572243157174,0.001778375666190657,-0.002837869118140768,0.00020949076247211984
2019-08-01,-0.02163927416649114,-0.001405283178550043,-0.10793139031493071,-0.037062064943423345,-0.014713739050045693,-0.007763793398070651,0.016711471242633946,-0.023085198728702294,-0.042338715391152304,-0.00032975758015563184,0.014030961451120039,-0.0393491208116622,0.006941530178085298,-0.0020259396147447317,0.0026174084216881166,-0.007722758527097029,-0.00778369651634514,-0.007230770219290417,-0.01080525792581044,0.009803871354246319,-0.005242143457472648,-0.005268091130323227,-0.05366973036971934,-0.010708633455619232,-0.020841905863819066,-0.004292782461930766
2019-08-02,-0.021158034940685688,-0.015849118575371857,0.0038082830009111834,-0.017745939166025515,-0.0001346935710100361,-0.0030638785917627143,-0.12371588465931849,-0.0032223512343561023,0.0025718471620586048,0.002769287959569544,-0.020422906995399948,0.031130470415929867,-0.017179381088515133,-0.033653733738046476,0.002423649328222144,-0.019249617292131926,-0.01620904517270927,0.03228943700671061,-0.002097068581330186,0.0001867072321286578,0.006134929981761461,-0.019921722227063565,0.016398906044482686,-0.02457243064451964,0.0018802726412692206,-0.015141901525935086
2019-08-05,-0.05234772667244214,-0.045453019958149654,-0.03487536991383722,-0.023205448152583297,-0.002422020666808522,-0.041931756603452275,-0.09663373884164295,-0.005387947249062219,-0.03951658947233483,-0.019657361207679025,-0.04407478659219832,-0.012711930766780677,-0.04679910385520869,-0.02852412327191922,-0.028645558088853273,-0.038567471372313866,-0.034242319080555195,-0.007937491470948688,-0.035128405490493675,-0.01960051236540572,-0.027517314030813922,-0.01981215832943961,-0.06420164082604374,-0.020414143343157276,-0.020050659953596117,-0.04238736990685399
2019-08-06,0.01893014128793169,0.02086605225128646,0.02358631966002367,0.0035349611446955365,0.007013961354294773,0.028643418317892966,0.026881735258730055,0.027085456296054522,0.024990887549896312,0.008382572078403872,-0.00021320010851055837,-0.006974119325786843,0.030524825324848237,-0.014908358971738478,0.011681274088428673,0.015297379514233711,-0.006071179166574292,0.016890932763620192,0.008029117338364866,0.004284054474030796,0.016479353967437715,0.014306488822271257,0.001436871211515811,0.03071419301188727,0.0013059405884565667,0.008250617054592846
2019-08-07,0.010354838581720704,0.009817957592283433,0.00014797778918240745,-0.010649003171526616,0.016340540603597464,0.01687425494877992,0.012096082163304489,0.005274628957558702,-0.0032880897523112074,0.014896814751756304,-0.011511454317294056,-0.031334340216369716,0.017492900469544992,0.000693276522720776,0.011167566766561388,0.0034687757258711205,-0.00042769997692349015,0.014104101027551108,-0.018735871335096688,0.017063207368644306,0.010517744246542948,-0.010351989620389745,0.01076046367012684,0.00999175358140758,0.003565150849131893,0.022337682585972463
2019-08-08,0.022056454023041017,0.03030935609512664,0.01772250783473628,0.010266757667275694,0.017396040028229365,0.021030704026118396,0.03531929171838488,0.0031478928424231167,0.0222209569033589,0.0128432326029988,0.018983144261806917,-0.017847377498788175,0.03241637655293195,0.012468212879163332,0.02864114813794294,0.027059072415814844,0.0035445035629542154,0.029080172739204047,0.038154368053274546,0.012209903256410692,0.013226043066069115,0.018566911610220727,0.010290844574625702,0.027234683626086387,0.018542718873735042,0.035911301291690734
2019-08-09,-0.008240407031391728,-0.009906683521809234,-0.0224930468750848,-0.021635905696836932,-0.006606044730238736,-0.015125968986195448,-0.027739500085377178,-0.011506587180866279,-0.012787091856992783,0.005887375440226217,-0.028336866368433467,-0.015900067073229995,-0.011113881913422552,-0.02896242775171398,-0.004731515583538015,-0.012147633589477791,-0.004566881659179622,-0.015413739143073646,-0.022063960119447446,0.01095764307508218,-0.006719715784513358,-0.004878057227559518,-0.03793441303782841,-0.017958294200199454,-0.015312803382384832,-0.016393440011025495
2019-08-12,-0.002537575932432534,-0.02096120800882806,-0.0059384697563774624,-0.022281739462803096,0.004172579840419299,-0.03207895136210126,-0.025872746350822595,-0.01693098908583779,-0.0204775373810977,0.0026366305564928805,-0.0180708500788187,-0.012694661123886397,-0.018003116498323313,-0.005401614283156109,-0.008045385970733454,-0.013202042066036368,-0.00838100479246029,-0.004310719602489854,0.006150277934032555,-0.0014574187314783105,-0.0019439532232748968,-0.007481877740141862,-0.041621343987763515,-0.029391410679620367,-0.007429674182024781,-0.021655980384518214
2019-08-13,0.04234846219736088,0.01565917071479639,0.06466559076332512,0.01961956017055111,0.018439006494598287,0.017274176799011887,0.014007648547653018,-0.0032291451193491305,0.010767674912359748,-0.0033991927162563274,0.015859992429779313,0.005844506198605437,0.01677782251488047,0.011806373572954332,0.005898729812555015,0.01661540212659629,0.017150014645893386,0.0029053333449766683,0.004664944082279465,-0.002553970343387668,0.012309932931314105,0.008838162728132204,0.017524085142649026,0.013937185537728158,0.008181605569272277,0.035698710453561544
2019-08-14,-0.02976521552700684,-0.03243854872616159,-0.06059741027736032,-0.031929913259690745,-0.006803013907020872,-0.03136232873031686,-0.05202729527364225,-0.028077832411501413,-0.03401416209267105,-0.018924185246329772,-0.033434011661072294,-0.055781555697234864,-0.026882402150379736,-0.030688435856999763,-0.02510528402204182,-0.04637821071241899,-0.03681460057182284,-0.028514599716961686,-0.042173732411476705,-0.006767288045831266,-0.00623408101816858,-0.008889644930460183,-0.06402111467171423,-0.059202847257738056,-0.015453572871062526,-0.0293346832046687
2019-08-15,-0.004981026229157748,-0.003349122875154764,-0.045393647219667765,0.00034708219743206925,0.016995023875409743,0.0017703350327700207,-0.021385334308328785,-0.015555674259613572,-0.014446044254569856,0.02020749921410747,0.005104636990279632,-0.007999919556174406,0.017742782463708417,-0.024196505167390914,0.010902222624582958,0.016025813271044465,-0.0033678975696117552,0.006022538830372737,-0.011199862670385086,0.0022097501386699747,0.01239163237107288,0.004419501422642691,-0.22200006402207284,-0.0017445406809774022,-0.0012275057457241667,-0.02169457207908454
2019-08-16,0.023594490615683528,0.016766371529908675,0.02424536185390358,0.01023844646139227,0.008988503811889537,0.021603900143919885,0.017404787116872322,0.011286490449107456,0.020808622073416938,-0.00038600192260429544,0.013947955683963231,0.01116615582721403,0.009084617774997472,0.0176412956297054,0.014131631143539325,0.0060792319005587014,0.02971184978566166,0.007322937262760565,0.023803099402812,0.0109326487253405,0.007955980711270572,0.006212060343616432,0.02622117548386682,0.004961915883711754,0.02089582977638349,0.02085171450105161
2019-08-19,0.018644054756663975,0.0018089719658713754,0.01191202650588008,0.00798775467913404,-0.0001251493022874639,0.1251537136322458,-0.003801573096733679,0.0078124507185619585,0.014807653412794997,0.014989857749202917,0.009569220794283018,0.0006135484760578791,0.013522387766504274,0.017577855370184414,0.0003667050955966644,0.013445707385168593,0.008978217663453192,0.020482368418649255,0.021730482951623165,0.008269538956602762,0.006147566781971703,0.0061738109497093685,0.050601324800336966,0.009999072238328743,0.012922989108331562,0.006916669167747136
2019-08-20,4.7431296936961687e-05,-0.007848073605045136,-0.0033203132058968743,-0.005879293280234732,-0.01819583107254541,0.0027273636243940746,0.009158548819572898,-0.00775188946414751,-0.015602380201129584,-0.008176669338698872,-0.015106661271654498,0.009196902447543565,-0.0037041525751949633,-0.015129885449490565,-0.010447305486525615,-0.01267661211694826,-0.011905590739242355,-0.00836784570011695,-0.033583281618690286,-0.006940048708761859,-0.0038471188070453577,-0.007030660980926973,0.003337743626662615,-0.006671832214402373,-0.014984322321482724,-0.018890142121120723
2019-08-21,0.010838519123157697,0.02037033179896275,0.027558913245335326,0.008656874527431357,0.008307961490754412,0.00751728391161377,0.025713757346303545,0.008928599920696945,0.015015351272852584,0.01450664828159054,0.009398662661530333,0.031591821078322146,0.01793962289542872,0.014999537133032703,0.00574187385735514,-0.0014145304665783565,0.0008698063762457853,0.021722898033050164,-0.003946621286837426,0.003085871833824916,0.002120254788243736,0.006436690401953937,0.03374550391598219,0.015599878526658673,0.0077364637704906425,0.01750353801576665
2019-08-22,-0.0008465115431151027,-0.013171873748737961,0.013852634157577537,0.0017845490434309497,0.00545030143454639,-0.005694092107921378,0.021198184808827847,0.0,-0.0005055396032392911,0.002550925573315155,0.0005213001062160938,0.012956392098104619,-0.004397069309967083,0.0015491448362077165,0.0038674634686732823,-0.008226656195914894,-0.001675857267099179,-0.002622566099944046,-0.002954882088119226,-0.00126674409811256,0.002418082207146899,-0.004988675480321558,-0.021609164149011928,0.020541235934030233,-0.006124250276594467,0.00935378020864075
2019-08-23,-0.04622032792612463,-0.01824880932756523,-0.03764579670679502,-0.0324878540923873,-0.01033757942589908,-0.026708204202657404,-0.023646233523641258,-0.02986727754835472,-0.03877320020716535,-0.008523919123892276,-0.035363242161099095,-0.03139552460609696,-0.03162724576084586,-0.03093774622114731,-0.016143738156704446,-0.02356614019436898,-0.031265309340041125,-0.01935869876401486,-0.018489262757388936,-0.0035332204363941466,-0.018016137329644577,-0.016840035726511826,-0.04558270267330167,-0.03810541661061839,-0.034195755280904794,-0.023966766785542104
2019-08-26,0.018999276121731024,0.022305579020364563,0.021748927902917048,0.00315623170538748,0.008280443348715583,0.015267710840750626,-0.009428698837021576,0.005701651530374052,0.0034218181339098486,0.012864274165410583,0.0032415108220760214,0.028211118912300437,0.01669792625613109,0.014980487032706158,0.015476106288748959,0.014683447535329686,0.0017322567045237047,0.017573020890272684,0.012146586003565885,0.0039095043804879825,0.026637183223789496,0.020658883462030264,0.02806498653117062,0.025209546610744038,0.027678105022122423,0.001418802648798012
2019-08-27,-0.011284087138185739,0.002459035799232012,0.0025128355726600216,-0.009089272245810909,0.007201259185874109,0.0019487155448774107,-0.0031728625948654887,-0.00680289084411978,-0.019410956938037294,0.0020744113307640255,0.009077583347290474,-0.02451818116455695,0.0007598141901636879,0.005081049096138601,-0.0007344876741458561,0.005211954907713867,-0.0023699060700125285,0.0008969456110530238,-0.013390689580456305,0.003350812896841582,0.007626645580734559,-0.012041912332243387,-0.0191569815124486,-0.019532469817660658,-0.002011036752841311,-0.0003269265322415338
2019-08-28,0.006710592573299534,-0.02528936609262622,0.01739936757259186,0.013053174536182821,0.007024446438907095,0.00997231548321409,0.01741247533856427,0.027397341379408413,0.02440983309847322,0.0069018131807825345,0.012121684755305395,0.023937775752566504,0.005783497378253344,0.003972143414236795,0.008452733875695895,0.0025370757873142136,0.011557151139481414,-0.0015126418440080114,0.002542672689334724,0.0033396224468760227,0.0031906910822687706,-0.0007781720827292338,0.0004882288067800111,0.02041577692014407,0.019276304192356042,-0.017115443555748566
2019-08-29,0.016931525799165126,0.015950093652283392,-0.07985531059040751,0.02533530838561715,-0.004359912418507861,0.007371898904177554,0.0011041842679890834,0.013333297869880356,0.027875614296779316,-0.015516020825930066,0.01596886515970186,0.01402689283631875,0.01128512972623641,0.0067138151644026145,0.007288748443968318,0.02096171163339111,0.01783561117145549,0.016382425800420597,0.01717104054212437,0.005397646423905389,0.00613959866095537,0.012327924585694205,-0.010248904972582906,0.021399622312877398,0.01753617878272551,0.007874878611734637
2019-08-30,-0.0012913642854351925,-0.007396277713682675,0.002520320392576769,0.010443957129272263,-0.0018761840618102266,-0.027601995001571122,-0.029595598624857722,0.005482326309275143,0.007367543606939142,0.0031016126050951165,0.004818953046513252,-0.025936597946565554,-3.5266135383626995e-05,0.017148985203591982,-0.0010853072372306594,0.0005389157591713101,0.008480816679969916,-0.0013800555167684525,-0.010209566062432951,0.005637143573444359,0.005219799810869397,0.000512964587439324,0.018244623922909042,-0.2955104841374617,0.002449902888571609,0.008803734986058132
2019-09-02,,,,,,,,,,,,,,-0.002458808184774508,,,,,,,,,,,,
2019-09-03,,,,,,,,,,,,,,0.009976561952969032,,,,,,,,,,,,
2019-09-04,0.016966656067462615,0.007611944781607871,0.011390534949606401,0.01768783830209908,0.004006504680623912,0.01619103712941028,-0.0029820618977489666,0.01098897084048911,0.023749725328500393,0.009191518098446094,0.016554729075969776,0.022392436627131973,0.021384533040206488,0.02196403099279287,0.01006450663314662,0.02604299597277948,0.009014351710738389,0.0017916601090630646,0.007708512778424437,0.01762034624625608,0.012294727104810388,0.006223335780816575,0.05136988195207426,-0.0364348975268306,0.018239261480220037,0.011572568736958999
2019-09-05,0.01955140159376456,0.011068144163491889,0.028625195841159412,0.032661594168142294,-0.03354525808610531,0.01114844464854503,-0.000997069795342087,0.01521729294604346,0.03344676965821192,-0.006815210764114732,0.034110807418523015,0.013256379462837087,0.020902014017785353,0.03138505444084849,-0.001067701211848071,0.020091853733513743,0.02598855862666638,-0.029901621427721348,0.005934424161563534,-0.009882020821975313,-0.01602807642743098,0.002834669692222791,0.0835853220586853,0.03475263331846978,0.014480805002355712,-0.008981036553552868
2019-09-06,-9.385736332612193e-05,-0.009765412888249392,0.008971866413145513,-0.0023578270947187674,-0.02064523619946912,0.010001149175723478,-0.0423153492305961,0.0,-0.011360214270204061,-0.008234841023168848,-0.00283740418793732,-0.028441397961745718,-0.0023967545418774883,0.0012125766412964811,0.00872850486891208,-0.017862701362913347,-0.0017657386055383029,0.007086246898285076,-0.010503002781314219,0.012630286127460977,0.010221990383562973,0.016959942318863996,0.03359537922645961,-0.015250730885725927,-0.00924104786209956,-0.0785413592355757
2019-09-09,0.004267186039626614,-0.019793692005731223,0.04325561278452672,0.037082109473689506,-0.02977606601696514,-0.007873246749081408,0.0525218941601977,0.021413485693326573,0.03428702823062224,-0.01780092529762911,0.014441179180288755,0.06498834896295835,-0.02752428136241547,0.02301517399163666,-0.00264882510197173,0.0067736407913239205,0.012199605719320328,-0.017906041727035693,0.014370879623802013,-0.025643282013923074,-0.0070610587976869255,-0.00025253750567932887,0.02532698968860303,-0.029772639466703055,0.013158059136174183,-0.07914766240935567
2019-09-10,0.011813009554586529,-0.011313903625637,-0.0028895932622333698,0.02389019183499075,-0.0279739647626025,-0.02891908081961103,0.0005940352336015753,-0.012578653174941001,0.028908905586737088,-0.023118706235832343,0.017181068507290398,0.01869144714895077,-0.03892580565470971,0.008611454865078638,-0.03806655499114531,-0.013721079400921599,0.017596389634748855,-0.042174037994263336,-0.021573698055060375,-0.019783320663866122,-0.003958948073556012,-0.009478214366545834,0.0362289871837691,0.02325784586869095,0.006082199871448424,0.021614709666379683
2019-09-11,0.03179511745436714,0.005938958658154858,-0.017096351211275285,0.02149036593157705,0.004051206829117859,-0.010979771061615629,0.04235106751131057,0.0,0.009868722428446386,-0.009112246452631645,-0.009996774668783015,0.025904018580880317,-0.00873943761007101,0.007043651683162455,0.0033131025048931395,0.012461839689399401,-0.004619131597524362,0.005351790415314639,0.0009722517496226768,0.002283156782497686,0.003680168748332324,0.01735137609719173,0.024235221252566275,-0.014130171542364733,0.003676518677144358,0.004480405938869003
2019-09-12,-0.002236105609271233,0.0008639579358831195,0.00029468292573153754,-0.010068443038048769,0.01085311033080627,-0.00025354412698652684,0.041959426162899716,-0.0010617860367724274,-0.002586888204546778,0.0007274529563245924,0.00013959266962237926,-0.02314572800853243,0.023893341050055916,0.012293502777388277,0.005503603505594867,-0.005411571697369055,0.014873932246706856,0.008498333161147897,0.0020466928902018733,0.010569517130205819,0.006820333141213775,-0.0006269211900357119,-0.007758020601685955,-0.008722289229066926,-0.0023604801252147256,0.010159827829585133
2019-09-13,-0.019454063333097182,0.001187026483291831,-0.004715449342150735,0.015408125695735686,-0.00922248185865382,-0.01216908014127327,0.0360787081578009,0.004250810541297945,0.003400628880029677,-0.017783718224737788,0.00034786386298324423,-0.030694614667462816,-0.00028939164553964947,0.016331575280593036,-0.013318841605192033,-0.001493555979022787,0.005041692832196132,0.005416763152458426,0.018313412789246142,-0.03390140728607571,-0.0061914402238943955,-0.003639120923327188,-0.01563692120283633,0.003095140329445689,0.0008974106707493323,-0.03287133993992308
2019-09-16,0.005256981134843519,0.01645405594337368,0.020284342755161777,-0.004709286855971495,0.00555723631680638,-0.011651895096645437,0.01723530657257699,-0.015872714312955227,-0.0030440809624616705,-0.0035677405822115427,-0.00828281123376129,-0.0050001729116594396,-0.008106344296072154,-0.010094828599321204,-0.0005547781046018052,-0.005181823477059866,-0.01032426615463189,-0.006046029866828895,0.0004759455559784076,-0.011759261801095211,-0.011433844373079372,0.0020151379191213348,0.01310543430369182,-0.006215303086995694,-0.0008150964062867416,0.02308179746409955
2019-09-17,0.0036380944234188917,0.006220654618408927,-0.007110776139966801,-0.0073601238117038115,0.005112077657690728,-0.006283795975911777,0.03475100823358601,-0.00215068678264263,-0.0015556596007602064,0.03141072155225322,-0.0019652001565501065,0.019542496523301978,0.007917652435543543,-0.017273570986783393,0.01202591892272764,0.009988117190318668,-0.009430086444271124,0.016924509811667265,0.014645409064018011,0.015204473078890057,0.006079733980844715,0.008170009116906796,-0.013720143645619465,0.03725885681516283,-0.0014684525459393027,0.04921285869362291
2019-09-18,0.009379363226935666,-0.017457589581938437,-0.011336948151950743,-0.008322463629265253,0.0008246771037849765,0.0035536952322650084,-0.006683337032240666,-0.0032327683494373094,-0.1291979143942963,0.00235782044846089,0.0001405946498374,0.0021904597542665716,-0.004163394946865573,0.002964916709695231,0.0003656324914469433,0.00031896880761439483,-0.0037483040675077017,-0.0021912006198026024,-0.023576706585143326,-0.004465220930009672,-0.0014738993475377216,-0.0011221423728894342,0.0007951495435649658,-0.019285908265611162,-0.011030454380873134,-0.0010632837729158684
2019-09-19,-0.00812511058544374,0.005505536029605462,0.006552594596755501,-0.007248327361694895,-0.0005495588989011813,0.004686930100119557,-0.0063919438728102795,-0.016216193290606085,0.010204859321198745,0.002613391034848478,0.005273568556019015,0.010382777805044041,0.002944469721170906,0.0013721983228323076,0.0058480640634193115,0.010630347368962179,-0.0022100292056296267,-0.006232827790178197,-0.01701194565718056,0.006821138623424927,-0.00014747698273775978,0.01098346043379217,0.0035740486862398946,0.0031830949593834035,-0.015862430983808795,0.0008279088385292344
2019-09-20,-0.014617811159924665,-0.011910708907061474,-0.012132006583871702,-0.01506275948091751,0.00041233898265025104,-0.005235302054263591,0.02268495275962068,0.007692257667249347,-0.02407327026971251,0.0031933772659962223,-0.007623881124544818,-0.01298017363288495,-0.017179116595812394,-0.0016868085793070309,-0.007085748519753521,-0.0011044979985421755,-0.0018550404674306797,-0.007227202392015464,-0.05530352731721233,-0.0009280779978484421,-0.005683475957809159,-0.005061765887204972,-0.005144520748598391,-0.005737415926442613,0.013263762492337294,-0.023516963230593158
2019-09-23,0.004546752040609725,-0.001691199361339213,0.009585201294790346,0.002028515668915043,0.007555144648834888,0.0056798729067562,0.0021519792822977113,-0.0010902983245038023,-0.02090354586425225,-0.0040930003181118835,0.0013390346859316615,0.005479607078703319,0.007301486310531624,-0.02333924040364521,-0.0007321814932113035,-0.016374296658583698,0.0,0.013597393088736087,-0.017839397797746792,0.005295002232502011,0.0054189333648764215,-0.007817369240357919,0.0,0.0374207543545082,-0.013670351697923855,-0.0001209549457600323
2019-09-24,-0.004754907372972017,-0.017913787402567327,0.0044506828879258276,-0.01892227837103666,0.00667988466425129,0.010362532081333864,-0.060125525844101024,-0.005458675920652967,-0.016613123217832815,0.01532873611008112,-0.0027451479342557317,-0.008719591391214698,-0.007432061569824344,-0.016760329261159446,0.008057337803466291,-0.029654257158154063,-0.012113462004874509,0.004510789694224915,-0.042606778748268015,0.01108856753106413,-0.0005906502843161521,-0.007503645737972242,0.0003977583211942637,0.009144149809404922,-0.00890375846531577,-0.03146945070300411
2019-09-25,0.015389540139862712,0.01820380751222772,-0.004135530474549176,0.004921031105057594,-0.00568763876353362,-0.008307718527628016,-0.03339194156286196,0.00987921014200377,0.026457155578544667,-0.014711515257199936,0.0104459269203665,0.03958202827164636,0.006011988662899981,-0.0014297027858007905,0.002543154784944379,0.008384727305488227,-0.004491731228173257,0.014123002184875721,0.03990733187851703,-0.016633222148395688,-0.0019946829998398474,0.005670407076255213,0.00835004598855571,-0.01645232383371542,0.00898374758391629,-0.005248665165767719
2019-09-26,-0.005157686214639523,0.022996810190845096,-0.006970335036750708,-0.0017375189111594747,0.016616427358285835,0.010135547528679734,-0.010909063165838062,-0.006521903479933755,-0.0127855372941027,0.005933267637733497,0.002724469132385332,0.008990179577867075,0.0041800924520865035,-0.011784138725619897,0.009059410422538328,-0.014715439500907701,-0.001036801314687641,0.004370236954499118,-0.0054391314449561134,0.009107843166274998,0.0046635167299451386,-0.010149302048442777,0.005914790758529964,0.0032691020396078407,-0.0050395425158061835,0.0018844413160092888
2019-09-27,-0.00486601673732312,-0.022092206291560945,0.019564081078496276,0.001582179806197237,0.013665849426783394,0.005067870888308956,0.007536761689557414,-0.006564499685062897,-0.001377625476786104,-0.0032408404622151776,-0.0021595342163166498,0.00681323142265966,-0.017379545905191085,0.01147893549677459,-0.00027070588239108684,-0.016711804976544564,0.004272834516474644,-0.012647247460118027,-0.0008734499396487738,-0.00027625193589886354,-0.0008839075943839481,-0.018227771967682882,0.018816089837563554,0.03423467657514023,0.004221187648520752,-0.04652036469558185
2019-09-30,0.02353540373482521,-0.004648009314711432,0.010546051021753211,-0.0022116494022935695,-0.005551039700848803,0.013345250794290608,0.030833763626441302,0.008810893356305582,0.004207838771937311,0.007868625014801456,0.015219242207132666,-0.008849202142556578,0.00906634568570519,0.005288700473516483,-0.0012636631911946417,0.005533491674580171,-0.0007903023912217977,0.0012925252565854084,0.017257053213126206,-0.0013818139578916089,0.011061742807581432,0.015600786505209241,0.002308583616102311,0.025572832062537465,0.007313786223342333,0.002104103508528077
2019-10-01,0.002767938362954636,-0.012814510569852944,-0.014204631110317334,-0.031193164676682983,0.004253160438308923,-0.008545035239404974,-0.021238951556450503,-0.02838457760902635,-0.02699719227783104,-0.0006454297520126495,-0.01210281285084902,-0.0015759373043870983,-0.002320001970594898,-0.009973993133444381,-0.01229204399066619,-0.012747133365228036,-0.03661794984560507,-0.02916490588330778,0.00732385693245563,-0.011439245293780376,0.0019692996182649747,-0.007236119915780104,-0.017274454790422444,0.061200864597769966,-0.03346684237050934,-0.005118102431333926
2019-10-02,-0.02506763158138603,-0.02218469429993486,-0.04396430726442746,-0.019694376504520883,-0.0093969665037823,-0.026463755794635224,-0.025135613179482652,-0.0325841477726605,-0.006071843031851709,-0.008651130821101471,-0.013712915874798837,0.014729041168621393,-0.02384271924819692,-0.02457636265768459,-0.01207921575788784,-0.0068824197958550215,-0.017237086871388696,-0.006104801331000442,-0.005749710126593421,-0.01493082958688674,-0.024969107232559518,-0.02289012672202584,-0.033593769692439435,-0.012030459065897503,-0.0049216925210723295,-0.025854097712610602
2019-10-03,0.008494684573115974,0.02152550122082908,0.009843185430760126,0.0006668967685370397,0.003874663165849279,0.008696237753585967,0.03542941667256927,0.011614282382415242,0.006606508874836381,0.012569289268213657,0.0023291328974159864,0.016196610831293423,0.014405548393600753,,0.010003840726142466,0.027376780179486637,-0.0026981664601153366,0.0015202760187087438,0.0004477497975270417,0.009283767136064158,0.029789593148191962,0.008114065057907682,0.021422843550131354,-0.02039657405096651,0.005727094113775699,0.04035211128647287
2019-10-04,0.0280318547302969,0.01674007951823464,0.018732806556120307,0.008330544606320212,0.01211098163231994,0.02292236524864899,0.011823716428169595,0.0034443276579578797,0.009102868228146876,0.013055968050172728,0.006829792626293463,-0.008226108950550426,0.021506692717337517,,0.026779096442288486,0.005964946753824751,0.0038009179096059054,0.021435668292218546,0.017303702603560955,0.011826502888394597,0.017037797907402563,0.012462830615149745,0.008705664995676932,-0.026531432881123584,0.013718534939284988,-0.003904764344760836
2019-10-07,0.0002200317954341724,-0.0002166289732987714,-0.0010463537216081065,-0.006526708914708856,0.0,-0.014737169466808697,-0.009915038559308753,-0.006865009972196523,-0.00636394511819427,0.0012066630078386709,-0.011958724102588358,0.024883360320553383,-0.006823312258617653,-0.00011409453457367214,-0.016256004175242533,-0.004267042239789354,-0.014760901716222907,-0.002497123032344617,0.006121918728865028,0.006122473453205268,-0.01382989155755654,0.006282704401555872,-0.012161114758523106,-0.03132484402363911,-0.016341807126412533,0.006010702885272945
2019-10-08,-0.01171488529097564,-0.021921298151013846,-0.02304722929461611,-0.01896061070639299,-0.004996969605683299,-0.03140023333253972,-0.012696693628773237,-0.01612908291685855,-0.026039630896314336,-0.009004265973386882,-0.020526693628549864,-0.04097135146268638,-0.017619478800181443,-0.005707231122996426,-0.009260641978301898,-0.010741264415234042,-0.01810847390724246,0.017641183549673256,-0.013626708941619547,-0.008113449758720304,-0.007951379411333948,-0.011085485606127987,-0.02065171843300695,-0.023563341794863524,-0.024487231182561464,-0.044161600470428164
2019-10-09,0.01172015352833311,0.012701704434373351,0.006433870667698072,0.01246076557362108,0.0033037770958741497,0.010629832639964976,0.03613480854309792,0.0023421614363636767,0.006214684738589549,0.0012155864998635302,0.009322054326104334,-0.07489450310909118,0.019358267136782903,0.0194009460776583,0.007148015966308874,0.011814259181761821,0.0016586599318821893,0.0020499000916816,-0.011783401234013446,0.006878367094878213,0.004444783840434674,0.002319163665597479,0.004866278183714545,0.004261040847308051,0.009934318408351128,-0.009919768499338733
2019-10-10,0.01347842118120779,0.002588770193959755,0.015677607587463394,0.027210443405576656,-0.003819617990267865,-0.007378394479290673,0.009876734701934176,0.007009288804946223,0.01515219418473479,-0.0010868636089158557,0.010453492123242647,0.0005700783923814345,0.005840652710823457,0.025675428674466483,0.008371474249666333,0.0010007803418832228,0.00874214727808953,-0.006370512789159899,0.04840578864940426,-0.006277634751126304,0.00029033087456831197,0.00655621886527924,0.00847436472121288,0.015585644507255747,0.012471535910716813,-0.025391139975618593
2019-10-11,0.026598269702166943,0.012037229712520192,0.0419601346213192,0.0465400061334047,-0.01996601194830927,0.02193032852699095,0.025791896346943677,0.018561540759693074,0.029569789163366833,-0.006333418447915573,0.011549686913671309,-0.00797717868530834,0.007595649855632436,0.03337742863955251,-0.01064823042975016,0.023107350414442118,0.038014670661039585,-0.014587459564602057,0.008734987484044776,-0.005945594822307498,-0.001812893807271343,0.015708725402038937,0.03961622676288812,0.027755973997382277,0.006419160684979497,0.004788006304215386
2019-10-14,-0.0014393401526668903,-0.0018326556827953366,-0.011649688489252963,-0.0001557480323866045,-0.00593629882703417,-0.005261823345745542,-0.002531179808135997,0.004555973579018824,0.008519875160900803,0.00045042022696928363,-0.00504370264458931,-0.016656986718198485,0.0017032390807811826,0.00010621507457453383,-0.01094476825313373,-0.004940600743786883,0.015243663210523284,-0.001134248026463891,0.009189560513641837,-0.008971997178128244,-0.0013804314676703067,-0.011316473844978026,-0.02809847591978265,-0.0076068555847098596,-0.0012929840384426905,-0.00770841533462352
2019-10-15,-0.00233179160320629,0.005796010786290662,-0.011350621226609459,0.020641873159786384,-0.011943385575285403,-0.00902353688417401,0.015395023481910464,0.02834429792735582,0.02166532771014551,-0.01827776791250635,0.006758604925893419,0.015186950056415682,0.007888074558911606,0.020928447668792982,-0.0033198803747498395,0.030608969087873694,0.015388297486828684,0.014162646382339439,-0.00448290062889134,0.001320261638841691,-0.00814851802404648,0.014116746175078854,0.010693039222908984,-0.004745157127711397,0.005264577590232911,0.004378496401576726
2019-10-16,-0.0040370904350250925,-0.023945030568914283,0.006918012645760641,-0.006410653568868607,0.002610252375141009,0.008634858705155235,-0.024491856206125373,0.0,0.0054014139632656555,-0.006621464809668853,-0.006223756359491683,0.014383986302838991,-0.0010411399772288776,0.015608850289963394,0.0042561394801623464,0.003494099468464018,-0.004908515436353289,0.017971894937300448,0.007141636861477618,0.0010358483276664554,0.0006602545533567206,0.0033862700278930458,-0.0007838454253333849,-0.0017114840235997741,0.008756929864425222,-0.0480944753141721
2019-10-17,0.0038828349141695195,-0.012688015466715274,0.02148794985078406,0.014440230901779705,0.010549008010025895,-0.02614927713755122,0.031938496263909544,0.004410303856285047,-0.0004643190957727139,0.00791964743484086,-0.05523883924928863,-0.032898389601088485,-0.006324356967381095,0.006659766286451374,0.006633643672757872,0.004431662039990902,0.008385786560973774,0.017133774790645484,0.024696060453650137,-0.011101747407021745,0.003958231164084003,0.012998233982493002,-0.0023529446668391074,0.012735776105762486,0.007574320221342301,-0.009750386147211132
2019-10-18,0.004802831825325926,-0.013816674177802635,0.009158684669263728,-0.0025179051251917883,0.0017627824715664708,-0.011560854674912191,-0.04650773988334933,0.01975856626420902,-0.00524210168223882,0.002226018745310032,-0.0012660442238427994,0.0035192246126689586,-0.021265292702961625,-0.014249348216273328,-0.0027458719529321884,-0.023845808569085913,-0.002690660919408505,-0.0038127151674324233,-0.0615305421564698,-0.004947129111701143,-0.005184005945470305,0.006785943728154109,0.004716900680766356,-0.03297060755072023,-0.008784396615894141,-0.014172713196223485
2019-10-21,0.01734254493208054,0.004971404710892635,0.013471481703564825,0.011628414281607657,-0.002571746074102488,0.0009700870152484775,0.0074639871657720125,-0.012035195284009426,0.01420834036712737,0.0033318458325315436,-0.01126148145632766,-0.005259970118362434,0.013560743940173037,0.016004081023895056,-0.01670333380685618,0.02103834247825609,0.0174127747782431,0.005483951563961087,0.009989088691293446,-0.012429536106694061,-0.0009540409262107641,0.0060047561558473905,0.026604168581863208,-0.019256398601396385,0.009970337907937443,-0.004691361673700656
2019-10-22,-0.0022865419156524736,-0.021548493774969812,0.013012385458708753,0.011041556962655186,0.006512825899402053,-0.003284569388885994,-0.020847675144487265,0.004429819973043703,0.017035060656724887,-0.02493803846552478,0.010409172115990462,0.03290221167503815,-0.04753892443267882,0.009044839052031017,-0.01605375657150021,-0.039101960495422805,0.009642055302442554,-0.03937279744971134,-0.040855949185297,-0.0001935396746810536,0.003966886701298744,-0.005116253667740711,0.006478512595444741,0.0068423314469632235,-0.020418732784241556,-0.057320918891423545
2019-10-23,0.013418727240249284,0.000880964378391802,-0.004558062798684204,0.012341856451693278,0.014829077001088597,0.0043218126250739175,-0.003343347444736855,0.015435378153024315,0.008730587129371692,-0.0002672894293158645,0.0031351248204325444,-0.00682594092189881,-0.001569373337233615,0.01561078791581405,-0.0011382719052652757,0.020895117556701148,0.00728194457882636,5.9020792995800875e-05,0.01717350378197713,0.0036795984480810784,0.005781036549211249,-0.003795834104133422,-0.01741753253728706,0.00405213557991968,-0.00818247637840619,0.0009677640853389402
2019-10-24,0.0016449068319490667,0.03206798043754633,0.000693863237679837,-0.01100921938188526,0.006243084678201338,0.008983262556654381,0.019597468614281466,-0.066232174197418,-0.012373577918634693,-0.02230959506276342,-0.0023069781281515045,-0.027491165809883977,0.03028528136830766,0.03252676800752097,0.00740749704008592,0.0012355696681691786,-0.04070907244577171,-0.03453759741415807,0.0008478198521328917,0.012638783911889107,0.003201036639653765,0.0014749443787092087,-0.009248654537316492,0.004456205407796565,-0.009900152879780966,0.03963898187785264
2019-10-25,0.012316280780755307,0.0047460093487659005,0.014281803900519918,0.04392951708910875,-0.011353005864462307,0.005651283046133271,0.015930704224161207,0.01395332137155414,0.02622531461840194,-0.02090627327650929,0.010218532337070707,0.008244962436685377,0.005358606602043681,0.015751222668004106,-0.005090480800902353,0.00810157585786997,0.025943876944218625,0.0009801926230563751,0.019594828563076483,0.004096680993135315,-0.00906527902688814,0.001718185448917886,0.028782851748290872,0.008245098066764545,0.01499871893007998,-0.01658394196835311
2019-10-28,0.010016912306062498,0.0013653963472832764,0.016678010663153664,0.0023618723655902674,-0.0038722616391208,-0.01547998650715443,-0.023010030957111294,-0.012614723809841077,0.0019609352808709346,-0.015072063492936105,0.003913123498177518,0.00292064165340733,0.021243885771557336,0.012670084874882637,-0.006822290234746342,0.008036549652916891,0.017881764648429943,-0.0036106732207623615,0.018206835917852215,-0.0018976320442667394,-0.0005119651765591593,0.00943395676117742,-0.012098454999997843,0.003486972262193744,0.00457989986591989,0.04901492132795715
2019-10-29,-0.023127661691796142,0.0003685502165695631,-0.006319815986137733,0.009067276836705718,-0.012734687886231444,0.02557745000316891,-0.050767617985086444,0.0034845265291303384,-0.0024621094541964483,0.017711729961081613,-0.01581219319357796,0.008735959388497028,-0.0059435186704659415,-0.001867505587355267,0.008013684376418695,-0.0004752405209895727,-0.001478784516054099,0.01185354366233038,-0.0023061282962260066,0.004278034672403175,-0.00358811354329025,-0.007525325838056429,-0.009950320354518816,0.0015305498005291351,0.0056775970602056525,-0.016075717158527292
2019-10-30,-0.0001234852648318574,0.025640048414401484,-0.016238064090672744,-0.00700478714090691,0.023896946733330537,0.01475373515095657,-0.029590160170311797,-0.011574326817901714,-0.013733169737782491,0.016150197465880423,0.010685976683328935,0.027713569245587877,0.010427097477580194,-0.006548102655736465,-0.015142940416751904,-0.005599180374745272,-0.002606662746359567,0.003702248662024177,0.03641407337184388,0.013157901737568034,0.006025708659766593,0.018344315772558017,0.014688995063042443,-0.007682460888284504,-0.00025683486939021005,0.06886551051065926
2019-10-31,0.022609737653164874,-0.001724115441306795,-0.011967042044773168,-0.018098932104064214,-0.07253666431631611,-0.03621880113775544,-0.15738631967177996,0.00585519840178228,-0.020405553916726604,0.00616591780424014,-0.011238493896817081,0.0011236268349401612,-0.0012269553136453615,-0.012994458563340139,0.008072299047059195,0.018061055020427208,-0.020074510680421098,0.005806214636846274,-0.01386176804311201,0.0012144861697718223,0.0019723128342428176,-0.007325538192255676,-0.014857375552155716,-0.029552574832531264,-0.014630425899740951,-0.0015714372907366103
2019-11-01,0.028380616265175185,-0.00039573041579143986,0.015174578707435549,0.04854890025063163,-0.016586283903994747,0.0016640388304245413,0.026185593546379504,0.03492409832850685,0.025284785062490878,-0.025873597908212198,0.013460096398631327,0.0,0.008092021101781866,0.005533298938103393,-0.00800765883031418,0.010279183163583783,0.03091097828604883,0.007455098443738928,-0.0020875915092356534,-0.004665764046071441,-0.0017498064478481679,-0.0022985286018688544,0.016628095794352316,-0.00017153457936858185,0.037683404461727577,0.007154099361375232
2019-11-04,0.00656709466068417,-0.0011518512554256066,0.025919001236392125,0.016817380701350748,-0.023552773099633995,-0.025886591330411046,-0.02004155350552761,0.012373496445114318,0.053156588816920314,-0.01775356127165606,0.015789845840956218,-0.039281562156803895,-0.009746883992846622,0.008539053033949084,-0.005573451074696867,0.005681288371869098,0.028279031417433043,-0.041596977993937356,0.021094088329774108,-0.010406984561885269,-0.012926185585734218,-0.01879477406042729,0.008748685797026923,0.0175024744557164,0.029370160254873712,-0.0038357244694920967
2019-11-05,-0.001436698370156253,0.04248651727899766,0.0004007255296918366,-0.0037432207295027276,0.0016375654749105628,0.012379562337136774,-0.03375060526556095,0.0022221109268760753,6.017786574652462e-05,-0.0017076186164256546,0.0015979680154105669,0.013434500640820968,-0.026526399260198508,0.0031983865738032247,-0.0007730455366743438,-0.002054130188526848,0.002115567340275737,-0.021794869939043893,-0.016492515646107653,-0.007768860620951501,-0.008508660916089927,0.006796944209045419,0.0162141871221686,0.03469790312756604,-0.013250070452975549,-0.046063936543286
2019-11-06,0.0004275022800841466,-0.006533286987490339,0.002806072732362219,-0.006012189828289216,0.003567923044006438,0.016630505418142594,-0.014110585630600858,-0.011086428186045327,-0.010190617823673809,0.003777609053039477,0.006454399327397553,-0.011527507042232044,0.003196990104268549,-0.013315823680283057,0.010057887459198112,-0.014254897078918138,-0.007245945423433597,0.009612449412055302,0.0019442334770118919,0.008116185115711883,0.0032090314050854385,0.004787023289463788,-0.03784816775626865,-0.0058267161863347905,0.004613417557215449,-0.0008969585758888954
2019-11-07,0.011541458338840238,0.011725800935129094,0.012791649327504429,0.010447471356839655,-0.004740093035267456,0.00042756416923528384,-0.017831964818859625,-0.003363207157631165,0.004596198714080124,0.003550927987078678,0.003864041530606377,0.02099145366424371,0.010857350513127972,0.02242929564098195,-0.00919179383287394,-0.0058993185114962765,0.0029882322040231113,0.02269880323833684,0.0033958724363827297,-0.010892212594141859,-0.008330542155053688,0.0,0.04396493919261357,-0.0009016812809953256,0.012627997197613317,-0.00029933071843257775
2019-11-08,0.0027369412210627164,0.005812162552053524,0.011051320298810285,0.00782241266946504,0.005804469570817705,0.000694561362766688,0.003105615533199213,0.016872782450863877,-0.00427038970282001,-0.002476696086407104,-0.0005808602371372151,-0.02170210817329965,0.007698551817457044,-0.006320991718246738,-0.00019380333981688924,0.0022056669107806126,-0.007849658623750422,0.017015602694578247,0.0069067531350679445,0.00047883633978496043,-0.0014253012900247164,-0.011238836941335761,0.005910390801411758,-0.01837802398904187,0.006559255658247887,0.04550218569999487
2019-11-11,0.007919161339387415,-0.007488212081626311,-0.007807627321920196,-0.0010797059684716226,-0.0007398054623710681,-5.354072623209305e-05,-0.027625620410655416,0.004424702550887227,-0.006372123054431134,0.0053912469159715926,-0.015551186896171632,-0.004670171022623459,0.0076754463011921015,-0.00037413389489304727,0.0013535038890470918,-0.006445139198519301,-0.017557429200306007,-0.023096267817056204,0.008951527360611333,0.0057427480210383575,-0.005558890775053227,-0.01630838115364408,-0.020198328152169043,0.011158065538251272,-0.00933226305799506,-0.020901920062511903
2019-11-12,-0.0009159453692534347,0.004995391400806959,-0.013901468934333305,-0.01121609530731038,-0.007107757946028803,0.0036849338967113177,-0.0007348173560776106,-0.004405210803408055,-0.00591879186470623,0.007902551287026105,0.0008856456417760672,-0.002932503894383043,0.000505725940208368,0.00917099944615396,0.005212512385584844,0.02563148007474081,0.004291311429544198,-0.0001862905987027874,-0.007376404220467703,-0.0056147466486206055,-0.003096865234197166,-0.027505417338092975,-0.011244228516470445,0.008307135274685518,-0.001055417385399049,-0.005702579223994975
2019-11-13,0.009581740533613381,0.006238884260945099,-0.002261189856558765,-0.012641856782761085,0.019686537057479025,0.0006915680630159571,-0.002941150346291277,-0.025442220586713415,-0.03095169187937563,0.020510575941981024,-0.008186208178906362,-0.0029410638876256057,0.003355596192748278,-0.00704769330632149,0.012098972053949941,-0.006582078280501835,-0.0016972852883495593,0.0029794529971218786,-0.03047838714898643,0.014546722710998994,0.009925803301563008,0.006973971505220611,-0.013267575351553429,0.0002868879988502382,8.112060710629976e-05,0.00014709023868331172
2019-11-14,-0.0069195143564965145,0.003372590466568459,0.007731110233958782,-0.007267049033958584,-0.0017903401591866652,0.018183613908864027,0.028515236939772537,-0.0022701821172886882,0.0028801344451556687,0.003635961226812423,-0.0035695177333830985,0.0035396610832099107,0.0056096749413034885,-0.04482627006699291,0.0037953289215539865,-0.00020696820554422235,0.002228001376361144,0.0008664898683465871,0.022994562193738632,-0.01179134262352488,0.00030012375740695596,-0.014493005836526351,0.0023049502919227915,-0.004794288645851186,0.008616421424285425,-0.003970067107483599
2019-11-15,0.011879688265458377,0.010083866611253711,0.019709317134118276,0.013036986386335103,-0.009703112132519731,-0.0026628074249660516,0.0038240881173183805,0.01820240843590404,0.010531298512683751,-0.0038274645176931132,0.0029850587733235567,0.00999414104139551,0.004113068737461534,-0.008994738613899544,-0.0015125272435552173,0.010095849301051008,0.005557958308297861,0.0021020854235529463,0.01867966190892001,0.0049636567223037,0.003600264906450379,0.016007408783535126,0.025680189375693274,0.014122814689049079,0.0049543770616018445,0.03351054538008835
2019-11-18,0.005041679833602597,-0.001142844833245782,0.002594333364834611,-0.011836842457374375,0.009798185020468475,0.00994782632276614,-0.0002380552746000797,0.0,-0.004926286492730303,0.006449602963861656,-0.0006696003765148673,-0.006984483398281949,0.0002846445968613942,-0.008879261023485685,0.004922437965831694,0.011788814849654994,-0.007796088915553168,0.005429309007559446,0.025556712993716202,0.0001900593446066967,0.0018680315297792127,0.0015371009704481242,0.006726551176576834,-0.007998380821331752,-0.007758592148220722,0.0009998527737222762
2019-11-19,-0.0030323681909594224,0.011576263289179822,-0.024971092561793307,-0.002855656164997833,0.012937381855114838,0.016641853875653645,-0.026911193687680135,-0.005586751028451631,-0.012885132971163338,0.0059305293058740105,0.001563499711572769,-0.0029312363248839013,0.015844352280714125,-0.0013937283209431994,-0.006970597532917844,0.009726414832694985,0.0008206593885624613,0.018654865626358985,9.915918307967786e-05,-0.005508093735185016,0.003804703680435173,-0.013172922374716567,0.0003712646297466815,-0.019359045930060104,-0.018164069334882904,-0.006278573486156347
2019-11-20,-0.011641370830154485,-0.0016633399529201176,-0.01605609829030341,-0.011593433616738258,0.011320754265516708,-0.004232606442433284,-0.005384268659246905,-0.019101125825463305,-0.020897460713280136,0.0105717207244167,-0.009812693148471996,-0.03762468118083817,0.00024527602264834414,-0.001196160884448294,-0.005691614877834317,-0.009080910506001683,-0.01704922006041243,0.002168472476733907,0.008460030299487054,0.0038198141914134176,-0.006167881010531784,0.006220709625728071,-0.030426786787917437,-0.022161989491305323,-0.01269311231533199,0.019385388942461113
2019-11-21,-0.004483721720734191,-0.00433195029692357,-0.026163253970554634,0.013001461255268909,-0.010332754575888559,-0.012956331401068333,0.020669295403627608,-0.002290911344481117,-0.0012479279293112766,-0.012113125883009834,0.004804858082140928,0.012217270298582328,-0.003258597229815141,0.018563014747795092,-0.006487186776723108,0.0021264903184776696,-0.007154584940612385,-0.00781432231175061,0.02139860604044963,-0.011891351231745229,0.0012711990324245637,0.0007729603092085924,-0.013777288039757307,-0.024755593320988978,0.004285600827853786,-0.015072541583640575
2019-11-22,-0.0008776775194674347,0.0016733601754577165,0.005954681050081456,0.00362729125259742,-0.0017402951114490195,0.002282646460842974,0.008678896198757169,0.0206659956887163,0.029392623515025695,0.001978481852460856,0.003735862276048385,0.025347053968423072,-0.006609300420712283,0.019596242081536763,-0.0051854829912676426,0.0044965482797574285,0.014896523235533587,0.00478626002653515,-0.0038820715290297514,-0.002118040655918918,0.0011947278506707626,0.01145391392014572,0.02250693997729125,0.0016193054763551373,-0.0016736707375294424,0.046338752545950435
2019-11-25,0.017533815396931107,0.019979990745821796,0.022164259689781307,0.017653506344303294,-0.0007261775418773153,0.00786850799968275,0.022227540673616764,0.012373496445114318,0.019099087780996227,-0.005175405488137552,0.012133366614065721,0.0035313927108118204,0.017836269531777527,0.013838241287468689,0.004633248106651111,0.0048787120954993934,0.015751897990358366,-0.0007839151425373947,0.01632955307912587,0.008200753520712478,-0.0017900574026319394,-0.007507132593800536,0.012903187125473226,0.01026831293038688,0.008213571446993306,0.018999443959409446
2019-11-26,-0.007808989712810743,0.008582269155083644,0.09858579506388332,-0.002253482986956268,0.010321024100204301,0.003698103014856846,0.014262347529174102,0.0011113462205105673,0.012285513484226351,0.024027593258907354,-0.006471981264166926,-0.011730403705901393,0.006154206594749079,-0.004360136355058497,0.011145362592198449,-0.004104226414129997,-0.005932758400969851,0.0038618321173617964,-0.00969734599587957,-0.0013398974893708004,0.013972811742525293,0.005769276352620256,-0.005620215367946768,0.020587320481879612,0.007481231723505566,0.008182435752927653
2019-11-27,0.013432463968482855,0.0037674689350575274,-0.010175270486773247,-0.0027384019852909613,0.010071957804996368,0.005232206005900464,0.024089399336446604,0.009988616427631936,6.206113436890703e-05,-0.006885474210088449,-0.009771210990710433,0.007715612505085012,0.008016924777030088,-0.0017137843090403448,0.002090557397562476,0.015228433458034152,0.008154152137442416,0.00625139796341756,0.011008347679088315,0.00019164509948677022,0.0015475634500672353,0.006756155338470293,0.01808593586250251,-0.008433298651818077,-0.01097384982647831,-0.014369369058441772
2019-11-28,,,,,,,,,,,,,,-0.00896437122791316,,,,,,,,,,,,
2019-11-29,,,,,,,,,,,,,,-0.01462674585934809,,,,,,,,,,,,
2019-12-02,-0.011562155498393789,-0.021904173443722308,-0.017856749132966754,-0.012229782428582414,-0.006121627489408699,0.0006138548722041115,-0.006222642580356541,-0.0055184158282006734,-0.012621136778822706,0.005399072928119697,-0.011453933231133862,-0.008343497763211971,-0.019710482246057093,-0.026269416473510554,0.005710201997008113,-0.009621040126957525,-0.008835438708469812,-0.013508606044413396,-0.01484138625319642,-0.0025977076219371176,0.00036810505383844117,-0.011584943422369376,-0.037188460840508974,0.010305326502264123,-0.012611751958780837,-0.07476509657482178
2019-12-03,-0.01783017584390012,0.0038315562745148135,-0.01376274982101433,-0.020285212744435843,-0.009883707955319565,-0.008998302393996127,-0.011363587103598194,-0.013318808714016472,-0.043599177252088506,-0.0010738604454945122,-0.005944036120765772,0.015024327130558568,0.0021639478136743495,-0.012235519861787947,0.005488011918330038,-0.004406638566385124,-0.018422846674789217,-0.001090392184026956,-0.012355279871211655,-0.003954827121907423,-0.003090958359430962,0.004765413240443106,-0.0409425320114114,0.0035129378086333762,-0.010911903569035597,0.015813090571084487
2019-12-04,0.008826133952471338,-0.004606606823120307,0.013698646639882295,0.0004284138332615317,0.01475671664441025,0.020843042455923166,-0.011494291958469849,0.006749186569034116,0.018062519152339807,0.009139511683132984,-0.0009838299390539929,0.005920566226221169,-0.0008705705463252222,0.007208886900896161,0.0039525004129326025,-0.0005532001919493768,0.01192689978045025,0.0016982073694404853,-0.006009930099807437,0.00416412575857561,0.013583569003154938,0.0042302540675049904,0.0285944977148489,0.009827020296441447,-0.003933999048457593,-0.0008568632029446466
2019-12-05,0.014671089638403023,0.001718915066892368,0.014397660065930351,0.0066371061959291655,-0.005702922245239717,-0.00793445423919903,-0.025391545095443502,-0.0022345980778845087,0.00045496454360316463,-0.0012648590992276887,-0.0006061825225486261,0.011771568702041213,0.010493703479852012,-0.006854820946030293,0.008811474203313407,0.0032709658346012915,-0.016572964339772844,-0.02846092419476176,-0.004797578609816555,0.0014465803759609042,-3.701293168112407e-05,-0.017870534797252535,0.009840577950017027,-0.014242110460813806,-0.012535231855980156,-0.004145238984025523
2019-12-06,0.019316367826470948,0.01056005088579326,0.021538829229232448,0.011839640858853029,0.007312735914009272,0.008252506260008508,0.0038957839932070026,0.010078248733405903,0.02165839123899116,-0.004800983428400074,0.009930920715438774,0.013961866932448164,0.0018973887198667772,0.003958531445028779,0.0005575432212725495,0.008477323876029175,0.043195311165141304,0.0016830002485896944,0.014825375508877192,0.009148772539158134,0.007481498780934626,0.010397529105593994,0.0031431182559420456,0.11092283476254905,0.021910895200565772,-0.09946887717254871
2019-12-09,-0.014000062490352905,0.002677650057875125,0.006337678329445096,0.0007706753176268677,0.0014240263853220192,0.003940999547859869,-0.001697785486330372,-0.0011083019365221158,-0.0006383801584450843,0.0019428093914108935,0.005254674317504371,-0.0011476052157062266,-0.004614327269182539,-0.008088060522872698,0.0061293079483508706,0.001442315672385952,-0.009564312361231786,0.00491570828022736,-0.015780074856683535,0.0017178173849985434,-0.0014561870454462555,-0.024054351799105533,0.010575818348773858,-0.036460764196434514,0.0051901891966907865,0.05100415488254173
2019-12-10,0.005844391980520447,-0.00937949675860672,0.0037540908541811024,0.0002803336097574327,-0.01421497577465447,-0.003925529039689235,-0.015792068228585587,0.006659005009846508,0.003130717234170799,-0.0009361098756435204,-7.478826013440631e-05,0.0321652397611738,-0.0015568510813662728,-0.006115597940992368,-0.0020306561326759454,-0.002334353298513281,-0.012777409057804112,-0.003591482351131603,-0.031008255383199845,-0.006382756188387462,-0.006488508517717317,-0.011203588260758068,-0.01046514091941586,-0.008985134095729208,0.0033858504518864407,-0.020776504335125012
2019-12-11,0.008529395002458529,-0.0014137593266126958,0.011462643656524829,0.007909170390996811,0.0007210155836119281,0.003233756502235119,0.012836348538856068,0.004410138955837972,0.013248593164318256,0.0024764164581128068,-0.0011201102541122943,0.0027823088805993823,0.004989647780984763,0.015177954258920323,-0.0024047646474367745,0.006919918249632673,0.006441565043144637,0.005344421361010987,0.0198212120955783,0.004122604114143558,0.006090825466921412,-0.005331871420337864,0.011359135853211022,0.0050725098743023,-0.014762762360818082,-0.01626140997403025
2019-12-12,0.0025483160417318906,0.007308886850855956,0.018131723095035968,0.019305502914010786,0.002161607060244153,0.010374628858012658,0.023153809193355634,0.02305158684906039,0.03652227757667048,-0.019696682822936462,0.011662616462442932,0.021642921299831253,0.0074469846939104745,0.008586613897213047,-0.017615251227160122,-0.027242111355440524,-0.0010665647497267727,0.005150869698063554,-0.0016391726140643215,-0.002291437218081782,0.0005834175920291784,0.0036184039124318446,0.020139636331229394,0.028731504312014655,0.001369823871721687,-0.016215345904818657
2019-12-13,0.013592960853981317,0.03915548215749998,-0.006561149776652786,-0.008516201260828082,0.006326357960120044,0.012909929787579877,0.007384501588169945,-0.009656660419210983,0.004730466799677258,0.0022475097142269362,-0.008202696154918532,0.029875059632277656,0.01327826567432755,0.014222821995584889,0.004907486374656322,-0.013418129548586344,0.00136417858404414,-0.009075810788802041,0.00020106282088327987,0.001913976402748263,0.005540246086428002,0.0077445218993172915,-0.0151861644929554,-0.02074398431056701,0.014279494777749147,0.016802675769848285
2019-12-16,0.017118125531922823,0.018431104317055746,0.017796064179194326,-0.0011678672082319208,-0.015288119719563897,0.0040352856676504345,0.019153406031172437,0.01733483188211915,-0.009476736580203204,-0.002514342945653003,-0.0005959995586343192,-0.009493469494933127,0.002938069750308525,0.004542636528001687,0.008827853940844621,0.019628048838941092,0.011612057383088459,0.005607391695739095,0.01912894935379228,0.01165349841180996,-0.006379652118630674,0.0,-0.017733150130084918,-0.017356977895401915,0.004215292317403474,0.044224071735999404
2019-12-17,0.001965101117243684,-0.0029338533825409296,0.006643610721278614,0.006948159896052353,-0.002611778923206076,-0.007842128616493249,-0.0011600751468835435,0.0,-0.0053016627316269105,-0.014102900545572061,0.0006708700993243166,0.02662386338783307,-0.003232826873473149,0.003735860386845369,0.0070747776304544985,0.0023746902556813776,-0.004802187573971439,-0.0026020273331223143,0.03704680405771632,-0.005098865198005065,-0.006493578745963013,0.00026506181428653797,0.0011774541655458215,0.027539142682721618,0.009821851398732484,-0.0027128908713688338
2019-12-18,-0.002388857676389966,0.004739039028564651,0.007526869337502573,0.005123807761735044,-0.0018909044599491054,0.007459510876367315,-0.016492429664468844,0.015974267720656465,-0.10028797510438547,0.007670707034775015,0.0014153837996566665,0.029564622449113953,-0.004256485875043792,-0.014495615745588775,0.008134722882100487,0.020716795094993135,-0.005296218547312104,-0.009877191598202328,0.016863239815533504,0.006453564756393915,-0.0014687092571988858,0.010862447193517477,0.01685599054324527,-0.023011405044354283,-0.019453057143329455,0.02161100717465181
2019-12-19,0.0010005247800601857,0.010019113234720267,0.01873369090275756,-0.014274164106337528,0.012826126460309784,0.001716199851537592,0.03778928834092832,-0.013626634120155967,0.001089335920073875,0.005828838249921864,0.0011162551384253927,-0.01612123906098073,0.00946609407349297,-0.007950606646590086,0.01137000810174671,0.01758028182127691,0.01845815311623422,0.010791296736172296,0.0355984484361882,0.0046204360418922175,0.003677173842259629,0.011925214597295453,0.017347935759684407,0.002479286195979702,0.005171962501238969,0.008579908937079717
2019-12-20,-0.0020713410635192497,-6.110408372750342e-05,-0.010266430404461846,0.017584345231917542,0.010936381799592665,0.01258033133285541,0.0027310594067493366,0.007438869525426606,0.007482214065589021,0.005250444636460738,0.007654419543545732,0.019457335193652225,0.003495465281932786,0.0012020816183431204,0.004532896118744301,0.0011646964867078058,0.01870467417328059,-0.0006208555734722454,0.01408700568656518,0.014548452049133465,0.010625039916706491,0.0023307735790445427,0.012125563257244565,-0.0007579179048061713,-0.009784223249711843,-0.0183338221531969
2019-12-23,0.016318644418274353,0.004090311392770163,-0.0010257652383773852,0.006301563109505137,-0.0014232050121598672,-0.004302621903217729,0.016341293317396977,-0.004219611941447932,0.024101898436968083,-0.007664583285135307,-0.00029485107435012203,-0.019588524108492544,-0.0043542180108256945,-0.003702297919800146,-0.012093619073796247,-0.0005816707734477289,0.017676724059547677,0.007391107128373875,-0.011279230302987053,0.00656867004473094,-0.006380645598402013,-0.005684619418374504,0.014227171108465164,0.01005989729525325,0.013117626473343691,-0.01165394853937507
2019-12-24,0.0009506028943973011,0.00209759056331027,0.003308649915109596,-0.006868579556799204,0.002851289366799792,-0.0025246479184638515,-0.002456467470973167,0.003178154037212,-0.005998809582656528,-0.0015034005779125392,-0.004205183296655202,0.005635686981213972,0.0007063300852729881,,0.004750405144002823,-0.005141268719136449,-0.010029601151100409,-0.003206080203701278,0.0003001597454517224,-0.0019301977535728376,-0.0010943704668623377,0.0046777084837390515,-0.012920284092253764,-0.002094691211554034,-0.005128660469790769,0.004686281956810978
2019-12-26,0.01984006212166478,0.004732427767476954,-0.0009098793863885346,0.005017915240431492,0.00028425967695633325,0.008712583325488188,0.01656596616968864,-0.002111826643694692,0.011340882264915697,0.0013689241834859978,-0.0005185538055398897,0.001528259198153803,0.005781517091799415,,-0.0025459548730009107,0.01301687282713182,-0.0005093490424781244,-0.0018554889288512344,-0.0017106604761411015,0.001105078564961115,-0.001460984298841339,0.0010345711584016648,0.01832483560856235,-0.004594255760118737,0.006000308193080839,0.014896146214375072
2019-12-27,-0.0003795051484523082,-0.0012379337167810478,-0.009561481478160383,0.00040465250831855926,0.004689186067596607,0.003425926436430027,-0.009469286646568542,-0.009523954572673632,0.00026236347164010354,0.009091464202728883,0.0026685088187470285,-0.02085448780795396,0.005147473125995061,,0.007839683847514323,0.0014918929848390938,0.003794004716517252,0.00043391279582594144,-0.010642458177441028,0.0024838113647640547,0.0062184371074975875,-0.0020672088937961908,-0.01285329362272536,0.007321037379084849,-0.0008401677045242195,-0.012008859825676566
2019-12-30,0.005935230289558779,-0.007406548395486157,0.006436045931306644,-0.0051254764158426,-0.004950152776519556,-0.007453571654385538,-0.011338335409592726,-0.011752037885648048,-0.015669215575117246,-0.005419246678558309,-0.01818590606399828,-0.011428543926911616,-0.010041751837790547,-0.009430215133135023,9.081806625377276e-05,-0.017731794416004143,-0.008067527635420402,-0.003034945356744645,-0.017563557325420698,-0.010369044068157973,-0.005307680206471543,0.010875328267747841,-0.010789048906657439,-0.007188814150937306,-0.021018830373417008,0.0022509232781027233
2019-12-31,0.0073068293463756095,0.004477070223240176,0.0026265020329585553,0.001084625373549697,0.0,0.0006781856876103554,-0.003822846390285961,0.005405346531880406,0.007127189669309253,0.0010895123472303148,0.009261182607116947,0.013662667908657111,0.0029220901463853366,,0.0014546613110244522,0.004109267391052329,0.0033558661283621394,0.0011180264372512294,0.0008040939294979843,0.0038016350470309046,-0.0010231790419422682,0.004354510487492247,0.014291048615229451,0.007121516780053794,0.005324408721283813,0.018715376296834174
2020-01-02,0.02281634340411931,0.014008050548457662,-0.005581191390621187,0.01929862672065452,-0.004549092208636751,-0.0013557728302002747,0.020090280022033946,0.012903142300778603,0.025725585900793435,-0.020546595539151613,0.010295536497931135,-0.00881292825058777,0.016075573552692513,,-0.013616597412997256,0.022070685504925747,0.02029267658047007,0.0030409898833125837,0.01928487125911893,-0.001477842870318824,-0.006219414785969657,0.0021675119096284945,-0.0014829069633207626,0.005570054774073796,-0.0023063105816220064,0.009994125455994762
2020-01-03,-0.009721919128964696,-0.0078342109696109,-0.001488813877400963,-0.013884376855627711,0.003427293056450509,-0.007563215531932732,-0.00641728501090677,-0.022293059540154703,-0.012379206024403455,0.00902987590315929,-0.007975145775129588,0.0036610161826307053,-0.009756571047469298,-0.01810899314978509,-0.001656541667765521,-0.005291364460944248,-0.008611367942979897,0.017013993274010986,-0.011855275833699497,0.009343107188012123,-0.0013987945120164103,-0.00534390476102975,-0.00037146075801641754,-0.017206854568066587,-0.0005995332059096636,-0.02095463352483795
2020-01-06,0.007968346026861362,0.0057261502379801765,0.008373666317693207,-0.0006734993501239517,0.0038423445727338024,0.012994726519713451,-0.001447715795038107,-0.005428823652589343,0.0007833213899826053,-0.004749913428364283,-0.0017865022324266011,-0.006253315546962512,0.0026629060299301344,-0.005400606164502109,-0.0016592903513714674,0.01883371064183903,0.0009524826456956959,0.01545208309836088,0.030469469956069473,0.008065287445848668,0.0038338609812937907,0.005756627531885883,0.012630036128113531,0.003117874985033575,-0.004455197470725647,0.04518431882705087
2020-01-07,-0.004703607627847717,-0.0009588469474510752,0.0056876745545282326,-0.013213298891774583,-0.00964008405260508,-0.006317465666728639,0.021077276996120053,0.00982547908262954,0.009784691012255431,0.0019371368445952886,0.000671098303609563,0.00943905619154517,-0.0033863063464598664,0.00799101735642438,-0.00424760297523441,0.00216362771888412,-0.004030792675844719,-0.007189161505259278,-0.01512668366126424,-0.01863808923409893,-0.01571820372696109,0.0038158192742727692,0.009537842802471053,0.008527592810012363,-0.001721060288700671,0.022468740584635993
2020-01-08,0.016086613185117837,0.013437656414137633,0.002714372015649724,0.008881199839567255,-0.009017577928880915,0.008104796575617357,-0.016928740319934632,0.0,0.01505160396685623,0.008215054384900888,0.00834632995378315,-0.00675326175415214,0.0176450187884869,0.005590095359901515,0.002411161073224921,0.010137950617487013,0.015345757744857247,0.0010260340803791568,0.025729339536651796,-0.014544958758691329,0.0051489199606895575,0.006335456547310381,0.006540792650147287,0.019400228113142015,0.005689824586064596,0.009040354827321462
2020-01-09,0.02124068566269921,0.007636123737323475,0.008121961040223225,-0.002505324387375163,0.0075107943855741155,0.020412233883536635,0.031663130835255515,0.0010810975962516345,0.005855187236994963,0.0036291506848245003,0.010568384613772297,-0.021443704593500645,0.013110152833279543,0.0042449205485795005,0.002590008022550716,0.01431113897536318,0.0031557561082538044,0.01687846246855562,-0.010611236502356736,-0.004324544159315824,0.0006683309984061303,0.004910787346552148,-0.011552433963076258,0.02131782945736438,0.002314217875977853,0.0009648475793209155
2020-01-10,0.002260923782476887,-0.0018799078439988293,0.014322505210447423,-0.008010352391162212,0.005017928517327297,-0.0016041534080974973,-0.006461323176582101,-0.0010799300864311467,-0.008984572591572815,0.01064318867643177,-0.00036561722455885626,-0.0032068127794319112,0.0066969608831395355,-0.005032098993509093,0.0011074889430251478,-0.0010996740780191416,-0.004028848338055169,-0.008239936923721602,-0.019692637655148948,-0.0039657349041191114,-0.0019289797266843767,-0.010149302048442777,0.0018262170770904085,0.014345346410993942,-0.009065287294721114,0.006471957773792836
2020-01-13,0.021363867766560185,0.017127239828237162,0.006728990601442275,0.004721782842181277,0.010270905193118685,0.008741983658812513,0.03967045250346435,-0.0010810268715626403,0.01691884928741172,0.01053158513565422,-0.0006583823349258777,0.010724041017455166,0.012983073346325869,-0.010823526387165994,0.006267182528173931,0.017655905477659495,0.002493578575973432,0.021338776506032442,0.02999542769592045,0.011280690289585893,0.014866825152697771,0.005063454137325563,0.02442588390621081,0.03150259453079052,0.007594542456280884,0.012860890525437707
2020-01-14,-0.013502898825507703,-0.0028932673259634,-0.008656513954458434,-0.0009538232266538271,0.004942114638436523,0.010446369047997672,0.024812394998387832,0.0054111961803586794,0.017893044778666933,-0.005745433169855763,-0.005710224658661001,0.007426910186063562,-0.01449818851647966,-0.008998813827179708,-0.007327523369869304,-0.01284309331686373,0.0024871865697611018,-0.014806526626030547,-0.0006785911416898882,-0.0008437795951807825,0.0023435486002343353,0.005037644922984752,0.018861129518991326,0.02509968300240706,0.0044543103918961435,-0.011751926672066926
2020-01-15,-0.004285442615463486,-0.00490381689772168,-0.01713278592066403,-0.007567156539311615,0.009414027735245245,0.012934690041193075,-0.0059003236322312524,-0.010764356718439783,-0.0183805730515193,-0.0021502547746421463,0.005890117409365514,0.0042127445891027016,0.011620861540979854,-0.025074772567910908,0.010149593372989152,0.00954071291772074,-0.008766650841659063,0.013128391261192363,0.001122029429338367,0.007974733961679803,0.017172091161060887,0.005889821790928673,-0.0024451381568629804,-0.022715954359472046,0.005627864040074426,0.05166755863975703
2020-01-16,0.012526123436218617,0.007114954289484388,0.0003376412398488071,0.015799883525639657,-0.002227142359490397,-0.0025173123011109633,0.041751962546949795,-0.0021762408402620226,0.0024508090229873325,0.0030976707200132125,0.009954795845906084,0.03251200905386886,0.019252549726856083,-0.0077266219079893395,0.008220671458117446,0.0028036702086084997,0.006841983323190082,0.013544373114547481,-0.001327218027484256,0.012378831748680152,0.00294552208401222,0.014575762539439152,0.010154094626607435,0.002896407522129607,0.005766322494173082,-0.010787650178290198
2020-01-17,0.011071286948422854,0.012623734118718977,0.011129654754651108,0.006401482409013282,0.004464572182827808,0.008901667705466743,0.010608980051906913,-0.0010906006093865939,0.0027579306871134968,0.012619894678970844,0.0023916758273494487,0.014728079034618924,0.010489933711517185,-0.003946597914667227,-0.0005435492447447565,0.0016682206769493835,0.0018783389535104167,0.018859243209647714,0.003100807505475034,0.012503497715256717,0.011818588851831624,0.008718206043835552,0.0013865781156281454,-0.014837492243907957,-8.440559465894282e-05,-0.007226422905625474
2020-01-20,,,,,,,,,,,,,,-0.002677326982506889,,,,,,,,,,,,
2020-01-21,,,,,,,,,,,,,,-0.003543419395926617,,,,,,,,,,,,
2020-01-22,0.0035697162930150572,0.00017142159598204643,-0.010749262086236389,-0.02207768691609502,-0.0038621878067698345,-0.023377707509496637,-0.009072960109478001,-0.005428823652589343,-0.012632400746237726,-0.002551722377640231,0.033915478866633375,-0.005499767446913384,0.007393002683024452,-0.021228317214135095,-0.0012603426978116117,-0.0005418321203803922,-0.007581525049712989,0.004521362484337876,-0.035816814656217444,0.0035714426110573516,0.010714944466426735,0.005607530336033895,-0.02503535047291905,0.00720558576784347,-0.001107569955090315,-0.01550895854742218
2020-01-23,0.004815317117813578,0.004856345251921246,0.006161260291379422,0.000841329397138102,-0.01716981659695671,-0.017729204047049474,-0.0001990870998468397,-0.0021834397961398855,-0.004243284273190762,0.009118396839145726,-0.00708863771962609,0.003016452915763912,0.0020655127240674087,-0.02168888796306634,-0.000540966439803503,-0.007048747968591451,-0.0016286265367249086,-0.003938524881135663,0.07239266014766854,-0.00622786574459655,0.001882775182384,-0.003757908938092025,0.010488199405860765,-0.006460521246068884,-0.002814215109373297,-0.014164676752132288
2020-01-24,-0.0028816361834586024,-0.0011087520969121911,-0.0042306820759339114,-0.016602317791283072,0.0046488887598530315,-0.01690073176726159,0.005773460445355871,-0.015317165583914605,-0.005229632750745061,0.005525211811172159,-0.01616856647310516,0.009524019079439894,-0.004030457884147798,-0.01102865084763327,-0.006313080995263287,-0.00828163652331515,0.0023066008708452213,0.014799072173712347,0.010183146937646992,0.001432497867523086,-0.005081796063375887,-0.007301134956432143,-0.023264043439228055,0.0028655354309963244,-0.0023088746370193425,-0.01973950848136219
2020-01-27,-0.029405219570782903,-0.012721636118110502,-0.018336348821647586,-0.03312481200015993,0.015005249161186063,-0.04066418357361856,-0.023752984007644473,-0.012222264301231855,-0.03621730963573022,-0.011830565064480436,-0.013801934555176754,0.00546175408536298,-0.024408011155089504,-0.031064974194197292,-0.007260776075095898,-0.014086449019366398,-0.014145440005215115,-0.00923961392645578,-0.029108722322761182,-0.007241180979026263,-0.005457232814017221,-0.01054168497715302,-0.038475825708656264,0.0026375602305150903,-0.014915275953416907,-0.035068459706763644
2020-01-28,0.02828919521070472,0.02228311075910483,0.012414435844336769,0.007441563976284371,-0.004973740748902555,0.0006092022577555145,0.01034067598106625,0.008999087132318673,-0.0006061907780835485,-0.004318038561224036,0.006708838883904722,-0.027160426854481945,0.014251058334161293,0.016676444817071756,0.0029254053067644392,0.0135894622960826,-0.05722251621415597,0.006011351492078321,0.01644899149380752,0.006033384168986355,0.0021104679365715473,0.011645186611308977,0.006097650264211607,0.0006210555446657384,0.003915690330606125,0.015190227963354674
2020-01-29,0.02093265222115326,-0.008374929306065204,-0.008662218135336741,-0.007020742705182381,0.009441753856740176,0.008218593224035509,0.006421827876088804,0.004534934383481515,-0.0022914943729531734,-0.006833558887085034,-0.013328560598100836,0.005075834064981466,0.00015610485506845073,0.0030033346009312734,-0.005286907283742148,0.024978200387531402,-0.02162089845761661,0.0019542203179063744,-0.015379297595302543,-0.002506275331073171,-0.004984609730325773,-0.01714426973969785,0.01363647893889608,0.0004017083693068635,0.0033804542127029436,0.02894699528718725
2020-01-30,-0.0014492749376527891,0.014445733149530238,-0.011575191252079953,-0.0030195080942889696,0.001100398150242654,-0.0003018092137470063,0.0027916128691680697,-0.0022574486075230826,0.0013510677597770027,0.046245538118520724,-0.006681640932450161,-0.0025251557472749653,0.012924471554996986,-0.014395963724779803,0.07771257206591886,-0.0613717337151547,0.0031483075835829766,0.0036229910231788676,0.013346437322401927,0.0020637727726577904,0.014817123377272923,0.008472270502056123,-0.004484533790144907,0.0018613739236339466,-0.06703519755691412,0.013047010880441245
2020-01-31,-0.044338641262165135,-0.01569763900665677,-0.02766920363494696,-0.029696158584623267,0.0197859611925828,-0.017667420695109293,-0.029429300363750244,-0.0022621923749825967,-0.02441653965174817,-0.018780836068216122,0.05088838815764052,-0.005569718992107342,-0.02625867103768642,-0.02301941706725319,-0.024149702284689156,-0.036367043243676456,-0.02369104318860793,-0.017048900333299644,-0.007620618936691748,-0.012626581017513572,-0.012584514260806534,-0.02162085217176135,-0.03265760104046733,-0.023971681323050276,-0.041481560425606245,0.023611512135947033
2020-02-03,-0.0027467494171499185,0.019536324729127585,0.006730135003829352,-0.012029180764046465,0.011991201624623082,0.005329062503314441,0.011268166801599477,0.018140395248222863,-0.005530987722369485,-0.0033514477884818428,0.01767200216988063,-0.02443981308121501,0.02715705637258936,-0.004425314915687428,0.0029625808290387745,0.011292265163955983,-0.013046872765523965,-0.005480475275397301,0.03741054242235542,0.0020861145432702344,0.0034504360846707716,0.0034095880497782005,0.010089398493197566,0.026314761287750343,-0.01439347472648489,0.14888597845331075
2020-02-04,0.03301411088570161,0.02441338054294695,0.016772451629899265,0.02882024672363448,-0.004925974299770264,0.021508535488151015,0.02755268625475571,0.02227182085580992,0.025514471665318617,-0.014290053180835427,0.019416330922635172,0.007306746704014433,0.014174631246475444,0.01753966056182321,-0.002085038129657768,0.02762117945854836,0.004151205520477763,0.0130092288068957,0.03075423918898257,0.007149869336055215,0.004981965951280198,0.02579913269904366,0.044948238712624766,-0.005237134441944846,0.013231340364078248,-0.021332451157429433
2020-02-05,0.008154260097171129,-0.0032448123277905028,0.03241419159776959,0.029435997380941936,-0.0064226187705814786,0.004490367980149124,-0.02267353111595538,-0.09477129037687537,0.01654157851307758,0.002886240121016126,0.04842043246907424,0.0310881498194564,-0.0024306112703419425,0.04025968137136404,0.008532290449475566,0.0013345456549616053,0.03237100075798205,-0.009140802922652957,0.0017885172663607563,0.007099279978638018,0.007540999031520723,0.0034351056976942296,0.04374986176207374,0.017037159437281346,0.025730528211698633,0.013987608525890538
2020-02-06,0.011697059080052696,0.005225013612067508,-0.009608658541710668,-0.0013822719003645512,-0.004039834898916461,0.05071543469456041,-0.0018156173722407853,-0.007220188661236859,-0.008803165431421123,0.009549809190233516,0.0027503427468120734,-0.005527736561031338,0.002984674120261266,0.00045392024433010825,0.008632569729566164,0.0035220357425145288,0.0034494784976897286,0.012677390377190623,-0.007357896667074981,-0.0011599521040169813,0.00020765707605252537,0.011981808513620962,0.021486325098193815,0.053454581597169204,0.004432137714270423,0.0031038542256751622
2020-02-07,-0.013592858148287257,-0.0037282837561786186,-0.018276661175581133,-0.028269758426049285,0.007166318004455885,-0.012149510761371052,0.0032336266954799964,-0.01696976076443102,0.04729835727055964,0.01107981099288513,-0.011150854017767053,-0.02223318032365884,-0.006984200394089868,-0.02699940436483561,0.004108050224426618,0.007019130279017016,-0.01725076672452408,0.002962047689466951,-0.000490572463447192,-0.0035733569169310586,0.007205587774214317,0.0322581974949383,-0.03551711681917813,0.009930058977396072,-0.031827820898703396,0.015814774462915127
2020-02-10,0.00474968509733964,0.010680443883259061,0.01930603771112538,0.007123305023267523,0.014229879992550432,-0.0013402296411216819,0.014705873312088613,-0.00616525735620721,0.007195474943028302,0.006023492660084617,0.006648765676278812,0.03152422230531404,0.010030624820610567,0.003731010038011462,0.0052848553467159665,0.0034379886593016717,0.0004372810827661944,0.025688437461437674,0.011723977615421433,0.0026000163939272625,0.001995035744761342,-0.01065080898950499,0.01930628683249358,-0.009156614182053935,-0.0004847440308322071,0.01162002240962523
2020-02-11,-0.006033275602573163,-0.0019459492451435745,0.013416144600221669,0.01392163360309695,-0.010191941762826673,0.005463099340960342,0.0037721351089006205,0.004962786879816328,0.007781321094966875,0.004204054286341519,-0.006151463026466408,0.004527323690382223,0.001937601699674163,-0.009524974807381459,-0.0016959690025276641,-0.027550857930973116,0.014361516784925143,0.00211839431515215,0.00706069066717574,-0.010551771405901578,0.0028832284849116263,0.11782811651775216,0.0024555072165757252,0.0018073274656329463,0.017463610571168298,-0.011040458168676381
2020-02-12,0.023747591803186863,0.013566967564412558,0.011569641371460992,0.024964963054249445,0.01203555871844686,0.023687152672164258,0.033425604841888834,0.01728401709079974,0.0032279640152224065,0.001332099832239031,0.011923150610892774,0.021532130365993885,0.009790730493840494,0.03189867443843708,0.0013591104869787873,0.0172304273879329,0.008310123590079765,0.0011387729459251261,0.016912413451164454,-0.012471806892761284,0.0,0.012488035312183676,0.031140298514801268,0.018789533108476864,0.006388872930521261,-0.004510617100838665
2020-02-13,-0.007120922189511436,0.00146941617572649,-0.005828735139026597,0.0009315265612270807,0.003711447913436583,0.0004653530183724719,0.013779927668959413,0.0012136135495666167,0.018673874536282442,0.009312181085245008,-0.006438517707774372,0.003921576229602541,0.005027515726246268,-0.017047349674869983,0.0013566600933490047,0.011292525008358423,-0.015831636853918085,-0.002978344668703947,0.0036577969257158838,-0.018577780185838666,0.002669496176965769,-0.00553992335359732,-0.0217167238592052,-0.0073838675082299465,-0.0028425316424059988,0.017897619538993714
2020-02-14,0.00024622323137113433,0.012885543530658516,-0.0021019330224385513,-0.012381918627060506,0.009376755265906311,0.0005584567083156688,0.003586909993023024,-0.018181903241463626,-0.017650258803951546,0.006339067146621469,-0.02339451185452146,-0.012695095642323184,0.015215569914391214,-0.004162454324057263,0.011011728760661477,0.004879368638876613,0.007823986121826776,0.0015749130622479957,-0.00262187927953228,0.02088772321379828,0.0035508826061336762,0.014084554030268315,0.013180600123346986,-0.008482241222305564,0.006746736215089033,0.01212993913295235
2020-02-17,,,,,,,,,,,,,,0.014164678641594097,,,,,,,,,,,,
2020-02-18,,,,,,,,,,,,,,-0.027590101512893428,,,,,,,,,,,,
2020-02-19,0.014482705599493384,0.011693262780549718,0.00865149214348615,0.002050081564658024,-0.004858722301058438,0.007945336709977324,-0.002625644982177766,-0.007444060605649505,0.01620714344629892,0.00268640465578196,-0.001588243515774801,-0.022692916882343317,0.009729274693265788,0.007063742326382849,-0.006034038970402333,-0.0014233262254106371,0.0028954896568826882,0.006761480068126602,-0.004100273279411981,0.011184955496734927,-0.0004806091567122195,0.0061074630996844625,-0.002135418290460489,-0.006193318457490715,0.003194851884266825,0.07822389213892955
2020-02-20,-0.010259246867449168,-0.011271152520291872,0.010886109474601113,0.0005113931078819522,0.006993927521697474,-0.008445956183499193,0.02275289728335883,0.0037497441017153577,0.02339599469443887,0.00246089733686361,0.0023863610383410006,0.03199183134220229,-0.00031920187416834,0.022796446030721063,-0.004384514681748941,-0.013379938203034514,-0.0048952035294774765,-0.0027937711698809986,-0.00049201189402448,0.0032373383752772877,-0.002542464272318079,-0.00985170757114262,0.0274608179141016,0.015091326576138542,-0.002623060792250831,0.01308573661462642
2020-02-21,-0.02263464304666174,-0.01585913917976034,-0.01816564029667167,0.0020449675053675342,0.0039313314518361064,-0.009700776107538722,-0.01268613043669764,-0.01743436947658361,-0.010066037675130035,0.0013117366217090254,-0.009125802541104178,-0.013999749978963472,-0.013790104850626816,-0.02628872268596716,-0.004912003291300704,-0.020505235459320925,-0.010280294978460613,-0.0017779098972515728,-0.015362656167881461,-0.00421303817462837,0.004753484201088121,-0.0093469064071654,-0.028462142997154882,-0.006437918845764279,-0.03324532083899345,-0.03352643886981199
2020-02-24,-0.04750027031007975,-0.041667805433118876,-0.052736722870951436,-0.036731970362344435,-0.01435811245634655,-0.05012679374554352,-0.044134057694844575,-0.04055764509771609,-0.051454799801174955,-0.00860821731265149,-0.022757702916071154,-0.030426176367074453,-0.044245055035076475,-0.06737880502734461,-0.01719133032982867,-0.04500902641913218,-0.02791056446243334,-0.018729511862565773,-0.02991556919805849,-0.03168606293548848,-0.02200922092598745,-0.02231911559142985,-0.0871740620369077,-0.046192340862395764,-0.033748857238891206,0.0319378924112943
2020-02-25,-0.033872412805927676,-0.026887931984762803,-0.042222207634293185,-0.023984428404349667,-0.009932779248829071,-0.03697557592991252,-0.028053816287515687,-0.0449141561826889,-0.05973513893221993,-0.01019216967543446,-0.03223377324649235,-0.017259487064462342,-0.06708331754642982,-0.0056639965138074455,-0.012469678440733656,-0.019678883478037035,-0.037364613405732605,-0.020297110676993024,-0.0233523212904293,-0.010597619047411744,-0.010796315764373121,-0.018574245396064448,-0.046966720462541356,-0.02654346358312709,-0.04660364959529639,0.0197124050348918
2020-02-26,0.015863817918362333,0.01017828829548173,0.0035410910069046952,-0.005813730118242377,-0.004414343566569334,-0.011178945831376907,0.016035262514485726,-0.0027663891854851075,-0.007348953047852547,0.0067376465493900195,-0.013831164426814646,-0.05375190237039795,-0.016012703002482254,0.01734186801227322,-0.002806177802506582,0.0021851313220235813,0.014368281585457998,-0.002021489257228559,0.05318117624974006,-0.002724762303942918,0.006236581340982816,-0.009832876916671007,-0.03408650710979788,-0.01881355679152541,-0.0018103012483724479,-0.0018678051383700378
2020-02-27,-0.06536818790018373,-0.03933513823722978,-0.04709170017898201,-0.038830427671759815,-0.03452886312542147,-0.03458487148949152,0.14263167761118822,-0.033286975526004126,-0.03992268657289211,-0.04053530586628207,-0.047513307274643424,-0.0140608126346764,-0.041001354400368784,-0.03347013532328691,-0.042208842500760846,-0.03777885968189676,0.008056189675821557,-0.05029533330393121,-0.019855457132485044,-0.026568874305507806,-0.03951243855974351,-0.025734153368324852,-0.02423453562990463,-0.027056770122401486,-0.03723484429477719,0.062406492980392914
2020-02-28,-0.0005850126979992654,0.022517202983221685,-0.033967621945193094,0.00786895599039994,-0.032563192045157674,0.007241681843364933,-0.0018991160071077928,-0.001434745387606462,0.017368332743196824,-0.05244820259680505,-0.02223733325054167,-0.030804295960219052,0.015499417817570471,-0.03347074948256501,-0.030481155840774266,0.01433465465776984,-0.006127041338122474,-0.01854164723549634,-0.007209963306207712,-0.003968224825273259,-0.031825224139696684,-0.011836970787452605,0.02178652113872892,-0.031238256056942193,0.002770441157945669,-0.07529725074389115
2020-03-02,0.09310048615807931,0.043926761348503485,0.05234667201377552,0.02704423058218053,0.07825070787042221,0.0529954008259117,0.017816965141480567,0.034482717189721956,-0.010059058976939594,0.05812934265017988,0.03188633999527446,0.05179532787052188,0.05681335086126338,-0.010921657486846148,0.05303029918784796,0.02062650313611125,0.025328343735160797,0.047139397271672934,0.0325718686362273,0.02740269578406207,0.042035825073238886,0.03471611099009664,0.01023440873665793,0.01516976137554038,0.024974960534347224,0.07723810105096729
2020-03-03,-0.03175917039514031,-0.033140897307264994,-0.03843772364449016,-0.025234953749596944,-0.025346514466489167,-0.025552044193438372,-0.01070702016453895,-0.031944381284495615,-0.0476565295476743,0.007416434945492156,-0.040208513783243194,0.033015927111522236,-0.048053728084305525,-0.012388848467701052,-0.014568411696569639,-0.05370586686609802,-0.05084304100760573,0.008645900173146703,-0.03222675910304107,0.020050975344019673,-0.014536840751040558,-0.04201959575660885,-0.013929899875369078,-0.01643732782047025,-0.015633286670202362,0.038546552796610456
2020-03-04,0.04638446638594318,0.04452549213033885,0.05042483614730853,0.024280513719191932,0.04667337276615813,0.02659391092062169,0.0730115111981453,0.015781737812047503,0.024945703866906088,0.048602787092273836,0.0412722401284622,0.015168137615914956,0.03547918763122926,0.026179378327124248,0.058769950256635006,0.031577651567954,0.06017620720702177,0.04240245247970864,0.04073006917080679,0.038757516433029604,0.05022847423901733,0.049681089357132,0.04152396660750468,0.04729249533914448,0.04950709947104781,-0.005703568247066859
2020-03-05,-0.03243697612335561,-0.03523431938756505,-0.031588055025057016,-0.042621948624659844,-0.018830697154646248,-0.019545155158725236,-0.005283349682908667,-0.048022450265859606,-0.04750377092740776,-0.012115613210981091,-0.03479351490904803,-0.045357585133692924,-0.03846364226327714,-0.03813451601652296,-0.01982421714954974,-0.03436584002508558,-0.016690300076252274,-0.010745032111334929,-0.028687607626611156,-0.015263705108237602,-0.023579700504179457,-0.042106331615105796,-0.07385783350270825,-0.04352024196112558,-0.029534427767751725,0.07020545148965884
2020-03-06,-0.013280246585369193,-0.040623336510309804,-0.052010015286203304,-0.004590942208471782,-0.004664799213768611,0.012287701305599752,-0.023821012663652663,-0.037091971421536196,-0.012376280184163257,-0.017044303572378183,-0.01404880095498584,-0.037451293117158224,-0.012795424507517472,-0.03688346402968423,-0.021104421250380367,-0.022033897882792086,0.014793912962221878,-0.025103812534638892,-0.010220519342412415,-0.022026791574113913,-0.00608248809828027,-0.02225676296670187,-0.02340243232585204,-0.0021779110378349342,0.01086128403553599,-0.08544000244140626
2020-03-09,-0.07909217730790996,-0.09199151194999233,-0.09414783793721349,-0.142821828482382,-0.05275874866411712,-0.07319622173521101,-0.03544932352493868,-0.09090919903575878,-0.0938283339987106,-0.03384708353971011,-0.07766360157861074,-0.04413462155533576,-0.08710527939497847,-0.13439480435735351,-0.030901998873165026,-0.0640011617336157,-0.0624142992386193,-0.058151499628039116,-0.060926393410810076,-0.04115301515679315,-0.05172669227454274,-0.09230609165727244,-0.15069122975588067,-0.08137809149874053,-0.07255320167828871,-0.004986001542563234
2020-03-10,0.07202206330673899,0.08695508549941522,0.048601664378835396,0.0232534005368239,0.02869698403704568,0.053288448516640496,-0.00905980819310892,0.06101704561437016,0.0429558093608271,0.023510109553720238,0.0590780855842965,0.012150623848682596,0.07083690736155068,0.016570123427789518,0.01798316718753412,0.05126839310863973,0.06413996209424155,0.030418071052025653,0.050910560983689734,0.025809535676292183,0.030577936464160516,0.06558007317143555,0.03960926561493716,0.014255412192853756,0.06469365836918595,-0.04624177702180632
2020-03-11,-0.03473052539216592,-0.051597549926419184,-0.06774079574714764,-0.054465101118704506,-0.05991461038433121,-0.07935751107162003,-0.13351736269590708,-0.057508072906631735,-0.08005297980713022,-0.03739892639292841,-0.05450017631928994,-0.06902749349762027,-0.03852864381689436,0.008149899882621048,-0.04680395379918578,-0.04461526139965266,-0.039530428467619005,-0.055760409777760644,-0.039024460766591496,-0.04419529380712761,-0.03272712688476631,0.017298141813500756,-0.08298517690407226,-0.07466740996829269,-0.05203616002946898,0.016683613454035573
2020-03-12,-0.09875486348283435,-0.0958982645457549,-0.15251646790697537,-0.08372229191732294,-0.07308887038216261,-0.08787873072002728,-0.12323310139599086,-0.09322051361222194,-0.12620497486879323,-0.10687663552248183,-0.1285073373977298,-0.15087035193988063,-0.1047598365637834,-0.18852071103178647,-0.09228117379971412,-0.09263396910093225,-0.09277382487775865,-0.11957405025585688,-0.09907981549650968,-0.08182979270862112,-0.11105967854188237,-0.11208797502792178,-0.14570296576312447,-0.10248186221095235,-0.02068414575665356,-0.007524948396104847
2020-03-13,0.11980825291405495,0.17719298245614046,0.10216580090500393,0.07999118070630029,-0.0018924452507450562,0.09450264385195783,0.11285189152331676,0.05233684200654287,0.09927850150840101,0.052457322505213844,0.04999512397986394,0.09491256956399896,0.11805393467612757,0.02211592597476808,0.07177432787664229,0.10234981813967847,0.06063810291792704,0.09606042950861693,0.06677244964493667,0.04606457238018713,0.10499391002113945,0.1124286198669362,0.08127895008369612,0.04291328981855069,0.09353640333307967,-0.018269845416076902
2020-03-16,-0.12864689894563186,-0.1474515684670734,-0.06157856075626944,-0.06252517838428406,-0.04518886071295214,-0.13494374147125765,-0.15017337375464845,-0.11012448805992059,-0.15136450185732064,-0.09947093394476503,-0.08216774930423798,-0.018724123196836917,-0.12725458048538307,-0.1064327773500795,-0.11429684647786642,-0.1425297832654494,-0.07601628434374108,-0.06266557420515084,-0.11138864617725486,-0.05132408222168994,-0.11267188039354781,-0.10375949771144244,-0.2926678585941108,-0.219839683227948,-0.07609078642285716,0.003628913978027448
2020-03-17,0.04397001497294095,0.09013040201838729,0.05270488992447908,0.07269020855250474,0.13668736942647497,0.0319508275166871,0.011284451111336136,0.0,0.049397704211430415,0.10458214270632449,0.07640276470776408,-0.019081250523054205,0.009463231763629398,0.06239108320376907,0.08248344090346249,0.02335449140836099,0.026965056386138553,0.028159891008458615,0.06997053770648298,0.058753495409797685,0.1293662700171616,0.023781558418235926,0.1489546974255156,-0.04296141804540321,0.11176209354192146,0.030038919390276586
2020-03-18,-0.02447997879213004,-0.05516183682917064,-0.09653663198583629,-0.0007981947156395774,0.010045124287374252,0.016260735604092025,-0.06813862784104163,-0.10179627840527372,0.049705153210999775,-0.1652767621818204,-0.029066694144269656,-0.10734864985654857,-0.04182806766924385,-0.09322384773010783,-0.04649747395812143,-0.01646363340511081,0.019190525590625507,-0.0075668121916199205,-0.013385441480963878,-0.015022910462607286,-0.05324151829494761,-0.05143581531865149,0.01288877463936311,-0.16869340751249573,0.02551916505517071,0.06849685611943723
2020-03-19,-0.007662194629455388,0.04378678610865383,0.01388882615053455,0.028865060611048543,-0.038628356718636514,0.001728081063557374,-0.1169426790468252,-0.006666640459633277,0.12038540019955768,0.04891891376118784,-0.030999517382965358,-0.0024213341258452203,-0.0034219345386538036,-0.010869621694351017,-0.02320093045732785,0.04198424914393084,0.003576102251920954,0.010256301382379318,0.05249304794508536,0.03164554685924359,-0.029606284386482273,0.0690258009154967,-0.048652962147876955,0.14371304549248953,-0.030324680036391882,0.04262486393410825
2020-03-20,-0.06348528709806578,-0.039575991158824375,-0.056620853290030415,-0.07290549604585128,-0.014242631298814534,-0.035204977777702706,-0.08568953625013498,-0.03132024227290475,-0.005551495504833692,-0.03333605024343034,-0.04933257842068073,-0.07281553656921202,-0.06924941395432238,0.03823279146573699,-0.04728382200170389,-0.022203513612204295,-0.09177520224510749,-0.08756348067932918,0.0024094760469566268,-0.03188170916999078,-0.11428335365890396,-0.06167391905549058,-0.05271414982293732,0.007279352509987236,-0.02898671239770545,0.05477907887679678
2020-03-23,-0.021244200250681078,0.040394097730442446,-0.01858697821529154,-0.03821981084504189,-0.0742205091306275,-0.043841308484576125,0.04228457629084437,-0.07390268563358804,0.006302805039268611,-0.053512128938089876,-0.006499424847916435,-0.09511330429852272,-0.03840689234819217,0.014553410544995593,-0.03208688660256087,-0.010886066666605076,-0.05620933007215034,-0.08820716602055512,0.08244447325075854,-0.0343861230094451,0.012027534969706544,0.01542578436791553,-0.12126277347388403,-0.03255431679662302,-0.016691537619817454,0.22221366395016195
2020-03-24,0.10032545255935577,0.00888473031515824,0.1678836057815989,0.10332063810529712,0.030885550747538293,0.09315705953410713,0.15440516128674608,0.23441381287319518,0.07408733681159707,0.09413975555476539,0.11301033456176479,0.2073288987541808,0.1661092358116063,0.27276695219445823,0.1128071352164044,0.08696823746776983,0.12598632162292245,0.050176579982188496,-0.008188358179813338,0.022162541158249116,0.08233500032033936,0.03896970379901421,0.29678677336799764,0.2398072432799918,0.03656120163434884,-0.15279521970323207
2020-03-25,-0.005508737657762386,-0.013193536573840703,0.02297270336626256,0.03285948645788084,-0.039043940310171554,0.06291558694426591,0.08287437080757232,0.08888882968842204,-0.014412056831735631,0.0346128231725904,0.003507886115658332,0.04952071771699318,0.08187441612576363,0.016563936379698774,-0.011787438689296104,-0.029631041360968502,-0.008891064782891034,0.021787267577723313,-0.041783278169397864,0.033891104148397355,-0.011770681273693295,0.006611550236613306,0.0860056759688832,0.08046629224392277,-0.007977918519027849,0.02167486383578754
2020-03-26,0.05262302218764403,0.0547873870255553,0.03830939097093977,0.05569913849959085,0.04311800539400901,0.03111606776711917,0.014289177512854412,-0.025974007374975905,0.06161790683807644,0.050023696774041726,0.06650912679366727,0.09360723645985303,0.02612274599599318,-0.00604725469899936,0.060507419632745085,0.04564355181165114,0.0352745376434056,0.11469395034153274,0.060165351463776995,0.043469437520139875,0.06897750777261358,0.06896541010137325,0.01744958992017831,-0.015895366761224272,0.0558728460403366,0.022011391446659312
2020-03-27,-0.041402344496630494,-0.05218962455350773,-0.0065204616793794745,-0.045791845970286404,-0.014785496517670804,-0.07110638806193614,-0.07664763174072153,-0.011428650545622365,-0.0399680673165812,-0.012155453887414569,-0.043050612083270434,-0.11203907365197174,-0.059008835783098124,-0.08061509237989306,-0.020654386760454613,-0.04010036813764495,-0.02158879718988116,-0.09342892687844528,-0.01617118899403236,-0.0005853681540715083,0.0016629301695290089,-0.03438476173902738,-0.08245360616253672,-0.07615317875004957,-0.022649772308492855,0.07474320586577488
2020-03-30,0.028537910325826532,0.04106866111117591,-0.04354101791672438,0.05946504341809544,0.04582847592973094,0.028316825413533975,0.0,-0.03082850503412704,0.03093350382999449,0.053041495638380676,0.0453578106695125,0.020376343276033104,0.02261265642464827,0.0001835730121586554,0.07404698019916856,0.0584220442571004,0.03377337707585104,-0.012586257982768023,0.038754446714571955,0.020499793926656906,0.0416736593005842,0.01713168284971278,-0.050323692121481134,0.0301519624972284,0.0032812763134133505,-0.005405353209792407
2020-03-31,-0.0020407431735848247,-0.0004711969821923345,-0.04602528395727823,0.03876122471701948,-0.00972059286107585,-0.035647172268241434,-0.005947751567804138,-0.039761240473255355,-0.0245352003538003,-0.038321702937488156,-0.017710125047715408,-0.04531508399430295,-0.04615990513525425,0.01157887217845599,-0.020535863198723026,0.005122038555035013,-0.008929872595813015,-0.0033740278533613832,0.012238477395327685,-0.014826874186630867,-0.04287538810343883,0.009383802744630465,-0.019681729689046357,-0.022313781179752024,-0.045175764478712965,-0.031548313968587594
2020-04-01,-0.05261705727549182,-0.053513069701751625,-0.05438591941531512,-0.04041727711839249,-0.005920973371303373,-0.03740408146679375,-0.07778350599867123,-0.08902714245883692,-0.06415968765728497,-0.0063394229145813386,-0.052195492834287927,-0.1432018083804627,-0.05360996545916663,-0.07249271632624876,-0.027955147235427025,-0.04316536680567584,-0.02468693027783153,-0.05138431424892065,-0.03041273806174971,-0.008059021265785393,-0.016486265051325777,0.014660325324941326,-0.14517383929285732,-0.08081956286217373,-0.03243387841997625,-0.062414422542741765
2020-04-02,0.016686692402984704,0.009129843225702317,-0.021150217538345117,0.04840616408209497,0.038714787965991704,-0.027187668703338552,-0.018335726710574263,-0.00909077817876991,0.027846458115934558,0.030912848643092516,0.046224432035915086,-0.054459932929989074,0.04492362299374619,-0.013712100719193598,0.034921824985380656,-0.008834561688724651,0.03582711694011542,0.03418185590262435,0.016479852189914768,0.02329678951160319,0.048594796126151696,-0.00845738441680266,-0.005420233092026661,-0.0009287547769930571,0.029317278966513927,-0.10999999777243952
2020-04-03,-0.014371497086700047,-0.034050554002088895,0.013646861532535137,-0.01773194040337356,0.020823895763225186,0.032638621902467024,0.09626443569719245,-0.02752297841680873,-0.06361473037347287,0.02976492333957026,-0.03327266341566304,-0.05561103258027367,-0.007744470339361653,-0.026017826962072554,0.00813812693269278,-0.02534934901537156,-0.029874605936052845,-0.02898743968358619,-0.02248164573761069,0.002104465921317411,0.005893653039779068,-0.028788334858420694,0.007266264509373066,-0.028571431273414216,-0.03267416400839995,0.05142291993253001
2020-04-06,0.08723761738380698,0.08691809136086714,0.12471944776592658,0.05023120905434175,0.01788617343054777,0.04166685426827965,0.21782430475020287,0.06839622158460568,0.08972716123905289,0.014953155462860357,0.07974427444037868,0.15036846897151435,0.12196797746070898,0.11521213802102692,0.024414198738485826,0.0737450407274769,0.05164802060231066,0.11277805976569688,0.050309590912297475,0.017659347339365805,0.052733050638259726,0.05013414442686481,0.1758338914622528,0.20377686655121496,0.06311101652593765,-0.04102959931394956
2020-04-07,-0.011582291440456749,-0.03196193416779092,0.02660030345055575,0.012372222351448636,-0.026865739142243106,0.01663524736856936,0.026474377237932556,0.039735091814526724,-0.025793928506719688,-0.005286925349888616,0.0010445914249328503,0.09780579057610539,-0.02579577889848783,0.029072903909490577,-0.0044205455982873065,0.019812620651338264,0.027718454832789785,0.01093031423411217,-0.020212595388770183,-0.013225873005328737,-0.005184568075620843,0.004878906198873656,0.10966260699193886,-0.0059889212841192085,-0.02895052049620539,-0.07475192987560131
2020-04-08,0.025594592655317383,0.026705079453577918,0.04372454570376916,0.04494775144946339,0.02387689455308606,0.015689365762483476,0.0694066149844097,0.06794052447020715,0.08270806807763242,0.011338867609385517,0.037846029296977335,0.09325571010726996,0.04743353075842571,-0.0005330753196099991,-0.000193062197719307,0.03228107473932651,0.030359819120991505,0.037418905523959545,-0.0031159645200780073,0.017585667887260348,0.016324374398719144,0.00392999966704255,0.03455412484263509,0.0694215092540833,0.0632868893559706,0.035692286229395576
2020-04-09,0.007215768071045847,0.00479229322892305,0.02389467874827611,-0.01860294434535481,-0.003206527932296699,-0.005430458546695771,0.052549025591682064,0.06759441572954894,-0.02588806631756302,0.008408695701318969,0.01852657246644407,0.049504854405484355,-0.00572119365709145,0.060977898803997954,0.010619700258893694,0.0052214475992045095,-0.008121397083757254,0.034648341241737324,-0.0010778431788541765,-0.007286343817419327,0.007691644671368625,-0.010938465183213286,0.04876426418510693,0.009522801683069293,-0.0010122668759299236,0.056871273376475795
2020-04-13,0.019627967719448636,0.006118549152067221,0.03561115561599948,-0.08709916724500222,-0.00424038372871538,-0.015834788373785824,0.03278685379149504,-0.03910623960985393,0.010139684616194744,-0.00875577907224312,-0.002880667136320847,0.0036285936174442757,-0.022494148726080687,,-0.006113743155819584,-0.002283122659402115,-0.009338232921241696,-0.043495336014373054,0.07013385809432648,-0.0047990718139199195,-0.020504241839978343,0.0031431592362194394,-0.059235672347315416,0.0005927023829952471,-0.002735729621295424,0.0916391923295512
2020-04-14,0.050502956927095166,0.06274753001767674,0.022095540201803265,0.020501164754809453,0.05932418890016855,0.01713730873171171,0.040043313053647944,0.025193935917716015,0.012547586137665823,0.02439555546801775,0.022781654233662074,0.006507425233753139,0.028024606726114287,,0.04786611101345306,0.01933732159817425,0.025546547524087027,0.04478912220565734,0.04242283272035552,0.01749246113871461,0.05737612757554578,0.040037239489329135,0.04129994911800883,0.011845971491521778,0.030278411650211723,0.0439229053938226
2020-04-15,-0.00912721621171697,-0.02412184607129042,-0.07287036583704098,-0.042496629729977364,-0.00194055657308434,-0.04369684487367298,-0.01630243893854555,-0.04914935676369547,-0.04141359207752415,-0.024156363831996375,-0.04212735001061996,-0.0660918476677832,-0.05016217954945679,-0.06054414368593841,-0.014676143306709855,-0.006735067493092717,-0.033169157224276935,-0.027292167287393254,0.0319187452408527,-0.003345427245793231,-0.0243497198017385,-0.012050940737662108,-0.0624186877230577,-0.016975588914824646,-0.014595499176335958,0.06815137226401857
2020-04-16,0.007945916521597374,0.030521800591318815,0.003397346396596612,0.015153099451947982,0.00902766056297577,0.025857099354970048,0.052891395194557544,-0.017892385567644054,-0.006838964717167384,0.01998562000490023,-0.0249389252324419,-0.024615345875003136,-0.0403671813312837,0.0025343924273428797,-0.005213340965138036,-0.004068354826375575,-0.0017909491749693585,0.02778892027754787,0.02910370479293145,0.011375336582788886,0.00451755160995404,0.019539051216173053,-0.0006935418253093406,0.036720889934477086,0.023018140088893357,-0.008577481345334759
2020-04-17,-0.013569055920543471,0.004114307249220239,0.0834100875283117,0.03663405335967207,0.012388272723190763,0.07654303375983762,0.022438046302707626,0.036437296782770856,0.04845487993652298,0.006944184195463832,0.03793321574592534,0.06466875741797984,0.05353384541928996,0.04875404288052421,0.0009361113355501605,0.016964373202075222,0.01076591269629068,0.03286434138831895,-0.036910499108019024,0.013736441443296998,0.014081847323727414,0.007976346975488546,0.05621106778370488,0.031543157168523184,0.005184952256570119,-0.0013310059600267765
2020-04-20,-0.02075638065564467,0.002237713417305498,-0.00866487329704324,-0.01461744237573348,-0.011964757606883092,-0.03712876941478649,0.06534558776168176,-0.027343974527771375,-0.01770129253878039,-0.012836435540507174,0.0024139935054297013,-0.047407494203321354,-0.031695943195211074,-0.012568882275134308,0.00018691443019225318,-0.005579136811629581,-0.019049521718133122,-0.015148577384813788,0.03435310823048687,0.007730072022220202,-0.02181076781639757,-0.011539848476590175,-0.0663600115769184,-0.0345227013700341,-0.015085243003919113,-0.007130428380900722
2020-04-21,-0.030910449398105055,-0.0460740385741899,-0.02851402017849891,-0.04144829845702369,-0.029172854047759933,-0.039811370086975106,-0.05657192847393111,-0.04216877235397609,-0.017612419681625857,-0.020472941795414812,-0.030313084067130402,-0.04199053589307444,-0.025344745279452408,-0.043417535912759764,-0.045055295346335456,-0.04174136350921842,-0.014199038532272668,-0.06886351719003747,-0.008365931211109956,-0.025719507782620887,-0.0268300017133285,-0.0302422266646869,-0.03237165048777424,-0.031239485611549878,-0.0057312920863962225,-0.03839184515612071
2020-04-22,0.02880389808279027,0.02364813219318429,0.017403920211926938,0.007191505418120636,0.012190164895204303,0.030227638455557315,0.02248657474553517,0.0,-0.016102517504634317,0.01172154038008455,0.021839487801578628,0.02191546745911621,0.04711637354593545,0.015311491040547853,0.022317932824707398,0.06721300670820907,0.01397981062826159,0.047760660424566836,-0.028605701443813247,0.011392935130727144,0.012830385421993107,0.033707774191356066,-0.024727384728663315,0.03542193347328704,-0.02991441604384293,0.048719170233742615
2020-04-23,-0.0038757351780516203,-0.00415712189968187,0.008988231470034025,0.0205171244807707,-0.010502839734232494,-0.019459881726288653,0.001593601181212545,0.02515734169189554,0.019740381078956037,-0.04445865694470619,0.01709836584594493,-0.011990346366843263,-0.004087071063701542,0.031777555401060864,-0.017043065408459346,0.01563543258578548,0.005013802688094815,0.013325242610305654,0.012529065999280276,-0.02921511745123917,-0.017795413148376515,0.001996431172454516,0.026845966461008786,0.009438866841755322,0.018850550620261863,0.12539099060160153
2020-04-24,0.02886964235850553,0.026030984027887172,0.03275845125579524,0.010007914621035008,0.009764835058003296,0.021873856333459063,0.05314246695901548,-0.004090117418631745,0.01803442749126405,-0.008545655148876175,0.027771200899955772,0.01941767550085216,0.011334114189293976,-0.04089094840074747,0.0015582937392342178,0.02668394830427867,0.018499170327111347,-0.005273067943015519,-0.004007443800486454,0.030377390922415426,0.03147556937529461,0.005091981446749161,-0.009440849560104714,-0.0007593905870622031,0.007340168903966493,-0.06085512750009425
2020-04-27,0.0007068726697716521,0.012786962564484083,0.03742375845573842,0.010171702813182026,0.0018223492758568938,-0.006073074938634071,0.04668373204285636,0.06160187854137633,0.03437342550093292,-0.004640997671175984,0.009621474930741503,0.04047593842590569,0.02457900956353698,0.06386061465311665,0.0013616013405262084,-0.013521407688601994,0.04523772956908623,0.01073313553464783,-0.008494318839715964,0.005429194088885536,0.0007443121412664677,0.0012113155274640075,0.10337239456633873,-0.011542883741467724,0.023657600044874494,0.03652394798674785
2020-04-28,-0.01620975616670406,-0.043185043882263296,0.04049883653134567,0.0022571251355099076,-0.02881957843786742,0.021899450585192826,-0.04373554897062637,0.04061892157920344,0.0035352636138963334,-0.006365279757889475,0.002779551280796433,0.003051290200028145,-0.0019615257277194598,0.03717601824042682,-0.00602170032256677,-0.02447983447942359,0.025773023724499522,-0.05833977489192632,-0.04164889287054108,-0.005418559147293722,0.013833376508154416,-0.03266970370065203,0.07043177596741979,0.05089142450026718,-0.05967808984422751,-0.04787366093933698
2020-04-29,0.03284556759944346,0.04714350171006432,0.03170544490739213,0.03984066751104676,-0.015125142985383255,0.04700472302108283,0.03139625405365565,-0.022304746484199778,0.013621392482201511,0.001191595623056596,0.019165378163667812,0.015969463709933462,0.07214655974221484,0.06675428405864925,-0.0023450966790947714,0.06166949235550634,-0.008565210147788882,0.023997648488706558,0.019958887834787387,-0.008923344000370537,-0.021713866546914873,0.01557897305139222,0.05834883787973211,0.03420528277325352,-0.003318571132801762,-0.0653394934494892
2020-04-30,0.021095908617348114,0.012801790098817545,-0.04147447856830866,-0.030651462831988052,0.023694653020668754,-0.0026011865975943405,-0.05063660166477779,-0.032319345368068464,-0.020929903825212648,-0.01473092653158603,-0.024322085558252104,-0.03517980106365404,-0.030737502392898297,-0.02789756641005603,0.00763943606936035,0.05417378778734361,-0.027774181289953903,-0.03431385833870282,0.019325583292868487,-0.0038861324423083987,-0.008023301009371653,-0.016907362279119043,-0.12727266377830537,-0.03643440643675844,-0.01508684848197872,-0.07721189164717734
2020-05-01,-0.016099275025964976,-0.02771184793748327,-0.058256117942416585,-0.0472589651942561,0.01757381347995679,-0.021881969206809737,-0.006551611434611915,-0.03339902456483035,-0.0676027452985617,0.0008305685640037641,-0.029388330111664973,-0.02715269507322482,-0.02265699332601956,,-0.014385640390644938,-0.011919319765728909,-0.02185383018785203,-0.03462890119381168,-0.010908662056623775,-0.006850721227548595,-0.016252103904370485,-0.018223364938791398,0.01881702691425824,-0.016703374725739906,-0.029156912422239945,0.02507952530569213
2020-05-04,0.014148749039663455,0.015326864442184007,0.029061982571357614,-0.028499270190616266,0.0099689909762668,0.010664109741267414,0.050353057055606554,-0.012194944967619081,-0.01988160886511159,-0.009733193473149826,-0.0015591936930590133,-0.015948880854736336,0.0019349270487034609,,-0.012623273091575182,0.014782154699043648,-0.0013457731334772793,0.016783564786112093,0.03101592183907953,-0.004119435820125972,0.005993439025845815,0.03201867733164243,-0.025725557114521513,0.005600135127302064,-0.015887038137891385,0.03521943539836503
2020-05-05,0.015008929009389327,0.020108332118259797,0.00524448891721363,0.011047341160426383,0.02085417408480339,-0.025461399840394416,0.0753434523589469,0.022633677042533717,0.015710077552775426,0.0008384412340212144,0.007396498056859491,-0.024311320772240963,0.017529284169691906,0.037280817454976134,0.005193825196730506,0.008818194289324177,-0.006536566360743512,-0.002409338796026117,-0.008104639336689035,0.00019254947717817217,0.0057284236726411475,0.00011229993841799235,0.0,0.012669440507043772,0.02509958424793468,0.009620781227860142
2020-05-06,0.010317289114468275,0.01794284121879053,-0.0101672577035814,-0.011385635547675688,-0.021517521858261612,-0.0024715040289753354,0.07487287923745045,-0.020120947787383714,-0.021670686713218368,0.002816775396387472,0.004813143109278828,-0.01993330784010927,-0.005620699959400177,-0.027321485220553,-0.0035770646749587742,0.006760924256630663,-0.008342717504285835,-0.03919881944338843,0.02255816654511822,0.012311133426468723,-0.006759037907034027,-0.026750694571598843,-0.047393254464048185,0.0002749532869610327,0.0023732909157381243,0.032937362052419816
2020-05-07,0.010344915312858971,0.011751103097005666,0.030544678286049898,-0.0035293402786316097,0.007376361882255322,0.014275784065624242,-0.02108897713356117,0.0,0.014072001970293346,-0.009109580123794037,-0.002550486471868285,0.0016947396561308725,0.022133445270944963,0.006353411588672753,0.0003989964297386184,0.013383166456549134,-0.003146616231134658,0.006725883990934989,0.005227310759570614,0.010071177986435975,0.0058878021015589255,0.10047349934065641,0.03056137496718403,0.017821960477870658,-0.0010760982898894156,0.054883394042757994
2020-05-08,0.023801675422523427,0.001990323869234256,0.03121334500939965,0.044924744245066206,0.013401716131692387,0.007037187077221452,0.05379296179106596,0.07597565240248105,0.03169451586589811,0.02037834339623079,0.014517617853160303,0.08629454093428923,0.014256433712334093,0.051835946613292716,0.014752645691486821,0.0051595903163430545,0.01900660317245162,-0.036267419839802306,-0.0022449676546388853,0.015896957898026143,0.020372231925988027,0.03389646603391827,0.02620702064293301,0.03560498528862088,0.02154440447417838,-0.015209183199358045
2020-05-11,0.015735313143677265,0.010639175963133463,-0.007757941840781268,-0.031219090843503716,0.008725173773642458,-0.01848130239112389,-0.005327720357495402,-0.022900672928542587,-0.023912461930077233,-0.0018019847718677706,-0.0032521115664981837,-0.034268105038552155,-0.004284133413479441,-0.021955478833376785,-0.0021609731954248534,0.003908544264607849,-0.01871944260660008,-0.008608346223222707,0.01141081000504296,0.006944421546070556,0.001117720555908308,-0.0182702258544315,-0.0645161548482005,0.001260456717090186,-0.009701375208275964,0.07129988588310598
2020-05-12,-0.011428127746568872,-0.017015796391511406,-0.012432695832780172,-0.03323807561585923,-0.008244465653390431,-0.00823757237652556,-0.01569509411297354,-0.027343974527771375,-0.03759772059594335,-0.003610275568924237,-0.019006493346789388,0.01612930201720153,-0.0324289520276726,-0.011789473300149456,-0.007678629692186578,-0.014447799696728825,-0.028888938464491032,0.008375568657929211,-0.019749363675874765,-0.003218285105517249,-0.010715869256147204,-0.02181559110439757,-0.05244259410395291,-0.080135469113372,-0.011287419872782478,-0.03267661329298299
2020-05-13,-0.012074203507828729,-0.017912923680060477,-0.02621713408256554,-0.004952613173303533,0.0009540501669140777,-0.03435163427874355,0.03201729329500558,-0.05220904543617699,-0.03358659998738356,-0.004529413555456108,-0.03766802842959871,-0.05952400959645776,-0.010840938877359596,-0.06455304266599715,-0.01666699678813821,-0.023798150506422866,-0.038157216678451844,-0.02179379925445135,0.014936790088818874,-0.006918964269679417,0.00015041104064006383,-0.019342570824197325,-0.09552672068239798,-0.06743744076327651,-0.022725156220931297,0.0378788273586006
2020-05-14,0.006143362752436321,-0.008840871630244385,0.02878895400105619,0.016366782295440085,-0.0056001498176279085,0.008785864271620314,0.0009809221173098237,0.036017183319679846,-0.002103658232612382,-0.006369776080580758,0.010541370800339234,0.02953580473669004,0.0302790608412975,-0.03511506299115674,-0.0008070633395663718,0.008337323553657017,-0.0009548616890250328,-0.008179481097224994,0.008396651227240648,-0.011054268568460257,0.000902399572228596,0.022957708799588472,0.040234486941620684,0.01700319113391857,0.010469886700884556,0.004606941936536879
2020-05-15,-0.005912078741097115,0.02788478217187529,0.01839597173041696,0.0162915129833916,0.010988761261491842,0.03179221832777235,0.0490015942005011,0.0020448285024980972,-0.014572591513378419,-0.0049606943253937,0.00025658170077846876,-0.009016222203433566,0.005877927876999367,0.014122621715823014,0.008885494563624086,0.01968000070196485,0.019854266490272332,0.013745002420108898,0.027695418755277146,0.0024422397518819583,0.02156583457549477,0.025392345451274112,-0.016921744651239634,-0.0025874721067941087,-0.007198320733511565,0.04121254254076878
2020-05-18,0.023561150876485693,0.0073090980480612355,0.1087646372330684,0.06578948305623378,-0.006929182330000838,0.052181066171183454,-0.08700218600024323,0.08367371064514173,0.10853818640611745,0.01449585014668986,0.0391521346254069,0.08105855162663778,0.03929160758944317,0.11337258329503541,0.02021618637682665,0.01095406764993112,0.07628538932597695,0.049972904419093966,-0.003544756657767767,0.013305903326681134,-0.003162577214101181,0.04706128685942801,0.09754097320552857,0.060464008782729284,0.055696123840266454,-0.05799919512354135
2020-05-19,-0.005778317594011817,0.011495532169186307,-0.04222115974583707,-0.02556070893926432,-0.013407786924051757,-0.02058893736704903,-0.01400615523700166,-0.0018831511096417675,-0.03691583459244585,-0.01028162463312099,-0.010447621148752306,-0.04896696687517654,0.0028633344308177655,-0.005612565535122904,-0.02118911998373252,0.017308440295604743,-0.005962241917096822,0.011142337064037777,-0.0034026985413911914,-0.0075829041330559566,-0.027966694631599953,-0.03238481299064899,-0.03958183474722243,-0.011055210154513051,0.0034338414416636986,0.05458734653655428
2020-05-20,0.01944819103448836,0.03070927539202617,-0.023239020052602588,0.032209254573978496,0.0005544852140872969,0.029613832782134475,-0.023221131696009922,0.03584883355689783,0.01933956031082018,0.002367962960794001,0.009061521999234268,0.0,0.027757164424043523,0.03241407200313695,-0.002806170658468332,0.06035591857943423,0.008761180123939116,0.011384044881970423,-0.007471661046759892,0.01192701328120327,-0.003567755220434621,-0.004665331607048184,0.031104388901754598,0.015507537284301431,0.007777702312699253,0.010363905617603253
2020-05-21,-0.0074556358957786895,-0.003805728010049969,-0.04365953523490884,-0.014089581293269537,-0.016355059824994633,-0.010403326109120425,-0.013081886371010154,0.025501127586133876,-0.010597306291434072,-0.018528740253159537,-0.018619261588474934,0.050683896983406695,-0.015193885377025262,-0.01765066686252048,-0.009447290013128606,0.006174885291269305,-0.016193345993159136,-0.01010146273602075,-0.02550982497401022,-0.01814008050897764,-0.00799925804307744,-0.038210725617141894,0.07390639245342356,0.043470109448291216,0.001337809325776096,-0.019660343242764
2020-05-22,0.006438690635766742,0.008085397151325502,-0.013593269098668537,-0.013940041094823608,0.013526953160432065,0.0017989312455961581,0.042659210099425415,0.0035521171996442114,0.010624444616590845,0.01741763234963689,-0.006128320121629449,-0.010719731426682033,0.002208978817001661,-0.0033392718622620166,0.008522988931593645,0.015212376782838488,0.004320864477523001,-0.021867633795872865,-0.015885405007611042,-0.007971339281937162,0.002073544883937517,0.014938186365717865,-0.018258650660096132,-0.009606749157927252,0.004360956315609066,-0.005638558551334882
2020-05-25,,,,,,,,,,,,,,0.017070833404669195,,,,,,,,,,,,
2020-05-26,,,,,,,,,,,,,,0.02462750319998075,,,,,,,,,,,,
2020-05-27,0.004356813480695942,-0.003876460813397986,-0.004907203774158209,0.04267086451958324,0.03726880222192186,0.038244740075736194,0.02915761311184739,0.03253415547702021,0.04502823873734485,0.03726521542525196,0.031044514078585772,0.029661109059780477,-0.011736604908612058,0.08848726810995355,0.015325730144968741,-0.013178315264000484,0.0399131170725322,-0.02452845628615541,0.012344123446936806,-0.011089997390476891,0.008169688609206416,0.017055457116091244,0.042711775188018386,0.05735780065691398,0.026269440848723402,-0.012378041337176016
2020-05-28,0.00044012274688509656,0.012420963770412907,-0.03351043209201754,-0.01372315393795731,0.015359311476584647,-0.005579483598026624,0.020592861212163083,-0.02985084498488544,0.005520497007322822,0.022021884206454567,-0.008045120408961104,-0.06515762957319815,0.008439995833245062,-0.0140645987311655,0.021052531400618912,-0.01606007573695345,-0.008409649724290702,0.013803944532000845,-0.015361086652292966,0.015623458792863865,0.01131404117806789,0.020781861760662546,-0.09037705386637651,-0.03306444844720924,0.0010039300199351509,0.009754904112779128
2020-05-29,-0.0009737467689919788,0.017823815313649405,0.021718955961766095,-0.005052206344441035,0.013911513117504937,0.025924722938174716,0.040740340544962894,-0.02393160776662262,-0.004498820534550307,-0.002206308292220238,0.002971011626175857,-0.010271676526476647,-0.004664242824302112,-0.04764625459819172,0.013810799120262507,-0.0016411225196182322,-0.002423206304127179,-0.0039746494402355115,0.01521376199220481,0.019535751328914053,-0.0055937328650595974,0.008264444303512253,-0.027877012116692024,0.0028769756905431265,-0.00010014504340449815,0.09740135969755981
2020-06-01,0.012298001169595452,0.00796685598458291,-0.007555139039510106,0.003079947458883403,0.0030638318485118887,0.014989475698750976,-0.029513545566410948,0.02802106074515609,-0.006510260379103294,0.00552783725145245,-7.994696169633109e-05,0.023721572163236226,0.0016950214346285186,,0.0024939732031317163,0.030299036588801176,-0.005497238725752807,0.02667554447587661,0.014747563612370174,0.005739119453965769,0.010946326993612088,-0.0033987219872541052,0.04338215768348297,-0.020163101019239127,-0.004312657824021016,0.13745263403279662
2020-06-02,0.004629478199743797,0.0019503433070975351,0.039096510563852105,0.023402567034967126,0.00756967327586433,0.01122586302236872,0.0416084034207338,0.0051107131229397584,0.03461525026382395,0.005497060757772454,0.008887752283723849,0.03403305874353246,0.007266317236454878,,-0.0005741135503365413,0.003492745710857781,0.013240822455521384,0.005182238517421389,0.003263522305885669,-0.00947994118402451,-0.002706933323852745,0.0071214721242811585,0.021846449717323857,0.008908799679775425,0.019037037022427095,0.019250590507306375
2020-06-03,0.005504858130880752,-0.001331802608391608,0.020986183863903163,0.030570752015247837,-0.00962158336690544,0.0027629435507234845,-0.014659136810346474,0.04915264733517688,0.028912422789239667,-0.021577331155530732,0.02420647570656942,0.07422965312261809,0.011462697197111682,0.054922044502749845,-0.002489622677979919,-0.011000289173492495,0.0226465170123884,0.058785611626196665,-0.012496791774444405,0.006783043079556794,0.0014325908747920835,0.00796735265447368,0.08206911638331693,0.045933180395422823,0.0245131117983588,0.07588424234517799
2020-06-04,-0.008612272925174302,-0.010566335383883074,-0.027973784789818934,0.014714177103052783,-0.011578588135555012,-0.010431132904742624,-0.004463186139435749,0.06138937659029775,0.008183446376020864,-0.005885802048516409,-0.0012399960622977435,0.006518941932639466,-0.018562825918303605,-0.024647383718630955,-0.015357715394077154,-0.016814622219398112,0.00831215392116924,0.009197141197250458,-0.018105551683332277,-0.011075132355572337,-0.009309648295954487,-0.010275711937920984,0.047801038255430583,-0.017122502068826928,-0.004341419728602913,-0.060392144139703396
2020-06-05,0.028481223397404998,0.018403334183944242,0.032657614762768405,0.047766480723019145,-0.006462958353904091,0.020137626289794763,-0.019676236251651047,0.11719929117643124,0.021550683555046746,0.015063847400170527,0.024594726697241054,0.040803233531816474,0.03487421625471421,0.07635153964816199,0.02417611068742964,0.019797663093406248,0.029898604145732532,0.04469622232723691,0.012719340726601747,-0.007466336973187548,0.014321791969671205,0.009583667128256312,0.052919916875774575,0.016533616316456445,0.03343032908350785,-0.013073448634209672
2020-06-08,0.005912260614866716,0.012420475842761736,0.013934415182298654,0.01924236829187098,0.013009777811321843,-0.0016085193884953775,-0.02858231662994759,0.02588557637340072,0.05041810365530619,0.001698312532051549,0.027941763742574288,-0.016179373418104603,-0.004713323204164843,0.007030573305768062,0.020559693062010442,0.0027300445915501292,-0.0032256179849358135,0.015523014285370174,-0.00026210134548998454,0.022849127005400982,-0.0017368476950345713,0.032927987372997736,0.038705507366201264,0.009877838285771157,0.03563052978937198,0.010741790279269692
2020-06-09,0.03157827179127315,-0.0015586382399570553,-0.024617535253358525,-0.02563191235290785,0.0024081563738131972,-0.020113324475717675,-0.0013076823921119862,-0.03851261052943067,-0.03139641328502152,-0.017174297555468065,-0.028581861438617073,-0.02340287024891663,0.003479335709919873,-0.028425377420984055,-0.012310909048475094,0.03141746542770907,-0.0010188841759651845,-0.04137206494696566,0.034708751614919375,0.015076415398113108,0.0057485980096443345,-0.01215770399129168,-0.07953249155400832,-0.038849881619564264,-0.02372120766540986,-0.020969399594325533
2020-06-10,0.025727397632432814,0.024322700103326156,0.007770927653704129,-0.0130411379435732,0.007607053017867349,-0.0014448712255845653,0.045043795839927236,-0.059392243840262315,-0.02964973578347696,0.014849483803626828,-0.015166590841979577,-0.052461189163081734,0.005328931143442572,-0.004234461290930414,0.0030214032121158585,-0.008128386102656981,-0.01679670723146387,-0.02332481225923222,0.0009907403175852814,0.00932798021938952,0.008723823066976832,0.025196316835560006,-0.06465271069798795,-0.025625262389066927,-0.011128636968510075,0.07588965658624414
2020-06-11,-0.04801046798178077,-0.047072399468354176,-0.05446742037547525,-0.08222589739182984,-0.014304536737859253,-0.056029516110822186,-0.028693158571344468,-0.09985330567583295,-0.08254979812868746,-0.046038930178327275,-0.09132169481073327,-0.06630201240032418,-0.06993430607992668,-0.08981968701448273,-0.048578358610448125,-0.05195797768621846,-0.07028675216102631,-0.08196712748875101,-0.020530336666686244,-0.02458508289329764,-0.04689492372044335,-0.04631825192620809,-0.08785527836396156,-0.05255651435270825,-0.057769799326085836,0.004750715009775419
2020-06-12,0.008633523138598331,0.04867540553457084,0.006601952904450981,0.013163327485245402,-0.018005948974578856,0.011522190481195738,0.02889584094640707,0.05383393030232653,0.030354651457636717,0.0001547330428419702,0.03304785498041474,0.009516690946426376,0.022455002022362835,0.019963123657694926,0.003957939907907493,0.018491379750425585,0.01634077207871698,0.03809801772740107,-0.017600351386722557,-0.0006438266806816362,0.009073753293334041,0.014074710092967013,0.025495677078984702,0.003320347015173475,0.010052884324444733,-0.011482879126647916
2020-06-15,0.012367022229176738,-0.012790899044950121,0.02893524476003817,0.0037354794255957113,0.010810047523281074,0.00031364122706034614,0.05203111101715718,0.006191660058943338,0.007233273752311975,0.007900332668932641,-0.002132870961181088,0.025380658426441993,-0.002081961157365142,-0.009577946291842276,0.009659143931573633,0.017149371244889355,0.01846708539463493,-0.021621738233033927,0.017772144488219954,0.012702525266830689,0.011472912538171176,0.02316484481279657,-0.020027655133974864,-0.005030222676109974,0.040992988706600064,0.08883017319823505
2020-06-16,0.026502377089516083,0.02573881792022248,0.043244650273103646,0.0525846518800388,0.011777543494045695,0.024864365091615603,0.007627212033330277,0.00769234499398852,0.013913817423314656,0.01882751882938072,0.0287707413489795,0.019802249232416136,0.024598655143045045,0.037421178562251134,0.026552047032857073,0.013548387608858459,0.012299432954731904,0.03169519502392881,0.024982367671018357,0.0015451274827693595,0.009120079605202447,-0.017099734046081227,0.05637785354057834,0.0018182109775715105,0.0017985364810224613,0.01481044775690643
2020-06-17,-0.001391623794448238,0.004420960349982073,-0.0027555297233916587,-0.014449380004705414,0.008429618395560556,-0.005148042203338532,0.020934317908692268,-0.0335876925494355,0.0008856774798073896,-0.0022629552543480536,-0.00798991593344578,-0.016643718288280596,-0.0023648359625131343,-0.00013505759405196827,0.0024724081778824125,-0.0005092242152135995,-0.002818375640579851,-0.01310582557897999,0.026689324112914248,0.029040740218675642,0.0006835806285427903,-0.0025268859040641356,-0.051367513633176376,-0.00996015963165997,0.010961311982563116,-0.023911622320810455
2020-06-18,0.00039794317436014914,0.016856517413522898,-0.011292529045432986,-0.004991158984615662,0.0325060097107277,0.004918359347497514,0.007877668067421961,0.0,0.020123783420198826,0.0019654851796968575,8.026525898130465e-05,-0.02820882841902117,0.0035883528730626946,-0.007431460459792039,0.007209370565586459,0.0017407847967936263,-6.276844782993063e-05,0.009352823523269604,0.004689887274022864,-0.01049468151200017,0.007741309556552833,0.036636366700923295,-0.016877815411764807,-0.020925521142412196,0.00551448080825967,0.02031598635319254
2020-06-19,-0.005714337944913717,0.01795656772103027,-0.013366129161599738,-0.0010188362881370372,-0.0038550809503853367,-0.0298240722550126,0.09643677459366029,-0.01579806604274503,-0.005491658659510734,-0.023313597155278032,-0.013611483777264732,-0.02830177320655103,-0.027390417408762135,0.0008167151941702588,-0.00998316694443191,0.012079258425488293,-0.006657888865256312,-0.017613089364033496,0.008558075453113378,0.0003563759100952968,-0.011296693344493902,0.004793761166678623,-0.03218879018584675,-0.030963139889026214,0.0017660118483422416,0.007906562675046303
2020-06-22,0.026163689341563767,0.024835879162343533,0.044088711400312564,-0.013102249140141908,0.00038689436030159285,0.010299446997440453,0.009539822496404504,0.008026032048578324,-0.0018169809687301752,0.008574453756757583,-0.011431177058733089,0.004480981324231026,0.026778806758009477,-0.001360145210193564,-0.003995429453585664,0.0018007418971606182,-0.009231514912867222,0.01620124612438123,0.03156129671452779,0.0020492246724406193,-0.0017522640957818858,-0.00280628400965921,0.013303731612343217,-0.031575460064817706,-0.00807290341805178,0.031994449981998185
2020-06-23,0.021344601140189212,0.004354306676881858,0.012502924943241567,0.0036570141681120383,-0.005673805004193788,0.010662500488626714,0.05109032204600239,-0.020700589805071723,0.0123018564127102,-0.002374159908105522,-0.013711029122820517,0.0037172090450463546,0.008015158515697562,0.010215271413914095,-0.0082138630073596,0.012624321379323566,0.007339431152566522,-0.0007084258413021516,-0.003803123676584308,-0.0047122894856806985,0.002365687404207506,0.005253123729446196,0.0051059716329293625,0.005888322656735667,0.03470543508504487,0.00612883854000712
2020-06-24,-0.01765203731132281,-0.02013391297914613,-0.023532163864172895,-0.033188081875711095,-0.011152564818003197,-0.03376039219733229,-0.03013241469052641,-0.03252047486863563,-0.028618558140517614,-0.017427880021590125,-0.025039787062823726,-0.03703701308025775,-0.04193813437636196,-0.06040170905919984,-0.024653393767240628,-0.03393314312047735,-0.03560587643422186,-0.01226731540521142,-0.01803713836013343,-0.014740136582475416,-0.013702765582107146,0.011851527245420934,-0.07111747844699923,-0.03241411246812875,-0.010035395403872993,0.012222603408611032
2020-06-25,0.013275607136570056,0.012208162575670034,0.010618021210605955,0.021710506750858727,0.006426065074609744,-0.004261123326595229,0.03167974603604873,0.013445398865066682,0.007550655399914952,0.005391508827983005,0.0224187827207607,-0.005384185231085414,0.013604710165355138,0.02841151591671154,0.003751945604980822,0.007093431312929166,0.01609488557070815,0.00854287899800843,0.017604013509785688,0.007072287317239967,0.014279169958292703,0.01623157555176369,-0.01562509250558841,-0.029000015258789036,0.009315157709530952,0.014107135424946238
2020-06-26,-0.030725588536494874,-0.022954568026295363,0.0010628305614697187,-0.018603062594010566,-0.007688359689596802,-0.015030721082679888,0.012440779536107449,-0.019900634441400222,-0.03971653874008518,-0.02191657900427668,-0.015458346517102317,-0.05259099145643309,-0.029092990709606248,-0.023022184973416904,-0.014754850752001003,-0.0831636081108178,-0.013900334895404987,-0.012171742981878064,-0.048314040691359916,-0.00585210222369037,-0.018872329948576683,-0.04528541483815529,-0.003968428192955287,-0.021678638111411352,-0.02895391244701717,-0.010442841781339363
2020-06-29,0.02304666965311175,-0.006371219748786849,0.018042193803499362,0.02336811543957884,0.007485286905345667,0.008200274054095402,0.003413287214707683,0.016920773967042058,0.03436335652634015,0.013984845818037606,0.02184483779459212,0.08081628652450035,0.012407318046771865,0.025706894995838336,0.015764311332767678,0.021103204617374027,0.019997421623343392,-0.004611976347288271,0.008660326331261903,-0.004709306893030063,0.016675875849847532,0.007224498850363359,0.06374506940890368,0.04547607316090807,0.020126665400413968,-0.0320871909114655
2020-06-30,0.00834759520605921,0.02619044090489142,0.01088833809629608,0.009979923137571234,0.007560125571167475,0.016321247533938488,0.032461891214873306,0.011647029647811724,0.042140514579241284,0.015751013528349178,0.008517919405881091,0.012084412566186309,0.009456576159800445,0.0065442146618011066,0.010874146160386289,0.029142611282297448,0.0026997851852055277,0.014406359022418602,0.01744035889065687,0.00491354804231614,0.0090018824695699,-0.017082031328689906,-0.005243335990722464,0.024115154651276338,0.015527947533271025,0.02003538693455731
2020-07-01,-0.001891572045583989,0.010337460718196079,0.0009169387018093111,-0.003478294569560947,0.0077618153184231264,0.0034447089589044744,0.04687937089492733,-0.016447341623040956,0.11724442593899642,0.0038574714990784464,-0.018464922773748893,0.022388189182459106,0.018498288202010382,-0.01341829945675399,-0.0009780893659270262,0.046152996974682114,-0.0035901890743749165,-0.02968716105838587,0.06724677940019963,0.00996019790257674,0.0007562299947583284,0.01901108412938246,-0.023343453171983275,0.0007374356337810362,0.0291417611072331,0.02204784943088267
2020-07-02,0.0,0.007139479925121872,0.0011448737360373329,0.013168217274907468,0.005006353352368542,0.012042530452894828,-0.004765747537631926,0.011705784553583731,-0.007532556855600614,-0.0019981122619751046,0.009785639681326286,-0.02554747026256643,0.004150739615209398,0.04220420155256699,0.008027045049546988,-0.017385672697041166,0.010358416001919002,-0.006472071042234573,-0.01801746179980912,0.0012551465141237284,0.0037021005297730447,-0.0011307025787914426,0.0030841424164318454,9.819233164365393e-05,-0.0005241875413987129,0.010072107831522015
2020-07-03,,,,,,,,,,,,,,-0.013453610763952462,,,,,,,,,,,,
2020-07-06,,,,,,,,,,,,,,0.031365069230000486,,,,,,,,,,,,
2020-07-07,-0.003102832469641492,-0.007136726424498141,-0.02405945012085975,-0.017229194104333545,0.015283861398188492,-0.015102662440802272,-0.006727468602445108,-0.011308656883310064,0.014526135871034462,-0.0015450011972585331,-0.021715743761162587,-0.0402498264042358,-0.018523028603625646,-0.004760064003967002,-0.002324414332709024,0.0024137920882354447,-0.020746311859798916,-0.03624721009555143,-0.0013162679173387426,-0.012153882208423727,0.002025665399304488,-0.00917774936584037,-0.04021217580407632,-0.02904309724506582,-0.007888365530763886,0.004214582772090525
2020-07-08,0.02329018347394074,0.018515238551357616,0.018577016291023707,0.007311108326796711,0.01530658074807234,-0.0026967605946131012,-0.0027626553883168814,-0.004901837127327502,0.00012606771279699558,-0.005647888477073648,0.0011057517081956014,-0.08315268096221684,0.0021371491798558573,-0.011823980353926844,-0.005048735571767771,0.011292871986705144,-0.001550269993161546,0.008010224088146778,0.01950681216909733,0.012034114726648504,0.004866228173229459,0.007655879475136018,0.027667824869942903,-0.004484247948375875,0.00017485444265874506,0.016100729196612207
2020-07-09,0.004300359885401894,0.006904395456822865,-0.025579286583989225,-0.01873090483979367,0.01831552405107728,-0.004241431619788627,0.02332440191922558,-0.04105088352091846,-0.017785067424360368,-0.013772192068076783,-0.016991065121186644,-0.019715986834488053,-0.0185244462747145,0.0011648338631025101,-0.019125559325816277,0.003777141456618116,-0.020248511050325324,-0.009081900965089984,0.009904950472212848,-0.0027509371215183043,-0.011250088829886873,-0.004127094473091897,-0.05076907715820811,-0.04811405313898487,-0.0001748238739276431,0.012015551222020804
2020-07-10,0.0017490530968542473,0.011630969342362851,-0.0005885524439129819,0.018134019526059753,0.012847385514058285,0.010010154477160471,-0.028119824998975584,0.04452055662123611,0.018299768138425154,0.007889422815240632,0.022815946121265362,0.013676710269343806,0.003700039881822992,0.014522719688121022,0.023477681171378162,0.0023312468849827628,0.009244049924209241,-0.019170590714359226,0.08068772733720064,0.009966199732370118,0.013186712556136237,0.00828862015599352,0.022690219060068184,0.019188779942000744,0.005417237003819464,0.023560427286873686
2020-07-13,-0.004613170883823625,-0.05090092313380301,0.008245043185739487,0.01999854815133495,-0.007852399000055077,0.00026358014634575433,-0.06038279419014314,-0.006557386384367425,-0.014881348779367198,0.0010175905078959602,0.007182117238799801,-0.016666802386050672,-0.018601027815428273,0.016769024473825,0.004082602285893744,-0.024768553322407905,0.01275764517572786,0.020557528434026695,-0.042334150038499385,-0.003964696254757483,0.0033468468309767463,-0.023633862809740447,0.0221868815859263,-0.0167355410345722,-0.011384279943017384,-0.056439654909207215
2020-07-14,0.01654857183603342,-0.0196397550510361,0.015070117728041899,0.048326667984517124,0.02861351078331742,0.03236001810711042,-0.007937284436042358,0.04950475606352844,0.014529858884422042,0.030653843848333695,0.011744591825360695,-0.0072641840382118295,0.03022239560044304,-0.007911084102061872,0.023233201347407917,0.0030546013858439025,0.02416018059016567,0.014573364971882663,-0.0011798339782749245,0.008580146074426365,0.004521518793822343,0.008323734669341887,0.005426411040167167,-0.003995663149990114,0.013801064079098424,-0.0011140147558300617
2020-07-15,0.006877382212316707,-0.001775068043336936,0.017608446540023248,0.010812028739978219,0.00142036889067354,0.01863381220188076,-0.017061853475173083,0.05974857493328911,0.017350401160244333,0.0015173868750246733,0.019900632854108036,0.02682956092596589,0.02264590796164989,0.018786334809091088,-0.0052979075485583005,0.00229411000950952,0.004983088430947191,0.01195777915931684,-0.0030863959758751225,0.0067531556864020015,-0.013503634497655681,-0.004459624328733591,0.08095594225350222,0.06184221614153129,0.0336422089463595,-0.014576394763948564
2020-07-16,-0.012304988782896542,-0.01551927454134483,-0.00079157115914541,0.0014455300546420968,-0.0047280735697114995,-0.0019546514570523144,0.013435276069304836,0.01780408520092913,0.03007755380400945,0.018560727904350705,0.008211504382202861,-0.014252121419328412,-0.020836201909386065,-0.0005306895608835349,0.008940316989522579,0.002705131685882156,0.007343201331377225,0.0011146450444048384,0.007892791304070723,-0.0013937380346822348,0.0014212565797087073,-0.004098429775998724,0.0014265809992228817,-0.003091138267794613,0.0044461604026118096,-0.0299742717117345
2020-07-17,-0.002020174643142747,0.014379893405750632,-0.004414459427811712,-0.004580530704195396,0.007957016315365717,-0.005724563217659573,-0.006096354516581082,-0.008746322332462642,-0.000722488929967291,0.014503348204411903,0.008870135337433638,-0.007228652220642839,0.015734459093208253,0.04419972492481916,0.019419370979960604,0.0045656874567392425,-0.004174462087158326,0.022047297761933926,-0.06522684787763111,0.010991891798024955,0.0058257749321766195,0.008230516114970943,-0.027065501253410118,-0.0008858779519126392,-0.009938319882158986,-0.00804699466494907
2020-07-20,0.021073745019301038,0.052842086111623,0.00477514667269574,-0.01658145754262219,-0.006833747935593437,-0.008384057960133418,0.038749911327136566,-0.020588219156881915,-0.01114616032384863,-0.006525228050309195,0.010071030908043843,-0.029126027537832888,0.025981718842003954,-0.01131290241408367,-0.012021504900839752,0.014006454243449928,-0.021648255619739043,-0.01474392463087637,0.01910791997515826,-8.627687849782628e-05,-0.011509984701161158,0.007498848912117495,-0.03953152344356148,-0.014482770647321397,-0.0016871634437625183,0.0893972332535653
2020-07-21,-0.0138015319279845,-0.024139500734903452,0.021497886781305153,0.009210290680672806,0.002491224261972791,-0.00952403226039833,-0.019120825464857494,0.003003055791815923,0.008347050562479641,0.0132835750051854,-0.0024530041050817575,0.012499932916362644,-0.013976182683655858,0.014913706054368259,0.01160629807724467,-0.014953934894952337,0.00914500678254071,0.017323636362757355,-0.024501956170275174,-0.003106708413044501,0.00991624404513769,-0.0052759654698332215,0.040396570828908906,0.009497196733279756,0.005830381384605898,-0.030307485806166712
2020-07-22,0.0028092527762919595,0.0017331165386411662,0.07842273634699648,0.008169611660177711,0.007574123085291262,0.005656486966306273,-0.004013360370964225,0.023952130406086125,-0.0021751203921710482,0.008375081903086778,0.020704549119550775,-0.009053683533432277,0.018757891303315954,-0.007854034611936012,0.009437147589670403,-0.007776480418372422,0.005767025477112497,0.023188441267453452,-0.0005713095059908246,0.021554755067829223,0.011753648567940811,-0.0061566001215431765,0.0036629263867191675,0.017231113150384614,-0.0026880698978775097,0.0028413078921756263
2020-07-23,-0.04551643846058573,-0.02990674738493726,-0.013147188830055723,-0.0027740823570243656,0.01268480212276235,-0.007516706490174663,-0.016981715585286827,0.020467818108395264,0.0051473893549447425,0.056839600969398774,-0.0104143358502774,0.012458589376143081,-0.01107284345999493,0.04264556634544392,0.006049815243153622,-0.030308277768050562,0.003654388220018623,0.02138820290187593,-0.02498875224225039,0.011609139646958644,0.007866864652217975,-0.004002604123932274,0.012408656339855995,0.0009735053829120766,-0.004885593634428198,-0.03706253521416403
2020-07-24,-0.0024774385978669766,-0.003312161736523378,0.009471532447369535,0.007174192369638233,-0.004059416135606786,-0.012107145166945221,-0.00849114536751816,-0.014326714108428451,-0.005723383321149411,-0.0044420388652509635,-0.01209460762177239,0.01148470984226524,-0.009615955972969048,-0.021552835265183812,-0.000182315434962943,-0.008125300537607405,0.003452859715664891,-0.017265364760402746,0.00600943825670619,-0.008795383536547297,-0.00744093951555902,0.004018689346483306,-0.028839164448106303,-0.009385298003839582,0.0017773835955459116,-0.01964215682467696
2020-07-27,0.023700428032636722,0.015779341831344107,0.00958850111286802,0.016790281443389343,0.015139383408549811,0.005684438137781855,0.04291761755606438,0.0072673826090696725,0.0339311255815673,0.004187150570551523,0.003338727524912599,-0.012165210820335282,0.006320658968482107,0.003003836682015537,0.012939600617798641,0.012093053205141313,0.02127119085925666,0.0016228984974104854,0.03163701770616667,0.013690344731047688,0.01183305687224423,0.006575874224050704,0.013363150492264442,-0.023906583945171755,0.022476063156536386,0.02340202924073176
2020-07-28,-0.016427629840725322,-0.011072972478395227,-0.007455250385841605,-0.013296144569551638,0.01193061747724311,-0.0012443814183223934,-0.033034451163880596,0.011544029492477126,-0.021741957461655415,-0.0038280092322257042,-0.013786468698312127,0.03201947906757496,-0.008191494574871672,-0.006114302429811924,0.0023391396966452316,-0.014475445557530997,-0.0484561438033706,-0.036348122334753374,-0.014405263936036583,0.00450201981893561,-0.002106416238356945,-0.010414708640438253,-0.010256431812426414,-0.0064373305314378015,-0.011486800058771451,-0.0005944959148134199
2020-07-29,0.019168532406412142,0.009346175764753939,0.009363359182510633,0.01811178544152603,0.012470156505533625,-0.008930435958649285,0.06090781531517786,-0.012838569095413477,0.01569559393080011,0.0005491671800812448,0.006829149891583786,-0.019888434629603324,0.009695393365444005,0.0017574938973516918,0.01938610176226563,0.013775387492292124,0.005922925140225521,0.02368367782192138,-0.008249572446409337,0.010042237235122986,0.0040032914920737905,0.012054914784209947,0.02664676728541715,0.027637207842381217,0.03394086878972602,0.0008327651676045544
2020-07-30,0.012100108305101775,0.005913401700730736,0.01967387374215357,-0.02704035394815585,0.008397692656590294,0.01126389371193004,0.033949716893243886,-0.026011733980810803,0.018637444101365475,-0.0035661469653790467,-0.019310620763943187,-0.0056818055968398395,-0.0009698124590877821,-0.03246003114847573,-0.017960791984481528,0.005186802135393798,-0.026432051061262563,-0.006069194602105976,0.0027245699391189593,-0.004930080166698936,-0.0017400394875690672,-0.002835697502295287,-0.04109596739366028,-0.021722015413766727,0.14375806454166495,-0.009469469453734836
2020-07-31,0.10468844718380232,0.012395193175544161,-0.004398733220637663,-0.02815754031677553,0.0696202773385366,0.023363940174827347,0.05339028427336534,-0.019287981660307207,-0.024955265955306172,0.0008257296785658674,0.00032565713343379876,-0.007347024243112732,-0.001520980448181608,-0.03108821907688597,-0.005020993581490996,0.08174826807906932,-0.010846670435027406,0.004382358803094455,0.006340029757464505,-0.02683726089123506,-0.00021774346577729808,0.0180126964978522,0.004511591176109997,-0.028296637127619984,0.00919017214131479,0.01564001464843745
2020-08-03,0.025197852133713727,0.008214786271870445,0.013053455720914986,-0.008278476197937534,-0.0303122898652306,0.003189200149672722,0.06960640044216726,0.012102991477778158,0.004869462134425406,-0.0032324495127451502,0.011143391881822673,-0.006578894809225022,0.013159020286273693,0.04438501968128361,0.0,-0.006740922379726455,-0.0003988091186997167,-0.016165933440103863,0.01992306933622645,0.009758144578012606,-0.00697380851144791,-0.0046563805870636354,-0.0014969743275465852,-0.008808809568594311,-0.004063228546335673,0.05549208827802188
2020-08-04,0.00667812176423932,-0.002343879702005891,-0.0037664454188169882,-0.001972821420902271,0.028262461125427185,0.006307529377208576,0.02511451773966744,0.025411027653508,0.008509416538654335,-0.00441521689335056,0.012307945284318,0.006622463298644687,0.005758539003366314,0.028033793859562506,0.0016220066277916612,-0.008453797269022956,0.005318805818731676,0.0002182658084166622,0.02210102284258686,0.002773112229171648,0.005632821952298084,0.01412796291323426,-0.004497899316684539,0.037639251710681165,0.0178649450506696,-0.0024627002317514357
2020-08-05,0.003624620257348443,0.005795212252917903,0.01392875380286207,0.026231921658236068,-0.0022904920703799014,0.009126629709454104,0.044067804978573655,0.014577328914381127,0.0060939340780723494,-0.014067949426089688,-0.0030993516790760456,0.019736684427674955,0.04329013707283025,0.016311889847928196,-0.007736464441544522,-0.0028420398323855123,0.027378934006838662,0.005524340384605031,-0.014775177701461528,-0.009050590549177673,-0.008874637772591676,-0.004520676250003519,0.034638559373225464,0.01748199468321654,0.0024873743780211566,0.020797477499649775
2020-08-06,0.03488926109509993,0.03247975633189992,0.008242711561773142,-0.0042973954149599924,-0.0074090128760133656,-0.009938417173030678,-0.03586186878049824,-0.00431042051877728,0.003145410413956551,0.009840524836248754,0.005340784496921769,-0.02661274974705541,0.006524314890217653,-0.004900921304676231,0.006164778044952524,0.06486824908186839,0.004184186215095309,0.041205693277664546,0.013881468826011378,0.0008457043593002034,-0.0028621862055823177,0.001853590814661521,0.02110605145563249,0.010150464076153165,0.0026883126357239995,-0.01703918651697811
2020-08-07,-0.022735797563349647,-0.03132873346030196,0.001459781725988929,0.0039438275818128865,-0.001682271605669583,0.0037643592518701308,0.03367513985276549,-0.010101002600158893,0.06554789018319007,0.0017399333500840442,0.003775617264516695,0.035625402654472005,-0.006421565855768141,-0.00024609680010023727,0.001982390709929671,0.011912103512007999,0.014936055305323048,0.0015969825692239148,-0.028188130482906026,0.0010139568357756534,0.006477129085873612,0.06466235087134131,0.03421261516687668,-0.0006371728225260664,0.07857294626691669,-0.03548924143027721
2020-08-10,0.014534870139274902,-0.013968900676169627,0.012827862634135156,0.05262372809789917,-0.0018953781614072795,0.022501039003772094,-0.0025173726050389256,0.033527818994993464,0.08963122041334715,0.0,0.01720550338431326,0.032799883407066854,-0.015669822676553036,0.006773379886004571,-0.001978468612133022,-0.02026512901204447,0.019642403493531857,-0.014141259849016707,-0.022941772913204872,-0.0014350737607410347,-0.005558087968704273,0.008515006853262896,0.06340440831567529,0.0747498031655176,0.01714443248988151,-0.03374177952162438
2020-08-11,-0.029739945553123648,-0.01818222248015533,-0.0009591824399406423,0.0035908340254624527,-0.021840055220356036,0.013545915979150225,-0.05359264515500606,0.019746104150084154,-0.0176517510948051,-0.009797070778260641,-0.0028322154607614003,0.0,0.0175298551102816,0.03474014360509248,-0.0052259269515060325,-0.026121808253230516,0.012016784326106311,0.004570399718893503,-0.03403120557704342,-0.00955191130464006,-0.006324627780607939,-0.021366337556918302,0.0064810265411696655,-0.013371635364514578,-0.02343498949279399,-0.07584002685546876
2020-08-12,0.033234303272752674,0.023274990486702896,0.0082594950405519,0.00028085727489934875,0.02286710214554155,0.02045754306102454,-0.0427450741038603,-0.016597445398445765,0.028047902085440946,0.024629499643906927,-0.0003945402066476422,-0.0030981379128359743,-0.0027698624378436065,0.00768404231871278,0.015036147012502887,0.014680185301321869,0.005386344237081175,0.014978412178829226,0.018289681045138728,0.01826412599373617,0.019834333962063688,0.014614036111059603,0.004507379841137471,0.007354624727947678,0.012447853865306557,0.024584522591878155
2020-08-13,0.01769728633350276,0.010463453869639538,0.027814683616847802,-0.013327044657920117,0.0016914752583419013,0.008841439580762778,0.05473160597094351,-0.011251864084480867,0.009407710750373166,0.003766842206445409,-0.013180471270284655,-0.006992919215550009,-0.004395005788980777,-0.0072736317239739945,-0.0003569894904624782,0.005425120006267603,0.009740742617331488,0.006551783477615647,0.012324616153466028,0.002765830320415885,0.0021770186559193494,0.0010411585350109664,-0.01089755373742285,0.0213059023586033,0.009506344905690467,0.04448292803732867
2020-08-14,-0.0008909891100723488,-0.005377500931592505,0.014735930314448753,-0.005047246484205403,-0.005171476522074281,-0.005999009119199816,0.004117135064764854,0.0014225000974503743,0.023251263544450618,-0.0034110156653518464,0.0019193123880008045,-0.0015650393241325444,0.0018699314938455114,-0.0010635872050378525,0.001963907083423866,-0.00022941265651621467,0.0014468777433278568,-0.004042501304983848,0.002804772980216752,-0.0031762173248245373,-0.003910121173912429,0.001040075651369543,0.032404501259349905,0.013487995794880137,0.009103172898759393,-0.009464090345361442
2020-08-17,-0.002610733001280563,0.008891823982302594,0.011873263811439827,-0.008859423029666358,0.016231657213330752,0.008864274729901256,0.0035587709532423073,-0.008522694046303236,-0.009396100236446547,0.015471656549154389,-0.00662576240480206,0.0031347283936846715,0.010495838136769686,0.0016561944909476711,0.007127396833627175,-0.00030622844642103075,-0.00836848903676879,0.013689401845457194,-0.0006837023489850713,0.010816750201864123,0.0026171788363154036,0.011949129781553491,-0.006277332082895826,-0.005944443034226032,-0.00273783665404681,0.08672569481350711
2020-08-18,0.008332770563340919,0.026418405483189522,-0.0024370451151635164,-0.0025231940062286906,0.0069945605916656994,-0.0031779836015181084,0.025362266845305292,-0.012894300740269204,0.0015971142341124622,0.008494489766896596,0.0038571500607944564,-0.046093714890344195,0.002331544078385983,-0.002834368861724612,0.013269800890153505,0.004518164874153463,-0.002003475232769447,0.01655789511044814,0.019736698502338834,0.001576044666440568,0.0013776666737563836,-0.007273110207367206,-0.031585750160027626,-0.03498748783392813,-0.0019338220231435166,0.04001500710395112
2020-08-19,0.0012545433124067085,-0.003236176066097163,0.013029268546337569,-0.0025292702856415383,-0.001762600301247752,-0.0037039538113575743,-0.01413419819310513,-0.002902622658214171,0.004396855324121596,-0.012233296893332857,-0.008645362780264398,0.005733082975628356,0.004229751900154177,0.01670009120506788,-0.00890512983206937,0.0009529367875102945,-0.0024942913930638966,0.004406226550399017,-0.01492266565493594,0.0014909046798101677,-0.012019612112565858,-0.007584787091601819,-0.016307904075937962,-0.013318557203345738,0.002187980536923595,-0.011885759293473908
2020-08-20,0.02218959880103033,0.03564858092372991,-0.00232198752090762,-0.003912518881117544,0.0025964763972541327,-0.0669645053695147,-0.00793112564779741,-0.004366608604395972,0.004521703901462004,0.005334947486840713,-0.005571730449332568,0.0008140257037638765,0.014801113330127569,-0.02225066234139783,0.008456779573215778,0.024448817283647006,-0.006098501146833746,0.007643343474041275,0.02759378830945214,0.0004134397599013795,0.00197903552295986,0.0022580446415392252,-0.047745362279471015,-0.03730786788102869,-0.004927138002729481,0.06281303083021728
2020-08-21,0.05153256748296564,-0.010993165116306769,0.020590714136607513,0.006909674512430186,-0.0004142215676665728,0.044081028209651985,0.002152346738250488,-0.02631587361865273,0.007997267756457482,-0.0020984072200677106,8.118197016426798e-05,-0.004068327871682875,-0.0006521005939947866,-0.019778341901772967,0.004018132502110028,-0.007434586783894415,0.0013004014836441868,0.0020445514531390874,-0.011227192454882906,-0.0004960736435363211,-0.0019019639656988607,-0.003379539186502578,0.012534857790768017,0.04186955384161206,0.0030906055838066937,-0.0034745252920371783
2020-08-24,0.011960382879988574,0.0065085722588238415,0.029561420108403347,0.023477797894467578,0.0013469684363585088,0.026858661711544052,-0.012502797308217017,0.04804811998005687,0.032828087382746673,0.009563675294857132,0.020461274387938877,0.037581831363851625,0.019400865794386934,0.04023335760670155,0.008874214827158333,0.01640395896539415,0.011254615932235978,0.013493638301725452,-0.007109310826120541,0.001158029314136888,0.00864731468196922,0.0021737333584104235,0.05433285086308559,0.03971962616822422,0.008300541448444942,-0.025545409015411913
2020-08-25,-0.008203764385991907,0.017069084801963896,-0.040299777818806226,-0.003740902417914249,-0.0054846980938951795,0.013454507902370016,-0.025322370647277714,-0.005730759369852345,-0.014213355587082699,-0.0011418326407997004,-0.008275051174236103,-0.002362261300736579,0.011698477817835506,-0.01075012166533651,-0.0015524239247222127,0.0347471260524963,-0.0026295562503177994,0.005260914414117579,0.003621000727259238,-0.0019827567673785795,-0.002470310014872301,0.0013013697875674524,-0.02544048571891422,-0.012224724587429736,-0.00816965735600128,0.028907480860836055
2020-08-26,0.013598974152163157,0.09095224949889125,-0.00292985184601402,0.0048177705438881,-0.001977219681781439,0.005802330500904729,0.011396240571559968,-0.017290907348350593,0.006812645947838147,0.0032281827997413526,-0.0037708301985966974,-0.018942235284215347,0.009664363010583932,0.016536672935600016,0.008118869677273821,0.08222327026321907,0.004904962768434773,-0.009367971002794628,0.1160870775551972,0.007780879195133039,0.008521556889525161,0.006758630334341875,-0.006023753719557434,0.004458985044053954,-0.0008801927872393867,0.016629894407331314
2020-08-27,-0.011954347030479928,-0.03438094050201068,-0.009705127892047472,0.010858122127469727,0.0019811368245030714,-0.001246131803956274,-0.03577338889387194,0.013196333926198456,0.011308404048505194,-0.0030169767366711175,0.003865699521402366,0.020917166622174133,0.01418728954104198,-0.0006972468704734558,-0.003940869048821294,-0.035174843957817115,0.0010981823735523033,-0.00991368511346491,-0.03882891375215369,-0.0071458597940293744,-0.0005056008202246609,-0.008176447637578632,0.002693399945397079,0.014450092955168525,0.008244206910038132,-0.001998158837142494
2020-08-28,-0.0016198000166107729,0.011992465569352628,8.983771613868541e-05,0.0018135159266552403,-0.012382976885767172,0.03241771695107443,-0.02214594282624016,0.004341517303372067,0.0169101281153885,0.0033624845306146067,0.0033694212878114804,0.015760186026380074,0.028426893025551347,-0.002790614633430999,0.0030963046443810427,0.0015004059403656012,0.009629666211359522,0.01165931128674158,-0.004522373826567616,-0.0035572121113965904,0.011127396672457657,0.008851099178114108,-0.0006715049045813437,0.058361274848507394,0.013419809057908072,0.01557620623039968
2020-08-31,0.033912048065816824,-0.005905793080610122,-0.002876901147310207,-0.009190341252832357,0.009693470057767328,-0.005427462078367196,0.0003342243432127301,-0.017290907348350593,-0.009283207344546907,-0.0037530707342826597,-0.014071750002399686,-0.04422003566062249,-0.021659191921384213,-0.0054803135206750175,0.0018863664872728059,-0.001566341884201905,-0.015936536202793783,0.00761842030112625,0.010822908309645385,-0.0003320424362363017,0.0008572953201726463,0.0036127393494420623,-0.010080651468594493,-0.020420266262066056,0.007760107593019594,0.08631008132480567
2020-09-01,0.03983230683913219,0.028360500093801422,0.023352141304711527,0.02628055201740498,-0.005217707983282471,-0.0032926080963103788,0.044695123140470416,0.0014661126048804984,0.025564030254755732,-0.001480236182212158,0.0007296075786249467,0.0073051026831536525,-0.003601883902538572,0.000703380808859011,-0.0037655541020601424,0.0076399627432490735,0.010919192371688702,-0.006332661194626943,0.05096679190710218,-0.010464251683798165,-0.006211481911011063,0.001885351735784413,0.0013577447120973751,0.0030149549018581023,-0.005928058696937799,0.40784372146604153
2020-09-02,-0.02071820208669195,0.011080548253957545,0.0045815616074751375,0.02204721027302603,0.029686358108228506,0.004389631966722929,-0.005437827177775634,0.01756957300952533,0.010866667954920084,0.006737773106886946,0.038735760931208896,0.027397239791133288,0.010647340528214588,0.009490331858439172,0.01391748459091513,0.023896479542816706,0.028579994462522462,0.0215903877240875,-0.006666038823207487,0.020478336719107038,0.029456095721822617,0.016937660316989955,-0.0013559037409629493,0.0205255869077392,0.019243810883456725,-0.07457013415358982
2020-09-03,-0.0800609060885078,-0.04870738215543746,-0.04665841518938196,-0.016815104163708683,-0.03973102077132917,-0.01757103963110629,-0.06569112822958734,-0.018704902131377543,-0.027677544431108703,-0.007093942186247926,-0.029099761210287678,-0.015686278202794557,-0.04674230534646229,0.006035315289971921,-0.019996637298223874,-0.03761990552446692,-0.01887786206131825,-0.02272574512213854,-0.04900151245113893,-0.013652367705091928,-0.020362931092250625,-0.033983930628823766,-0.001357891701889713,0.0015988791473877662,-0.0468090095791448,-0.09972610840930907
2020-09-04,0.0006620144760844937,-0.03123274071055837,-0.021987260951147336,0.009675607051891078,-0.010184728973315238,-0.008438082222571697,-0.035800311032433085,0.011730032680993041,0.023306157351216106,0.002965586719312574,-0.01727585087101935,-0.010358668235339596,-0.025680649316420667,0.00323007035283962,0.0008645422560380478,-0.028819641585937084,-0.0032471395042885653,-0.0031269266953076746,-0.018449856521673857,-0.0034187245481964723,-0.004376988061361553,-0.0047892791123710365,-0.010197005264458991,0.010376412747307162,0.017466174055930317,-0.029974804511274544
2020-09-07,,,,,,,,,,,,,,0.0372585867801174,,,,,,,,,,,,
2020-09-08,,,,,,,,,,,,,,0.010532280857580512,,,,,,,,,,,,
2020-09-09,0.03988635153080877,0.0375002410342522,0.03410606721280329,0.028077001758965103,0.023286463737340668,0.011526236420368097,0.01944646864467825,-0.008534817579414655,0.021262137800701186,0.015118646648018208,0.008662700905646359,0.004698452967176303,0.029586627982389535,0.017882691116476668,0.019684314016794602,0.009440701582134947,0.015505533598399568,0.007082596604443658,-0.013470842604801248,0.021423117635022138,0.01150898673326295,0.014609431086001656,-0.02800006149053491,0.009217551539054236,0.02141309740254016,0.11049358320266878
2020-09-10,-0.032645668080328316,-0.0066741370426794955,-0.013504813474791266,-0.018534269960986727,-0.012228999508831606,-0.01789379888601872,-0.018986774971443077,-0.008608380035313945,-0.005802833935885765,-0.01739816711907538,-0.013904863673964485,0.030397635283846425,-0.01990341755826308,0.0026944039807732523,-0.0069566450299600735,-0.020568533743607342,-0.015389395724069943,-0.0210329130508774,-0.03902516293818703,-0.0033291711727184703,-0.01713981918476004,-0.013074016674642586,0.08367644730835577,-0.01401864009571685,-0.011952688464530237,-0.013268274069394015
2020-09-11,-0.013128826226159629,-0.010309502291669714,-0.002514526827892105,0.026491365444058834,-0.00021511704706733692,0.0004191642381174976,0.0018087813040985612,0.013024551910115978,0.037203711762535896,0.002411329123453765,0.007465097649763219,0.003782045333022399,-0.008201247900668118,0.0006449340186005514,0.007880896813978744,-0.0055205314229970215,0.018510607856763173,0.023413466655731963,0.002829337558359013,0.005678480427352417,0.0077918036821740255,-0.0012532546800307909,0.022151773841146305,-0.013787212937874993,0.006206719605337252,-0.003849383437467546
2020-09-14,0.030000050564368497,0.030889991238052916,0.010698093657020458,-0.0020800453747922276,-0.0016150444735394398,0.012669684438933349,0.0160693911946852,0.017142792028824072,0.015249876101246507,-0.006872930259786414,0.005187039063678345,0.031650352933667136,0.025594464368430936,-0.008056663419898413,0.00799328427365742,-0.0017252613329653554,0.013781067521009938,0.018143711751709812,-0.011970202578685751,0.000498298037727718,0.006332089017945464,0.006184104676989266,0.08482981844565929,0.02289211722536688,0.00799402231844959,0.053550939335835546
2020-09-15,0.0015602270623678027,0.024202032633603876,0.0024142391409147645,-0.031984954285986356,-0.004206437006354702,0.0016095787865808564,-0.013727283486872466,-0.011235792636365538,0.0013960754537334363,-0.001107296073832198,0.0028667813467344594,-0.0160701347780976,0.0015947540460889975,-0.003682132692918505,0.0013789904159671185,0.023557957157832377,-0.011219216239105045,0.005128469200088581,0.04142694317201534,0.0014108633980793872,-0.0076823825452053685,0.03259991850815491,-0.03881295623059566,0.013581651759032587,0.008679867465502422,0.018413403623114277
2020-09-16,-0.029513787483139153,-0.043542935766775925,-0.008151027728765747,0.016890802181320774,-0.004007518665270604,-0.0022960166982481933,-0.01986391834798462,-0.0028410503032110235,0.0575909828364054,-0.007967235932166084,0.014537560576258768,0.0014847083227211844,0.007990733634960057,0.006304507950056326,-0.002065751046051778,-0.03267009899684448,0.01765021638943609,0.001849532483338301,-0.024456087026075823,-0.002403344976719124,-0.00471937171971748,-0.01871826638101559,0.07482196091873505,0.011039925148865093,-0.01027675135405215,-0.006740616628255425
2020-09-17,-0.015963537647834536,-0.003571454216452219,-0.01354130809841192,0.018264780751158005,0.0010875288372369507,-0.007134206093420747,0.003952208576420979,0.037037142245296195,-0.024850312463320146,-0.018786213924690265,0.005635006379735241,-0.02149732583109043,-0.007079158212194292,0.002376153379875179,-0.013110552816210319,-0.03301441784208692,0.016931039708316886,0.006938481094491689,-0.028231328986684123,-0.0004984704898415293,-0.013186865027387307,-0.016262279558060033,-0.027624267755849696,-0.021713789534279382,-0.0007505081584673334,0.012139516400665018
2020-09-18,-0.03171997430609019,-0.014231499417508675,-0.0004734521755798138,-0.009618371399005898,-0.018900953992628367,-0.015391222477077027,0.02307055356239207,-0.006868075914646998,-0.0053259820565038085,-0.011245501225702337,-0.01729104859467223,-0.05151511041988199,-0.012285392544897356,-0.019827562774146656,-0.01206087632225128,-0.008986802719372355,-0.016416887684477688,-0.005499984671801572,-0.0005104652267469145,-0.010306810524847387,-0.012988041267131711,-0.010633409166729613,-0.013636507346595717,-0.01273799807778131,-0.0005633191078511235,0.0619788465629727
2020-09-21,0.03032580121461348,0.017303020140492453,0.003693799550760879,-0.04632837217126762,-0.007528608322695751,-0.021469768374471343,0.038120824485283755,-0.049792692081123135,-0.01664070520122385,-0.013821146519443661,-0.020446178833780748,-0.04153351652212611,-0.02210205291257694,-0.04386529768816638,-0.011854066143489495,-0.017344558104854246,-0.048304657116253535,-0.030131369357750404,0.03700319788138029,0.0008398802633813318,-0.0017493484404607074,-0.0013547314441818559,-0.04896304617047631,-0.02528696155797938,0.008768540521786106,0.06778654181307364
2020-09-22,0.015715630565534155,0.023421040677356286,0.015664779843657106,0.012523171127372335,0.02175375761262588,0.009623350434868394,0.028790589400804256,-0.013100387615517128,0.019602836813147118,0.0031388305681365747,0.002162221568774658,0.02999980261492463,0.022754228746241445,0.005634050142289571,-0.0007159641926275384,0.026596899417450137,0.006073186293196864,0.030805821860818705,0.007838308498990365,-0.0014264910037663503,0.006933775814370824,0.01645996502472724,0.006662751194099981,-0.008500080252527908,0.0051532492597787805,0.051508111127577916
2020-09-23,-0.04194611680325133,-0.03367020866091608,-0.010591739792045862,-0.01882451842366084,0.00021843792710352083,-0.010484912372033195,-0.03569335727435452,-0.020648762685244293,-0.008216222447373855,-0.022484078220127324,-0.013940612406824426,0.03721660055517928,-0.03214944753113902,0.01280591616946869,-0.01773881735578975,-0.022492499381236652,-0.017432133338582734,-0.03223789380270414,-0.04185922860899427,-0.015042100432241745,-0.008702350245094137,-0.030162789922687283,-0.0018052766056344538,-0.03089843373944634,-0.002100057215832285,0.016098239093636613
2020-09-24,0.0102689294814855,-0.0057824382661184615,-0.016151713877613716,0.005263919352880286,0.010697375536300013,0.013630166518603604,-0.012251247524374453,0.0030119069623972816,0.01159828327622714,0.02471340424821311,-0.006227644936539711,0.0039004772509907415,0.011339553499008392,0.004402706796055256,0.014410797290312471,0.0020479592507860467,0.00570481654428856,-0.0033506501391956656,0.0052484611233794,-0.001535650270608535,0.004427555253472937,0.014220157205331763,-0.015069265215322147,-0.006680782312458833,-0.007056494896616861,-0.07102468958837393
2020-09-25,0.03751626243758488,0.02589429513088448,0.011453547793024876,0.0053050444357194415,0.0038880939728147546,0.022522174718330845,0.04046444811552008,-0.022522532094120473,0.024363107804118433,0.013511664016834013,0.007282512197605673,0.00388506820241985,0.010877021265802922,-0.006743876384121106,0.009890086439588774,0.021199853295974957,-0.0009352700032621009,0.015227964706891584,0.02071530333246563,0.014867970647937545,0.01497186382588045,0.013297187970076951,0.0012240970892645198,0.005751683817558195,0.03559622851880628,0.06778783661433274
2020-09-28,0.02386865033844421,0.018195862704864396,0.023308696727365685,0.012130485688880865,0.005486777961974942,0.002555761779291732,0.045738956019133026,0.027649761844251497,0.017068430619820107,0.006379077249680787,0.02337131372180834,0.05185740963277263,0.019923035844471526,0.03824832490361918,0.015135442556708067,0.007848651403244089,0.00867297449464588,0.017077899049142697,0.016090963722218188,-0.0018523729347817985,0.03309618155314631,0.01981781305969177,0.013447414480497244,0.04109211634399057,0.01673505004304454,-0.017804625051139222
2020-09-29,-0.007567737397247587,0.00167852611051722,0.015123479758911262,-0.001827523481805371,-0.0065265622675437784,-0.004495938293751056,-0.0037189673813011748,-0.013453055362688704,-0.0036943042461212716,0.00555470642836986,-0.006490011220423919,-0.02060342284392791,-0.0063831619154964825,-0.004032739156956677,-0.003792136005242197,0.01935196753226842,-0.011443540253129991,0.006512288944526157,0.005767878405500859,0.004302085356811869,-0.005870751169138377,-0.006302390115551781,-0.06513878829936248,-0.012669445117197808,-0.0023682891178969934,-0.04544150329265806
2020-09-30,0.015075777370408439,0.002247984251325219,0.010992145827149358,0.011803805512391463,0.0092620226190121,0.016156066061948193,-0.012983900510667334,0.009091070349851682,-0.007810564650391649,0.015227974293929636,0.006036330427613201,0.006761831298078391,0.005769953963033592,0.00755092408674507,0.017174350585620113,0.00042013548664510125,0.002315035230142648,-0.005328428667109919,0.013273056354213608,0.0016797480761354677,0.01049867174036967,0.00739945746538706,0.00838699088188366,0.004935350056659127,-0.011097959923648704,0.009903298284774431
2020-10-01,0.008462024126603351,0.01851440006819982,0.025159271067544342,-0.01635925566580332,-0.0065093245717063875,0.0058647768892827745,0.08270990228691777,0.013513654477046888,0.010177862584338282,0.004116071404008492,-0.004767072384245896,0.0402986590709169,0.015376659627461597,0.015423009692091538,0.008006711014754586,0.018060470344737567,-0.008677707657340883,-0.00012734120926038983,0.054956726380391396,0.0049471845517130575,0.015873100814127072,0.011979773581009656,0.017274527605859458,0.020760823484120117,0.006121303682847801,0.027397854298245594
2020-10-02,-0.032279885260598995,-0.041080296951162554,-0.014637607061517843,0.022015857029022978,-0.020730483445403736,-0.003507432987722603,-0.0004555969130644044,0.02074034006434733,0.004408084417640845,-0.007017308655094645,-0.004294278014511321,0.015064529887458766,-0.01322187414310494,0.00010682570817488468,-0.01813157337907567,-0.02509106400198502,0.009887262319300039,0.000765394185815893,-0.04634982692811396,-0.000584135646856887,-0.019460399862834876,-0.02004656250953485,0.015723350303057604,0.00021864056292342227,-0.004115811410115966,-0.0015734886093148326
2020-10-05,0.03079082432989555,0.015616215659680188,0.032467659999308784,0.023676288216574415,-0.004826160117584077,0.015039142090183422,0.03844106488561305,0.018868074259712264,0.015713137050823667,0.005947545883923766,0.011943365654498272,0.060777498333969504,0.013045123015180682,0.023101799230761166,0.0038692463700016333,0.01811962078195184,0.014904139844762465,0.003823731861154478,0.034965985754904505,0.004257984378217339,-0.0009415800423291376,0.012256300970548972,0.05077373289892506,0.022301933998862378,0.013176944257431877,0.006511382658323184
2020-10-06,-0.028669426525049557,-0.015396612772792362,-0.03118807374200394,-0.01276960224690038,-0.009699309868918538,-0.0197701568136891,-0.01558274083523814,-0.005697831569199563,0.0002313771551318844,-0.015371912100003327,-0.00032800995853776715,-0.017987998983371445,-0.01695593793126704,0.00627224194188214,-0.017343922071869078,-0.022633550920346912,-0.003195027174224818,-0.0034917619917171905,-0.028387532222341694,-0.022196347169224695,-0.016167723532563683,-0.02047044363525874,-0.008249681637233719,-0.035075699337236754,0.001122857547081857,-0.014669211506303403
2020-10-07,0.016967135185602,0.029583662334837335,0.018141389039268763,0.02138169047084637,0.012020262166533069,0.01755010044432348,0.06019624145718727,0.035816600954868605,0.03467442144153621,0.013068722170969771,0.017217447088041293,0.0508819032261314,0.01917453554845694,0.019945811299160843,0.0017827283408908823,-0.0020879271933045285,0.026258929834700684,0.021343123651413665,0.05691180936332563,0.0006799077629582317,0.009653740311966086,0.01574036380618149,0.061794345060360856,0.01733311299925311,0.033304065925430004,0.004934626976607515
2020-10-08,-0.0009559249301612782,-0.00468416827980056,0.0037557355432644712,0.012211777436787585,0.0023093924667176857,0.012326358400428505,-0.02187025302036527,0.016597445398445654,0.010437722976733843,0.0006973887609016405,0.05980490049876641,0.004519105094438203,0.00480350325932033,-0.0054999385265258605,0.005516841834866337,0.02185048360880093,0.007327607933752089,0.015345239107662723,-0.005367873992984107,0.0019542406673371815,0.0061309305442658335,0.011118908125306248,0.04476798529193582,0.03455484982337276,-0.004457543259762997,-0.004286214646761599
2020-10-09,0.01739572151903923,0.02306252018718169,0.01453180388407449,0.01455389904880966,0.01777518752120999,0.001739236028390767,0.05109649724715215,-0.013605593995296261,0.0018075754404722755,0.014772347646330397,-0.02813890395010954,-0.022493522545959488,0.02097655912086749,-0.013109434577928236,0.014159347146078138,0.0026161462224585375,0.009480820570465065,0.024635896814493297,0.01438536597822937,0.011617170496535545,0.004279981060973936,0.015066320957942247,0.008034168467970337,-0.016300207004608214,0.0027552569238828983,0.028962524757469632
2020-10-12,0.06352074800447394,0.01738491899526573,0.014924030245664133,0.02309044536495497,0.005497662454234664,0.010774873036290877,0.004840844908509112,0.05793126394662251,0.007181026572188776,0.016823367934979183,-0.0045386929255930575,0.03879008781400772,-0.000993503971245202,0.01722709707828507,0.02356015149880597,0.04273015689880455,-0.0038391875773541306,0.009293520713329118,0.0006858732873322726,0.013830540252751877,0.026654419391133333,0.02422583706174164,0.020191323277343187,0.01862552253430083,0.010590326526807026,-0.001766810403357466
2020-10-13,-0.026527325547980096,0.006694166674033886,-0.0010137773333663835,-0.0030135371441756265,0.02047819983204091,-0.017619558802850044,0.039489699230620845,0.01173398275835602,-0.0027786782581931124,0.005200301190916079,-0.016586818716007534,-0.010126501476191319,-0.01761152651659581,-0.0027545625983266264,0.0042627361266400765,0.0014143228745198133,-0.01197756852940024,-0.0124159018677783,0.0264537787452932,-0.00826795306783823,0.009920144750288351,0.012492633810869291,-0.014583252985608697,0.00210172346712012,-0.006854046761995192,0.055437948099257284
2020-10-14,0.0007432994741500831,-0.015554821096178673,0.0019455208487113573,0.009190717960522399,-0.007459357752627738,-0.0008071951288364243,-0.02108352344569764,-0.024484468997513442,0.01283254694221636,0.00416516347928142,0.006714682174935982,-0.008312101764133661,-0.009079010541392929,-0.012276199446008995,-0.005263085369182852,-0.01564439963417652,0.010622124210044825,0.004090583104278123,-0.02281217726208018,-0.012421738011069494,-0.007105551230014884,-0.040305936991924196,0.004228240775813852,0.005327199265837246,-0.005418049422305504,-0.018388901928326984
2020-10-15,-0.003960951633086962,-0.010191392006854927,0.017899399095904656,0.008740685333151754,0.006668649262999038,-0.004308000793721178,0.0046675797995896495,0.0066049654847046835,0.021249407804291964,0.006355559323341531,-0.008337510112183866,0.03288209232673056,-0.012051905437524324,-0.029829066236833235,-0.004267175330160078,-0.018762466557829205,0.004037988884045607,0.027977389356713234,0.0009049734225263784,-0.007597460909647968,-0.007648442875654582,-0.011742512169325314,0.028421026481727063,-0.003045836913740385,-0.0019499741692022843,0.05331374455387827
2020-10-16,-0.014000400869715213,0.0033323624624832515,-0.010036543706697043,0.02247883357033653,-0.020083966457742686,0.010140629725960304,-0.020442038020078157,0.006561710588118608,0.006239207697439575,-0.0033240347203110643,0.008327234600092659,-0.018726764523299355,0.002451841094799123,0.054766671789130195,-0.006341900422394797,-0.0029618899267835896,0.011178340406587495,-0.0039628525039943074,-0.020574264188725433,0.0008506680641484632,0.0021213476063721703,-0.0029488307529572655,-0.0005113721860956488,0.012806551968392643,0.0022983458126124567,0.042132689331296325
2020-10-19,-0.025542016788118627,-0.01515451852788774,0.012400407603185615,-0.007229382199441026,-0.0091213697080057,-0.007986385275696839,0.005284902762048738,-0.010430262807968771,-0.006693164051148615,-0.016142293186914847,-0.0032555435887789974,0.0101782451423591,-0.022775573442234687,-0.011943426335342178,-0.013800443428103715,-0.01703441638658998,-0.008305394156772783,-0.004388355725067461,-0.0001318783261097245,-0.005184494028538489,-0.01446431742976162,-0.01922401945324903,0.02713743482211939,-0.027066128313048776,-0.013414458400053952,0.01670845591318204
2020-10-20,0.013191952921603356,-0.001252071121731757,0.0004966403762720617,0.00871489174623008,-0.0010827880318790006,0.015201933408762525,-0.024128880156847665,0.01976276880302219,0.019257039795380404,-0.004203050606996439,-0.06492995136661339,0.03022687062064633,0.00015079571804732517,-0.0026633329480757473,-0.003323289385786965,0.023565275393961693,0.008256815235714088,-0.007404695135162287,-0.009986410787531708,0.003502842012323537,0.0002148572840601215,0.002838031222988313,0.020937179502954484,-0.011552351904685065,0.0161532158099027,-0.05510786825539482
2020-10-21,-0.005446392976182546,0.002790256217961362,-0.018198289722214822,-0.009408936317336414,-0.0005422022818373229,0.0307015910635835,-0.0813592052319343,0.014211970487663539,-0.0178148052167737,-0.008850738074592468,-0.0196814445539778,-0.004278785374988714,0.0051247622690802075,-0.014584939730874269,-0.0028081826895617334,0.041747694800600366,-0.010412348832314566,0.009413804077027299,-0.06922083381432698,0.0025540212736119283,-0.00078731710544655,-0.0057484936985735535,0.0,0.000515663550808787,-0.012293912357142056,-0.04437454140097852
2020-10-22,-0.009583247972127285,-0.02492133552002851,-0.010363150131845411,0.013500742157965373,-0.013016635464113135,-0.00012899930612397803,0.02202847947956066,0.045859775426446925,-0.02242482202569729,-0.0009615984239778053,0.0060840514469284734,0.01596033128113561,0.0005400341779195905,-0.0013550564374646967,0.0,-0.0021885153318558226,0.009103387192259449,-0.00838768287004632,-0.007811061834524291,-0.008237047444692336,7.153054503294953e-05,-0.006938457076480109,0.06689444540356604,0.013527995765153733,0.001505401320008426,0.014322133227403722
2020-10-23,-0.0061337169873735276,0.010132328028621851,0.006385294532894159,-0.0002372450552544647,0.010111262584871827,0.011220136633628863,0.014013526151862354,-0.006090241346086711,0.02757745427489744,0.0061881706374571355,0.0020730100058223844,0.016314196765599753,-0.011960441401333344,0.010332821343789655,-0.0036959261268783017,0.02398259326124763,-0.005330793756297192,0.033834235011725555,0.006285685399849861,0.01241538386120511,-0.0003582750191608586,0.006628352397830772,-0.019221961478190774,-0.003771183854442528,-0.006301056684765327,-0.017328138845078445
2020-10-26,8.690139570077804e-05,-0.027226177672402763,-0.03256914294476476,-0.03197100965128796,0.0,-0.013008567774694169,0.013674739672408398,-0.015931418630572014,-0.0209476059772431,-0.014623561365854965,-0.03258590799455163,-0.03269900383865798,-0.0350414766834477,-0.008987442647695465,-0.02437725812226521,-0.026967481581024688,-0.021437126360003056,-0.014189152138116223,-8.187521108449225e-05,-0.005328187218575087,-0.010747890086159395,-0.005338953239516608,-0.0074662144651868045,-0.06014205841070408,-0.02268801126465947,0.012257564021616929
2020-10-27,0.013472237690147049,0.007070676063237746,-0.006820919746699294,-0.03241416996598834,0.003481682524346441,-0.004823872058320022,0.043297811756573656,-0.01369839310639176,-0.011562672353523595,-0.011789382081415445,-0.014792533433060195,0.01536582543225995,-0.002987025525625908,-0.01886801620520917,-0.003983201033929129,0.0223017888847008,-0.030873541075069788,0.0003481528567297332,0.001413244352902021,-0.008927752055851945,0.0076776247968628475,0.009303962596173498,0.007052293140453969,-0.034348537339735086,0.016904965192185317,0.040943264849965244
2020-10-28,-0.04631214760934588,-0.04511450277506157,-0.021746561809835474,-0.04274596455542745,-0.043261569814644574,-0.04544471483406132,-0.04211825655825441,-0.027777858997925287,-0.05254896858761171,-0.030175411409228636,-0.03536562798722387,-0.040556897246746604,-0.08113901659729195,-0.059817064342534865,-0.033812207077497325,-0.05513786501960194,-0.015525008944178298,-0.04566035555311365,-0.0055018304975569254,-0.024622501150013076,-0.035580441553007214,-0.026768106406226178,-0.0051354311391802465,-0.05600343018828846,-0.08815275909628795,-0.04263526389192751
2020-10-29,0.03705050784555142,0.009059640938793079,0.010530131143737131,0.02322032299730936,-0.013372491390661878,0.011743308673164865,-0.051704391666148486,0.02597398257624417,0.027039580723954515,-0.002677038078249483,0.0211908440676023,0.022712785767489807,0.006177444001071786,-0.00045229895915466223,0.000752635379442701,0.04916476649358659,-0.000315660350304503,-0.009727037461725097,0.03695707602641973,-0.006508917846326567,-0.0013416805793050601,-0.0026413242914462565,0.06663530521030303,0.020801283789700697,0.035819799547314846,-0.05102617505773388
2020-10-30,-0.056018162013508954,-0.03038316170352562,-0.006501781858847089,0.01538786558192995,0.015276845675370021,-0.015595533750759394,-0.08178524377592467,-0.02151896044034407,-0.028275236169289286,-0.002684605319148825,0.02525052996054411,-0.026526819667697987,-0.015485386162983672,0.003957139947692756,-0.0013161625954458689,-0.06309859950892516,0.009338907785939377,-0.02965187895034538,-0.05646456914939613,-0.006020425841387067,-0.005224341494476814,0.000547938138204529,-0.021997471916266553,0.0055928858213327715,-0.026338627350021238,-0.05875263323801061
2020-11-02,-0.0008267301018123341,-0.0048311420993567555,0.03738245056681211,0.03960513223368145,-0.0055437684316298474,0.01907478384882788,0.03988820009532512,-0.002587367766883286,0.028943587776452562,0.02415266425369733,0.011194583405988778,0.003168689756573473,0.004607966577347966,0.03198205826925049,0.02296702366425296,-0.006650919707810732,0.01862938399453995,0.034227661096912776,0.017614609101790135,0.013984097275923979,0.013954413785620234,0.007483855829680364,0.06297830388777248,0.019393502074662505,0.01553089394641849,-0.017161709659719526
2020-11-03,0.015353514901156107,0.020407215630069864,0.026788730843008812,0.02707177233800029,0.012514156948489674,0.004199109377102994,0.03171460320632469,0.022049342911593106,0.028092065266102972,0.013780086672998015,0.011070652068054354,0.015161171745179391,0.0186917420647994,0.03011777564284568,0.0014721450204133735,0.015074913848809102,0.01577266407193001,0.015476887495098346,0.006403399597270987,0.024771740865423553,0.013984360035866672,0.00661298055669568,0.018196868426294754,0.03202391137248162,0.02463186231103487,-0.0032891616652869216
2020-11-04,0.04083635978010869,0.0731466075861611,0.00875286591280977,-0.07430393200433494,0.008651430741878574,0.013168064549287095,0.04407819190889972,-0.030456981663394833,-0.019600606246855334,0.008548320517166585,-0.01979671647747472,-0.02675798027896037,0.03998076956704022,0.017372896216811817,0.009555521409530643,0.08322654924648676,-0.03232439559235134,-0.03415664886164338,0.019970435743937198,0.015600941263103518,0.00598392230920175,0.04409632920605144,-0.009143617070101029,-0.0009653448087919569,-0.005505613564437906,0.07129410587844065
2020-11-05,0.035493807308500935,0.018964329015098924,0.026697763755808568,0.05063447660131404,0.0028966291081649054,0.03999987553407269,0.05462556980991384,0.04581165861590697,0.0370490792239353,0.004585221773484083,0.02564794908906398,0.03196927858354526,0.030371261261824767,0.02905035046259541,0.012741109775144865,0.025401814835803727,0.018981314338277322,0.0032430689660825074,0.03382633597308282,-0.0012660937954467322,0.0013783991359432868,0.010687875263118984,0.03649320413214929,-0.014080676947601956,0.006027852563611491,0.026938181621793733
2020-11-06,-0.0011359910320740685,-0.0037061581432241697,0.0,-0.011036513003750303,0.005220560112481731,0.007514923492897951,0.01837927736609757,-0.025031247396050338,0.0025086709543924446,0.03319481756703935,-0.006360576223675363,-0.035935495014465135,-0.009130261044272614,-0.025093495464964533,0.003594451332858961,-0.0043096214046129955,-0.001103165035450826,0.02256770173486289,0.0018880435048942434,-0.0010141281900628574,0.0023902868992924375,0.053726639080153626,-0.015782885370423716,0.0035471379870717357,0.025189746610756236,0.006804449681876434
2020-11-09,-0.01996804546432751,-0.0474900228503935,-0.09800102620762541,0.05908613708779553,-0.06265211457882558,0.03172169571885153,-0.17145202379236202,0.05263151375613839,-0.056796762598187,0.0021420759437480452,0.027755711101541403,0.060411154794929534,0.09858444222006568,0.052413017698353936,0.0014326781511906361,-0.04989633735090304,0.0025151193878838463,0.035140765964746024,-0.08592855229743745,-0.03155393127578643,0.0005060433352712668,-0.006312639851235535,0.025082108242126422,0.14966045966125385,-0.026598529605958654,-0.17370178093148947
2020-11-10,-0.003008839533530927,-0.040624897171427254,0.014684612934470431,0.008663947513182002,0.017564723518187497,0.004630055431608104,-0.014603933066287711,0.021951293175639597,0.012846834619024694,0.016965243194160706,0.02060066390781512,0.04969705397234758,-0.028384362700321963,0.04536493618506743,0.020922873470929915,-0.02274260126238925,0.03493867573874421,-0.020321660531835373,0.020701361088871106,-0.005503186416322081,0.02361867681656027,-0.008633336693991356,0.04292027504910911,0.07398864689291362,0.009251419589515697,-0.09009287907405694
2020-11-11,0.03035246282798454,0.03484513274336276,0.017135829803174518,-0.01648287268285098,0.012627375127161056,0.0035577649405837963,0.09344382486978198,-0.005966615233725325,0.002020228341080177,0.009194567448199242,-0.006021650617084262,-0.02713656841863399,-0.007138874981113985,-0.0001886951677417814,0.011385453988801197,0.014866423023170094,0.00041382184683613765,0.01756611409423825,0.021905755272990657,0.01572236827721407,0.01538215182015934,0.028179463903009072,-0.025384580216787467,-0.037929837040333925,0.0115945610143664,0.09927923619781875
2020-11-12,-0.0023431216725907644,-0.0110529415878875,-0.0048881921053353095,-0.0019474364206709671,0.001029462920362434,0.005075989123402014,-0.027260874940087776,-0.014405784275795641,-0.0024268722401894482,-0.0006509260498049896,-0.023037441452919638,-0.023145116718002123,-0.01233467470014915,-0.014908632117722975,-0.004676092351418304,-0.005063990434697074,-0.012765232060193199,-0.012961848335100279,-0.008130289213841735,0.0012106455318003917,-0.00041686133709784023,0.013264023288094062,-0.0023678334204580986,-0.02873696809376547,-0.015214306990132265,0.03701557663449462
2020-11-13,0.0004195078459625634,0.014613709978498868,0.0026316374822106248,0.01525457690614207,0.001375344758158814,0.022525674871193058,-0.016610254511751132,0.040194731020608554,0.017779533106137446,0.0028653923017205596,0.020523785251711724,0.041312306097504026,0.02053046163918082,0.0057472841644807815,0.010266158563792871,0.00679824254903072,0.01640212221112125,0.017728150171621104,-0.008073582117401945,0.007859838402479502,0.006048582209286613,0.011197836135008465,0.04193026713169634,0.057521783969426865,0.00343274280798167,-0.05846404259930249
2020-11-16,0.00872051088837611,-0.017876132859597993,0.03805765920397852,0.008619533100363341,0.006752132767703145,0.012661293630882087,0.005603623021912085,0.030444978806946077,0.029127214911496724,0.007272637883542155,0.012922556570651222,0.03267210406755572,0.001253585668643975,0.024380921344123285,0.010678462207139194,0.0072574228968922405,0.02397106362241397,0.01994141300194685,-0.0077458484434472785,-0.013197426152116165,0.007255675444173715,0.0032753120407831293,0.03606700783140093,0.04932343106674253,0.029144192430507143,-0.010976740232851001
2020-11-17,-0.007564505365743601,0.015186028451293465,0.0031184524362868338,-0.007391171422827747,-0.008639256449390231,-0.005380305912594974,0.025473686575952392,-0.005681480518210269,0.018653804437485988,-0.01411768773305766,-0.005576156331999815,0.029943516691535388,0.0031301812320383426,0.014131629891230846,-0.002385675747571314,-0.014195485339509095,-0.0012656852879956437,-0.02489928014999765,0.0031934852518675783,0.004949940748522508,-0.0035677303770330626,0.0027206086801412344,0.04287245640385362,0.0033056181984929545,0.002612383106964211,0.006213230675812698
2020-11-18,-0.011391383663835297,-0.01812161719225769,-0.010502508003577327,0.004828271591698519,-0.013874645317158874,-0.02580272691692287,-0.014050652733102242,0.007999992354353891,-0.008945555035017705,-0.014974686159838213,-0.007901508724077355,0.02687877204443878,-0.0016639586078830426,0.021268830323673882,-0.013324253145970855,-0.011018299335591508,-0.012900143212586368,-0.012502368657006158,0.002413522456219619,-0.010110487759958597,-0.012806154975555706,-0.008914730708724394,-0.01686557839599212,-0.007204998783495564,-0.0025462571965977343,0.03338894878140919
2020-11-19,0.005168178517602096,0.015104364643977464,0.009000696857721868,0.000926010836629132,0.0023256670946336655,-0.03355714507592544,0.05897171669783763,0.0,-0.009380356164521264,-0.002909882641365047,0.0035114115980223737,0.010683703870594918,-0.006132257404619534,-0.01131056280968712,-0.0027698811147003344,0.003566856506968641,0.009886438480073867,0.010212088063061397,0.005977670652255407,0.002357044633189753,-0.0004187516457040408,0.010481192455507715,0.015010716689543457,0.0023704238238557718,-0.01169492284324447,-0.0018070547045077046
2020-11-20,-0.010957556321255724,-0.007482665909763209,0.0026085671023257095,-0.0038748870360681975,-0.0027841360761865497,-0.005621634863714586,0.04133827181110594,-0.009070525819772635,-0.01129192142667168,-0.010843178224590577,-0.002048235018165645,-0.007928134371325779,-0.03258653710371684,0.008171360966189534,-0.007986393562991467,-0.011871003802092828,0.007458679780928623,-0.0109954905738322,0.007365883286962971,-0.006706182567981167,0.0006978120874154836,0.003792709673599237,0.0021124792870830245,-0.004402210287286712,-0.016338253957651427,0.06109246430414306
2020-11-23,-0.029742666565577558,-0.00499012358326667,0.02434117099045041,0.01480574269120738,-0.008027141549641348,-0.003574808340219171,0.0009995672718035031,0.013730072442968089,0.0349128739091904,-0.006428497533340072,0.026936644810040544,0.01278631740637004,0.027987648412699295,0.008645584198099687,0.003675304774348964,-0.004708785185881248,0.007230276791234003,0.012432512986501498,-0.023799822469381948,-0.026304245676346483,-0.002788608210353316,-0.013880307936481318,0.014406379417010395,0.033692678334905635,0.017342648753849943,-0.02120110826846555
2020-11-24,0.011594373219889098,0.004537519641206966,-0.06964919235760414,0.012129521042960834,-0.018998315292771517,0.0254898746765706,-0.0185448709081385,0.06659143048026817,0.018613547777271755,0.009398941462991361,0.0360566703714027,0.025775853713546626,0.031170726025349538,0.03482149092063902,0.008195091008372568,0.03162856952324766,0.01688268935335202,0.014700801774283123,0.01313414181354755,0.0036920995220712793,0.0070616263009040114,0.0014076179152251456,0.04329757057374639,0.00650474200039608,0.03655439436524244,-0.006344731323959185
2020-11-25,0.007467227505272067,0.015949803696854614,0.0031708271672463706,-0.01283209336061919,0.023072245957477477,0.004231083424472981,0.054433066149287335,-0.03915371834938974,-0.01158786359203956,-0.0004049672532869808,-0.0017684007266699497,-0.0005127395056049311,-0.003124778370241832,-0.009318454087628991,-0.0057070140943839,-0.004803152387381604,0.0002262766568184027,0.0015129438109426907,0.004390362169526929,0.004844777548046686,0.0009026146434578664,0.005310075915056611,-0.01427639600684738,-0.01815876880096068,-0.01268132314365833,0.037820170481595916
2020-11-26,,,,,,,,,,,,,,-0.022992600244620798,,,,,,,,,,,,
2020-11-27,,,,,,,,,,,,,,0.00891432613336729,,,,,,,,,,,,
2020-11-30,0.021099642837010713,0.003018683196216454,-0.03400517492198496,-0.008510410976704352,0.01738706378883048,-0.0025207867277884377,0.0009342503496310162,-0.0011004123821939382,-0.0028875729789136217,-0.001080805233456994,-0.006675100207271911,-0.040187807057052494,-0.007549862485311087,-0.0024739019334808487,-0.00017377805244278566,-0.0030235609687617737,-0.023517612308365576,-0.011126441351664074,-0.0013432491443793326,-0.014461773129982092,-0.002559054797963478,0.00788467675881388,-0.023448308300849763,-0.020939295636221877,0.01290790663673258,0.01431267405198855
2020-12-01,0.030827349890009126,0.0014211814200397743,0.0005516424633720263,-0.001900909613548718,0.0007976150076745014,0.007541115240658813,-0.03752332852401363,0.017621530803408003,0.004117517777241231,0.01453823116537234,-0.002914334662227014,0.021207267087941517,0.007042552098235122,0.01930905267043581,0.01758044550202409,0.03458878682557831,-0.012794361548981614,-0.006004944374831234,0.028286131993346064,0.007112001466510698,0.012757613249992028,0.0059426182784576564,0.0014126292587881562,0.014996386980185905,-0.018179863449513056,-0.150618759928293
2020-12-02,0.0029335033751796136,0.004403664606111857,-0.012768818394736647,0.0035204770769234894,-0.017986987710306157,-0.0074846724630761585,-0.0003232886296616888,-0.004329010356473151,0.01376155304071669,-0.005265775745712853,0.011854429010202505,0.004792271546710136,0.003954376157383255,-0.0008688554254829839,-0.005474103616752268,0.0033847253294430057,0.0077994373883902846,0.0032844342256088677,-0.002378194368570008,-0.0011621484384660707,-0.009926880959785112,-0.004412002574241791,0.004231298892638513,0.008836265272026633,0.005179707704897174,0.016120666073505152
2020-12-03,-0.0011374842726691314,0.006275171326083351,-0.008653538107209813,0.004371225819658209,0.0038255478405511134,0.0005705510775277922,0.000776163366746907,0.0010866958419306627,0.003359352953413275,0.0038865503399665435,-0.008104386386220352,0.028086749075380668,-0.014931394531502717,-0.01252401982166984,0.007224180267656033,-0.01972027455861325,-0.00011613264566900927,0.00035067665131105485,-0.011641351171830738,-0.005906493874542784,0.0059402825823051675,-0.01464625340057868,0.027738674060240553,0.02670212333083999,-0.005922675770157482,0.0016471036610155032
2020-12-04,-0.005612465440625325,0.0035516668560309217,-0.009104547821455089,0.04340621228011732,-0.0028872287242704964,-0.005459119149642033,0.001874067958111958,0.014115203010110822,0.007447793486793142,0.006941015389211991,0.02904287588145693,0.02216504752546644,0.0274807395559431,0.025365539314059493,0.008025908500792323,-0.007627992389140359,0.0036664596003213035,-0.004207503376250199,0.0015879237440834526,0.0048613514422195525,0.009691898426188672,0.004649847311585464,0.002733264524600987,-0.03450416287256708,-0.003456272972968577,-0.008536051425151125
2020-12-07,0.01226983698687345,0.012860082304526843,-0.026901469988152904,-0.019208828553068602,0.004864857418169111,0.006717983275204009,0.012255653173223857,-0.012847847904379317,0.007324975897745167,-0.007622500594776649,-0.01965425288650291,-0.020675667820690857,-0.009844602805238467,-0.008761296646468297,-0.010503064059482314,0.02102234620837584,-0.013394340236919877,0.0003524181799106074,0.03505845333860824,-0.0017918748488637837,-0.0032911052718337386,0.008801261320663611,0.013287882933548545,-0.02246547394766818,0.0013153117317712404,-0.0052681729973961255
2020-12-08,0.005091093305577443,0.0061554063571291895,0.002530849835648663,0.0007275090552010255,0.0038035003095480135,0.011067652307863218,0.044860822490870866,0.0032537833071155653,0.01484651386399638,0.0060782158550813925,0.008099665518981558,0.019052320052897143,-0.0004983480616199687,-0.003466259272106975,-0.0020544991714178673,-0.0076335853198393755,0.013576184268126346,0.011850220825519342,-0.006049096126482412,0.0015257129800909652,0.0010319165748302606,0.001428973841137049,-0.008069988092350266,-0.004611028765993619,-0.006448629051396093,0.010175294432706483
2020-12-09,-0.020903751433192896,-0.023299968852697917,0.017186011644948485,0.006877618754071779,-0.007463676481346049,-0.007364799861065752,-0.028907760309058173,0.021621583279542556,-0.020335116310732926,0.01002413797054258,0.00859124252843424,0.023244251786933123,-0.011561524871788187,0.0003478554437708059,-0.009778679688950076,-0.01933647003307848,0.016409434237754983,0.00243471586761701,-0.037178603228168794,0.009051140021247406,0.0011681723157850321,-0.01524592575076178,0.0044067972509957976,0.013455895816578689,0.016767489884843334,-0.06466022972921726
2020-12-10,0.011988809352791563,-0.014201834158591997,-0.01651415899035702,-0.00677495666509631,-0.01284151357383323,-0.00048646398622964604,0.0381210041266673,-0.03492056749870254,-0.014966640248730845,-0.016037612294853454,-0.014433419520209934,0.026172796863119574,-0.01582306649143661,-0.020862460167837327,-0.009355500743324696,-0.002878605007052948,-0.010268510855633184,-0.006014685566879341,0.015174241087009488,-0.0028420957794468293,-0.007000978978138117,-0.0042710698740762165,-0.0003376713740681492,-0.01280562552565212,-0.029199233876337716,0.03269671627172377
2020-12-11,-0.006734683124312468,-0.0020131093692363766,-0.023584998357668807,0.0024599102100266723,0.006094118028961537,-0.0031636882817789314,0.028554150838250303,-0.01096510408173279,-0.0026874341186985395,-0.003941009803557383,-0.005521729290351884,-0.01395583136222267,-0.01236694901406421,-0.014382100857267877,0.0038472852635078603,-0.012882627819892245,0.003054996737927862,-0.02013274319468339,0.0042506821448053955,0.008193816276802934,0.002073694627421352,0.005131879481118373,-0.009790587650166827,-0.024767537990812327,0.025328342577958685,-0.002387128630643609
2020-12-14,-0.005146759227424247,0.02208402783036889,0.012293847038527872,-0.006916095126879185,0.0024461696998556715,0.006917412178898852,-0.00029410099106741416,-0.012195052375354454,-0.013576626378597578,0.00020131991979943642,-0.0059548915981190165,-0.007808838425029552,0.01139193323499299,0.015492778694885523,-0.0019162319775710701,0.0023396958653978395,-0.005401884447218452,-0.010555389276275973,0.03815432687897835,-0.00954045704237283,-0.005104866845815903,-0.014249858462834109,-0.010228368628465323,0.001507192714142791,-0.01056995823075535,-0.002569253938590088
2020-12-15,0.05009033243108374,-0.00777105932105826,0.016883674860167508,0.0207245931693818,0.001162117469666324,0.011921505044902192,0.04606696343366834,0.026935996064468393,0.0007005431867745937,0.007308359103018525,0.0194283408767153,0.02410248040023144,0.00754934187687728,0.02856133230240898,0.002792987634489874,0.004960009871336046,0.0092443238043598,0.012717360575907888,-0.005053404081671986,0.0049946143059604875,0.003744150873420393,0.004947494214653458,0.023768426512145613,0.006621690776421385,0.0033011187659914842,0.008687094437337173
2020-12-16,-0.0005473328728221594,0.015042224075297872,0.004952049251606416,-0.012325303368794449,0.005919106272537444,0.033067006925563636,0.025534270012420812,-0.0120218591528225,0.010743980195471625,0.000332683631327102,-0.0030173612575268294,0.025456358857497863,-0.004645510007391218,0.013625237747098673,-0.004351850225545961,0.00043554371583076623,0.004178967644024034,-0.006606264780640525,0.009715669357973855,0.004348487061020423,0.0008286817434053351,-0.0014615715632925186,-0.0016822971734391512,0.008858253570916075,0.01770660706466498,0.011441322404470045
2020-12-17,0.006963363046631255,0.011145114356200247,-0.011207738670524714,-0.001838322446507612,0.006230570884528941,0.01990879195205597,0.03158939278989137,0.004424572215451228,0.011945852507650345,0.008850130337987983,0.0,0.0056203338989182505,0.014453375835284943,-0.003913425734019538,0.012762328420452329,-0.004316499083603098,0.007069421700999889,0.016355054617823273,0.015376391979592618,0.01528681846550084,0.005660036090145093,0.0015407322099834087,0.005392758296002498,0.010595677272104975,0.02562730893874665,-0.005891101195080406
2020-12-18,-0.015850531164629422,0.015322244589623057,-0.0038105212700151325,0.009990426992982915,0.010778696403819232,-0.009551453624763284,0.014141352030879073,-0.014316869464779058,-0.057106942019681695,-0.004814901946174732,0.0023895285597730354,0.0037263549115122974,0.01018130554200014,0.0022205399949533078,0.006732126670583094,0.006994742681388333,-0.0013021987595487339,0.00359575612608265,0.002908590291498925,0.011227123109504689,0.008372590928553914,0.014691250348656704,-0.032517821374849376,-0.015946939375988345,0.0039542229176683374,0.010930767147578235
2020-12-21,0.012395108016425738,-0.009066502530905018,0.01324153752924273,-0.004421040554670408,-0.018264483157880762,-0.025984523827055628,-0.00817780249274358,-0.002234532314327131,-0.01317279487505596,-0.008085999868516547,-0.019547203815016734,-0.0009279275811278076,-0.01751277650973071,-0.0388612689297132,-0.010973739185252018,-0.013060625136245285,-0.0043080311953254125,-0.029601578221174263,-0.010365812660783624,-0.02039765489564227,-0.010413391419410445,-0.012886604139208058,0.017671561733805463,-0.0010802743182800612,-0.01478442199721508,0.007290439604646259
2020-12-22,0.02846445470234693,0.011597340655739474,0.008034857724473321,-0.019871155568351728,0.00023111550936638636,0.01155113229810878,0.043234714939282215,-0.01567762082692714,0.004927877063936936,-0.0069490179378266514,0.0017831628518645282,-0.019043225211157644,-0.006370066902280369,0.004433359004104576,-0.009015301528509934,-0.020895160241929833,-0.005009482451974523,0.01349677929284776,-0.0029872215464226137,0.003426474127557144,-0.009490896818253325,0.015588903291349432,0.027238846846304954,-0.011374722696818718,0.011413939728132094,7.33520287730105e-05
2020-12-23,-0.006975844729523173,-0.01439992378020638,-0.01719011953963967,0.010420216667135884,0.004390085920279896,0.008428556372102936,-0.03652855677122857,0.02275308909222562,-0.009404408255423546,0.005584814390811488,0.002346019823151524,0.00047309987399857256,-0.009059806324848485,0.033192110736459224,0.0033239471947772437,0.003818693530296402,-0.0045198904245296045,0.006927716487741931,-0.02436803909824037,-0.0022765156630177863,0.0027080826354637377,-0.00015126058689107769,0.011600863135794004,0.012712645379842957,-0.01099874098782605,-0.06141808097111856
2020-12-24,0.0077123205504952,0.005936651843819751,0.002052035366854277,0.006389627891306704,-0.0009202086343494953,0.005084085931845728,0.0007361802124226102,-0.014460480002014942,-0.006981611542455912,0.0033454826419478945,0.006375978895591716,-0.02460929343706375,0.02056330375105353,,0.0087184195584884,-0.002648152390593017,0.0030460274303345525,-0.0008305241790727003,-0.0009913407828477938,-0.003773467881089232,0.004501198296265052,0.005218169546823415,0.010812532216682325,-0.014229221963153571,-0.002606743163992453,-0.02268935955061535
2020-12-28,0.035765637195339206,-0.0018204560700958439,0.0002924808029083348,-0.006627611267858935,0.00713790415444171,0.010998347194522529,-0.06405340023008055,0.003385991403501043,-0.02187341244169505,0.012337396157565461,0.0010427450504699731,-0.01358582130972652,0.025208456654467026,,0.007260241913013887,0.03590134136007661,0.00108855951668696,0.005579550404914313,0.010020028329862818,0.02431269514429002,0.012753072043099944,0.0006021119767092298,0.0003241072260120603,0.05112605059847386,-0.004820197003946092,-0.06338459345945946
2020-12-29,-0.013315061543212603,0.006333245950939315,-0.017742355073876115,-0.009642587847535244,-0.004572269394730322,-0.004055770064274045,-0.0062317574712557056,-0.007873864764574523,-0.005248379641924039,-0.0023713067405677357,-0.008171863595030415,-0.02508587818023089,0.006357285071447727,-0.007843214711757307,0.0030889647755469873,-0.0007941318629753891,-0.004922364177995853,-0.014579892955318252,0.022634517646759722,0.014018086120389128,0.0034713589351760277,0.0010523757865150696,-0.02430311284180464,-0.0029838481855607446,-0.013597292572190667,0.0067161423295527545
2020-12-30,-0.00852666765406429,-0.00928078166234525,0.006153382333264457,0.019190282110817414,-0.004249262233434137,-0.0004948982976800131,0.034856778489460005,0.004535007646594202,-0.006040581913410392,-0.006009295506680612,0.004361854914888275,0.03027262378710427,0.025644543296943212,-0.00687390714135272,-0.002322105457679635,-0.0177397060021387,0.0014957790215168743,0.00023968035347632366,-0.01182967855498096,0.00559749546926569,-0.0007459802811429217,0.001051567451758384,0.044503338954885896,0.020336102700333702,-0.016564990652366385,-0.0009894165470406557
2020-12-31,-0.0077022873626703126,0.005367339118779624,-0.015683597248839498,0.010997601745179164,0.005997128699289478,0.013593929731726462,-0.02876945749746518,-0.007900670809206756,-0.001384756173274826,0.011957956244142975,0.012385412045579969,-0.016650594835917687,0.003909820258818142,,0.00810351518211938,0.0047449614340369095,0.003905230622856415,0.018445414901585577,0.03076692729656272,-0.00649416358533772,0.006720663649302905,0.011780020082867715,-0.01176476905731283,0.01477133547776699,0.013053960613114146,-0.045500811686419174
2021-01-04,-0.02471963157699142,-0.02955290514996034,0.007014779832272611,0.0007142793657235469,-0.007222411245484173,-0.04207542031493994,-0.03276938739278068,-0.030716604411339166,-0.024767034145111277,-0.009387680226077055,-0.01541147076221483,-0.021414221404371547,-0.015268661452228494,,-0.009406626184354616,-0.01544890320725334,-0.01670554288963577,-0.015053811551584029,-0.033047962975152,0.006876125408596501,-0.027174588086588014,-0.01794610982950251,0.05244528617241673,-0.01633236656078607,-0.02731578368926557,0.06717657764168572
2021-01-05,0.01236379628232398,0.0007211565215241578,0.005075150626638436,0.008179993155583931,-0.009006884258324632,0.015059507628269353,0.016852591036880193,0.015257953571928162,-3.943594869171285e-05,-0.0011267030943844514,0.01775049084939262,0.016284856900633304,-0.011579280698588379,-0.00017576176582867475,0.0010358191989605636,0.007548140395114089,-0.0016873496735329008,-0.005312899547323724,-0.0039398207896261805,-0.003962561370354001,0.0029803455684416225,-0.0043795759519265065,-0.005808400621972187,-0.0074698759515068325,-0.013919363362404624,0.002361174398568977
2021-01-06,-0.033661450923926806,-0.03990200495253249,0.04861392302132539,0.055652139759959196,0.0015146168835686868,-0.0018929190582041011,-0.04234763163932398,0.02196533485555041,0.0015010233765804237,0.003516345850031799,0.024972183317495622,0.029544240877903194,0.0003740408743455603,-0.008085739588290952,-0.0018972250271142022,-0.02826887009990564,0.015211622030939509,0.024427890025214838,-0.038997733741757856,-0.020822831409790576,-0.012232288352904463,-0.002427150138765266,0.05535038398623571,0.03862896866777632,-0.0029716753327060363,-0.04550614838345124
2021-01-07,0.03412292880430012,0.02451157542326765,0.01699554925896285,0.0019086933999648004,-0.012215861805130901,-0.0002711208315967495,0.01921576547814996,0.02488688128532801,-0.02969723068769048,-0.0005949143009930102,-0.002320483275830121,-0.011672901380945566,0.007922605569947061,0.024100746777201643,-0.0019007559290042941,0.020621986319291352,-0.02566177973592143,0.002343712417989252,0.016783555239330283,-0.0033713014549718867,-0.003218156596218824,0.012620698829291843,0.016025652349021646,0.004224083849086124,-0.012667593407041489,-0.005545726435934872
2021-01-08,0.0086315292369461,0.015405902833317109,-0.001299848791646241,0.00015461183146658897,0.005888920502116202,0.009524977516147448,0.02845600328708575,-0.006622349634813007,-0.0043491652628642186,0.005688953446133738,-0.0035658360618935347,0.008858048618655356,0.011404699979285171,-0.0017303118902601833,0.0074448034748964,-0.004353531626423268,-0.018265489492989895,0.020282767967510384,0.0029672616232114812,-0.0039032192965809953,0.01200228070944065,0.014040101366309843,-0.01835399797343029,0.006292306454412255,-0.003836562731708071,0.020759081318430628
2021-01-11,-0.02324882365351344,-0.022387169104308824,0.029841033944350004,-0.0020593506612928136,-0.00562081586924601,-0.010048826209349104,0.04207230086215419,0.03333334524562126,0.0014289722505762548,-0.012629211777341998,0.0003888534455773751,0.039999859432150675,-0.01596724412584627,-0.009360687678211521,-0.018903702392798705,-0.04010166142400706,-0.008522221083160031,-0.004926832430692363,-0.022139518962497995,-0.014193700639897333,-0.014495558488871518,-0.015770770791942668,0.00964081304510489,-0.01386534681723639,0.02190791109582957,-0.03403791194498618
2021-01-12,-0.0013955025041790803,-0.005461362160982253,0.035475696026523895,0.018982967278039053,-0.01236431678131733,-0.010460485378856799,0.12079327699596587,0.05161276890577482,0.015205288549696494,-0.004862900104297907,0.004899690677734103,0.054878297900052386,-0.01516397070912745,0.017147987161588496,0.0040286345819466884,-0.02238754762830275,0.007929865236651512,0.003166336079438281,-0.009717503743424838,-0.0007066350620686945,-0.004645104380060827,-0.031896400123732294,0.02256947196227821,0.013922422795825895,0.012665191099208606,0.05655742082495152
2021-01-13,0.01622692294983885,0.0008480735750251434,-0.012989202664680732,-0.008352886929808845,0.0072732825471526485,0.00489392041490988,0.0091640503960293,0.0,0.012769043681977177,0.003614991976344628,-0.0177232440875702,-0.040907011887345135,0.009944137665339747,-0.015482608177324497,0.0008722561860114997,0.002190502351735235,-0.0013815653973163755,-0.0008607017966869579,0.02739504526967118,0.0016794954733609924,0.00820171502066147,-0.0014765728858623373,-0.0370685870378864,-0.0007137225688493842,-0.004880456887409679,0.021916446786036436
2021-01-14,-0.015127302133015275,-0.01859972250046449,0.006182695684791462,0.0077083538724835865,0.0003551748679304634,-0.025870933414255837,0.021687704775338323,0.03987747735422653,0.016057254913761643,-0.01667543797021731,0.01615205194280156,0.003708673401330298,-0.05601592122365706,0.010134742434605437,-0.00104582564588096,-0.023843508583658246,0.00078210343740448,-0.003561391652966095,-0.01364738972054802,-0.005912454735979011,-0.005820742666676759,-0.02964966126679036,0.0008815884676827146,0.026461679945859018,0.002206881800392413,0.05103799770274953
2021-01-15,-0.013730712646907173,-0.01120297572578799,0.0007020764240615041,-0.014082857361159884,0.008637913211737569,-0.0035593763944667955,-0.03356659398687434,-0.033431802619176776,-0.014476812288399254,0.007054485813160261,-0.00449742444208967,-0.014318764869269418,-0.011225614718175736,-0.02681215561063577,-0.0015705330927014982,0.02328597838453672,-0.005168205921381341,0.0004609410132341285,-0.005750074030384744,0.005059955249582027,-0.002610294641711697,0.020771463877826024,-0.012918172722036991,0.0001988056492758794,-0.02795608732609811,0.0033660593304287723
2021-01-18,,,,,,,,,,,,,,0.007287599889395757,,,,,,,,,,,,
2021-01-19,,,,,,,,,,,,,,-0.018881144129671346,,,,,,,,,,,,
2021-01-20,0.03285638065435603,0.028981404132153665,0.005465005699873071,-0.00886331556190001,-0.004932074084717852,0.027290290016962482,-0.02539422158594329,0.08383259558098421,0.0097787697654943,0.0059161625783321625,0.00821583895919753,0.0,0.027520485929826144,0.04154675503989447,-0.0006999726685339436,0.02443495830186171,0.006504476881938004,0.006695274566361764,0.16854337736766944,0.0013209834608078896,-0.005138757321483722,0.018867832287999375,0.01049790955540253,0.007606441200029845,0.02277906428077947,-0.02810573910542513
2021-01-21,0.036658225680026746,0.004875094147242853,0.020226369518155263,-0.000779574367211322,0.003776396197030518,0.00019569375789108,-0.014604335479708519,0.06169429915732483,0.00785855156097992,-0.004344093898695833,0.0120694467346536,-0.013251070583559343,-0.001403379324640408,0.019513027149897555,-0.01716287124403859,0.02015100489976529,0.0026436056517769035,-0.003643219139706444,-0.011085679361787393,-0.00281443919337665,-0.012170204037124321,-0.014361265440021698,0.0017813567437121591,0.016384551245409495,0.0016269846911352026,2.614881385643031e-05
2021-01-22,0.016073381148034693,0.0008898212734846922,0.0037554769465770743,-0.0013007113224160483,-0.0016461491058432642,-0.021310791143230312,0.004940261056394446,-0.0008673177854374714,0.0005512695638427711,-0.005235610058446638,-0.09905054246083977,-0.002398226160736705,-0.01629594585888261,0.0005081729701439386,0.002316530446517362,0.005973545565756133,-0.00955055548589212,0.00824174916798781,-0.02530013174863055,0.008202426161815657,-0.007306000226052989,-0.000306752199475957,0.017184884968778125,-0.0010657368007200851,-0.006932836717399082,0.0015412249984414483
2021-01-25,0.027684156121738468,0.0021166708890703045,-0.010354165644624214,-0.023965988119841186,0.02590711949793656,0.0007603647670757496,-0.022379319543295084,-0.019965402251868936,-0.002361519218584407,-0.004520812995869927,-0.00025294264858699567,0.02115386553013132,0.0006078046244208934,-0.02759432862056732,0.011022247818353481,0.012786759201544484,0.007986309109877743,5.756142833956979e-05,-0.014845036229399367,0.008573280435241415,0.01147247321202749,0.005676565712135817,-0.01631204841784395,-0.01393712658780788,0.01735942906955823,0.02198746168487764
2021-01-26,0.0016794052329889286,0.00599864042591558,0.008440189143192889,-0.0006940807537052507,0.010100819294702523,-0.018838259221371834,-0.02107175876600309,-0.008857323456056276,-0.015030794044532891,0.013488616332388625,0.03297363397376918,0.005179117928073351,-0.004526478432076986,0.025243653196777904,0.012660552049605478,0.014532081233796346,0.03263103056541761,-0.006792606318495875,0.009249602655694744,0.011969677145265756,0.01155684698897308,0.002364469561078497,-0.029019739944927903,-6.758982326349194e-05,-0.0019784787898345924,-0.044509028204791745
2021-01-27,-0.007683856901918307,-0.03418157138872602,-0.009851764982842015,-0.035147547818014324,-0.002499814379385623,-0.03856328143503984,-0.054009140194386296,-0.03574613682600325,-0.027396165529868788,-0.02227113301085326,-0.00016334105523030384,0.03044485567564159,-0.037259480977955395,-0.02784855329666225,-0.020316220873171975,-0.03513567566082154,0.060812506952148127,-0.005795552791460823,-0.06878083789603973,0.0017143930043059807,-0.02651638200325912,-0.061943484292158235,-0.0664839234454121,-0.027999454704172422,-0.023415632173249934,-0.009749256847808807
2021-01-28,-0.03498543788811015,0.012326116147248545,-0.011094505381683217,0.020539008255842095,-0.009911365619141299,0.039134693078375804,0.04674979972690885,-0.006487660966402298,-0.0001648904364172088,0.013817715762589389,-0.019514893624622665,-0.05727251113162746,0.027861052075760062,0.0059388870064547294,0.012407002585887783,-0.026236518355628458,-0.0173050056921914,-0.009968465811645455,0.0292768980521263,-0.011465797933623345,0.00833111204610848,0.036505262244502124,0.05749768789091436,0.011758992673615465,-0.0024106490553895688,0.021173885500058942
2021-01-29,-0.037420398673615796,-0.014817411933554347,-0.031074739544735164,-0.008137064751422729,-0.028534819099217068,-0.03439677709043121,-0.01640238755077028,-0.017723892183981294,-0.030684682563086763,-0.018689656291836165,-0.008077971868832523,-0.0496627360697518,-0.024638934576182936,0.009202930083440641,-0.02941181638345891,-0.025169839925152426,-0.04230732511907043,-0.013425083642905622,-0.011529932978617041,-0.027958063813207867,-0.018823071068328368,-0.01322672805524927,-0.023169681078767157,-0.03803038745633336,-0.014433487653950916,-0.017221767814099342
2021-02-01,0.016520186049345575,0.02447852138382456,-0.01038400937983297,0.010282301686548978,-0.005211800561688018,0.02197337740851113,0.023506996939351543,0.028490163198357843,0.016571639355317913,-0.0022692011913186816,0.012005623362451256,-0.0015219403748485405,0.016661820088384127,0.004645599382568033,-0.003427098556749275,0.014245308336208629,-0.005464941276551949,0.042076829316929354,0.012490860747746302,0.018610911313198475,0.0030021287547077335,0.018559459854088134,0.007273758621265891,0.008757440677477968,0.008128729621405428,0.02650034981984084
2021-02-02,0.006336406474083178,0.031765941863364455,0.010121399631138006,0.042117823513920793,-0.01547802086892991,0.020715339937597665,0.03199680461778853,0.002770131475222426,0.013626339631883644,0.013851360604856255,-0.009125625975060059,0.003048853199687507,0.039837159149668455,0.015242213838261742,0.016470423402418,0.01935026887340574,0.0018315308298648691,0.023940355601742347,0.016919014819600786,-0.0011365464171607664,0.01022023387453408,0.027020689409718246,0.0502355163719399,0.017504704266264826,0.025790450478135662,0.02594717317872952
2021-02-03,-0.00777803397304333,-0.006207038734474257,0.01415716787886212,-0.00545466087448554,0.0038697222730168512,0.007129467733827388,-0.0010461076082433074,0.03130762198520598,-0.004989542610307152,-0.003670169604635065,-0.0026790283730734332,0.0,-0.0046353772586927855,0.08906895418144378,-0.015669209412217056,-0.0016099439721072306,0.002628212982658029,0.0035800046834892907,-0.015889560843570294,-0.006126336959561107,-0.0026014928794484415,-0.019106645096666375,0.03437956617317428,0.006373035447472253,-0.003618373664706742,-0.02901693350206891
2021-02-04,0.02575760506928404,0.015479729513654616,0.031907073729023905,0.0010446438820301829,-0.010239666875419107,0.017818511759998046,0.051268570658207446,0.01517849009759109,0.0283061137699554,0.004366219662248039,0.015950305257756314,0.019250194916144547,0.024066714596644,0.020755726835319788,0.013024386466541582,-0.0005996849664203774,0.009232000105503513,0.015549809019866023,0.023561032823014694,-0.008189585404349664,0.012027010425304852,0.009507621510928432,0.04566472697112944,0.022873503703601195,0.015966309626333164,0.024995426012860422
2021-02-05,-0.0030979452723386425,0.0055989010728607624,0.006061171683894528,0.0070439658785652615,0.008641745650470156,0.07808694684683903,0.04654953337151957,0.012312979767354681,0.0277686557814949,-0.004211420758304385,0.006362551725724641,-0.006461187682805569,-0.00610252215063356,0.016540258957850718,0.003749782893157416,0.006041420519224072,0.010784945616982844,-0.0006585146479355375,-0.002481183689184485,-0.01411694850217804,0.009164059798018709,-0.04073519688655203,0.03786654295691316,0.021786943134721737,0.01306560885079322,0.0759269309128785
2021-02-08,0.0010969318814131324,0.003332550322502126,0.029424687665510874,0.02305729007705848,-0.0065161752188721556,0.028334834251657393,0.0024662830402437663,0.004344124885458767,0.009568513431911896,0.018622128492971957,0.01494383457310744,-0.027013384925937522,-0.005077613233922973,-0.008807210466780235,-0.0033798423278479373,-0.005669578090235494,0.009776001090374242,0.0024714143107915643,-0.005210674780825819,-0.00576372004257375,-0.003973023857384517,0.00654526010818568,0.02130470717761579,0.04608818158459216,-0.00565758482024159,-0.020925186148209485
2021-02-09,-0.006574036045128406,0.004637836159373743,0.004749934874743511,-0.0008611048051906378,0.007530451324389675,-0.004241571433160618,-0.007855355453582957,0.03200692320713383,0.006525438308121245,0.0019418248694369478,0.000983635703232677,0.05564099484707907,-0.010651682930997275,-0.009036185000385055,-0.009282505985296341,0.010766009813000021,0.0009958077797131981,0.0031772444031483715,0.020349716786993488,0.007518159566977545,-0.005697693698045736,-0.013084809751492621,0.0,0.009906549277749033,0.021229695685529792,0.046785621905323316
2021-02-10,-0.004558227123232617,-0.006813777740974469,0.0029542801729649515,0.002230367788489618,0.003496358577751435,0.018077621553599155,-0.0183582081626259,-0.014250039388432723,-0.006444601060097588,0.0025400792724707966,0.0011464606954054712,0.026354659166737182,0.0023090587988801037,-0.010790247607951664,-0.004504457047503463,0.008981244413903688,0.0007736113153109514,0.0010923366762227715,0.008084848985223214,0.011867232854270604,-0.013610402009274325,0.0003214819232728594,0.021121233256991,-0.010592874851048872,-0.007548651512592097,0.0022556594271483377
2021-02-11,-0.001920611334189637,0.00801749970933141,0.0065654665771675,0.0031864764869657947,-0.006246932296924745,0.018846745220311156,0.0017726973901754928,-0.026360464401372075,-0.012040599929747153,0.002799780210687164,-0.010880068382946084,-0.00523064262358397,0.025911773287278006,-0.0006145856249096804,0.007782783087154632,-0.005443661587024584,-0.013307123991285197,-0.008346020341429061,-0.010646077405071841,0.006308334406951888,-0.019825713730585948,-0.0007230699930350637,-0.0010213185315128825,0.01631293537330336,-0.019860085163015073,0.004106703047962679
2021-02-12,0.0017761228790178496,0.004470221180239209,0.007692723399840284,-0.001815301521329138,0.005735751623970664,0.0016908619445730189,0.034549867078769836,0.0,0.033967581580494066,0.006382541044735124,-0.00090980105710603,-0.0004782026246159532,-0.0054537481387972875,-0.0059952625887078614,-0.00880016933891914,0.0004065450800367909,0.008407933318283822,-0.003960662575875018,-0.0019189448478325044,-0.00026476030646405135,-0.008149777361321386,-0.005787661243310982,-0.02070561179263708,-0.003023223320089863,0.006282304079239465,0.0007856282702631834
2021-02-15,,,,,,,,,,,,,,0.002783709021150882,,,,,,,,,,,,
2021-02-16,,,,,,,,,,,,,,0.0026219541137944002,,,,,,,,,,,,
2021-02-17,-0.017643898088140153,-0.020751940351897535,-0.019958695303975094,-0.00039542263921332754,0.013346288255640326,-0.02079559175805734,-0.025884738404536978,-0.005199398342275119,-0.010464795918926018,-0.0005952485142394215,-0.0008328039429956746,0.0050319415823982805,-0.011371345555140633,0.006614292316271753,0.0007287979509058573,-0.0014598858091779965,0.0001131801958047518,-0.008508347846443609,-0.010658946367867905,-0.002854263103003518,0.0005952805022946261,-0.005737612847361628,-0.010497085239303261,-0.009823965978071336,-0.004637214722727823,-0.033947483760482844
2021-02-18,-0.008636441100269843,-0.00582215215922588,-0.013351216739853844,-0.01176462399605449,0.009545435720523132,-0.005628802513976572,-0.007148942546245318,-0.004355253682348348,-0.013354491860103734,0.016639782527110736,0.006335076208635604,-0.003641397419230752,0.0033496545301601177,0.02215779169970533,0.022032108590152255,-0.015279370202535447,0.01539781832581566,0.00643588663480954,-0.005658945134545013,-0.004561663519081827,0.00676767968903258,0.014344480797161108,-0.01707613676774178,-0.017192995785367593,0.0069567263620162745,-0.026803617450778083
2021-02-19,0.0012333778086772718,-0.01894055755366464,0.010619998983300016,0.04996979810511193,-0.025134720593659177,-0.00972315407303137,0.029209295961900805,0.013123477454765275,-0.0038727654337424866,-0.027060609368073862,-0.014412462357859201,0.05299223676107201,-0.015629627956769143,0.0049333765643400085,-0.03242478992815001,-0.029065817189177445,-0.015777577123494257,-0.0011478542359304456,-0.01459266822709604,-0.014916072273816527,-0.02112735392283538,-0.023894608028866338,0.038694402592674315,0.008840979758054202,-0.0034760134316623725,-0.001555344190827035
2021-02-22,-0.029798900690836905,-0.02460763204432359,-0.010762504200198864,0.038826295098912667,-0.01141789990296449,0.0010169723773831851,-0.06226078624220821,0.010362430656138732,0.00011789909638948437,-0.004031218557980498,0.015715443112802596,0.022559699714385095,0.022481084019600805,-0.006248260095017888,0.0001841519121508206,-0.004702341069479532,-0.0023789865127407106,-0.012038251092902352,-0.011921087977489475,-0.002736435242960411,-0.003924098136205867,-0.018234647912244495,0.03775959004851903,0.01901859894550806,0.006602791085190685,-0.054929810888439956
2021-02-23,-0.001111207766731237,0.0010057159484895273,-0.01053721347034986,0.00972213606101402,0.006334007377806206,0.022595745960584557,-0.011120472839183049,-0.006837617927549555,-0.00015715818789518998,-0.0018211276066569804,-0.001240878229679332,-0.021213297031818845,0.028650352531506496,-0.022005796437583824,0.008836539680402655,0.02124213720746493,0.00028386292635373955,-0.011077231297311751,0.023174404522579684,-0.0182017838558316,0.005985204035634073,0.011110050804109095,-0.007570286796163117,0.0004574239724597362,-0.004888749988405161,-0.01567173691021162
2021-02-24,-0.0040520916288002695,0.01885422735009179,-0.017662568480330876,0.010400735986025866,-0.018264974744353846,0.008359089869371283,-0.00782915253373373,0.0559381430560848,0.02132507495000846,-0.0027704222998664596,0.020710927913630384,0.009535947322959037,0.0482277933788835,0.007806549745914326,-0.008576554280991244,-0.005830260249231056,0.008287450323349876,0.014169550722828328,0.013293012954184835,-0.007639165240790113,-0.0051965103810825974,0.0013419399771719132,0.025836687271203695,0.018350268421850613,-0.004601573964161831,-0.007548414695326966
2021-02-25,-0.03478275065086733,-0.03663293951984792,-0.09271965165087304,-0.0029218681691781656,-0.0020112597465541393,-0.014260882974604261,-0.0550932756393987,-0.041564895232960475,-0.02245637187188876,0.0,-0.006006247810267817,0.0008587071312915473,-0.03471083934453467,0.0013667531263645838,-0.005337716012690286,-0.03639652284897188,0.006361665420222318,-0.0030925147011844345,-0.012124852083201354,-0.012861383796945236,-0.015822586644867687,0.012648857446543094,0.01727048605214354,-0.0191570706229659,-0.01599321142129384,-0.053214960972310044
2021-02-26,0.0022316266165571808,0.0011107451902545584,-0.025160422646886116,-0.026778473117089918,-0.008061559174436739,-0.012982728804653676,0.11483956995206346,-0.005102021839020865,0.0011013249469871145,-0.01301096829950521,-0.028904807607096794,-0.002144832504180072,-0.0020305763691087497,0.004853627026771834,-0.016284394557915416,0.011504221352314437,-0.020698383101041773,-0.027919332402361663,-0.014358878245911866,-0.0031383770717500203,-0.0062308138966541415,-0.0076101854305392624,-0.006366722566342409,-0.016326923288261685,0.00203170494353877,0.024346706050375477
2021-03-01,0.05385132292411776,0.02153717581588732,0.01335329138193564,0.017972883823845542,-0.000761665209515705,0.028300835782565592,0.110364539370162,0.0239317177262246,0.029823211782293635,-0.0031582057752973514,0.015218896591010722,0.013757688338957186,0.025575592393468627,0.0054341112076099485,0.009405632577343281,0.028297583710528817,0.007711831876620723,0.03971980627630378,0.021879946018686924,0.011162027589328494,0.011069250578596757,0.030007468730149256,-0.015187257061741066,0.04681546081374477,0.023062628185240408,0.096491046074757
2021-03-02,-0.02089359736741425,-0.006346254956336117,0.008161975198375249,-0.017928560662506143,0.006735218211821881,-0.015002423709011947,-0.025145184026622136,0.0475792776761752,-0.009500322632189584,0.0011020905085261656,-0.0033957108922906265,0.013570705812701256,-0.00022024814624477251,0.024921124901583047,0.00037268385886113364,-0.022309462622817522,0.003968043507462049,-0.014305364805872522,-0.005121271336696598,0.011227397047374188,0.0034448491694154537,-0.009063734530640799,0.019758777218013,-0.0017782172948793695,-0.0006190096298188674,-0.09000145190546394
2021-03-03,-0.024456653704553966,-0.03887778193539093,-0.020971438389560282,-0.0042165656318366995,-0.009972390049755364,0.0,-0.12506812473873252,-0.0302788032692759,-0.003197429685978248,-0.006742455567053218,0.016870204293332414,0.009205147772770816,-0.007083565175128426,0.016258938977597115,-0.013785384968739267,-0.013861161683449086,0.005363617894557748,-0.008396593086220094,-0.04950534347976954,-0.015581086131744581,-0.014724887771697337,-0.029481634827505876,-0.01772197931248798,-0.007214514051839482,-0.005825105127707397,-0.08374688297725941
2021-03-04,-0.015811842396341036,-0.020938821257301066,-0.021221565567896672,-0.009957533337831337,-0.006502485071654629,-0.015024095975688545,-0.05038106742766779,-0.019720547699024538,-0.03273170698641237,0.011913924376595109,-0.018388441798337762,-0.008706607076905848,-0.029840018210487762,0.01729602980214673,0.01926727228502667,0.0087309793700312,-0.0024147223296441256,-0.019177919832391144,-0.01807178956995681,-0.0008532286600017036,0.005565176680433215,-0.0019351489404321187,-0.019244453477084256,-0.029875356064253844,-0.006108696232889788,0.004450007263749889
2021-03-05,0.01073821123142027,0.004031314680257747,0.0469261960460261,0.03473218234043163,0.026180697670370456,0.026999665223952363,0.011105486524279007,0.028499431738956416,0.03060287647106663,0.02936541151765648,0.02264603100904261,0.006691703989091025,0.03256064198053976,-0.005100540442267598,0.03002198197822281,0.025772414060267756,0.0178460999625758,0.022640268063599756,0.009974736556548125,0.014039147778524441,0.032601182038279886,0.051176028220636605,0.027961836688241704,0.027651052371984397,0.03104445372354414,-0.016497139883190126
2021-03-08,-0.04167341172909267,-0.04452958048037958,0.03616900492419961,0.006449752159269906,0.010880319030070584,-0.04377086524796614,-0.05012485467774819,0.030969447022916263,-0.023125838618786587,0.009376547998682705,0.01611995430546531,0.029497333761505207,0.02895682054868698,0.032326968744268214,-0.007736573833747373,-0.033941181474954285,0.016426898286494795,0.0019011764551895016,-0.044656166048625434,-0.010383648224756903,-0.0067654120885560776,0.019088942863958236,0.04867563135237374,0.03719589068633922,-0.021472078524321092,-0.07853480892394304
2021-03-09,0.04064972668081457,0.04268751174658636,-0.00703763808314517,-0.021572263458891294,-0.005195964009081622,-0.00017830228790793878,0.08688110615236533,-0.006323614302852443,0.02617979657844205,-0.008103675132850818,-0.005047879097465624,0.00040362476313093865,0.013976804887629202,-0.00800121186928382,0.008522125093235022,0.04085222520685372,-0.014093591056041577,-0.012164635598467699,0.026574520485449282,0.022781050328537278,0.00090818130557202,-0.005902748352057285,-0.013424481209076244,-0.019434888608673928,0.014918802763808525,0.10027978455038866
2021-03-10,-0.00916672931012752,-0.004940987627726989,0.022018550636386802,0.01964952123162722,0.009202701549305026,0.01867712455574755,-0.004158811539597074,0.027048285193475463,0.00969283540905419,0.01388147326436373,0.029715034939062468,-0.006454423962983791,0.013757496564531513,0.010151674107802489,0.010248337224348925,-0.0031610078095214433,0.01837943152282695,0.004123455701643186,-0.003751726515045406,-0.0024029653169249654,0.010056790000691151,0.008708744798270551,-0.008994501013570355,0.012063197176595208,0.012004759529918196,-0.01777202312881232
2021-03-11,0.016502741003333155,0.03215026539209931,0.003975979212555103,-0.005880783276381751,0.00431322921798194,0.022401450605830986,0.07240326417912257,-0.007745672170698548,0.030988557062528788,-0.004912988721742617,-0.00570916108776276,-0.006090094335784113,0.0070214575439278,-0.007571564819315424,0.0014237691005916098,0.03389965115286753,0.00032521731506740537,0.004331614004798867,0.036706727768560876,0.0075041544525817905,-0.0026949690442744645,-0.011145164847285338,0.025599374386214624,0.012706140833005142,0.012164758210455817,0.056959243870987164
2021-03-12,-0.007625398942137207,-0.01498694143177004,0.022195640511057713,0.04204591983997519,0.017177624800325253,-0.00833200024181402,0.0013584633976302385,0.043715707049053476,0.006369001332245272,0.003554848616712958,0.0036969825046491156,0.02696071451455584,-0.004345056896300714,-0.019004106002038834,0.010662776293788534,-0.020008824631615463,0.0018963065784463051,0.007254821802295419,-0.009635636825298999,-0.007356236175727782,-0.0013513932874156254,0.008969060055631584,0.012253122924564153,-0.08446044921874996,0.002690644176872592,-0.02472055198174361
2021-03-15,0.024456728576993214,0.0074049260304165365,0.026398825252103464,0.007598455684373784,0.0,0.001175295433035517,0.009451009964995372,-0.01271516133359274,-0.012287382258812873,0.005772987328706902,0.007601271010518884,0.022672918722979052,-0.0024820069292030844,-0.009049666304035142,0.006330199296044281,0.019932962430312395,0.02465958630453291,0.01529769374595391,0.004304918641463429,0.0001853301109071559,-7.500785238456764e-05,-0.011721397796256361,0.03855654071432313,0.013641352887477032,-0.030115432501714445,0.010421736190133535
2021-03-16,0.012742979783088026,0.006590880562943324,-0.004125930002955247,-0.018549145038202375,0.00603165511833903,-0.0021757070537674617,-0.03247771419056478,-0.05378756586874034,-0.022781715099027267,0.0011086806767803825,-0.002644358474238162,-0.027615413477895867,0.0016240998588645805,0.016837853680560677,0.009610287856496313,0.020200903465621867,-0.013880345201380595,0.0034643393800539712,0.007265705736937855,0.009447039703445625,0.0073665915415603855,0.017113974100455787,-0.03280835810438398,-0.03172185425450014,0.001106934635911605,-0.042628609793526784
2021-03-17,-0.006450692047355822,0.0010431953029454988,-0.0044346194107148795,0.03166116838365873,-0.014868361429128951,0.006299421796374327,0.011389974824198568,0.016012573972725264,0.019325049120684668,0.006971089865569269,0.006160461083810187,0.0027998999600014063,-0.009676562237789899,0.000982401233710517,0.002423069890971963,0.016936539874165657,0.00776034784216062,-0.006247259497104363,0.0007824049444964398,0.008349332492407102,-0.002910049427424566,-0.003756439915125309,0.006248668216407793,0.021584545006047673,-0.013327543538833697,0.00468547029704558
2021-03-18,-0.03390505486141149,-0.02623005439722148,0.010066824931549645,-0.01262702867765042,0.0012172159592998,-0.012898160217511223,-0.04088082693079842,-0.015760212405752205,-0.008764554910786981,0.00976961931333542,0.00798252500770591,-0.00319095132408842,-0.030843743346948616,0.042058033076341594,-0.0001728248776212693,-0.018978496480985374,0.014338822879845114,0.0003861381753131887,-0.03746854060407856,-0.01028215886368744,-0.00815756942332424,-0.0187746045138788,0.005988114813688661,0.000721037574696215,-0.0028011368672844483,-0.06038908938319132
2021-03-19,-0.004480221748046853,0.005282588831252655,0.04242381045397203,-0.02336547343674522,0.010089829996386301,-0.0061676674792906505,0.028160991408364255,0.02722173626959501,0.060984390048210546,-0.008777938173904043,-0.008919021612505573,0.0008002915223148666,-0.028583055663454204,-0.007399506004888257,0.0032810755393346547,0.04123900370140188,-0.011989722343031084,0.009977426241619236,0.014639719719995004,0.015077885239434874,0.014864603125974263,-0.005764156875883719,-0.014770723146148801,0.008175877147322153,-0.005680090335383192,0.03142388154796061
2021-03-22,0.02833572743985857,0.02471122007272797,0.023436854958562625,0.003240283353846962,0.01708997176011051,0.0033661716269821618,0.020240474148037313,0.0015587733772135515,-0.019887046021567878,0.01085956752726469,0.012800712445730555,-0.007597038327526118,0.005301378773168164,0.005150510614810422,0.012736727140215898,0.01182330550661903,0.004027620284452915,0.013590227961265189,0.021340199758820066,0.008513627195705809,0.024535304410844505,0.015460114828238725,-0.023047783218534845,-0.020973154601062638,0.01111169758577879,0.006865659803002355
2021-03-23,-0.006888655129129284,0.01721891311391066,-0.01777463518205935,-0.034377546413844606,0.014199459416029292,-0.017122121570894988,-0.00045504892192493873,-0.04980521879470934,-0.026311929910487475,0.0034534525710507857,-0.0006895804203057576,-0.07211932182347669,-0.008733422860542683,-0.02090076273928787,-0.0040787906667481,-0.009913636295053263,-0.006017022386156867,-0.009854096483573604,0.02290145529630072,0.0030532619667278382,0.012046415846982184,-0.01363880213062274,-0.0588637859492922,-0.017645744464167,-0.007450661923761648,0.03427704647070007
2021-03-24,-0.01999361207645134,-0.018883099111037915,-0.037791475053022494,0.013654102920637845,-0.01330055843051936,0.013153947666678212,-0.09327630383738372,-0.005733420900044028,0.0055470213747392805,0.0021663806889455905,0.0012265159725386443,0.00043429539238215575,0.012328830313656614,-0.013221302371729027,-0.009215162357721574,-0.02921207169699902,0.012531255593274171,-0.015444941683843472,-0.026687054873853477,-0.0032230921998618323,-0.004660650647274611,-0.01631966299693055,-0.010951734382923739,-0.027557906545203736,0.00031262185024161226,-0.07299275252450854
2021-03-25,0.004163673805095858,-0.0011517342251613494,0.01627031622175079,0.013650893403843734,0.016909210067350244,0.004141010008285706,-0.014961320600055505,0.014827280526013675,0.021953763083929045,-0.0013987909268461385,0.01875676984095853,0.03602453427122865,-0.003586600555482322,0.011863076999169442,0.00861191517729143,-0.01205100216620647,0.012638569848879122,0.01684702741320554,-0.03446558129580313,0.003053974686334948,0.005907298824836982,0.009153299973262419,0.029035519278234556,0.01857141640495219,0.020886660032013227,-0.00034920419909334477
2021-03-26,0.00514141775802357,0.040133941984187294,0.026510525794282147,0.02341156798886157,0.015697410529803113,0.02149128402726408,0.03119271392033207,-0.0016234049336431022,0.02611441328774311,0.014200070114806174,0.024874225169301933,0.0016755922368394405,0.02170985529279368,0.010620736445688506,0.015027247686364653,0.015354588451281126,0.009217671838248842,0.0299312598363759,0.010320984256541044,-0.0015222972763577758,0.02198673596741796,-0.003968286354093187,-0.000478281821997939,-0.01170943729662377,0.028974235157368966,0.01619820868556321
2021-03-29,0.0014849426799317111,0.0004903344520748032,-0.03739724788294996,0.0031373102981975265,0.01408127229836964,-0.006089673354809366,-0.029705464353774635,-0.012195021182197063,-0.007535098227800741,0.011678378831811553,-0.003812819694210323,-0.011710709769639949,-0.00882182661106412,0.006005225840311601,0.012449593085130495,0.02756019320597103,0.004412841390881939,-0.0037974447854038917,0.011613033147207519,0.006816108786508179,0.014786307613290361,0.0038214472930797605,-0.055263166891245885,0.010495025332611485,0.000952420939623666,-0.03613063640426928
2021-03-30,-0.01227438450622631,-0.008224699158146054,0.008013897396379921,0.012422618934933682,-0.007450933647529134,0.01583288422679452,0.013040586778213736,0.025513893378791286,0.023995312239334154,-0.01408778548858014,-0.008391127942707355,0.00804080115384087,-0.012978505295906606,0.030253833654736217,-0.018124235850573767,-0.009696798302005316,-0.005619578051984542,-0.012018510460896747,-0.00108959539567266,0.001959792769850033,-0.015676022992493044,0.009557707841759022,0.036971434254748026,0.005944239884236868,0.0029735262894652337,0.015564666704402486
2021-03-31,0.01876540229367185,0.02129077438241178,-0.007863716659805453,-0.005191306584184541,-0.006483114976975735,-0.014502027275750118,0.014079565145601158,-0.01685371737798247,-0.006575512429283559,-0.004406575010284852,-0.010837234471147927,0.0037782938750043904,-0.00600233412396145,0.0009216775379665698,-0.0042530682306075596,0.022673724558940567,-0.01006973114738785,0.007716842850194361,0.01610860462805941,-0.008623870385495502,-0.007646766434112662,0.0052150674168869315,0.006349126116141246,0.003798744895241457,0.008005379691732095,0.02586291401505081
2021-04-01,0.006958778403704402,0.0167658903644905,0.00827466131700838,0.0037519856447274513,-0.009387235918030368,0.005088614750808018,0.03237962432977515,-0.006530517424462756,-0.001760180291737412,0.0037935939330564494,-0.00022511201476649312,-0.009201024648380796,0.02036244906671114,0.012812605877054128,-0.0015378311582124882,0.01402232996366326,0.0001038091490916937,0.0016484935956502245,0.03404518199775297,0.008429809319015158,-0.001201901954254403,0.018836276991786693,-0.004367623035830603,0.014393315962685671,0.007588627538628989,0.01537552463513836
2021-04-05,0.023577268006284013,0.017130795800123666,0.019263766398379678,0.004167942687528958,0.01086312025443048,0.010057306509806185,-0.05283381441515855,0.04354952521651345,-0.006947647433858117,0.003716236584413224,0.020265453346354434,0.022372058377245096,0.013817668936132899,,0.006502619847348123,0.034319984264115755,0.011779924305461265,0.015820745672787018,0.0023173037130321816,0.013428133981704393,0.013307022506100052,0.029377268228410136,0.040458032266415866,0.01960969961174297,0.003911766243692272,-0.006958340602652657
2021-04-06,0.0024622547475576795,-0.0005695431066227163,0.02330705395129251,-0.013135968651093677,0.008460199493272036,-0.0009142235482281214,0.04467544470046847,0.017323141740367642,0.0021309834284193307,0.008848186243150424,-0.012579925339247233,-0.004128582140246029,0.003393628736828358,,0.00459023071442255,-0.008578543018716411,-0.0006667781140259343,-0.013797203235760724,0.0071392487585848485,0.0027202801976742297,0.0035623877476615995,0.00022820760768915704,0.0039821897986436205,-0.013447127437543616,0.005932073251610381,0.01799610212254299
2021-04-07,0.013390331531096145,0.004212983554457539,-0.0012422367111690757,-0.0009972357795784426,-0.0039677373198050425,0.0004401681787453704,-0.00965967810998103,-0.01470583988653873,-0.01084491709531954,-0.0011817360301996649,0.005289838601177488,0.01409613188917791,0.004086038747702858,0.0017222914946581902,0.0016922139353332533,0.02230123000128148,0.0005645646804655069,0.006518223762141284,0.004517697854366842,0.010501521381730106,-0.0018098792092916538,-0.010728080012258445,0.005366221668914761,0.0020286687430912664,-0.00589709127420035,-0.020346347065703374
2021-04-08,0.019233762335227222,0.013031743637254234,-0.008043685908866727,0.00030381267445944715,-0.006260223012587218,0.011690083953367347,0.055729805308715186,-0.017281907156414644,0.01909638103632494,-0.0028646404215914023,0.0014083548277443736,0.02289432540087577,0.01915616283035093,-0.018516049108665777,-0.003547748558005215,-0.00022368595552801906,0.0039497228892182434,0.0027901230462679116,0.013875918255193964,0.015415278283109846,-0.0060665463070175285,0.0006921333832146104,0.006498092709646741,0.012400789628251419,0.006222770211262052,0.025380749498072452
2021-04-09,0.020251640414027827,0.008402713343875767,0.023908884725529322,0.001171389072814888,-0.005955560417667871,0.01185640450918335,0.014763953496362392,0.0,0.007523828967498591,-0.003809772177183368,0.004514413828118569,0.02597933630885696,0.006194614084225947,0.0094327257277933,-0.002204437209086696,-0.0017888071667839789,0.011649535959741497,0.0031503483604065075,0.0013162762204548262,0.004434826369219325,0.00021083880214045614,-0.008300526849233991,0.03596960968314189,0.006843116113363301,0.01687688961851097,-0.026050485735970796
2021-04-12,-0.013232846145711075,0.003948079915560232,-0.007511626553513895,0.0007800607805228399,0.007143335081765345,0.003640704163608399,-0.0020130961552907722,-0.010391969028744286,0.014690271471060612,0.0006270625089348503,-0.008399021025170428,0.031164688709984345,-0.0006313699612225943,0.01415021178661946,-0.004077995273809365,-0.0029444919995810226,-0.0008589452858477342,-0.01711502115009711,-0.004555984227097687,-0.001783047119522485,0.003156478345582414,0.013407636324098915,0.013131671973629189,0.017286348777596938,0.01500477603430217,-0.003533191236399391
2021-04-13,0.02430619962967051,0.017449531833223952,-0.006087285030424661,-0.006841806657969629,-0.007207052677559056,-0.0007255644698842545,0.027048062001621798,-0.014539523558879108,0.00034374865135644583,-0.004887327140299824,-0.025336263364500122,0.010200356982865255,-0.004501621812981416,-0.004212040815497531,0.0013648731176800766,-0.005713563604897054,-0.0068742651803789245,0.003727720493054587,0.001718608142713407,-0.003827928616273235,0.00020957040247915337,0.0002292638911738365,-0.0101057579542021,0.013057136177810902,0.004703923774718399,0.06606323159225602
2021-04-14,-0.0178526665970683,-0.008215787960024978,-0.005379907880277757,0.014083168805437918,0.0012671586800134804,0.004587345337190296,-0.02660354188078895,0.0032785350126238733,-0.010588122898284702,-0.0039669277839871064,0.011053608700576367,0.018324522231733642,0.000502100421579943,-0.0031725923772123465,-0.006304220694910989,-0.02240432155828387,0.0014248474208269357,-0.00604815066096398,-0.02475939844444286,-0.007514207850355836,-0.006571246574874068,-0.006804688943282899,0.007989469614577471,-0.009094526649922274,-0.017890962949887568,-0.03953315183944206
2021-04-15,0.018707346857239404,0.024714558479742577,-0.007239686739397899,-0.0002578061868295789,0.008631647961272915,0.0024311839574648886,0.005594469303154659,0.0,0.011778775058829627,0.017131184782900544,-0.00037711681505947503,0.01285341182057853,0.02159542793894831,-0.0006629936480528897,0.00668718686141867,0.01651153049541998,0.003710376220704914,0.004376882639955948,0.0170364431383907,0.006538804669551146,0.001407671319656023,0.012086231493021016,0.018273910929843096,-0.008296552408528446,0.019465199163323232,0.009659758681240138
2021-04-16,-0.0025274355407172155,0.003497404853977537,0.004777860595554628,0.003612524292261332,0.0034232232958602005,0.0234653572839274,0.0031921757876012258,-0.0008169027822624297,-0.012397387445364783,0.0005595321397438013,0.007618087385994121,0.05257435205069716,-0.0008278648378960973,0.02693737625714543,0.0010221515962089978,-0.005327879622414211,0.005570173448028237,0.0022852313674124325,-0.004879675759766999,0.015043984763229767,0.012999463192229443,0.012018068476898236,0.006702960206469655,0.01345300328611998,0.00039015312146029046,-0.007310887057234372
2021-04-19,0.005068380593726607,-0.016968907384953713,-0.008592612402846922,-0.004156652932553628,-0.006822904914987049,-0.009958447507018686,-0.030910509032052835,-0.009811899839810012,-0.015090615406555319,-6.214743849697335e-05,-0.0035180431473561535,-0.02617970626431254,-0.010384220891764384,-0.018477894172596487,-0.0013614525390539534,-0.012868281360515321,5.0417485400355844e-05,-0.004984207973908417,0.014454585670435005,0.0037688842137315604,0.004092997774760132,-0.007966937314513811,-0.02856568616946875,-0.007408248171376863,-0.009181972181499853,-0.017032960832986
2021-04-20,-0.012830331914046478,-0.003797123045493178,-0.003281821686084596,-0.020482952596655224,0.020952846980963002,0.0008084228893796563,-0.02969183244319551,-0.05450051832913383,-0.010273746837003772,0.0075165374163757015,0.03786050360613258,0.022638646761188097,-0.014470344356427578,-0.02988407040132035,0.008860359640414206,0.001356510221248497,-0.0014602721438283783,-0.0127355644503232,-0.0087836286987647,-0.002066888086677987,0.006632134379478849,-0.01090987004381494,-0.037806577433794564,-0.03448488084887691,0.009154276838248432,-0.007862325096481881
2021-04-21,0.002930087842556217,-0.0036366368551388195,0.004390089550039056,0.021218726773296837,0.008074383390891171,0.0014221121192643515,0.014019113835095132,0.024454355136356076,-0.007419280817018592,0.00462411282612929,0.03901267987206425,0.005534371019735751,0.017178953213012216,-0.0016283973267628982,0.0060800191663377134,-0.003898774148334727,0.013010643849608927,0.006530689591033978,-0.07400333512694968,0.00906122027247691,0.008715712399040232,0.012025809786362585,0.03239888848502215,0.017952932408581646,-0.006233119370316009,0.0030455932315429646
2021-04-22,-0.01168517037897876,-0.009856770983797225,-0.007817109593489469,-0.015357517368174478,-0.0028925383119242642,0.007164034944682207,0.0024790440793227564,0.0179025771121033,-0.006181530940482127,-0.004296129652233804,-0.015813296663392706,-0.0051598503672620755,0.0006783871051339041,0.0028543433268783946,-0.00033570111801517477,-0.01641978311411174,9.93539706657387e-05,0.005094452088269419,-0.0002358231035879399,0.023774773995523635,-0.006191254747342945,-0.0029517333017341496,0.005118990778241184,0.003657417654659323,-0.005935793983878224,0.01722641402394065
2021-04-23,0.018038288310505024,0.01685430062987292,-0.0025414634760697608,0.009874669654272639,-0.023094888291157467,0.005447450022786349,0.020496469391353633,0.023450461910710763,0.00433936810103952,-0.004992807108671449,0.008139853986754542,0.022130053945259798,0.009651693588703436,-0.0010842436888833795,-0.000671919270554322,0.015547193562798434,0.006471076666986875,0.013604993134259002,-0.0063484818062222725,0.003341407640140126,-0.0016428980981079144,0.012070185837418812,0.026572207650915614,0.014298523571603772,0.008168541021555287,0.02607211673865706
2021-04-26,0.002978055895692666,-0.0002714303682306296,-0.006115296342784848,0.0019553327252848085,-0.017016822955601474,0.007839695552630088,-0.04385108263524318,0.004091831108633981,-0.007128894721805112,-0.014866787436175755,-0.006038219481399709,-0.020635774384892613,0.0010592817063510562,0.013432818839441918,-0.012434706775323656,0.006342718426670002,-0.012710181356252903,0.0011582393840772198,0.009395677405870106,-0.010074083487990215,-0.016937954084695672,-0.00615060082916663,-0.008196689920807243,-0.00045668583415359176,-0.01760169342914575,-0.0013654459997949342
2021-04-27,-0.002449513769479883,0.003141351713866536,0.011365582507276928,-0.0009541537207290451,-0.015104015092408107,-0.0023719841759752835,0.011258470123025166,0.017930121335140603,0.04260965760179358,-0.0020122470666497083,0.003108187249826422,0.02832450880372228,0.004129340820949512,-0.0010711233637549222,-0.0008510832532696577,0.0017490644185105264,-0.025947900305118732,-0.0023660755678048817,-0.009308220370050302,-0.0021867446569933113,-0.003278363916853433,0.0031697002337209845,0.030230490158647205,0.002619590390137594,0.10420330819282841,-0.008709420000034496
2021-04-28,-0.006027450581392646,-0.003556844563167183,-0.009801359889969441,0.008509228515692246,-0.004364736151196591,0.0,0.018603308632515025,-0.004804029703219137,-0.0004175318926844529,0.0009453850829967969,0.006971250820055674,-0.01007711864791283,0.016911902755610386,0.0075057234737905265,0.036785060098569744,0.011628351125930081,0.007611163879758909,-0.006060475718284497,0.0019187048063449286,0.0027816901804462724,-0.0074185231680991,-0.006319549052395956,0.0027445469692057856,-0.0069573403839772174,0.021841087993658137,-0.006716813997327931
2021-04-29,-0.0007484624004466811,0.00118345311133905,0.009386479335539155,-0.020792123731673384,0.01872010417743275,0.003962290186245054,-0.01206530862605637,-0.094127008490976,0.03016804132389006,0.033740080949299145,0.008671149139304779,-0.012894745888196502,-0.01693374994322272,-0.01968871264063987,0.0004926094325188313,0.07297274830490652,0.015923929306121742,0.0033403501035171868,0.00489617579840762,0.010422739407588422,0.014877264655381861,0.014612400059644814,0.008631465154744111,0.006241230607434867,0.026969648912207322,-0.03064149100825475
2021-04-30,-0.015133295788202217,-0.015016818993381809,-0.017076649438748648,0.0028136057531866765,-0.0027912252674089366,-0.009313440447278998,-0.047940659096368354,0.02486664849989917,-0.019421951891107514,0.00048708388275020553,-0.016361378050473885,-0.007906515382371526,-0.017714704921587,0.0048852830132342095,-0.001641579282649408,-0.013444209731239942,-0.009595799355806678,-0.004914556227844424,0.008781897500811375,-0.005656772913319452,0.0015283683450038055,-0.014028738298775933,-0.0012525478249024724,0.0013682341604812631,0.0006874126230351774,-0.004764866864573114
2021-05-03,0.008215204898229356,-0.009599883774576656,0.010320856066419859,0.0002629920255257101,0.019944329949252104,-0.0792542899701888,-0.04064584156726403,0.007798874545088985,0.04905133743608814,0.01485098932894835,0.0202285464503853,0.056133173994133534,-0.006962200556670184,0.004861623638800161,0.009866670321412085,-0.007690306973635597,0.007456747548727494,0.0024426680784483956,-0.00849126186414162,0.001505812044531707,0.01130667149242881,-0.005146389080947222,0.014420102242617139,-0.015393979748781983,0.04091033226441376,-0.01767998800573356
2021-05-04,-0.035385320321600466,-0.025344574473869397,0.0022130728354070595,0.02296541755992787,0.022527019067289267,0.04561652821903395,-0.011850504357727942,-0.018916487340095323,-0.000886662523163606,0.0010196570749225753,0.00690823501720339,-0.01246717579578438,-0.009198848711300833,-0.026878217584798247,-0.010910267096276627,-0.013082191663270737,0.0038772675912293053,-0.011654851272217437,-0.011647748282576975,-0.013449004131673159,-0.0125520327612052,-0.022594339924468465,-0.011124658353891315,-0.010700632890605077,0.00994350599716709,-0.0288927336144712
2021-05-05,0.0019555079025197486,-0.00817201888296093,-0.011466782666582076,0.019150621903334386,-0.012637181725906776,-0.02614945685928094,-0.020588960927863997,0.017528566597852624,0.007394821877650948,0.008687293283050401,-0.0036363751432988423,0.009302355542434304,-0.018009448568819697,-0.004143049865011128,0.006585480684133671,-0.010491274484116797,0.010331826914653508,-0.004288302239243258,-0.014110240336992486,0.00897539956277682,-0.00048652683955852094,0.04397599406058483,0.008541554781290372,-0.005828980179602872,0.0009798528023816644,-0.02381502253655776
2021-05-06,0.012802527308102496,-0.0063284987864827835,0.031448848057432865,-0.0034048900160966733,0.002151981818591553,0.017470548941440178,-0.14569005570445714,0.01119710736406554,0.014451681053662346,0.0016039087874075708,0.022035662203412132,0.0006594517085005691,0.01717490137281419,0.008736591586902431,0.00948647755052523,0.01587217744939351,0.00481531002281832,0.01222011284623914,0.006994841761736703,0.009818692213620528,0.01160641235117743,0.03541331307720941,-0.03325758926331157,-0.0062080986115621295,0.0012119934044052538,-0.015255917876241476
2021-05-07,0.005327225783448908,0.010587096606459845,0.019160181498957263,0.016535190917935205,-0.011867259270791464,0.013362369915024486,0.04965754816563561,0.006814211107289081,0.011995317253885363,-0.0008303360686265915,-0.008993181526066651,-0.006921399667510264,-0.000212951305107012,0.00921093585369559,0.0021061513798676934,-0.0029375002703088127,0.0032605939333145706,0.0587140811824185,0.008587669383854024,0.0054848741077422325,0.0,0.001728017259603698,0.04957263075067386,0.018235736165824745,0.012664042681675758,0.007473136094970245
2021-05-10,-0.02580437255901802,-0.019131229704200003,0.02819995597371694,0.006722174916284462,0.02241819868498074,-0.016350727006834154,0.00978799123765084,-0.009305990308813405,-0.017223535720952587,0.010801589765792707,0.004881053631344834,-0.008629314368532537,-0.024134404995286407,0.004767760490375306,0.003557148394461862,-0.04108682683129039,0.020978202704609705,0.0067312707700788454,-0.03403858746869193,-0.002396886143386623,0.007969108571552308,-0.023792314838643747,-0.042752563567852064,-0.001239368868400481,-0.0062986485022619165,-0.022862756480385826
2021-05-11,-0.007410454615739748,0.012119816219731572,-0.03275289320430419,-0.013643190321445675,-0.01454304426361186,-0.011997858821989005,0.016214870914281976,-0.011101596743757214,-0.011737113462063409,-0.008161487929833289,-0.01334058516924752,-0.007700056580490111,0.0034668439310463484,-0.018980456311636806,-0.001933359991686423,0.0018303253793392482,-0.017411914797154315,0.006486678580902794,0.017238914380818926,-0.004225282773799521,-0.007292943830596088,0.016125387140168757,-0.010846338185496296,-0.031147262700833123,-0.008328279855384535,0.04076401318489742
2021-05-12,-0.024938397482276997,-0.02699974450750897,-0.04536862758889204,-0.008274092457536963,-0.007832878672808685,-0.016078333850998994,-0.06182289346680525,-0.02158910082761012,-0.031507700246986015,-0.007814241867435845,-0.020246755971570662,-0.06848837250245154,-0.02989591043944173,0.008291917626121359,-0.006295276311094944,-0.012984230846646572,-0.023807303630547505,-0.03653764450525965,-0.020400709650202575,-0.006989027983940188,-0.009749400748367165,-0.009855192597559737,-0.03805616585972449,-0.032148505987132814,-0.01693676975753977,-0.035137344855849295
2021-05-13,0.017919629209919297,0.00438477269223303,0.024537184872363893,0.011587570986555606,0.017131983881967905,0.003275254359375257,-0.01725869250158918,0.019417590381091365,0.024965637439840593,0.023866451414794154,0.02031131493434346,0.007605687685095397,0.00953404417328585,-0.009457244856940994,0.013482544417146025,0.008957214888678289,0.022829229750513713,0.016466184816942286,0.003464045193047438,0.005865082530920329,0.014837949003446038,0.010831457009714995,0.012740081546278148,0.031099032597045273,0.023588207255387017,0.001587819936815782
2021-05-14,0.019844797564300576,0.026151496964557763,0.011680826785547938,0.008997433951855927,-0.0010153288804923832,0.0187618964672287,0.04163742528221315,0.02510821864677859,0.019874596115679877,-0.0028557255827681427,0.003537462625824217,0.044931873941782774,0.010805116250819369,0.023246151871195497,-0.000320388479206013,0.034986744918549695,0.004768566237257188,0.021970177346374964,0.013787889476778448,0.0069971051571593446,0.0015027507515579241,0.02461628967802576,0.0333260699407365,0.040492828623815535,0.00329206394721715,0.061104255454086154
2021-05-17,-0.009258719057511078,-0.007851050935930526,-0.0023259416505588826,0.010568510207247694,-0.00293631607294198,0.0005394073562052792,0.012690773451559334,0.026182564493960836,-0.0005496377229580185,0.008064959072752176,0.0029722844801969295,0.009632003322061378,-0.0016762739889518707,0.005003360005341184,0.0016032213641843374,-0.0015193564867672649,0.003571858312899856,-0.006092834630428423,-0.008979078121690964,0.0034742061440800054,-0.00286520742880092,-0.009327361501420772,0.011747078629706253,0.01705316023224901,-0.0004157419568452392,0.00337775821840558
2021-05-18,-0.011245620743747908,-0.004391587935688168,-0.026558939188000674,-0.02173285285183746,-0.005096861558375965,-0.0014830962445346874,0.0125318284054039,-0.000823377221019328,-0.010379559769501667,0.0017394175047344973,-0.008269805272756559,-0.03441226444558887,-0.0006331174109796001,0.006324156409074133,-0.004642219593684049,-0.017434788946137147,-0.010141033606988037,-0.007276467090771455,-0.005440394517740144,0.0021433751522470512,-0.004515214818321289,-0.03708998755298132,-0.02237697531416072,-0.008883880711532122,-0.010633773051577422,0.012721305049541609
2021-05-19,-0.0012815987792744732,-0.00031208417878625383,-0.02762547929600989,-0.01085721059058331,-0.0015936108788535686,0.007528803717947508,-0.01094171498388452,-0.0024710014725121132,0.0061426895431475614,-0.0029516644746362397,-0.005003218681380539,-0.034580307846976854,-0.005756442812212992,-0.03115414790528992,0.0025732300029641664,0.011711221376734748,-0.0021178506927105323,-0.002309205962895966,0.0029201717225710855,-0.004112946892423919,-0.0005498627884154006,-0.004814624722362049,-0.03714125603203411,-0.023097216708784507,0.0016821692484445538,-0.007671143670826108
2021-05-20,0.02101216096415426,0.02331053380768,0.007300191498845976,-0.00793691050504819,-0.003648762156076457,-0.0015418593074010278,0.041953829755930316,0.031379150696626334,0.0036374141330000054,0.009412334973885939,0.004818750918764936,-0.0043858885803111924,0.0186160094896477,0.03698611557929676,0.01235163709150866,0.016008208160552373,0.00263518272671881,0.02224132996868944,0.0286446451920932,0.014124062572784535,0.012376697570885442,0.013472364595364938,-0.021977712493319812,-0.0022233785893372993,-0.0019128978771101313,0.045899634066252526
2021-05-21,-0.014767053092730298,-0.007321996471612691,0.003580371118372838,0.00957462786462493,-0.002174493511784781,-0.004094247691077024,-0.027848706398005962,0.06725363472193102,0.0017795105246518617,0.0038705795768645412,0.0059775551817518036,0.004405209337638993,-0.00027205622814374664,0.005190253497241004,0.0039614007766257675,-0.0074698892413708196,0.0010414883188767377,-0.005070358629406524,-0.0075348008338239625,0.0023620146430127775,-0.0008825139866031062,-0.000807955729807075,-0.016510124119600178,-0.007971905667714552,-0.004931541402221407,-0.02559205992201008
2021-05-24,0.013314281759817748,0.01999708874051631,-0.0020013737730734116,0.007629530101639359,0.00011480398288088445,0.019241462799919784,-0.01420389661906174,-0.02025493698767533,0.007235369459177354,0.0019568313139097793,-0.0001383880368369672,0.006213673275856646,0.013003365133429812,,0.005050338968327184,0.02656274710544393,0.0037152705251226603,0.003562379294085982,0.010062452267442179,0.005931525802325144,0.005098789500854739,0.012348318730077912,0.011890963574427094,-0.0008225109437209888,0.007363199098137763,0.016308482179672623
2021-05-25,-0.0015735309820934518,0.014563204699497456,-0.0024412435312197722,-0.007864601690405593,-0.0033255899072507367,0.0090262966848218,0.011321046488039554,-0.019142457843829952,-0.010422180355648125,0.0035611372005850406,-0.006426479226851023,-0.015982572364327208,-0.013856745903917389,,0.000471222182520048,0.009734194830561815,-0.004441929163691349,0.004979351299980284,-0.0031020489528280626,0.008319938723702736,0.0030435131871007215,-0.0070427217277431176,-0.0018434789029125875,0.016370029732944547,-0.00908972131055874,-0.0008707512794586814
2021-05-26,-0.00039400272101186573,0.00376182874906017,0.022199196181863945,0.002277073786745687,-0.002876643335269935,0.0021296165808013523,0.0070038799615155245,0.08508965366109345,0.006999564653245249,-0.0024038292946334527,-0.0028510425915108106,0.0040607215682473274,-0.012445044936827632,0.011743232459441533,-0.0012558189445929235,-0.00039643856483051465,-0.0006446312928471976,-0.005837657126596896,0.002034571198844759,-0.0016022853427554162,0.0,0.021131922031999206,0.02354596651958696,0.02024985263638257,0.010969776141505516,0.014846828410717938
2021-05-27,-0.01237679630977262,-0.017160463960118277,0.010088864101436945,0.01501821493752642,-0.015578090250631393,-0.0057643467792891645,-0.008797977153723324,0.07050344863331937,0.015575346525123601,-0.004876773129000811,0.003069016075192499,0.0033085647943125185,-0.0017924708600031147,0.004255660783235138,-0.0050291145078775745,0.015534352047898548,0.008235008144903855,0.004589035234249694,0.002985936891803931,-0.009227230590333257,-0.012070664847846024,0.011886920160352865,0.016914613411098012,0.0026565548356602964,-0.0047237867940250755,0.0011654804387044582
2021-05-28,-0.005348269795205085,0.012643469150683595,-0.01608284804346316,-0.0008289049567271611,0.004923278701223444,0.00978441358679527,-0.012054754104631527,-0.023521403518358408,-0.0024715204258908274,-0.0023060057145160018,-0.0005566207606925166,-0.01942094497275426,-0.003922570629010358,-0.01579537063104297,0.003475048066104547,-0.0120812626043868,-0.0009842253805651957,0.008448189367471937,-0.0020839787565295476,0.0015386868551450217,0.00976046875451364,0.0009906574299645143,-0.004435480540643688,0.05177244718718921,0.008458542884743236,0.015623583058990143
2021-05-31,,,,,,,,,,,,,,-0.006132715052255211,,,,,,,,,,,,
2021-06-01,,,,,,,,,,,,,,0.02560078938042376,,,,,,,,,,,,
2021-06-02,0.006276220457722692,-0.000282338826407047,0.030026212846990585,0.002883445611301827,0.002710095370050958,-0.0013810329518579856,0.0714547424204306,0.00675205175435023,-0.013768552802903344,0.0051548988783318705,0.010610847772108967,-0.019992761921351798,0.019622506603169887,0.007808307095546141,0.0045793167810976865,6.064878122580275e-05,0.00044276432742007543,0.011943157099015833,0.0003205666431986831,0.003968854392816468,0.003996310281120241,-0.005081219546450022,-0.05025577965732031,-0.01861992035443716,-0.006470006053749144,-0.0018613934665825393
2021-06-03,-0.012154085348092925,-0.0053048276892812,-0.023574104807814855,0.001560851444051492,0.013043359098204865,-0.0025685845424054943,-0.05367131397306579,0.0724345883747124,-0.0008480063564809681,0.005762570709416881,-0.0011665896243784335,-0.01817498510028981,-0.013711151580177772,0.015496130866592406,0.0018861884338066126,-0.009448581829680558,0.0018697606458721872,0.010886845038192705,-0.019649847710872193,-0.0012907854026567023,0.0035680923326619762,0.00950492677741499,-0.004448539203993795,-0.011401752547473332,0.0003302461321985639,-0.024762238845237428
2021-06-04,0.019022093786770222,0.023036024281382073,0.003720830814020859,0.0007380796037843584,0.0030160165641366365,0.0015518502034415071,-0.00941240959140166,-0.0012506428613267007,-0.01367891177653291,0.002062295238882461,0.012847740298969512,-0.014733771593191114,0.011607796975958706,-0.005128199964810176,0.0043925482561615325,0.013219198997480364,0.01168518447487421,0.00047651723086317155,0.010849319031771554,0.014944633457232293,0.0011507735585876144,0.015387670750635518,0.005409436694894909,-0.01901191427471005,-0.0063680641658773185,0.05325848629908969
2021-06-07,7.945762399952372e-05,0.00985134037800428,0.009570023080252454,-0.01745753103153036,-0.005204137798106356,-0.0012857125570251426,0.025216316440049402,-0.0056356652045747024,0.004038109526412814,-0.005202854588478578,0.004070046107703673,0.01342044193017733,-0.005300262060310756,0.007543414079903776,-0.005466723548562369,0.018858872312876418,-0.011259440527624842,-0.010764468637847635,-0.00016168937874272427,0.00023881103399014947,-0.0006083497680905436,-0.0069197479459023326,0.014034688940812279,0.01892104821556906,0.010871816571693005,0.019821439470563584
2021-06-08,0.006671796394763119,-0.0005299409445599368,0.00956443012144037,0.001668389506831458,-0.01034654787596756,-0.009704372766308755,0.011228608052564537,-0.01574302575476738,-0.002505557368390532,-0.002356282303530355,0.007093692575228738,0.029511973367143174,0.003241130104117529,-0.014350011438457377,-0.005968546217526627,-0.008615962256664611,-0.0006870238032977705,0.013096457418599439,-0.004589034731050545,0.006763682576499175,-0.009339794339058849,0.013100127139641149,0.014994395556721773,0.02563100688754627,-0.014841243456164,-0.004085664745001494
2021-06-09,0.003077138559423487,0.010761940961073524,-0.027322019383090645,-0.02294305496098137,-0.006930681484033863,-0.00726625099246625,-0.017096548659452537,-0.00959701492783016,-0.03129750722977198,-0.00414799837054991,0.010733061988269954,-0.016538104354338112,-0.005284023010543537,-0.0077223920154277925,0.0003160382411757645,-0.010279391690818929,-0.004175179982756072,-0.006130981393405399,-0.013363332979023035,0.0008694328543108476,-0.0018448273465681009,0.012930842049823754,-0.013181886312775282,-0.02534202747127523,-0.04147593133126726,-0.02235833283850852
2021-06-10,-0.008023164952518314,0.0404912317401791,-0.021306077730843476,-0.03801421595048449,0.0022475429772423894,0.0014775323635929372,-0.0008966476541367729,-0.023901814369079677,-0.0009211540355500425,0.008793127324671302,-0.0008627669771060775,-0.0059792386598608305,0.00266983847801483,-0.002679350259701674,0.005054534339856698,0.006691768404016196,0.0019239620238260535,0.0165457495426502,0.00300528817017498,0.001500481439585588,0.010266954250927052,-0.005160813807458808,-0.01612151543641338,-0.0020138960109007398,0.01064340737433156,0.038575652455803855
2021-06-11,0.009832578540718728,0.010718535302189691,0.01697145160388902,-0.02228315225462929,-0.00047187949017901687,0.006503989286306133,-0.007956844874845048,0.011250684984226211,0.011098507526476897,0.0024084170086855483,0.004915797428017177,0.02443624924871246,0.003293850194627135,0.01995654289458315,0.0023572801755227246,-0.0036093251106023017,-0.0015754205759733741,-0.0012703402220368698,0.0030783283911970383,-0.0012615742210151382,0.000609578326050686,-0.007917267259736849,0.036985205654188835,0.019427069966975852,0.0,0.05743143981669374
2021-06-14,0.024577986667466467,0.028987921069949962,-0.003669573365779999,-0.0076574410760612555,-0.0017714592808210083,0.009992611408561558,0.027017220658901442,-0.026832348048102972,-0.010470346309794931,-0.0007435773029125237,-0.008262827782731241,-0.01798164039591632,0.0027904906528921636,-0.010159168951608843,0.00015700929083939386,0.01663338195201236,-0.007149530790307779,-0.0009452717192824922,0.022750977693265062,0.0004736352523966314,0.0059586933480793025,-0.0006196256347478224,-0.023250976472195983,-0.004934062968496855,-0.010383730903061439,-0.0013373096139117635
2021-06-15,-0.006437789351400602,-0.01524372034885435,-0.0067525939822353775,0.0020548154479635983,0.007688892231070943,-0.0013521983924728032,-0.024897271974066992,0.008742588733395396,0.021536852822165997,0.001030676737939329,-0.004465679893586483,-0.0041107164223174175,0.004365457927338889,0.00380137997862251,-0.002038010425495118,-5.936423281227565e-05,-0.0037247110687028684,-0.002175960631916496,-0.015983512607602002,0.008285956546848494,6.72754799926345e-05,0.0028915946444700857,0.006471362240566103,-0.012292569682586962,0.006216153724922346,-0.018884434951087714
2021-06-16,0.0039340939493826,-0.009353470950100085,-0.02363194461038698,-0.010480211745474421,-0.011151683409196034,-0.012582190174336372,0.007888700336343923,0.001333185125414138,-0.015435911392229995,-0.012468110148627476,-0.010243884499714917,0.007504694870536843,-0.011680721096187452,-0.0022723429485858038,-0.014451966502917801,-0.016837426603185213,-0.018443737697477203,-0.0058782113208782905,0.0010368469986845597,-0.012600682545383712,-0.009961161441955912,-0.0052855543649861225,-0.006659244967383904,-0.0024650754224090354,-0.009489138788910667,0.007882970953386081
2021-06-17,0.012600676171979908,0.014779172895192705,-0.0036394872953170454,-0.03550392890177401,0.014482337477955909,0.003010136204251168,0.013562791053865597,-0.016644339451332923,-0.02412770222695204,0.0048650367848877,-0.015085026665159429,-0.02309122073978742,0.009537678302537378,0.005313784896697316,0.007172505290302,0.01640107406332536,-0.008988936904971712,0.005627272220698254,0.012042779209207044,-0.001585252798570913,0.009653457234831464,0.010627389311763213,-0.023578221633901997,-0.010517404621643411,-0.011825135642075768,0.03073273649900954
2021-06-18,-0.010091673267868861,0.0258089848410612,-0.0170775948604871,-0.002816895797721486,-0.020828223986681493,-0.013404472682000512,0.0010611172790495615,-0.016926410998804986,-0.007824398030755852,-0.01740548524990493,-0.017032770884283566,-0.06290508500371272,0.000354221873940741,-0.029952203311188752,-0.016616342008738294,-0.020356180838089877,-0.018140830385220852,-0.0182570521303147,0.0048761895955229395,-0.005160481417062157,-0.0208726054668954,-0.01194941346335987,-0.025331650277098383,-0.00350244840503966,-0.0014137198717791843,0.0034588496718634953
2021-06-21,0.014103859389773987,0.0031117039673658198,0.009755618960044066,0.0208271795676096,0.0032266290775024853,0.01892663305806419,0.005711847368267797,0.017906298986833047,0.02747771852192149,0.010264576788290958,0.02466453977413341,0.015459864926425926,0.015431456385596176,0.029579692861412932,0.008368013487958237,0.007978120928649579,0.01884148610780456,0.020673302739884658,-0.007528384365964702,0.011092465131070872,0.00783912396744979,0.00663427726738397,0.024046898304264763,0.023564263570244215,0.028063079721385664,-0.013333663864329215
2021-06-22,0.01269821774853952,0.014788076160173746,0.02171517726956318,-0.0003750570471003911,-0.00011933122421581288,-0.003217476913657369,0.04209849946747468,0.008795826010659535,0.015452551552020521,0.00017425305411289393,-0.001977448275122695,0.030849176413054513,0.013267685152140496,-0.00037792898130351027,0.003351488499399702,0.020283238176109775,-0.0003587267878089051,0.012493518259889758,0.02378267984704685,-0.0012626989531919763,0.0015013249754185498,0.0010986798409464704,0.003320459124755759,0.002299252150742115,0.010230005325246871,0.014624221791426972
2021-06-23,-0.0020895403805665236,-0.002622728647023953,0.0018911712928846303,0.0030967909237844538,-0.010602546988538575,0.006222763955957333,0.008259362040627716,0.03420514319237711,-0.0010750419274263567,-0.011029328522288995,-0.01195682501860551,0.006995602365854614,-0.007671011650709381,-0.01298382163599332,-0.008589138853958955,0.0046013579267689675,-0.014246241608402266,-0.002944526532309144,0.00770406609902774,-0.005057673591059353,-0.013148839597354245,-0.0054177170885114645,0.007092409133146793,0.01641486885224297,-0.006718536865214841,0.006059040619862399
2021-06-24,-0.002169317273891247,0.007018145053285574,0.0011685881927387953,0.025959914242558835,0.0015649966543065386,0.020900778801409725,0.011535287597780108,-0.010376151554587265,0.021253117746589778,0.01185658877387974,0.005739342206676934,0.03743754116090359,-0.0010395912320240175,0.0070242669579558825,0.0051340749730106605,0.00760451500977144,0.004678731749403919,0.005812853784434191,0.010375658489874207,0.0037331043748738413,0.005660829583699956,0.003930145913068506,0.01009391303499263,0.03127385443692754,0.010194906933858494,-0.009338903231056128
2021-06-25,-0.0022486602378106735,0.002420992901573271,0.014993563133164134,-0.013814216420669712,0.012623474798956202,0.02348547086986219,0.018069627049884796,-0.004586984255131044,-0.03627785327885735,0.01583612239360943,0.009626463663667817,0.018228993515858605,0.012968549170232269,-0.013696930954015807,0.008459596554469817,-0.005274175950338411,0.007709658446669154,0.004940304652120142,0.01739182683103402,0.002453083174083659,0.005080289350489098,-0.00178559983816029,0.010457776017338105,-0.008497998294970777,-0.002377355048204577,-0.002490607099578712
2021-06-28,0.012545917769735793,0.01576788992149125,0.015745377076263,-0.00018484098699222962,0.009854068181510023,-0.0044623411580509975,0.07364718823375638,-0.015141551861695413,0.006987431979936787,-0.0033118456926689577,-0.010555828615693486,0.0032884924451501707,-0.031426990872120975,-0.023273731368671502,0.00015815681763742262,0.04180228804367703,0.00898579007662037,-0.0023654163715916,0.011307808509394057,-0.0003947741785667036,0.004302635513021569,-0.002064286951282357,-0.02000930201985296,-0.01645356439658896,-0.0018483337508440334,0.04400350116021201
2021-06-29,0.011500332465149254,0.0033118414528854334,0.0012190859321556946,-0.0054099132128409,-0.0014110028517110296,0.009441814568942997,0.020765057412144516,0.0033422186263674103,0.013265770797518117,-0.014552748125087223,0.001789362109006598,-0.006190964275406774,0.0008701317100672235,0.004212771684606986,-0.00850882391975094,-0.010544350824890025,-0.0023915682861436194,0.008832838435077095,0.000881696510041996,0.0003949300867673866,-0.0006801161142161449,-0.0003445589071541244,-0.010560756591517007,0.0018943632132613075,0.01159682258356276,0.015095473578899066
2021-06-30,0.004621227239772541,-0.008649996363203516,8.723632121721003e-05,0.011762000635532122,0.0032965153330153374,0.0017953873625911054,0.01634324583293334,-0.009993427654660159,0.0014768094831267842,0.012674506252965179,0.007145530824482105,0.01575647743277897,-0.007907447181164096,-0.01284745126846265,0.0016041033119298387,-0.01187882021345954,0.013263312407497008,-0.0007373352226092145,-0.009915639057982095,-0.01531424677655513,0.008370832597433875,-0.0011037566253856435,0.031309254937575526,0.005817843511408016,0.0017341651257956059,-0.019507035170168385
2021-07-01,0.0022638672297361495,-0.0015539139350541076,0.01208871332955197,-0.004227320030462556,-0.0037551353364460027,-0.003143947715176787,-0.030752049862378783,0.003364796977163076,0.0026483296938160095,-0.0027559059799384666,0.0017055036952469127,-0.008657937012235606,0.015393288469086608,0.009163355096290626,0.0004803980310390532,0.019211332709305307,0.0023156665614951777,0.00871574320609958,0.01009070170324966,0.0004009851841573209,0.0002028488987626531,0.003521591306059113,-0.022769133627399296,0.009283691687103968,0.010818941078932776,-0.001421046933579917
2021-07-02,0.019595974225096402,0.014263039580735937,-0.0061870582874409275,0.0048450444366499035,0.004358315540137436,0.0015140859192077638,-0.009723759390664055,0.0013414052345868122,0.0008691125088919893,0.0017271888215917297,-0.046445381550708875,-0.0007275256295529164,0.011653437735316574,0.003158309363009648,0.0020812091948487765,0.000874743788767951,0.004018420622377228,0.010423079037298555,0.0008246564116320965,0.005769576903158713,0.004790691708749684,0.006536271721965914,0.004000933938524964,0.008367192441490978,0.006231498929694768,0.006235778290211824
2021-07-05,,,,,,,,,,,,,,-0.004197850466130082,,,,,,,,,,,,
2021-07-06,,,,,,,,,,,,,,-0.039520429976396154,,,,,,,,,,,,
2021-07-07,0.01795516944800557,0.014860101783199964,-0.007236518589465724,0.005479510295339551,0.012979491318486192,0.0003444525167120016,-0.024821817515340516,-0.018620487726972224,-0.003597793113567449,0.008394993973160902,0.0074939667927631515,-0.008135857741432106,-0.0058492438099874144,-0.006994911470105447,0.011389182012620624,-0.006491520491136549,0.015084443921287605,0.006457333572257973,-0.01048668447854062,0.008256365761538209,0.00442552462579604,0.008790229795248683,-0.01941988878003975,-0.03173569732930226,0.014056596070786354,-0.017974649837567247
2021-07-08,-0.009199675246980954,0.0002971303794805369,-0.014487580976280334,-0.01201741164063408,-0.0013852443154782623,-0.01748359792684906,0.016174237815947512,-0.011946620425222987,-0.0010561846079900628,-0.004417424473311615,0.006579928210131314,-0.0014263794356950132,-0.008809103572190224,-0.023066263481757887,-0.0015860396180407133,-0.013809221223702983,-0.00795593043854037,-0.009534618297435515,-0.009702225002793607,0.004054844611084185,0.00046721091147694516,-0.007970409039033455,-0.012713882327531012,-0.016050473640351393,-0.01022112595742164,-0.020055326909800608
2021-07-09,0.013054890493973792,-0.002392956808021096,0.02496308355305743,0.025034287752146556,0.005432676303372297,0.013713141470528267,-0.004744454210283688,0.02987195303059509,0.010776278681644325,0.005461134724909389,0.005542253164216637,0.01357139712218447,0.007428583005760103,0.03053865670996303,0.0011121217566461006,0.013800327049126926,0.013769396886910368,0.009941123545158748,0.009834941537227637,-0.0022962960823784684,-0.00253564301923781,-0.005787935556712087,0.03764235871796373,0.024811402670144922,0.008723408822272516,-0.0024093240326178433
2021-07-12,-0.004203641041180872,-0.0071132965971361095,0.003518098202276665,0.005335246806492666,-0.005288613062364944,0.008210883415951775,-0.004049378753201549,0.0089777030975986,0.011032673403540416,0.0003960530230631143,-0.004239657716864853,0.011980389597096908,0.0070252769447642915,0.005076029077349942,-0.0011108863158050264,0.00781925570052766,-0.005074969894795389,-0.00574551397247669,0.0024814250760512024,0.0015871951292694142,0.00020059779325865001,0.006095316228970971,0.01503602743293686,-0.002357042260963227,-0.002758051686110319,-0.01547728176717289
2021-07-13,0.007889410882243375,0.008013991104243168,-0.012404469596573597,-0.015508996966528854,-0.005663061462202634,0.0004677740591978452,-0.029850761506230117,-0.013004670332404045,-0.0019692169162486284,-0.005033426193903789,-0.00454164343874075,-0.0006964169992671465,0.02170096072609984,-0.003412346125770238,0.0019062297960945607,-0.00302989607778692,-0.0018999489013685755,-0.004614238591707176,0.0062720181432234234,-0.0021394800287473092,0.02307547862559267,0.0059226988570746375,-0.02304252896314274,-0.010296344700161053,-0.009656209568365548,-0.0019254602188005787
2021-07-14,0.024100355988168065,0.0063139572280772605,0.00036393596313133436,-0.01649714731189411,-0.0008139928831397691,0.01849491132343606,-0.029920421165243738,-0.01178912229574991,-0.010766385822480018,0.00932168713502013,-0.0032792791646022446,0.041114889186922854,0.018477472371545067,0.006711249683700293,0.006976347952758699,-0.012667273031588211,0.016182644883095287,0.003195329564348981,0.013445982185756211,0.0015882188687663668,0.010329082653478983,0.0076468828819347134,-0.0026476953898626476,0.008753061336456147,0.0012305639383116684,-0.04698863238606976
2021-07-15,-0.004491859802924103,-0.004369091708720685,0.019015586509591786,-0.0010868396211389797,0.005816777674185758,0.0012247420168207679,-0.003062438787731492,-0.016842221205038088,0.0007434713145308969,0.010812589747721812,0.004505884531529336,-0.04919683397936814,-0.0014585619529891014,-0.004353588290060495,0.00960481550578507,-0.009118912688264591,-0.0011835003236384534,-0.0012560754722664713,-0.009124920461871078,-0.00665974433154759,0.004594328834206962,-0.0037609591612933757,-0.020028774055532605,-0.003827268795330463,0.006287485031304607,-0.0105376665853113
2021-07-16,-0.014076176708236354,-0.00011549124204834893,-0.01258937734925114,-0.016366271314072423,0.010062722712557148,-0.007554280130562252,0.01162915568676981,-0.02855089818159784,-0.012124972710139903,0.0027858206613045056,-0.011036085415100039,-0.016895393481065724,-0.007969716284372819,-0.019950943293835732,0.002183455677129631,-0.009580085608325795,-0.0158941055645222,-0.01185819205615457,-0.023280228042954487,0.0030329164226978733,0.00367187201775776,0.0072131000218247365,-0.03816769392226238,-0.025955380449399712,-0.01075837210042041,0.01446148846000872
2021-07-19,-0.02691456746927523,-0.00668204579459597,-0.019079276006954915,-0.01817852367584749,0.0020609327222869123,-0.025825070932763206,0.03204643596566625,-0.02424673644162456,0.007966157628142456,-0.0031111980500115877,-0.007055431420386338,-0.051199553344629445,-0.055977204452009266,-0.02914099914108237,-0.0037350078786687613,-0.012340328740659934,-0.009078625474617241,-0.015409872363540411,0.0037148539055276153,-7.956107767315146e-05,-0.00012840411397241347,-0.03212643960188566,-0.032002446086378256,-0.02544255634615311,0.003989171949124515,-0.021465836913192926
2021-07-20,0.025974143001194827,0.011078785890533016,0.019634849301673807,0.02403010514274384,-0.005942146596640607,0.023219860464971598,0.02385327190908515,0.047439714391005694,0.010854106766561733,0.004737246802574813,0.014863613527331454,0.03320773442476721,0.02446298599989194,0.006319193248891075,0.006092057670399775,0.013978193200731015,0.016501217322724804,0.009141442400254274,-0.0023108344696751715,0.004615617567322872,0.0001284206037062141,-0.0014521310890708294,0.04231687792770433,0.03345996268722495,0.004966855663089298,0.004545413032401191
2021-07-21,-0.005131820478825655,0.005815546117882375,0.0015369366549202734,0.013319824400905622,-0.02356602189530277,-0.0011442070767566648,0.004772453214313632,0.02012938522134644,0.0011073492493718362,-0.012536110953681456,0.009502283808171308,0.015704842631548033,0.015144540376472282,0.010988858442732452,-0.006055169230245183,0.013375984766762272,-0.0002488593854783616,0.0038427992868932392,-0.03280294877789258,0.0011090371909727725,-0.0037222433958449264,0.0011775058790117754,0.03527018348094613,0.021375168599355288,-4.70816023192544e-05,-0.007981777795389111
2021-07-22,0.009628624945711595,0.01865217836867683,-0.007221664720587939,-0.007450292134187131,0.002590017036047998,0.010833420998785703,0.030898891508998272,-0.019732188399786965,-0.0057984630799349235,-0.00623531395239596,-0.004175517617963198,-0.031283591807580446,0.005525418419222827,0.007622786010959448,-0.002811386791150672,0.0143257582043268,-0.008467432540211428,0.003190208778425463,-0.0036212999188532935,-0.01954428024748922,-0.00032215264975965496,0.001244839651150631,-0.02156849488592416,-0.0038928335900061395,0.0036713675463748707,0.023854756490961915
2021-07-23,0.011989404741847176,0.0035114200665800066,0.030005630113754567,0.0017689458777632172,0.015500242356221605,0.021342202023977075,0.034728730715227085,-0.006470278450329658,0.0015168502648377213,0.013283485143198437,0.0044771770252594045,-0.012249589883243206,0.029045319122834146,0.05449718011416382,0.01644736797595492,0.052962772558522886,0.007133311873152248,0.007177964932265635,0.007112613889517672,0.012993357481333456,0.01282288912325713,-0.005181260235368135,0.004258725723310874,0.0037023366858548457,-0.007456700289031004,-0.005976932329496254
2021-07-26,0.0028943499061242495,-0.00810073555814006,0.013682974227229971,0.007158982859142737,-0.0004626115301148426,-0.0006894957189262918,-0.013453976589017036,0.015195450199341876,0.0014476712703908046,-0.007028655130774775,0.010117595635499077,0.02066887242058879,-0.0011697485579231781,0.0023913232184544775,-0.0007707661062327231,0.00722037034403189,0.005885474612721264,0.004375340612051248,0.002095378310854601,-0.004302140886645267,-0.0006997182331355267,0.006735959321506391,0.028934821634956975,0.007875175792353195,-0.008410556089698207,0.03872171933496604
2021-07-27,-0.014900161614981422,-0.004059211574814259,-0.004092898950221913,-0.005354825521220685,0.007057154094517237,-0.01062036860227733,-0.03188549976661936,-0.017106133809088542,-0.049983580150020246,0.006966417442649586,-0.00014029758586187047,-0.024300497416054334,-0.006440792088003855,-0.01908548092634399,0.0060150143551014335,-0.012484662138465552,-0.005950356344555763,-0.004580686719574678,0.004685484481488311,0.005200804017496674,0.005539044292982354,-0.0010342854459244322,-0.005575875684898923,-0.019606704666121577,-0.06990364579156194,-0.015007787649876647
2021-07-28,-0.012196418741861392,0.0042698348453587,-0.011367753611936315,0.0073369396748599325,-0.008615865580923643,0.0033052152673376245,0.017345131281198967,0.005075950807834406,-0.0028301182147015824,-0.015286952447428948,-0.006865008937747996,0.0011321788210767458,-0.017500699957238686,0.0006755350622003053,-0.028054524965779426,0.014871949808643148,-0.010924331360992912,-0.000767045946882372,0.0007516036637444934,-0.00620866055928293,-0.009180700468460423,0.0020712605232822145,-0.013408048756310631,-0.010517859411357522,-0.016138092909267154,0.005305495032154495
2021-07-29,0.004552710868578114,0.0012562476942989953,0.010614045323551702,0.005297262960435312,0.007068601801003771,0.008220710881986504,-0.019513189446277557,0.03823974853126111,0.00031926662752734813,0.011444896415385486,0.0011287917116431512,0.035054819357434264,0.014004699469106097,0.028220440791366874,-0.0011042280509894198,-0.040077205761181234,-0.000554766714522481,0.010384566504249237,-0.009724649819901954,0.005926971857945107,0.0020447653024762147,-0.0033764343147648646,0.019520568319314036,0.001916292267329922,-0.0011976229201821065,0.044737338537402804
2021-07-30,0.0015103700901148986,-0.0001126062776969361,-0.01671635110520764,-0.027333932317122445,-0.0037972884764208015,0.0007195754387012698,-0.07774651499081353,-0.030577054294836592,-0.00698799328718358,0.0020164141935372637,-0.006834447051770387,0.005113094029194354,-0.007381467621978666,-0.011424936494361937,-0.0011053123191003822,-0.005637421505412021,-0.0011606305446553167,0.0006257403440099729,0.006456018227465776,0.008519946430630476,0.0008929285586078972,-0.0042175318572557075,0.02520579511314147,0.0035563865201331257,-0.0023463663977117966,-0.020517027966330925
2021-08-02,-0.002330824711421209,-0.004632988852195763,0.0012460800783895554,-0.007690132667613536,-0.011318833836847841,-0.018452615411561513,0.029317230907617287,-0.0028671576128803666,-0.013537854147496309,-0.002627342305913327,0.0032631840781292,0.03561044960139381,-0.02767257969513659,0.015409298920741277,0.0031614809071609518,-0.01220890528766827,-0.00212190837784898,4.4544226073695015e-05,-0.004675707246878158,-0.0015001258883733382,-0.00401408655494595,0.006179427304896734,0.0007092306761513623,0.0028589100880138663,0.0030310338648020796,0.0022744917685271204
2021-08-03,0.012644344124266516,0.004088936237373719,0.019201549675552654,0.016279859806025865,-0.0053739666594952995,-0.0003965952621819424,0.008311754615341505,0.00790784063786587,0.016837968129390424,0.008071307269303718,0.01873847784950744,-0.016140462069742956,-0.020412586851774273,-0.009026695003123697,-0.0012606069779721452,-0.00201740835080344,0.017770195198915095,0.004733658294695298,-0.008405292873080561,-0.0012651358946702551,0.0022390357694592744,-0.0028293634813776336,0.025986421433948692,0.029397771734756883,0.011513833949164276,-0.010766272599384008
2021-08-04,-0.002782370445345017,0.007082093695955249,-0.012036692615704836,-0.019088523234476185,-0.016091057927656305,-0.005373421257314548,0.061115189432579875,-0.049928635361660034,-0.02026281294529597,-0.009396900583167889,-0.00909249450727323,-0.02282447097252205,0.0011153259876333088,0.002508209264513672,-0.02619119009976556,0.021865592556936653,-0.01741016578550414,-0.009866969121631208,0.012783365345265807,-0.006254393653616908,-0.01672324110920087,-0.015778356836768093,-0.015887576409998605,-0.011798293124917758,-0.017306010024588647,0.06855522128337288
2021-08-05,0.0007483463941528878,0.010228910128150526,0.01853989389076305,0.013054805706918415,-0.0002388852614078063,0.008932454574894999,-0.09742702546639725,0.029279214453456825,0.0024715645947472886,0.0033121025525373327,6.988178150679758e-05,0.009854053697364806,0.010678999096880304,-0.006979232173157879,0.0022682200074737313,0.011283673743081923,0.0013668604132528461,-0.0022444322084245183,0.014574230092567309,-0.007329499869212275,0.0016879737126718197,-0.0020392725393177935,0.01684599565022782,0.026505491952399707,-0.0019392772154926963,-0.004743107394711621
2021-08-06,-0.004766994426140925,-0.0011074740350979217,-0.004593949518436502,0.005598671559235546,-0.0028655675190039087,0.00042597655274279056,-0.02220274639794384,0.006564573393283757,0.0017044307838220973,-0.0008953418471753238,0.009245502150482032,-0.017708584949927886,0.0069635059270458655,0.008221726140835273,-0.0014547068791821438,0.0014879855336622505,0.0016683389917382385,0.028118912072877977,-0.008268363295763637,-0.009229522621361452,0.0001294313173116901,0.0021137720118427072,0.012655074708971314,0.0038105967898440785,0.011448449134448424,-0.03815087723112143
2021-08-09,-0.0003421534554504113,-0.0034211317478899383,-0.020027770738100137,0.0025916770298164415,0.007424232476801018,-0.007177120526247749,0.026575496058217407,-0.003623252245759101,-0.013030956159027052,-0.0006720356718158405,-0.00842412128234582,-0.026857976621884716,-0.010279518960239042,-0.019071350719997437,0.004047298638100161,-0.005226948704389223,-0.003532976768134022,-0.0015316200508741495,-0.0011141803263191585,0.000404959091565793,0.00012987307743705934,0.005343579079949201,-0.018858983668561757,-0.0009631897427597735,-0.008411319084147162,-0.00033902230265381306
2021-08-10,-0.0033539091546088695,-0.011887703532981408,0.022036610372147658,0.02479797015849483,0.0,0.003829038995641465,0.029273623329762577,0.005090999118050332,-0.005171064734438846,0.002745555890692586,0.0009205622622860954,0.03289211023596872,-0.0076615624575651076,-0.0018772755928897489,0.00032243415361832284,-0.0013272973130671328,0.009218395595341544,0.006793081334902862,-0.00794280441315498,0.0008096623597757535,0.000517934885075011,0.0014683606569021457,0.015284681862963723,0.02577625548055118,-0.001937448048631496,-0.02814735912766886
2021-08-11,0.0017856030986380667,0.006900053285751717,0.026430086490260685,0.03545586393225464,0.0014264082869912542,-0.0003970347008328545,0.029183910665727897,0.00795961905761966,0.018469576032050794,-0.0016204874829083282,0.005304871846150139,0.046120028183147976,-0.009786880960733435,0.005910874054550375,0.0069308655972775135,-0.003239911802448203,0.011643920581345446,-0.011187424792982403,-0.006668694900829997,-0.0012134750208099288,0.003949915425232486,0.009707004483293202,0.005702608187859948,0.01407086989357409,0.009390972504990547,-0.03755198145959793
2021-08-12,0.020773079440140174,0.013290011500577847,0.000592986871341239,-0.006406435999326998,0.0008308062136577199,-0.002472297580948246,-0.0037121117538693182,-0.0021537552181462027,-0.0006157289874054728,-0.005765096236111433,0.006613497139578373,-0.0108465753954603,-0.0062044493349827645,0.00974886467352798,-0.001280446292226456,0.0074729171052883014,-0.0006947086519164536,0.014924065545069753,-0.0032787485708845043,-0.002997273731809691,0.000193974579060896,0.001037332670974056,0.013835414666140577,0.013848423727057968,0.0064448249344104536,0.01199238013790449
2021-08-13,0.0014106285406780827,0.004666228559277785,-0.03682413142268259,-0.007582658575221668,0.012287895521529313,-0.0005509282684975636,-0.006002916731185914,-0.02230236535891328,0.003911987127182881,0.009907878627952504,0.000769167630529255,-0.00742833777502927,0.0021267487462914847,0.0003968504289098007,0.015547393052094183,0.0014615649881186688,-0.004219628836845235,0.010800600195141064,0.010181713503619294,0.017712114662618017,0.009350271255063047,0.001381750066171028,-0.010514537811096347,-0.00016132278777925002,0.0017558612995012268,-0.020999822038257454
2021-08-16,0.013547992248226226,-0.0005805575286829123,0.013886795229514304,-0.003934701557143372,0.013043313253755073,0.004225308862501276,-0.00864225138632313,-0.009565838161282425,0.016162599499686348,0.00981057944056496,0.002863366134416845,-0.009978754864137906,0.002233312657716535,-0.01837656160731882,0.005208260905486428,0.009306641528947335,0.008674517873477283,0.00802476912616501,0.003876584869880517,0.00750435680492445,0.009775086104327535,-0.029046460496752413,-0.009269702413190917,-0.005862559203977491,0.015929655172821855,-0.019226401193625287
2021-08-17,-0.0061539817289898435,-0.003030101215787284,-0.03996200521812521,-0.019613151562970388,0.004407895963015829,-0.016403424103610065,0.020376036761485805,-0.03491794134199533,-0.013491587054043852,0.005354128948003245,-0.008148171113130154,-0.005039628014300912,-0.0009079589128523358,-0.02006737490392796,0.005809302696509144,-0.022124596993164602,-0.013691008967275153,-0.002085932675885638,0.0019114732736233986,0.0061806887556661305,-0.0009489394890456193,-0.00042660725665366606,-0.04084888086158134,-0.024156742145667875,0.003501261778034559,-0.008237407327634672
2021-08-18,-0.025501019179049345,-0.012976158025314155,-0.005868978398745783,-0.01700726852142398,-0.02124947094286256,-0.010911309026896188,-0.018013381086091185,0.0007695392401132484,-0.018354397775066422,-0.01438494075300778,-0.020713494992110504,-0.011577428790530253,-0.006276821721519887,-0.013056593816361373,-0.01701501519602322,-0.008369405348254144,-0.015234295946398468,-0.00213305028531785,0.0057042924773325066,-0.004252605539644794,-0.010259468550723017,-0.005971214791572699,-0.013561944215233046,0.0027166685503634547,-0.0149676153964442,-0.01334148218770248
2021-08-19,0.0023230178043209815,0.017374720031161806,-0.0030881117418180004,-0.025546875309027772,0.019350953499977397,0.026074961881804137,0.007756790900771637,-0.02538457024196905,-0.019064377163819812,0.00918750758943565,-0.0103964395395032,-0.031112716165561993,-0.010084719783790108,-0.03049703029861428,0.01127489003892257,-0.0009283796905932284,-0.005852174050359316,0.014963062404271588,0.0418494662735136,-0.0014236594957687254,0.01682858974389445,0.0075806980647898925,-0.03111438049430193,-0.0023775734442063046,-0.0037988113532922974,-0.025078426588005298
2021-08-20,0.010156802551698707,0.015180588587365262,0.026147851380843745,0.0023968287138180777,-0.004282911617247032,0.008490933504154974,0.03635326366517888,-0.007892494651569937,-0.003774938669555028,-0.0012204985838176752,0.00789747545906705,0.004155439668482197,-0.006492971553705873,0.00387808580891158,-0.00298354725177441,0.011967903938735258,0.0014443582719418924,0.010909347511934175,0.005830338824071912,0.007444921341565269,-0.0035242912593279607,0.006529827524467624,0.010206705128933402,0.016377553350371166,0.0010360389172958673,0.013478489689322748
2021-08-23,0.010257300047675555,0.014706271976318464,-0.004172930140124431,0.020493560850046055,-0.012787609755584795,0.018505327480747846,-0.013499284306373704,0.012728839597604624,0.0013131307535247938,-0.007109976908003746,0.003666132739288841,0.019187610048386317,0.016958374601360626,-0.0002862198667685778,-0.006142639356674584,0.011074835935805716,0.002677908788716321,-0.004041653373818899,0.01179418631149498,-0.0014936876503941487,-0.0031571394082609006,0.005147782046674987,0.042631984841107196,0.00880663926460934,-0.0012419205995874982,0.013180557603992282
2021-08-24,-0.0006014821246215218,0.0005785173268075816,0.08318482458911314,0.016496159866870697,-0.020961095369527727,0.0038955788771151134,0.02451923909112641,0.027493676765616648,0.003409486581418264,-0.014601342276721163,0.0015755912744856992,0.02104088696923423,0.0021327243891615666,0.012451728573593002,-0.013470823995278658,0.005944701108371753,0.0003596334415958413,0.0003765685630272575,0.00014456870474299777,-0.0019683222266190237,-0.012416953672250042,-0.00028057074324083775,0.023634882576305305,0.010405421901393597,0.0013988240611539915,-0.0030764366555021683
2021-08-25,-0.00842122110108745,-0.0006694699773964752,0.0032924398300482327,0.010207420601772155,-0.009381391437100928,-0.006753699331600527,0.004369438478060816,0.00688095480009987,0.009558837996393565,-0.003065653835864657,0.00014304766725614648,0.0,-0.007407837898790848,0.0053716954154059415,-0.006104308463653507,0.007879399254815844,-0.002105272237311273,0.009242199571817045,-0.010534688337487164,-0.008283341681844414,-0.00442653419406025,-0.018526318462325886,-0.0034632559224945236,0.04293162372859416,-0.0020696121692093117,-0.007376957430198394
2021-08-26,-0.005527182036900724,-0.006714331952639041,-0.031175573662629685,-0.016390243419862283,0.00024253998380463493,0.0034890005972039173,0.05096894216339587,-0.020501011003275282,-0.010762909750571814,-0.0027904073902864646,-0.007722097243958337,-0.03217627078897145,-0.017376785755170876,-0.005905345446862498,-0.0069500490443455964,-0.010885240558247467,0.005042789910829848,0.007127275480222073,0.004638621208248539,0.0020682128116542575,-0.0036722569123109894,-0.01630193101618649,-0.030352366169211775,-0.0031290106175970722,-0.0026443661447347333,0.008556921691245334
2021-08-27,0.007184632892666354,0.009396227325943807,-0.0049962807390402375,0.007527066330730081,0.004005839934590805,0.012868100050785536,-0.010301531018070409,0.03178280232512343,0.0016451459004300784,0.002969536872476919,0.004539554441331584,0.0037354550203871906,0.008133772404136819,0.007213468962679936,0.007324168257911934,0.02264127882134881,-0.0013823285769778426,-0.0009875073120099165,0.015996459623719872,0.013733476371695197,0.002004836593919368,0.00581463822021866,0.019116215335582165,-0.0037305282411658203,0.004886656510982412,0.0005284111006109704
2021-08-30,0.030417195093589644,0.01134357419906884,0.007234066253729798,-0.006484122042996754,0.010277316113034951,0.009374526088010482,0.034743407934599624,-0.019534141831746066,-0.008808913457096557,0.005124324687943993,-0.0031561363594602154,0.004465847853934557,-0.0075341764254891475,0.005476792682135301,0.004362562869776765,0.021549588758513538,0.005742004310063997,0.007207268048713411,0.012989368097412468,0.00023488896655043945,0.006841214808299245,-0.0034688665016813225,-0.032825337389178366,-0.010484718238269797,0.0036732279849185367,0.01962971300528249
2021-08-31,-0.0084249278314672,-0.0034384571253659457,-0.015546968321171528,-0.0027427816237635128,0.0011965403817160158,-0.008705065011938018,-0.0066602919586373766,-0.0015326925278010828,0.0005643960684009741,0.0066276889966763175,0.009858210768746378,-0.028899555151724043,-0.01931699347712368,-0.0025140828080826294,-0.0014478943552687085,-0.00336270522516946,-0.00728942653854503,-0.0013901825722515415,0.005316307315375024,-0.01127369413565249,0.0025000272161177506,-0.006381284786972863,-0.022545790625894235,0.010804561906669674,0.00834993818474472,-0.16690647482014387
2021-09-01,0.0044787558931336235,0.003299687209773694,0.0023171753448836263,-0.013800191997743183,0.00800848457918657,0.011219294849788453,0.0024045329033082208,0.0061396874419927805,0.000903496984922203,0.002926545957759208,-0.007410405276299881,0.01907674777410362,0.009646716089549257,-0.004900418826933262,0.0041886854001949025,0.0070377722992978065,-0.006675552067846313,-0.003111960047109341,0.022628683623468593,0.0019003028129962463,0.009719185326372726,0.005254887526064511,0.005456289220703514,0.0003872709132990426,0.003936117282348883,0.004697704150474991
2021-09-02,0.007475038792104982,-0.0018771868814700943,-0.004452679454035824,0.018368833124191797,-0.00023725712381750252,-0.0007261206112947338,-0.015176645929785959,-0.0076277035350452715,0.007202583669196461,0.0,0.005096809910244859,-0.004492842975973965,-0.023714679114367088,-0.006331889435127858,-0.00657772013760094,-0.017720111264822647,0.007496061091600836,0.010556045093079502,0.011132661048682158,-0.005295134555992287,0.0007334529726914507,-0.011688930720523016,0.00197353227883168,-0.016130697718049758,0.009114069333535868,0.014543117648910364
2021-09-03,0.004230384813951105,0.0029339374158245946,-0.019267168684930613,-0.006657660310411262,0.000948679103690786,-0.006481340928519486,0.0322731706982371,-0.009223539789142032,-0.003931053291098885,-0.001290575092170565,-0.003071208117709001,-0.0033846359557542227,-0.0030769601402953484,-0.006372047759248822,-0.003230037289084442,0.0026114982471310277,-0.002565772861860549,-0.004796124841861538,0.003364231808891116,-7.951164442732139e-05,0.0008917678609370316,-0.0009546752506999212,0.004954282187163095,0.002360887481068108,-0.004288652470355037,0.010844190744328408
2021-09-06,,,,,,,,,,,,,,-0.0011400242287413764,,,,,,,,,,,,
2021-09-07,,,,,,,,,,,,,,0.0041373882015574015,,,,,,,,,,,,
2021-09-08,-0.010083231550020555,0.002766833508456079,-0.00457383678381329,-0.00701133392303821,0.0072626553316896825,-0.0023997395039387914,-0.007715755637165089,0.006177616073822723,-0.00993779831420738,0.016692445436584435,0.0044183365553556175,-0.006010358525244119,0.018363182126173827,-0.023728297892944505,0.013657491150513401,-0.012062278353633382,0.012447646924277578,0.0064117254731133055,-0.0010878655458042008,-0.009388805075649542,0.014172009519409778,-0.005949356003751127,-0.033619519370521656,-0.007987764971276845,-0.005062365797689594,-0.02120277881297039
2021-09-09,-0.006705104779732629,-0.00232197173693538,0.01261365963547001,-0.006529103417273419,-0.013475247294184922,0.0021677303198888165,0.00866043010360018,-0.020721383406858584,-0.00689592700075925,-0.006963921947374274,-0.006706490163599921,0.0018896095399596469,0.0010540519182475894,-0.0030562373445960356,-0.004107532050906748,0.0011388186540450818,-0.01138979709380794,-0.009901062723190801,-0.014041711595288775,0.004096246466129161,-0.006316897366926089,-0.016682682763972334,0.02894877935603235,0.015360082292845911,-0.02857602156539185,0.007697476842865036
2021-09-10,-0.03310183499026975,-0.00414095977618234,-0.009253374604007658,-0.0019958039635696867,-0.008986309151750138,-0.005274086088816188,0.0018003018088810219,-0.006269501449510884,-0.006442554193027861,-0.0019383013556361073,-0.005227393133704017,-0.00037724184121490367,-0.011439749808606736,0.009343029466409858,-0.006269764037276526,0.0018254888034110461,-0.006460211209022959,-0.005409780719497825,0.001974763653036282,-0.00039997680262626734,-0.0017338753988037636,-0.004793014564922871,-0.0012339588273249102,-0.01900120263607097,0.022485544338546548,0.01906312082634498
2021-09-13,0.0038933283025535115,-0.02092751688507477,0.012833314564711484,0.005804506663892317,0.0076170533668171725,-0.0082813270827381,-0.02036677763307093,0.02444807427279505,0.016734433485915634,0.0023991838576460367,0.008247097845273998,0.0033961306215664067,0.0012378452369155024,0.03702618116399514,0.008965599336826946,-0.005756685147381924,0.003684511782350741,-0.0038323504943369446,-0.015750280055808585,-0.0028808286968665664,0.0019298115938786164,-0.006039321863966052,-0.003953695640406929,-0.006749903233176258,0.005847075266253388,-0.037346632721807604
2021-09-14,-0.009562417320067018,-0.00021702649482913117,-0.01695384383867915,-0.018767993902901403,0.004439556385388732,-0.006337389002807781,0.008043233330132349,-0.010007872673641782,-0.025433094872374773,-0.005299763435047566,-0.013970292675839824,-0.0030085290575803114,-0.005807513091693028,0.011436530939531453,-0.006911177499302368,5.309843240364209e-05,-0.015170168814896079,-0.0009540958458075233,-0.019565915953278834,-0.0014446116200745873,-0.003916599145253885,-0.008460248865312603,-0.006449950824369721,0.003867958871725863,-0.017387677929956546,-0.03031969435315429
2021-09-15,0.006144078930567565,0.02491435339128767,-0.008168998876493583,0.01680412580874968,-0.0007167538487299341,-0.013813835201391123,0.01451169168858435,0.02799367180670642,0.005446590594279321,0.0030364202195443113,0.007194408774941818,-0.004903816823857543,-0.0030363785538873866,-0.0001377349437622355,0.0026510669071804216,-0.0069316731342569105,0.009702872835674947,0.013122375083933102,0.00884446419931506,-0.0060280303339032,0.005607693812987202,-0.014349898664019478,-0.0027465032024985847,0.005886553460470179,0.012250640909562627,-0.008243346020798015
2021-09-16,-0.001610781728377808,0.006096037026590562,0.00265370033193868,-0.010353263099227572,-0.0019126180183771657,-0.009563500899718913,0.03095389469330012,0.013615780260349597,0.006976116301864677,0.0027418072643081715,-0.00561257184766073,-0.02994691519292192,0.00452506563402344,-0.005240754806353554,0.0033053750245897184,-0.002299952423286622,-0.008306412887018055,-0.006763098296214798,0.0062278515774019105,0.0007277735595649926,-0.002948348661232836,0.01448013407434412,0.019279009565909222,0.016997884640581384,-0.001965436112502328,-0.0032243977938826163
2021-09-17,-0.018347660078223416,-0.015982326407554592,0.0005478726726042549,-0.018909667921539253,0.0011977374029648047,-0.010057690395216534,0.012625482525605802,0.011194131592156209,-0.012230082247356555,-0.0027912384301181925,-0.008795486737326108,-0.00781557698526325,-0.009442505774477805,-0.010675116684687347,0.0037882172556256144,-0.02235579834428303,-0.006405492719734118,-0.020221313122579243,0.004859332310270359,-0.008888150000639694,-0.009192648727284203,-0.007059228777317128,-0.007614985938815821,-0.008553095492271567,-0.01523555565721646,0.03400183816250446
2021-09-20,-0.02136136069077721,-0.02015340856103698,-0.026911247982338904,-0.044705969554191705,0.0013159832952032158,-0.02901099935346063,-0.04106085223746836,-0.05387463053883179,-0.01731829847040567,-0.009367738697933059,-0.006803234125769331,-0.038204058895750403,-0.009765514581537627,-0.030969764323070637,-0.008368850864923005,-0.024731137093939592,-0.005289892442393751,-0.013351835450360783,-0.023619276716327353,-0.0006522526612438018,-0.0033735674820651873,-0.01851571278709163,-0.05915860518969107,-0.024561397858898548,-0.0033677985872626603,-0.024367281098853444
2021-09-21,0.0034282578728770385,0.007173099188675591,0.0020624099581509903,-0.005135974366838658,0.005018165043608969,0.003155022149212039,0.013461327880567753,-0.0038998234788220065,0.005063625079972933,-0.009513752329350922,-0.009977020778876189,-0.002866431975773076,-0.006800388926226475,0.0021692331705931434,-0.0034749242819723802,0.00500405367172041,-0.011687616612677587,0.005464379517826856,-0.003979634264245968,0.014439547461814861,-0.00045592208010269974,-0.005810580568551993,0.011576201491870552,0.00027047683820247137,0.0017951699981786362,-0.008657936641261577
2021-09-22,0.01687229034933635,-0.030670852791208514,-0.0008418966217511592,0.007954490709487505,-0.010818114445854676,0.02240197952419165,-0.005530628047313524,0.036021744621093754,-0.09120477925449222,0.0035509292586233254,0.012484145350419862,0.016837860769647772,0.017872837318505086,0.03795099457805606,0.005646010672918811,-0.03991836660946535,0.007958845321059727,0.015369582039906238,0.030550990610615836,-0.004744647731759977,0.0030610834335766945,0.022658228893549293,0.013784160712047244,0.016250296953102428,-0.023349039078918055,-0.0010421867363475945
2021-09-23,0.006719498860418005,0.007602877644539152,-0.005898947024473689,0.02754085579553811,0.0007208665691409433,0.008663986243140576,0.01955604066376604,0.036281036250404686,-0.0006983989053522821,0.003944488285373859,0.01559826411829146,0.026655958916421696,0.031041700268157113,0.015153503292883563,0.0028070491244651663,0.008012825108506982,0.009397256978367574,0.004432367005102078,0.004418887547320338,0.004928844630345264,0.0007791923916140586,0.025130990425656252,0.03514621373859206,0.013063731761007613,0.008041366335116873,-0.006332108970421801
2021-09-24,0.0006124282807946635,-0.012887585658345024,-0.013468886468930297,0.0010171546178008306,-0.0034822765379231013,-0.0020849114615338893,-0.0036215574771135683,0.0051055707756557656,-0.009959779458423634,0.005604551350132825,0.005558258602694988,-0.0007868355403704008,0.011551451571318871,0.017255702835651032,-0.006092450347045308,0.020233373508832475,-0.0026994402167239695,0.00233114428052672,-0.0014665037289524063,-0.01616143713547913,0.00045404201125442967,-0.011532034854262685,-0.022057176597775285,0.0035980541077063055,0.006584752460140564,-0.013867327042934141
2021-09-27,-0.010549809745320604,-0.030608143254567177,0.051938137734472534,0.01615690683606008,-0.005061803018107658,-0.006144111688855092,0.013147824076882753,0.02757631568210739,-0.0005736089668763045,-0.018041814123295308,0.00778270638553713,0.01732290346470866,-0.003880754334109171,0.020463134334316013,-0.01474499791773698,0.0017564884939416103,0.004142795472164673,-0.007932935346486647,0.00042204504715903646,-0.015691499976482004,-0.00959789542266054,-0.012748038696075104,0.016219027711218414,-0.0026169104420540323,-0.006275853199211867,0.0019093095873785604
2021-09-28,-0.02380127270574861,-0.04121594280885266,-0.0071700734381160425,0.0027501727260843545,0.008963196323730216,-0.02868055129124303,-0.05948265013903764,0.010593408019154094,-0.01814491270547247,-0.01298988781104271,-0.007866903473513265,-0.013932080238392208,-0.015668637208721026,0.005672691731564372,-0.012947454288278148,-0.036568708792895976,-0.009571475805590812,-0.021728061033031487,-0.014831965752175269,-0.015443183333941457,-0.01093468583127255,-0.011504240844364633,-0.01346651021777745,-0.007845066502424447,-0.0004282895098600692,-0.040274076655395175
2021-09-29,0.006482994846449319,-0.0018487607998171063,0.0003657299586263818,-0.013363307106281974,0.011524410143962216,-0.01014447187704759,-0.03319991923297194,-0.0006988242706442716,-0.005890290388321562,0.01908931418856974,0.01243923401799285,0.006671928814154349,0.005723710788944292,0.015348382516814807,0.0119963878615017,-0.0030528633279351958,0.004609809636631157,0.008516247058144577,0.026051210964688876,0.014589205843573927,0.008275193032004191,0.014171546303206162,-0.02047506368744567,0.0005553272516618524,-0.01081583667252295,-0.017106459718756795
2021-09-30,-0.009311717142843956,-0.0034274562265314,-0.033994430999878644,-0.029817550393839487,-0.020056743721451387,-0.021116107512145432,0.012956666451869214,-0.009790381545263016,-0.008141442886984929,-0.015415947780896944,-0.0017961957212945245,-0.044444598458408535,-0.015600624440797684,-0.008785511844381144,-0.014733367641223016,-0.0006478173816114596,-0.030185717966436876,-0.014172857773138259,0.01882953627477546,-0.0008311304298063149,-0.012409781912243956,-0.0026542397033227916,-0.044645309440404346,-0.04606843503264657,-0.014290197107480918,0.015889034146704617
2021-10-01,0.008127140992358894,0.003039672217489242,-0.0037839952394468357,0.012293567447444698,-0.0039967198578265695,0.03584191536276915,-0.017262990386508248,0.0,0.014774702949263308,0.009039804828852471,0.03159844190003347,0.01999205532859505,0.03595240379638143,0.008472359948688002,0.0005158199164194688,0.010666145635988888,0.007182666430788354,0.008565664693086505,0.004603962187534005,0.0023291897888604307,0.0035901722684599235,-0.007827209615051012,0.027012787662537008,0.01969961511426721,-0.003350111228080932,0.022982828931644272
2021-10-04,-0.024605739483774758,-0.03286747611419527,0.0017092344325928543,-0.006175100840677072,-0.006201159804011813,-0.014419877526575253,-0.027645907087508692,0.013418225967809727,-0.020940858379606908,0.004567493351725016,0.005511945751191405,0.006399828646476369,-0.04436653820210368,-0.0046530944547741315,-0.002405181029885073,-0.04891988018545157,-0.003622279953227392,-0.012120710135897661,-0.015983031300426997,0.006473516646649635,-0.0049683832274551865,-0.010255570468689523,-0.0010524854980448195,0.0051354907336531586,-0.01691535998760496,-0.029643837254191507
2021-10-05,0.014158314204170352,0.014700392336863377,0.008342097921737679,-0.003261992064305108,-0.006484658901409479,0.02279536898065171,0.024758444739948704,-0.00418098918070986,0.029375411051222766,0.01696173909474874,-0.006661442293231401,0.015500646416755526,-0.002876538329410594,0.0023373799254142735,0.013087532173199357,0.02062966233791208,0.01045223575743881,0.0034560896825794885,0.05214220529021096,-0.0018140710325695864,0.005925152313683624,-0.0004782143056598631,0.012111916245478138,0.010407589333334633,0.007005833609425638,-0.009476814786694931
2021-10-06,0.006307516781497213,0.006370187530971183,-0.0056407304017708215,-0.0033246611165974604,0.01884234131394047,0.0011814585302518665,0.028923587739648315,-0.011896727810156493,-0.00031225662077305483,0.023385273595584843,-0.005518491863778285,-0.05127178870075699,0.015967316339334126,-0.0209871031698613,0.023287632644166667,0.002042311099155869,0.002923360991012869,0.00641496319905821,0.006757941136686263,0.003469687485624373,0.025614082460034826,-0.006379663238320066,-0.021071850653320068,-0.014875452074859852,0.005732560224126493,-0.013495649061138204
2021-10-07,0.009084351643189104,0.015167232647318007,0.017207176321282436,0.02027517050544536,0.0030219972196532385,0.003954838404659933,0.03336040439978616,0.05453290402925415,-0.005575204468821426,-0.0028003755505873196,-0.003863468017699989,0.08457108615840059,0.016252480656705037,0.04062461968345765,-0.0051495035566199165,-0.013247919583981305,-0.003363183904231626,0.013218676970263799,-0.011344053760789508,-0.0019757812281450127,0.00922824232875219,-0.01139632219588671,0.01461611692253073,0.018522059375053024,0.004980871755213112,0.010329174769295513
2021-10-08,-0.002721747538417141,-0.0036272567040784853,-0.003160145377009149,-0.0030138952578124822,0.002048424235159052,-0.009784216038650317,-0.02078329905414822,0.01544627190595027,0.0021976116734609974,-0.001684731622966118,0.009942699008233413,-0.028147932768807338,0.0029669514744075087,0.025940858667219402,-0.005844065769934237,0.0025212348192926726,-0.004780729841495024,-0.00037993760924392994,0.0012819097140235325,0.0022271175630732554,-0.00230211511249645,-0.015911802767546224,-0.0214775331756073,0.008905944454476122,0.010407497421174305,-0.004760549476001907
2021-10-11,-0.0006299275643461,-0.0065700137357143085,0.015198129299008434,-0.011631566091435896,-0.0018041952881177048,-0.005614534948724215,-0.045656106685720066,-0.001984077011934704,-0.01620112882395386,0.0025877820478104052,-0.005515794697404042,-0.041878563569579974,-0.022002346019823316,0.028755625449923716,-0.0020155014276378447,-0.013937454646031022,-0.003786228604376274,-0.004646013278129857,-0.008883132882744116,-0.0055966403904316175,0.0013461023501726288,-0.03324530524307068,0.001873985207865747,0.00660728924666909,-0.009537365898613315,-0.0042344709591535246
2021-10-12,-0.009103095890992674,0.013296796237455943,0.004041095884490531,-0.015397377349934183,-0.005301061126654294,-0.002839006948287648,0.053375522621453175,0.03644802523605506,0.006823657192202681,0.007238573735020237,-0.01376098740636822,0.0004087903021763317,-0.005213799170414535,-0.008313179717289843,0.004207351094236422,-0.005162121733910396,-0.004254354533168803,0.015530796061446361,-0.003349054115786787,0.00016543605653440707,0.004416126655457209,-0.007765144218285003,0.025380485954555887,0.015884733342371504,0.0013755705372471283,0.0059849756473404625
2021-10-13,-0.004239737353661233,0.017961378070795453,0.013355325045663724,-0.005160225328557533,0.006783080966953348,0.01918596162680619,0.002861971530911056,-0.00831192000367198,0.010889266810437448,0.003621020285845322,0.002064375738923596,0.008574803330138048,-0.00865842982600551,-0.009111880375141879,0.004859949697415988,0.00237852634722846,0.009342677237481167,0.008273434314418404,0.007712776623390427,0.01721288341580207,0.006754833750164391,0.0015480406452623718,0.0007816798727693364,0.02168402729166763,0.011374266377015774,0.042075950174491616
2021-10-14,0.02022560825521258,0.027727051671104785,0.01697065463712799,0.02852766190416456,0.0030077211094656775,0.014380505232749918,0.010058450977704636,-0.0038687055563371153,0.01662724307237462,0.011434979822614322,0.01868410460993819,0.0032388236840945606,0.006513828978299552,0.020353058202095653,0.011174196004149373,0.01229410473587067,0.01777935934841457,0.0157894076961409,0.006415131438232802,0.010413245042122599,0.008038136078585278,0.024042609598770026,0.020046848473223022,0.02175509386716401,0.03998711643511421,0.002892200869494266
2021-10-15,0.007512606089085994,0.004246871736054425,0.008698676202324895,0.02413428625726821,0.000959665944439525,0.004005744349022677,0.02403891888896781,0.016181433502938436,0.007342150712066786,-0.014269038343116214,0.00850833604428014,-0.001210648774937706,0.033141768690059026,0.005166988441342113,-0.007916855911820342,-0.011475223209437502,0.008984149945395759,-0.021541156763742242,-0.008693633530381883,0.004186787279449211,-0.0028253732863107173,-0.01425457659802265,0.0005104427670852285,0.004481190221047093,0.012172019413210666,-0.002584181926407636
2021-10-18,0.011806047998815572,0.02088214800041821,0.017335440069691677,-0.004220881981687796,-0.006351195510333141,-0.007667810231947847,0.03125425743618382,-0.008917271880712563,-0.0049755800223966196,-0.004899580869090037,-0.015835740548831856,0.007272784925051123,0.006854101072944152,-0.02032273386721606,-0.006649991545380929,0.03257789939004874,-0.001209134451489735,0.013509610900607205,0.01540693535524218,0.00016033420266614584,-0.004533848364346116,-0.0015312528876361142,-0.015561165451026704,0.0015528070613155531,-0.0018579773175740888,0.029701124378836985
2021-10-19,0.015080146977811237,0.021257790843540958,-0.014445092700477002,0.0149359598484895,0.00494443138016698,-0.018626599242568487,-0.006973668148643086,-0.008997505079756829,0.005877873005764922,0.005427163063546514,-0.002388962907774572,-0.002005752287114193,0.010210726071496312,0.005125176822324828,0.0006694725544995617,0.013866542564695328,0.003246749783745617,0.008474829306768683,0.001614506002481031,-0.017636573499949626,0.01271458402865,0.010052841843639415,-0.0054418709793906395,-0.1058201042306518,0.0020680324738453493,0.007913003038403588
2021-10-20,0.0033610634022980257,-0.005816988954716273,0.0051780843053907954,0.015163589494629814,0.0032401490119726706,-0.026181843624102585,0.02963646193430569,0.04020773328069316,0.008634270287554369,0.0027267422759345017,-0.0005636338646308747,0.033360052023459374,-0.014719505820679046,-0.005099043323666397,0.008362772357196402,0.0023234024606553216,0.0006033992831739887,0.005303314131489989,-0.02169016516146316,0.028235701486209797,0.007557532560273472,0.02850881992453025,0.006514148450550428,-0.014311303480616488,0.00763752907860038,-0.002496390942992033
2021-10-21,0.0014740480211250517,0.009946673744661405,0.026805244988201693,-0.01003953792031953,0.0023924195908557877,0.04443695854987029,0.01226836251825536,0.031795425514013376,0.006657959640306688,0.0006105954463513363,-0.0956304863338222,0.0011669408416898897,-0.0015699290461647086,-0.00268459694087253,-0.002156422142315151,0.003227876491575188,-0.0016442985941412802,0.007588521596238795,0.044821991167749875,0.013253877092274324,-0.01320438393955492,-0.041741877770208324,0.003106149174928019,0.03833592411088094,0.02135499133876606,-0.0033730829661745565
2021-10-22,-0.005285001291396529,0.007703698606768672,0.006717676254772709,-0.0018903208281971784,0.010501098208218984,0.031060472030776998,0.022417190612333382,-0.01631425280095622,0.0006013834550413488,0.009983005765162867,-0.003506687264949959,0.01709400413642581,0.006906372174044106,0.004649542994935141,0.005984118521115134,-0.05051471396592899,-0.007248225133810404,0.004953489140769207,0.017790356121334394,0.002976516870482282,0.004962837221433647,0.00017119565531098502,-0.003354973102351666,-0.0011562672639975347,0.021911283199495646,0.010189925778468778
2021-10-25,-0.00033649582644257325,0.005267338207003425,0.017653696069964475,0.007775022243319496,-0.010864428771499401,0.00738594852008867,0.046835507322315006,-0.01719892516497068,0.010386878471381644,-0.010268892904256699,-0.0018766645607269927,0.0026741448541365287,0.006105676891000833,0.009499427746793021,-0.002974402812090382,0.01256898096816017,0.008849519574026132,-0.014507330344370906,0.010349342231807501,-0.009371405452396009,-0.0046879089577810396,-0.008043121156310562,0.02641117598806919,-0.0012115013924953733,0.0004414503281566784,0.007961748251187117
2021-10-26,0.004575191646878585,-0.006909085282995497,0.006224872007323468,-0.012709795545951086,0.01002865978604306,0.0029994432990405606,-0.01999446848522768,-0.0037501461414398696,0.010323107044736268,0.008211720125979483,-0.003995579359007073,0.017142616929886945,-0.009809782389205046,0.002533406342223765,0.008120690345841064,-0.039185709348981246,-0.001315772073894772,-0.0004473468327896857,-0.004675028868930897,0.0053605975359050095,0.012246721673552452,0.0037090602947316142,-0.01337003539127013,-0.013315370462011478,0.06949499428299277,-0.003895765769332704
2021-10-27,-0.0031476841701424396,-0.0037665103660019517,-0.0204570963493248,-0.01758155802598782,-0.006146516960996773,-0.01715728963635299,-0.014665501051045249,-0.026975991737815064,-0.010680170561891189,-0.012107299970231189,-0.015417337947093879,-0.03333333062679855,-0.06045006234176087,0.005776252261299186,-0.007233239872341923,-0.011367869552908028,-0.021519534172387944,0.01729072723906433,-0.00837667654787344,0.005253683803985165,-0.003474218949379382,0.00223450635085487,-0.02684757842501395,0.010189616486928621,-0.02687225384476999,-0.021133887299804366
2021-10-28,0.0249916386511162,-0.0012498246650566314,0.01995794539844331,0.04058514081873055,0.014391262336746369,0.0003994815590280254,-0.004674235895286261,0.08704056633071522,0.0028477362871881517,-0.0006126215342017183,0.005352621667843005,0.015545962476340547,-0.008012560492367093,0.0032304266396026016,0.009273073769262341,0.015053447570490208,0.009145113683060035,-0.007678680478144684,0.01678934057618653,0.023322974089446946,0.0062885018129053005,-0.004973376618781611,0.02469803648235369,0.0016225589919980354,0.007963742990584555,0.013819101379751064
2021-10-29,-0.01815575895043331,0.017331928962138976,0.00924713993144688,-0.00039187206384094786,0.02426996049705843,-0.003594602074886155,0.03270855794606087,0.013048406995533224,-0.0018223485013688645,-0.02257521562104914,-0.005880452751404586,0.001913498139270997,0.0074767637500006146,0.02254017210478998,-0.003445514361393287,0.020983362436993946,-0.006615960308309021,0.0018538620970451891,0.024122831839335612,0.004802260040238426,-0.00012393174100611137,-0.008704052438486598,-0.0005127985559097992,-0.008180645203815784,-0.0020100059122529768,-0.006978063379423083
2021-11-01,-0.005607505695571335,-0.01562207603999366,0.013661626471652255,0.006715169427919276,0.0032051915989024238,0.0025283762535435184,-0.02820219097437371,0.05093707103198186,0.00046705805572844206,-0.003820907028643461,0.00943239876474089,0.023300422823783196,-0.004381380775748345,0.014462336764925254,0.002798795406825816,0.019810298012820082,0.00503687045823642,-0.014320793834854961,-0.013240449772994767,0.005234268716664214,-0.0021040564189812594,0.007215615214648308,0.010518039907960297,-0.006070286796793889,-0.012039138496749868,0.015619911306237855
2021-11-02,0.00711603888385981,0.00031242143582876913,-0.0006455183149777222,0.008472275402841234,0.016316463326605746,0.04142675598216328,-0.012273172540442467,0.0033427485134878143,0.0005516296366572249,0.004694179374866936,-0.0007918890142816215,-0.010078568496704743,-0.016673989531446387,0.0012646742276158918,0.00738804397879167,-0.005757977770244449,0.013308875215810811,0.026445958804909075,-0.00506472110768641,-0.004603447023538321,0.0091779144312778,-0.0005178384774056077,0.006346681624800343,0.018431737679049265,-0.008345456241428795,0.0048397723227209255
2021-11-03,0.009798666095288011,0.023079274981667508,0.010255847067089707,-0.01723647510414006,-0.0017964147307639733,0.005197633580748651,-0.004197355878860054,0.034424916761495394,0.01802617234742021,0.006040065667820116,0.007529097783379068,0.012820682076813528,0.0028921790277136594,-0.000688922997834851,0.015971325348312027,0.010789909418160049,0.0014289457495313407,0.004612199355271018,0.015596399059238042,0.01834740806687618,0.009585790051688692,0.05302244825561919,0.05499489400749957,0.02667674344782167,0.01721354544763165,0.019158710455163597
2021-11-04,-0.003498494564988075,0.028847071988376882,0.028057548977597158,0.00019665857217288085,0.004948962911838439,-0.0018505860173031463,0.1320841104307917,0.04240499274834986,0.020789808014870292,-0.006739968123796514,-0.005670602732092522,0.004467582868215025,0.018213030531564423,-0.0003446989699651404,-0.004010278930980715,0.01275552981697503,-0.008890099578569677,-0.004986979412134884,-0.028897789793444706,0.008636003730879693,6.0741237728922925e-05,0.005822622983697734,0.0035871112213383682,-0.001859687404652588,-0.00949517451820081,-0.012112271269066888
2021-11-05,0.003582324081153221,-0.016852667485623862,0.003576800258401347,0.011248118023185816,-0.006379304860539836,0.028697147776494347,-0.04110293931527542,-0.006694246839098361,-0.009142482873595648,0.0001139796088129863,0.02283825564358999,0.0007413654951116122,0.03982974704431563,0.006781545800127242,0.0027379420364754825,0.01572150076180634,0.006589092981702072,-0.015790963392017354,-0.033931745451241446,-0.0021405318480686164,0.010285390555803131,0.00016284117150155986,0.012866294980992343,0.02828876209647513,-0.011864084801815,-0.062012754227527944
2021-11-08,-0.005552807747456923,0.004979552411290333,0.007902616547734942,0.04065459664634119,-0.003942430277398934,-0.00031431807303639037,0.0028448033533201578,0.044582870060150714,0.023726285673244307,-0.003705775395488109,0.007523578894176763,0.006296097903333742,0.002522935511892088,-0.004110018765243639,-0.0061034842268272715,-0.0073579644095167485,-0.0014304001068979888,0.007436191995413122,0.008873785221645614,-0.011761233226602497,-0.021506055792098522,-0.014754876289321373,-0.0037640642417845482,-0.009544521356891655,0.005186669480940154,-0.018133804643698404
2021-11-09,0.002459758020565417,0.002852712115535949,0.0219081121261393,-0.020723587395852783,0.013909319930063058,-0.00664003161215132,-0.008395200670109237,-0.001489115087788373,0.0038224580926371488,0.008240736627806555,-0.016680197175466094,0.014354062037922999,-0.014356472028667744,0.0021782675724670852,0.005817924778271921,-0.009597708452416032,-0.001156517275573199,0.0006017833366955827,0.006969105898624983,0.012350371017156858,0.0066490998635977405,-0.008274071189156795,0.0028336128431643015,0.018036124460078407,0.0031534480492363404,-0.005771450693444202
2021-11-10,-0.0191634388833819,-0.030572498851113128,-0.012712683027769955,-0.014965723710732903,0.008253508265575471,-0.005647551596207889,-0.03900727209533539,-0.03777319763240605,-0.003848012558861247,0.0191846151131978,-0.005213057374788721,-0.020682026400855036,0.03856098171363387,0.007664034792489449,0.00787258128411894,-0.02304922569917356,0.006010900405825748,-0.009541774562196847,-0.01384163089170376,-0.007024051871054815,0.003241287321037012,-0.0025863988837731,0.0032966080869853975,-0.00954161917805596,0.008001692693643703,-0.02763157723799614
2021-11-11,-0.00033775456628137857,-0.006687285080839822,0.012571559524746867,0.008999581949749924,-0.001216758524209327,-0.002028424877637436,0.019148742745890734,0.00981402240152085,0.009938777743176308,-0.006738490340987169,0.00041582993722566464,0.005928085924575388,-0.010057835597419684,-0.008286998728416095,-0.00414481530214339,0.0003052801067016109,-0.012114719341203894,0.003197813972726671,0.016493813846835792,-0.0026806114186456176,-0.008229667654669481,-0.009033788695471667,0.08378315129690295,0.010809043353380732,0.007796048334906436,-0.014566538578909105
2021-11-12,0.014336672790382643,0.022435737144463452,0.02054158063297673,0.0035489639151595753,-0.0012995284246356542,0.006707255545562063,0.0742480375404524,-0.002557523887288915,0.011514322866664095,-0.003700694634873769,-0.010891901685770589,0.013996233197849373,0.025851287938444933,0.006066883147997304,0.004962453089987218,0.04012316714221531,0.0191440144787256,0.014525415418842558,0.038063782793267054,0.0017171846778458733,-0.0002456933996924926,-0.0019414601473543014,-0.01407564055035504,0.0023510191838660432,-0.00046865974018373,0.02976573075731781
2021-11-15,6.680595326380434e-05,0.003239058640345238,-0.024109595390675254,-0.007454525462128547,0.013789952816917861,0.003893324917034091,0.0020944601763819293,0.018461532574471473,-0.006223331521655329,-0.0012380824537207014,-0.0007567716453353857,-0.012350169246752696,-0.005887627661546602,0.010695139003376708,0.0011149809771415775,0.01956654272953018,-0.001905592105494569,-0.0007556552059280186,-0.004805129166906008,-0.00864572573469835,0.007070255226372613,-0.003975031497856496,-0.01383696249626043,0.013190443849503408,-0.007833428733441727,0.03427850410844857
2021-11-16,0.006666726323241834,0.01712829363931001,0.019416629390714313,-0.01097708667761954,-0.0006580997407523714,0.006464210955322569,0.0514447004858396,-0.003524605026123395,0.0034879746122671307,0.001408563547726116,-0.0034492463254386374,0.013975644165630019,0.022692223128571998,0.004277914623855628,-0.006046188343104664,-0.013235200287712523,0.0003275450206989827,0.01114433546719007,0.011879340269003835,-0.0021803484277308494,-0.0029914132024639883,0.005009775780293824,0.015367739871305908,0.030194344543622353,0.001654394750838284,0.0029577900139203805
2021-11-17,0.01648992442608943,-0.0005365577857908699,-0.015341174573412775,-0.011925845309855299,0.00428103976997396,0.011817953724325259,-0.01544897184230598,0.0085900872537088,-0.023027198483976496,0.008890543123192485,-0.0033765997989214647,0.011606986846846912,-0.02811455568341714,0.0023540047105661266,-0.004802252024247999,-0.006385570510095029,-0.00016395377584021986,-0.007911932324746629,0.0062409203931368396,0.002637188846635441,0.000367409892589432,-0.009885066749190319,-0.008773950302502831,-0.028149602060677625,-0.018973686729608197,-0.0029490672921334005
2021-11-18,0.028536117286575013,0.00043246167249266776,0.020698433926665816,-0.007685690418272273,-0.002950986708679104,-0.020481844399985016,0.028159469691155348,-0.015105866170876725,-0.010632738958918364,0.009590843359231771,-0.011858407825972583,0.013266324571205468,-0.03048693918641987,0.016551038307134558,0.002734488028457438,-0.00610384708349887,-0.016990968964780473,0.020671383562968826,-0.01398018270000645,0.0015781380551267432,0.0003060803847105831,-0.001791899064297442,0.014383717868317714,0.008552752329601176,-0.0018281405123516947,-0.03018464113231778
2021-11-19,0.016975820970423827,0.025947854677459192,0.003834591381517427,-0.0048654394724921834,0.011071855493035132,0.01627297918818149,0.01415928626692109,-0.008691140531324248,-0.008295033537478846,-0.0043306601460590954,-0.005228821863228705,-0.022292862354703957,-0.024409851785434977,-0.012211244966345625,-0.02919466533041204,0.01951637423889463,0.002573145424270784,-0.01609325171887488,-0.004721360211728531,-0.009453775273044251,0.002386610468036121,-0.01162599268427933,0.0032724401225419086,0.005078263502006575,0.009784232433637019,-0.01739979256399682
2021-11-22,0.0029277193760173237,-0.021500047791085386,0.013736766668888123,0.009678806365647885,0.01648065432346102,-0.0067449177784617564,-0.05143017323633947,0.05621447013923775,0.021838387232961942,0.010148824785164434,0.003619326191032002,0.02352516856769582,-0.05422108127197789,0.013141951998173473,0.007435581385862644,-0.012423965783678548,0.0023993797440668985,0.009916694577556395,-0.028874472065096635,-0.006968632193687374,0.0020753481482593816,-0.015308734600742113,0.004566154496883135,0.009958052644488902,0.01156056608168643,-0.03589337112185853
2021-11-23,0.002421917021086628,-0.012485761076412305,-0.12311586695745147,0.014576506840583203,0.00405336153063085,-0.002025787520696931,0.0010385637983960638,-0.01367181164145681,-0.0062905745296036875,0.005851606319697167,0.002747293099127024,-0.012376315748246047,0.023964870226459434,-0.010223228704710152,0.007216629654246853,-0.011026129299086862,-0.0011135266918234077,0.005828851635206078,-0.0077973293877757754,0.00038132875974050684,0.00670123661454558,0.014141360354859245,-0.004545399500513692,-0.0068970454711704265,0.004410176191584236,-0.14710252422493375
2021-11-24,0.003283628936972649,0.004750788242335879,-0.03569950061529681,0.008474095955341099,-0.007967930516689758,-0.00157257345077233,0.06217581282406437,0.002475500692574961,-0.011605636121108764,-0.006805349871069288,-0.0005136819353998012,0.00930908604683256,0.033434893101223384,-0.018547283436282314,-0.0014656477790548905,0.011297350833929132,-0.010197121696361444,0.016257736887824947,0.0064673602091243065,-0.00869233812541459,-0.009137487718244741,-0.008487720288855471,-0.04174838004217574,0.0015406179397361441,-0.01576907854444276,0.008033312364559286
2021-11-25,,,,,,,,,,,,,,0.00011310675797693293,,,,,,,,,,,,
2021-11-26,,,,,,,,,,,,,,-0.05906313413741371,,,,,,,,,,,,
2021-11-29,0.02187354805728825,0.03834770515731889,-0.03328384577758803,-0.014139770999651913,0.004392660720764496,0.01887611632932873,-0.03397622942749956,-0.004050632386314756,0.010161600926256398,0.006969632220720445,0.023227588143049704,-0.025367730225146934,-0.0035784991496314866,-0.004329043090781526,0.006472992795394594,0.014739421327353064,0.004044951478229919,0.023345721245699114,-0.00270416887639513,-0.0006900235123670218,0.018617666502494856,-0.0011449286322460228,-0.0014355511361168194,0.004730595084754929,-0.0032149436460391367,-0.005585627123323
2021-11-30,0.031577696511372544,-0.02565857670512961,-0.0368634081904039,-0.01311751018974805,-0.046613314067928235,-0.023467157007870942,-0.024513372689891066,-0.024402575365708334,-0.04239938288307399,-0.009321411504049637,-0.011814148425985826,-0.035458348276095064,-0.02504562809584565,0.0024154446515691763,-0.028034250096447777,-0.04014441434422156,-0.035124581042832115,-0.02435458353714859,-0.033050134902731676,-0.013965764689131022,-0.026562836349288688,-0.04047621096852083,-0.038811787514268614,-0.04352050380230521,-0.030639223090290657,-0.034569331505734824
2021-12-01,-0.0032062606542520022,-0.01857132625932334,-0.04314076978974768,-0.009723298770616173,0.014544471498260547,-0.02029683837161389,-0.055721423778793855,0.020323080873078325,-0.011242775645541325,-0.01115584324195329,-0.0015371979170725192,-0.03676220131160457,-0.027435637606829433,0.04325297507460468,-0.006447284182606983,-0.04271701879237144,0.00405784782429941,-0.02855676964378706,-0.03759155510802148,-0.012451359066382062,0.0023783012014886307,-0.019207863592445862,-0.030907034642494557,-0.03628082497845608,-0.02127343207419663,-0.06480297389398137
2021-12-02,-0.006129743764377471,0.02201066659982054,0.01633249302486295,0.027785074728776893,0.0041905899785268375,0.028709375358324962,-0.037488434381615865,0.014810898006060391,0.033014440360279895,0.006723537746144315,-0.00017108853103775523,0.030451113140023134,0.0454484242892601,-0.005543286292651439,0.015369048892461379,-0.0006762394471888644,-0.0027527517664288625,0.02671297920515814,-0.0021043603155892487,0.005594995690387572,0.009648825068997668,0.034107992707087975,0.06005686198653892,0.036808891517107645,0.029616397545181528,-0.03014519504059654
2021-12-03,-0.011724548220416464,-0.08238074534691875,0.01876471412886027,0.005132492577694547,0.013946858466438838,0.0018825888446656336,-0.073048549069884,-0.036738735424734936,0.023544343550240487,0.016526052570174032,0.016595252727451326,-0.007092240856712895,0.005964964483888391,-0.005574263502168164,0.013454319727358222,-0.011437161261298345,0.01368475307470951,-0.017899859208217794,-0.023261442127235687,0.015907803374707097,0.02546409679481698,0.021837583672474015,-0.0031746784232343783,-0.012589972123397741,0.004152170485040241,-0.04083442936664761
2021-12-06,0.021502806688836307,0.008937032210341256,-0.011429145432030996,0.017593302335828787,0.019712216601895483,0.018639998581553963,-0.02779582364446742,0.004179794638504042,0.017480570832434372,0.006068538632579612,0.009003985556698346,0.01150769589652234,0.03483282933254439,-0.0018685555905472162,0.01924996339694851,0.035946992079685325,0.02671075819623936,0.010524438808096725,0.017537736600331977,0.014347451263252431,0.010381840055114333,0.025361419650688388,0.0377265992165563,0.02959264942141382,0.006625603374701194,0.010439311592324252
2021-12-07,0.03544605406809809,0.0448846455719043,0.019300604096490037,0.015948087095583707,-0.01285209004672827,0.03539746075229466,0.055802594007780426,0.03850135337666827,0.008202396338715001,0.007194295623087266,0.013927100140591175,0.008630870647502231,0.018540400320701922,0.01567801745031505,-0.0001627999408915226,0.015540896002374849,-0.0036682086693315963,0.017397367130717933,0.021038333071523807,0.0019011148350069895,-0.0011418015127820924,0.01314533197118628,0.03163358473481703,0.0453310694102389,0.01648023509248553,0.017326739583273465
2021-12-08,0.022783253870295672,0.004830994995278948,0.00234337155261799,-0.0014670692833034238,0.02216464653631478,0.007097591326529207,0.0360075938582618,-0.007514645265954356,-0.009350074080345383,0.00670327024168782,0.011843843632795004,0.010501689379178947,0.008335573483319925,-0.01140404840704734,-0.008630500924489248,0.024008062904067096,-0.002888877407564161,-0.005020193496551695,0.003996291527320395,0.021707839081051228,0.0017444765940290985,-0.02048646784317809,-0.004118850369702387,0.010767682117777566,-0.0032618360116946077,0.030678108149029715
2021-12-09,-0.002970015466973286,-0.031434648643647534,-0.023847335930307634,-0.0002939419581045044,0.005684251475665425,-0.0008703988095806192,-0.04715449635575453,-0.012115282543889494,0.002042959931088717,0.001528064690123454,0.004470903040743712,-0.018090652078880165,0.0063679951778392585,0.0041947071369192734,0.0018067540443575947,-0.002238484477713354,-0.000567727210867286,0.021640670032463172,-0.027193991523704608,0.0001486202830407457,-0.0012611177068345691,-0.006623174173804314,-0.0062040247017316474,-0.018636687966295806,0.008890071782160058,-0.033819133312373295
2021-12-10,0.02801316579361446,0.03458906465604539,-0.005365166746190697,-0.003282023115838806,0.0011515270163457991,0.015596740752654048,-0.03890783001135689,0.09606551820381459,0.007280054977385708,0.016403355235138584,0.004208107850151244,-0.009408104191053757,0.015673742212958475,0.035853704803692876,0.020823052868888414,-0.0002122462743131548,0.006593128401574777,0.022146829219015007,0.00108022739342295,0.008318922259356043,0.015994223413330122,0.006842615186725576,-0.00046269725807379647,-0.0022749522004976708,0.012442867680158454,-0.01604081480813291
2021-12-13,-0.020674346813120192,0.005882764938691221,-0.02792861123023982,-0.010862380610969002,0.02205957803291625,-0.002905238884537198,-0.024680387023797823,-0.047552612395784455,-0.021845089306942733,0.011473973522346581,-0.012168560205429446,-0.0288878390229359,-0.013174226677990397,-0.0033668133529423105,0.014615951822539275,0.014374249844885556,-0.014229631187437586,-0.006153189183673025,-0.011607740905433928,-0.004788122781962945,0.004971431286356465,0.0020912337089700195,-0.02729555362675784,-0.037671273283939266,-0.013390143073666927,-0.0036706757127192846
2021-12-14,-0.008023101787031361,-0.06598815623108878,0.011272835481394905,0.0019377966059153096,0.0015344629877824811,-0.00993525706805709,-0.009375557742349216,-0.018600095564400787,-0.0035697049855027974,-0.00508850012376405,0.009626435211426143,-0.006112784569809571,-0.013784769497934501,-0.034189252820025384,0.003482922188435378,-0.0022420687610664736,0.0008021504067192708,-0.011314129756681446,-0.010867432205771577,-0.005329410661639389,-0.002473265047991058,0.019998195109989902,0.009750081579472214,0.0035024989611731616,-0.01245665132140339,-0.014249362184792003
2021-12-15,0.028509238233720202,0.025160251287837276,0.011048782251127598,0.004513108020944623,0.012154020718831982,0.023432936988593722,0.052696871394474876,0.006982798127211698,0.0030826623455462165,0.011082124076967625,-0.005252186960683192,0.0004100903492485486,0.017031341758736218,-0.004897148101550064,0.02208550322514702,0.02373087947745245,0.006067211699086972,0.011944713531250706,0.011789525469877438,0.014511076467099038,0.01286958112868053,0.00946203925361333,-0.016486148684406232,0.01272935078345161,0.009963810368785575,0.009838371232897325
2021-12-16,-0.039264080207328966,-0.10191485173268944,-0.022148308185778842,0.017872062573815573,0.024621601891756884,-0.0066824427927554275,-0.04730943728746373,0.007924521985636535,-0.009386057176303808,0.012435799031667694,0.02290643193763353,-0.00901642930798785,0.018969310053072785,0.008717644121007284,0.01389107564588854,-0.019785672766077345,0.014392872943609358,-0.003312719782222029,-0.02310595311284247,0.011002760624332142,0.0014572419615701548,0.01824032062834835,-0.013888692632692545,-0.02392228345518921,0.010691448874230014,-0.0072388932780851345
2021-12-17,-0.006501540441772424,-0.0166934794091399,-0.0018960472153811692,-0.023281520647277176,-0.03397707161605246,-0.04610124061567389,0.015163374039982136,-0.028501223122766484,0.04947178387418538,-0.02347368741199296,0.011672849980650879,-0.009098286213691575,-0.010229229188070788,-0.04167819349722657,-0.011112862691520231,-0.0033143975486187305,-0.019965390041319586,-0.010085441083972357,-0.0073257988123748286,-0.003918033408998878,-0.020486680549537395,-0.006385797651196734,0.0019426806916811312,-0.010982191860378965,-0.006635820577315932,0.09506585623309016
2021-12-20,-0.008122106193581335,-0.012341899497696818,-0.04258735040076911,-0.029349073699269645,0.007646176665416338,-0.0012140387750274595,-0.01407946881788047,-0.01770365260979001,-0.019055678539822596,0.000906028729188435,-0.0026685398547067196,-0.03839737089493234,-0.035183648412589696,-0.021090915465421523,-0.002770904949467412,-0.02498584192753983,-0.012074273431219695,-0.01242669215680925,0.011947577414011867,0.00801234951858909,0.006654824530021752,-0.006844154109270861,-0.046776546405428165,-0.03969127689474716,-0.020136302711959875,-0.00886154112237425
2021-12-21,0.019086877344277164,0.014096803617279496,0.017855385936828894,0.014580954226046217,-0.004451589100901487,0.020865858838292173,0.028835605890501714,0.009783594994260625,0.026063803009263697,-0.002449222020124542,0.015032249566573341,0.04296877748126726,0.040709897435720954,0.0196136270179208,-0.0071012308636684285,0.026886090075064484,0.0016218949821298345,0.022313426093609978,0.018829791157308984,-0.005925195634429059,-0.0029512636662050173,0.017732481915279763,0.04068131507560624,0.03403308031323449,0.023069546916792083,0.007324326611614751
2021-12-22,0.015318749186857383,0.011586957797374398,-0.001128390012707925,0.019363590097804417,0.010162673139793021,0.025372070516783918,0.0014236467922261742,0.027027222858020172,-0.007898211627973772,0.008220510222714195,0.006047905582658775,0.005409782235354488,0.019216384284436394,0.015593123648107277,0.00792925130181743,-0.01122089698336004,-0.0016192686983531601,0.011391131536074184,0.015406982702001581,0.004652162780111269,0.006215895434430685,-0.004459015663004329,0.0036647360437274124,0.02548448179453411,0.006470538172125506,-0.031541436886405094
2021-12-23,0.0036438109686307563,0.010000380942156495,0.007291795170388138,0.020034779757057697,0.001307937195038189,0.011860702379934196,0.013282941596189923,0.005461957262687056,0.015442318854585357,-0.0021706982067292158,0.006782472486601243,0.01903962439228124,0.008671776038649215,0.005739587695061887,0.001696869999016526,0.014495237006688644,0.01349628217000709,-0.006387352608884012,-0.0002441942840030187,0.0020981221423874707,-0.0011178513269030077,-0.005391423862049494,0.004381854747505409,0.011497490172908797,0.01799062171574084,-0.007663288711798888
2021-12-27,0.022975061918220296,0.014149779901837078,0.010195648836067495,0.0008729098076989406,0.008339008866289355,0.008961927605203979,0.006927098322690561,0.02716023067004336,0.009573719308090478,0.00753450663695876,0.007578384320142684,0.010154639252180964,-0.0007487258882710179,-0.00285345621650257,0.008931044737004568,0.032633188952007286,0.009887350450985766,0.022898471813925347,-0.001579575004374778,0.005487344559919949,0.00995412060833023,-0.011091637315351455,-0.003393436316484144,0.02923261555022183,0.013761358203950858,-0.02196708368982292
2021-12-28,-0.005767269546585463,-0.014402450196831174,0.004440955742811115,0.0011627313605053757,-0.0017935559067003837,-0.0039807343814050045,-0.034571352395647126,-0.001922953601590005,0.0007414450946527928,0.005740672453320661,0.007673777497381851,-0.010454386900693113,0.0013043367828018404,-0.0041494113816942235,0.007478932881074263,0.00011576770335186559,0.005319917068556279,0.0033094536325983803,-0.00393073343017325,0.00926353009847225,0.005190342762517064,-0.0035419888724896875,-0.012888718440609015,-0.012455424982443564,-0.0019989940341738066,-0.019579588781175716
2021-12-29,0.000501863511058076,-0.0001229579282350235,0.013464500468986396,0.003436447805563514,0.00798576272428786,0.006198834657806573,0.0008118339333371694,-0.009634032313798113,0.004094475301186895,0.004451033398631399,0.005428676839015045,0.017066306961859956,0.0014138331871431653,-0.01968384508813359,0.005453787908450414,-0.009473730125106106,0.00433417399661562,0.010822479932030005,-0.00027833654686282294,0.0013516211035673464,0.003539227671952805,-0.004400933104728888,0.0,0.01627338901758968,-0.0003728558802670312,-0.010665542081401025
2021-12-30,-0.00657829250483255,0.002178241875657516,0.006841145186980757,-0.006028976571593181,0.004357169232162672,-0.007403596312421379,0.00045059187542895174,-0.004377244579171213,0.004155654536321718,-0.0028671816768305325,0.0041994989028317775,0.00039934547061504233,-0.0008306199747492027,-0.009380060626732467,-0.004089695135228055,0.00414064302837347,-0.004315469998763755,-0.006013113359211175,0.002538716171382127,-0.00902365253871884,-0.0017346172783700986,-0.009605609940076532,0.005419947141583448,-0.0012582760014968608,-0.0032618532203103623,0.04790719339325733
2021-12-31,-0.003535234276821564,-0.006082119362862848,0.0004925655827461295,0.003202426090080479,0.010648703684224214,0.007785701360041308,-0.013828170539120332,0.014655463900106414,0.00030943901918933925,0.011501882841731037,-0.0018670652515039299,-0.00039918605747102376,-0.004625906378031064,,0.008516896220954084,-0.02326045426244272,-5.645976697443711e-05,0.0022501525747853357,-0.015765657964702084,0.006452887270660401,0.006023391316370974,-0.004548868513992277,-0.005145758419157986,0.01865161598258891,0.0020570351291786526,-0.03469452268591522
2022-01-03,0.025004252005254468,-0.004743770417570792,0.005118007110024969,0.0012578782068248806,-0.007707136510696544,0.00024300350210926247,-0.04115287140382806,0.04814604789107935,-0.000348043458476166,-0.0013438693918269573,0.017806392875763466,-0.015182121825667583,0.03236671801859581,,-0.005127407497574343,0.006511060105891753,0.0006192885751870048,-0.01571600054137512,-0.008415775410804627,0.0026359237079585096,-0.0042026325754207505,-0.013364348232485335,0.0051723742072822265,0.002158448504491428,-0.003918812818855644,0.0019030549603467062
2022-01-04,-0.012691551948306956,-0.0183744621558668,0.02957314500078989,0.05352639417850957,0.0010813554529367497,0.00423997196876047,-0.042585564209608795,0.11667445378362751,0.024598644442028528,0.008539929409617342,0.014554619695015036,-0.006085070342515375,0.011969159205093227,0.04963625355168011,0.0072760380349945475,-0.005937455794786217,0.014009410196895944,-0.009834354090621278,-0.010412271093896086,0.002700035811706414,0.0014452628269723267,-0.003233370536372071,0.020583348011002034,0.013333928082559288,0.017751699140227784,-0.023933509903348527
2022-01-05,-0.02659991925969052,-0.07142600600039484,-0.020354070894196052,0.0076578725647349355,0.007071510777280965,-0.04235475300922664,-0.0628886961748869,-0.026737862601240225,-0.010494119677033287,0.010982385568803377,0.0014489377647981527,-0.030612066671982907,-0.003969136581713495,0.0400776137538863,0.014446895174323071,-0.03672752032390292,-0.004105892461199301,-0.02148784976875817,-0.03997297995443272,-0.03415517334735385,0.0034059985994381314,0.011397404954433421,-0.008883494188754004,-0.041195014572992905,-0.0125637744488869,-0.027634145410273536
2022-01-06,-0.016693377176580926,-0.0006026039752878853,-0.001164753122071982,0.010193270024490664,0.0016576654956506065,-0.002021772140473388,0.045659626047477087,0.0338122296395309,0.0040439095954358795,-0.0021827641511495965,-0.020836244719068198,0.0,-0.009131863566729459,-0.0011999737240719899,-0.00044493511410437225,0.02557275381998747,-0.00830139945714592,-0.005480393574339493,-0.025074012602912532,-0.001467383511749465,0.00023012452528026195,0.0018203934416036738,0.00411802697253294,-0.002490722120908284,0.009694291902949681,0.00829138213493219
2022-01-07,0.0009882838769439406,-0.006652110290666147,-0.003693867148351626,0.009910316008765019,0.008665313995831703,-0.001294327523688188,-0.05991370009951724,-0.0008173474860363461,0.0030396371729846106,-0.003662674127611565,-0.003768376906710058,-0.020210677928884868,-0.0009462873238273994,-0.018021677764303745,0.0025231184978977694,-0.0020151309673229756,0.010954865627183619,-0.019946297424257464,-0.022104133536815063,-0.005804630279410583,0.0012652933106487296,-0.05044563398574253,-0.050904767554017294,-0.008464591409327094,0.007016235471178911,-0.026824679172129606
2022-01-10,0.00011603658198300337,0.0296260123774561,0.002439180983836442,-0.011374393903772484,-0.007721984016513472,-0.05364431685435056,-0.0077774087501307765,-0.02414085003069788,-0.02818299133325397,-0.006178282341719021,0.0014833532268436755,-0.018908540950518526,-0.01552810441001784,-0.006933090612585402,-0.007698183024470562,-0.011211926906483205,-0.014114729131985637,0.013779249060784426,-0.002236321014684406,-0.02446234410187853,0.000517006890016658,-0.03644987560931767,-0.04677193325316842,-0.040443206526688535,-0.029473889378041962,0.005594355599842116
2022-01-11,0.01678401317442524,0.007721121705952516,0.01304132806133107,-0.007624840962953239,-0.009533218705275237,0.013933245523405358,-0.004899075294658384,0.02096446343056302,-0.003936918015620128,-0.0031340218782852647,-0.01599643278395957,0.011388647439078525,0.006540135287340432,-0.006981570322483033,0.0034313993460226566,0.019203218902407837,0.0088494855952026,7.808015071608665e-05,0.0018338246238440714,0.0020454725261898066,-0.0004595246094667438,0.049461045966825434,0.018933541439421164,0.008922931503880571,-0.0021726299239043234,0.019761263968211873
2022-01-12,0.002570102830857346,0.0046801796602931045,-0.013545900312440184,0.011138858608468194,0.007660632009257595,0.014622453347559183,-0.025983261656559842,0.004928024722238078,0.0026220815103399353,0.009328243535384306,0.005418667197113702,-0.014291910579432132,0.0027847272051730876,0.012131237874069445,0.001635447838217674,-0.0033197428390506767,0.002458529142286281,0.0031245913409105874,-0.006693282933398104,0.006350530251017172,-0.001091396513365539,-0.0010813150799262594,0.008898457250845038,-0.0007283289395451087,-0.00023657221909134662,-0.0302324673939528
2022-01-13,-0.019028158644458393,-0.02905868257980937,-0.0007791039194261495,0.020683451168248768,0.006725272172664942,-0.03232533702180562,-0.06323708110313009,0.0224767063849447,0.005698278203856377,0.004595889262432928,0.008758327047331038,0.021089696683560755,0.006016706787418835,0.027376695854016253,0.004007743918209572,-0.02034436912022386,0.008917271164529117,-0.02316542625547402,-0.03354309126671351,-0.006535797896483619,0.0016105325294855088,-0.006585466646709226,0.017639391590899445,-0.015644548386955837,-0.0035507674596430006,-0.05010247933647827
2022-01-14,0.00511063710832671,0.007157962849912991,-0.02495131131457995,0.008546416231057119,0.009003526437052933,-0.036874197059196145,-0.01858516814627209,0.006794254593558202,-0.005627210693383677,0.014180965829646786,-0.004081272966521832,-0.006024060531867104,0.007090196285710837,-0.008484634286180515,0.006800591128451439,0.016601163771557514,-0.012595472816578246,0.0009167925548541067,0.012500040409930024,0.0021928421687067434,0.008381983424802009,-0.014529708948973097,-0.021922019725599484,-0.00970509842494105,-0.018672538446980136,-0.01468232444909745
2022-01-17,,,,,,,,,,,,,,-0.007086519774254896,,,,,,,,,,,,
2022-01-18,,,,,,,,,,,,,,0.005117085882515582,,,,,,,,,,,,
2022-01-19,-0.021024608894292918,0.006311586988885232,0.00719772233861149,-0.031036717313895346,-0.0028094747560694078,-0.004598966332969634,-0.0021408409796050965,-0.07916345027302285,-0.004500079351961173,0.006655821610368484,-0.010230150470063148,-0.004494452089369938,-0.015206120422240232,-0.0018755459752457515,0.003413891382291867,0.004526020728028435,0.001121607042836592,-0.0050511661934193874,0.009905964877901408,-0.014406731863180089,0.007185504991299441,-0.014311111856625813,-0.00026692162113062246,-0.003458746120867051,-0.008901075403877301,-0.002980350220662231
2022-01-20,-0.01034700396021715,-0.011092204105393355,-0.04479121023460364,-0.022692418659283065,-0.009229559528269204,-0.027332602046491572,-0.023599400011766303,-0.03563451986202715,-0.005749685754758094,-0.002404405126259501,-0.005776119593955298,-0.039728980747723686,0.009065084081077979,-0.017449814819086473,0.0023668229344282476,-0.009480807123082746,-0.027510016487182765,-0.02210857218791218,-0.014752021746718191,0.00045665579374842835,-0.0072481921105588265,-0.012525949050593566,-0.018686534255392906,-0.033819434922297886,-0.007214359368121537,-0.00903134393901528
2022-01-21,-0.012765286057433656,-0.02141529276832277,0.016333222683318604,-0.011725114540158121,0.013924237720581711,-0.013419239730124377,-0.06554075976300544,-0.046189489233773195,-0.023251235591145947,0.005975055705960797,-0.011236664059356749,0.003760939814294151,-0.02450563845863729,-0.017349637390627226,0.00885456563914988,-0.04229844750462697,-0.005300284752384532,-0.006950016920623803,-0.21790458626053022,0.004565827384783505,0.0016095596727543349,-0.02344806718803305,-0.0057129204268224765,-0.026983298485398044,-0.0016807586221354587,-0.05230725899613409
2022-01-24,-0.004864267841486858,0.0395070499444754,0.05111462580685866,0.001121200620788576,-0.009477744839470503,0.0160592966088573,0.03500162070168078,-0.012590675052598033,0.003307453015278572,-0.002146267164935156,-0.004097252506411242,0.02060898075384987,-0.015940131837598903,-0.0504656626539669,-0.01097110990620409,0.018273554361087463,0.0008686518691265466,0.009781318496083324,-0.02603773201036752,-0.015907898512139806,-0.005108415592788518,0.0494982080980102,0.04487034899147324,0.04413022241882936,0.010794783247963347,0.03582549881441088
2022-01-25,-0.011384578033871606,-0.03259818496568456,-0.03304431532606844,-9.343093890046283e-05,-0.007713391205910192,-0.025116656342553778,-0.05796438282030281,-0.020107705163080136,-0.00683703457432816,-0.025760263873164657,0.05651278808319282,-0.036254947163309015,-0.03050773548024799,0.007613421161711598,-0.009318081971909198,-0.02772808684788941,0.005497840948502919,-0.022838440502519486,-0.05354518541655484,-0.010391764374550472,-0.011481162377575682,-0.009189084583252405,-0.01911511875990557,-0.0331652401736936,-0.010728562490597948,-0.04615886040836492
2022-01-26,-0.0005632414339388214,-0.003799338911265715,-0.011322910492336802,-9.336301633366961e-05,-0.026370273000518085,-0.00557431969195854,-0.02639014471299217,-0.0035037586537642884,-0.003605941607398244,-0.0032860622501723613,-0.013519491842735154,-0.032381061176770864,0.01741656087207999,0.024556800471658757,-0.005374645514347742,-0.01839080577554364,-0.02561173420189966,-0.027730246130261982,-0.01833953118428233,-0.011123275182429948,-0.010563553509730705,-0.01372188928682938,-0.01815254848078307,0.003033416549985679,-0.014558947170261294,-0.038110888901602524
2022-01-27,-0.0029434856809038568,-0.015494917840008005,-0.008460753889889538,-0.0098931108295649,-0.002930549992994025,0.01920911789163604,-0.012455836713466395,-0.018081236398326705,-0.005058423900739073,0.0012365010461719006,-0.012959880622991693,0.08366133556460298,0.01703132502197513,0.009076748196895856,0.01275874083174644,3.3927449958559563e-05,0.005079907649513604,-0.019600085906594455,0.0750624647376481,-0.0030676675315078894,-0.0009439974782811111,0.01736707282115013,0.007612968285673594,-0.006302848991594168,-0.020954548421057262,-0.025083761323531628
2022-01-28,0.06977783498186652,0.05092786933017046,0.016025287481097772,-0.051892361636692974,0.04398919262737211,0.018780150166272547,0.045936677443902285,0.004627413404111769,0.011780181880580054,0.012656263899940567,0.014941150989773666,-0.004541298878219635,0.09123346544458188,-0.01799020384349359,-0.01556261521360458,0.023995288315605157,-0.041490354280244945,0.018064545916712138,-0.006051134110438561,0.0070222079229365075,0.01948399143973445,0.024709953782543037,0.015380310811481168,0.020621196532498942,0.01755375927447389,0.051165851362594994
2022-01-31,0.02612572120792267,0.031148709828915155,0.016796151360666256,0.0019884264743195157,-0.0033980045195203257,0.02633396411379252,0.0762590278556805,0.03889439804837802,0.004412120200987024,0.0012192787713460884,-0.006914488439501043,0.00045600444468774093,0.010117253567313966,0.0008586922930111651,0.009184177292551388,0.03828174330599854,0.0179031842850772,0.0212221689587615,0.11130189890258468,0.011831111409103867,0.004922817307746685,-0.004417763719095413,0.008503696070959466,0.01368337052600399,0.019975054578256435,0.07280440441171154
2022-02-01,-0.0009726538877401492,0.003144287318292527,0.011785110006977018,0.018803378400956472,-0.0048709553716166365,0.010359320056473331,-0.03132160753497415,0.017733928895525386,0.024973656051508586,-0.006799479554786436,0.0146738003833764,0.046967548267627945,0.01470061197733541,0.003289162145305502,-0.005221420413414224,0.01832345816784864,0.008492992171662772,-0.0006036052512965462,0.07021118368766377,0.004646222516118348,-0.006800310662144482,0.012757668414177914,0.021080376774369247,0.023588324957932727,0.1408435091158151,0.009074370673849419
2022-02-02,0.007044304381311095,-0.0053919058893837635,-0.013937372695111527,-0.001996492598409838,0.01018133688512246,0.013173808792037445,-0.0927971216886393,-0.001452235631657417,-0.0007142296808805293,0.014356539618451958,0.012690843677569008,0.00958220303317514,0.011962350096393681,-0.010832392872340835,0.018296342230267104,0.012539047732360808,-0.004598985685417056,0.025280697841918887,-0.06048606116349886,0.011561494604201528,0.01816178416228187,0.00027394144664549813,0.009290552190484913,-0.0016921059046496323,0.006155274625468499,-0.04862533672644076
2022-02-03,-0.016719741618759887,-0.04175662488849796,-0.019686890075553354,-0.02122582204350698,-0.001453717349001904,-0.05028669152605858,-0.08026655129353177,-0.035869773563392604,-0.017869895427597315,0.02709774382255148,0.0038616824434249963,-0.036238103180929127,-0.016836898555826374,0.004178627376179689,0.0005889026660819141,-0.2639007904566625,-0.013620625146363086,-0.008625874409833867,-0.05560213245724743,-0.01531557184015886,-0.0005700009617709556,0.10220836846576575,-0.01994399988629414,-0.01864454957158479,-0.01473430775221407,-0.06866516863841343
2022-02-04,-0.0016793081932691134,0.00530507512541023,-0.002780750639976959,-0.010867878345344528,-0.01999214220176815,0.03374895442759107,0.05285128491540214,-0.09703392760642238,-0.012979207770526635,-0.005590670173250101,-0.004572820926697974,0.00626655435575163,-0.02017575478232625,-0.026689655227629228,-0.013541378231974543,-0.002818082244872344,-0.022264152046726604,-0.00016989876076733967,0.011267182008172894,-0.001779563972753917,-0.016422325095201917,0.0013247387806174515,0.00365272444403697,0.0026592860914944616,-0.01705382756611873,0.044657123046855096
2022-02-07,-0.004234493845064136,-0.012540351675376704,0.007745642798378638,0.007106581501063136,0.0015843236951116335,0.0034469663287495234,0.014887450590437723,-0.0038973973954099517,-0.001556773365097519,0.009517903364969715,0.0006566665047549325,0.008007166619382167,-0.01588172278041644,-0.003980617112458451,0.006863950768377425,-0.051372823863612416,0.002737549085826796,0.0044148492639750625,-0.019674750473384406,-0.0017830122929722858,-0.003942383030664076,0.009178101731363908,0.004678696287331752,-0.004019361760164819,0.0012011607346265052,-0.018459427824024766
2022-02-08,0.018466642384822096,0.008302093086977269,0.019266235916048924,0.008407493321161752,-0.003361780309818152,0.0020670384503227446,0.04105846907761368,-0.009502528025399526,0.00053346840017654,0.011186516786410694,-0.0016031274538759188,0.038120738849333424,-0.004679208466563778,0.0,0.008447020670388383,-0.021030660448153826,0.007693716227370473,-0.0009297141903570338,0.0035563680590011693,-0.007144650257812857,0.0012224912797822451,0.027775401133490307,0.024321178736628424,-8.235540134138297e-05,0.0006221516436588637,0.00883766953071019
2022-02-09,0.008293728151170798,0.0204181465084885,0.02774956910037818,0.010421929325466373,-0.003174386365978221,0.015742276439790093,0.03809392512615806,0.03555308674591795,0.0015583693463960824,-0.016231829461087033,0.0056194601494747864,0.018787391357314887,0.018697974264889394,0.04410895240102475,-0.0013228788313530693,0.05368328702475278,0.007573352133647182,0.00892591961140865,0.023195321515363077,0.0089951143079392,-0.0004650650330141337,0.021045923611916706,0.028289823640881284,0.032424559213592774,-0.000577292991030931,0.04842668402747341
2022-02-10,-0.023598860490361195,-0.051231453735176125,-0.017119663896500104,-0.002603297833328466,-0.017615488533261114,-0.013842482928458355,-0.024418537726968115,-0.014713793205158643,-0.015681435436085245,-0.0010805893629531882,-0.019316760075774875,-0.01760271821889492,-0.018302250006873688,-0.011199268885200953,-0.017510217519404958,-0.01693952073596361,-0.023832785399191203,-0.06976952098992661,-0.016033387584832637,-0.01658924787801397,-0.020763284829978468,-0.02303240600197609,0.00024578306115663473,-0.00539835850752135,-0.019505133868525926,-0.025935860457971693
2022-02-11,-0.02021834926046362,-0.04252351068673188,0.0009950692203457567,-0.009011513853755537,-0.00820574996313117,-0.04702002252335935,-0.008809302367261962,-0.02931445141053024,-0.034108507659198484,0.008701354999073097,-0.006216382825330102,-0.03882252970925104,-0.01234024683336199,0.06724017706390906,-0.0010483887938105285,-0.037357080027767275,-0.0012519186993044107,-0.02641306021312828,-0.03682276375373661,0.011193449006849931,0.0012473646131552218,-0.005194581680017074,-0.03781955366472778,-0.03165689695126128,-0.032581092844691684,-0.030743862819173295
2022-02-14,0.00142319669184654,8.441155520144683e-05,0.0006960883996016687,-0.006708525462332027,-0.0006863997126101973,0.0102406006822795,0.006207163698268792,-0.005128025015549098,-0.01614907260670806,-0.008967116243763562,-0.019142451858250142,-0.014203455041079116,0.011872181369530388,-0.0017464929602865054,-0.008395976559468665,-0.008426287478476735,-0.009590056612826858,-0.010138861075936423,0.01344205283761668,-0.009978211516448954,-0.011151837544802645,0.008274347038110363,-0.0033179893695994833,0.001325290473960683,0.0023420975247601117,0.006018060122262581
2022-02-15,0.023152206018091093,0.011582013293536919,0.015401563042787725,0.017609803113924904,-0.009121741456288746,0.012111002472060983,0.039186903861602396,0.03550986069756101,0.008491744842826998,-0.0023114686824980968,-0.0016133715087167655,0.021161711963945562,0.019724379688662363,0.014399292762218074,-0.004081953660718285,0.015158415486980603,-0.004240314836059134,0.04246763936360254,0.02746039403242362,0.00535440644291052,-0.004439243824129635,0.012110673921889026,0.04276597897414658,0.04687715506994472,0.0152810899354201,0.03385176777086785
2022-02-16,-0.0013885642460403913,-0.003753884865419721,-0.025051417874649817,0.0011305627560049825,-0.0067229716092656044,0.003642104809216118,-0.05281976214859063,-0.0038717399331310576,-0.006033160224991563,-0.001133483588616313,-0.005848992098856809,0.0017636542080323725,0.0036428541074871035,0.005836980675225423,-0.0024293086043388756,-0.020180950366931127,-0.010868151433993667,-0.008479386853066928,-0.02302065877819026,0.0017229978727792972,0.002048699141243615,0.0033850214891708585,0.005156920700150058,0.0051363419949452815,-0.008975426328393543,-0.057113680995525384
2022-02-17,-0.021269280222782738,-0.04184638945181696,-0.010037122820936606,-0.04370447442178038,0.009580256493661343,-0.014126088751071575,-0.05868531641800456,-0.02609676651096693,-0.020261107485022967,0.0013926835632902534,-0.032590034713454896,-0.0422535598087167,-0.024103600262971536,0.003165298211595058,0.005326505250365932,-0.040777613730940465,-0.03568186241768723,-0.023031744594778303,-0.02866255222114511,-0.0014855125835622207,0.002705759964050536,-0.022830736394576556,-0.026386538292777706,-0.032704430782799054,-0.02136452500875341,-0.06591574605522665
2022-02-18,-0.009356008860993192,-0.033099548140345214,-0.00932779220326263,-0.014326816034311851,0.018875822666757136,-0.004272269303039811,-0.03684644915378199,0.028506324614102407,-0.009537722548470406,0.0027717266703672916,-0.004961368597732219,0.011948631474944182,-0.010034559443524382,-0.006179238784683405,-0.0009082495356930176,-0.007462189846348721,-0.006862341239723624,0.008799804775741826,0.011948219482372346,0.003915136496233984,0.005757367515134337,-0.004576515291386696,-0.009535738470880406,0.01817834726874623,0.0008126827750065679,-0.018704635237352107
2022-02-21,,,,,,,,,,,,,,-0.020637594432059814,,,,,,,,,,,,
2022-02-22,,,,,,,,,,,,,,-0.010941572617232387,,,,,,,,,,,,
2022-02-23,-0.025864049649261256,-0.02041510450286732,-0.021203844703415964,-0.023743628470566658,-0.004342502166269746,-0.01606424948565699,-0.03980545860748397,-0.019664498565340804,-0.013545114469710073,0.0026728807678457756,-0.014928957019119227,-0.014578570684271708,-0.01916983248769788,0.004780256127115523,-0.0028585431382307513,-0.01796338421129895,-0.01614998638272569,-0.025530394879765383,-0.026286517756871408,0.004124241976202869,-0.009860574857239457,-0.01675980417288403,-0.01011106673461859,-0.035476590838476096,-0.021486494994648386,-0.05141775613970112
2022-02-24,0.016680201164281705,0.08003258619216957,0.03328459220721358,-0.010606952098958566,-0.012876446913820283,0.007561617294834733,0.09999142830893626,0.01179946056259995,0.005027068832173187,-0.028434389673736793,-0.0008191984779217787,0.02126669042166318,0.022561980850104746,-0.06497213489676823,-0.024592565425264112,0.046107394319946815,-0.004709829651879938,0.04652297199959876,0.06142165320926751,-0.02448857252799086,-0.017397466055844246,0.018280627084342083,0.0,0.05075052424018911,0.013253258899013964,0.05720235498639381
2022-02-25,0.01296528857414958,0.0037083377032953724,0.04640741911170876,0.012831977736451394,0.03829163826982751,0.026664140788018376,0.16214105949998903,0.03964989775342698,0.02223043771855404,0.03815846209732432,0.018119342173939845,0.033499545313219636,-0.0007851794456189554,0.04753585600480559,0.03263720498946321,0.013872681302792955,0.04739051862766841,0.024390096235368253,0.001974296394058106,0.01978076926501493,0.02802375849057892,0.014556026185985838,0.040857924585020466,0.013348015318582762,0.013321031014398743,-0.012995207608219372
2022-02-28,0.0016378474480462923,0.004596778132019308,0.00845251774841449,0.0027800027733284605,-0.008612147850441065,-0.01331871204908952,0.039948951596015636,-0.015142985098293593,0.007022353760924638,-0.010082169884362724,-0.013448180718404479,-0.00788439339481306,-0.02240639261429367,-0.02622819063208115,-0.019173017104200496,0.0026131381410836596,-0.012358026848541481,-0.009748369649827837,0.009518879626979615,0.01293143292949539,-0.027556784673149592,-0.017934016798408003,0.0034349592259230732,-0.009442714986796719,0.0022386271233767463,0.05809133758713281
2022-03-01,-0.011627912465340784,-0.0021382141970166524,0.005587781014080528,-0.025322508395223764,-0.0098108270084597,-0.036243390928861086,0.017044350184334034,-0.04897463825032078,-0.033112898407794855,0.012854780365929575,-0.009468746536879458,-0.07108172459443973,-0.04528574570087818,-0.053156425933643225,-0.01740998316637765,-0.0357294590571573,-0.026236061285154988,-0.019144166110830807,-0.020987506895356445,0.0029223571610543786,-0.008977703945634352,-0.000649305902166164,-0.051100127809388884,-0.01465951998497994,-0.02300164042859265,-0.07405736706039556
2022-03-02,0.020588245126492266,0.009642581791858174,0.03766193666049755,0.05349248329558853,0.0009287201099812403,0.021569403628538764,0.028565987652323876,0.08383222299498527,0.020194721899324364,0.015473726085231343,0.020684019786259,0.027566626830638707,-0.001132150184901204,-0.035821940367420146,0.005595244171888947,0.02270398737734447,0.017063692549361686,0.029970736963255806,-0.016078142823986008,-0.0029905793646408663,0.013865867241298568,0.020141303224253226,0.06544706619506235,0.03384729385066798,0.0286021714182898,-0.00952922447123039
2022-03-03,-0.0019813449786367787,-0.025680220492387607,0.09222536112147539,0.01162961671629903,0.022891424008431027,0.0015425958583212829,-0.01388631745325597,-0.027624496373665264,0.009395605888104841,0.0005288719263203401,0.016712363605090985,-0.02867731770059956,-0.009009249125841778,-0.06009985344770674,0.0032458582864107743,-0.02469861079643665,0.007336105483902955,-0.005029347406024787,-0.03147117852197767,-0.010690638070179004,-0.001070655293442635,-0.013454302598528423,-0.03163036380078521,-0.02047181535673326,0.004587052808570968,-0.06989556744790015
2022-03-04,-0.0184082982034407,-0.0151389341568674,-0.03668044618514821,0.004156898161137956,0.015020309639024232,-0.022279527714977876,-0.05138309874703739,-0.0426136073785669,-0.027294273621608633,0.022484952933377045,0.005479146177040706,-0.06523814407775874,-0.030000898650986207,-0.03670488729433952,-0.016638592344125014,-0.014337108475142357,-0.010586716723953615,0.006273223450186105,-0.017224954071694776,-0.012905225055664604,0.01518959005798548,-0.005568160548874657,-0.0841709834627794,-0.01854476338811839,-0.009603186498611915,-0.03686675047691301
2022-03-07,-0.023717460463336226,-0.03131843387783895,-0.013100913748624765,0.005315537799501113,0.010129993730908504,-0.07637652843484144,-0.09289437982896309,-0.05222547613733575,-0.06269228977899688,0.002631359358230334,-0.004343580663289215,-0.08405501674099436,-0.053936426745440635,-0.010517342952209519,-0.020366514155944704,-0.06293107033315215,-0.023512504583569682,-0.02892897545391704,-0.03170871502187966,-0.043947401275104436,-0.019909450765187242,-0.00746554864915161,-0.11879279366888362,-0.043407168185833345,-0.04377571603326136,-0.009730174079612408
2022-03-08,-0.01167619851690238,-0.014704209017642245,-0.034189736481770705,0.06761551094821927,-0.06282558785819403,0.022624743516934664,0.0068367673653479955,0.0037571245532961317,0.014421361344365557,-0.04391260239888539,-0.0030934417332637576,0.0038933038369211026,0.004505810711338043,-0.0067954936263020516,-0.027666819609314608,0.01504228337614033,0.014796068331301537,-0.010992505227962912,-0.02426775153084515,-0.01837046117192831,-0.028193563191401982,-0.024773304097442717,0.009651410853677378,0.023315450807105842,0.011084547974758774,0.005654436650740946
2022-03-09,0.034997581211588136,0.044817269697585704,0.006032019487920648,-0.001047523507676007,0.01825399680267581,0.0290545943348941,0.04543819170498531,0.021210098686559986,0.062405379987450216,0.004264736683422532,0.0042965782579349465,0.044875526952352196,0.0439032303067437,0.07649113293114951,0.008059246871752634,0.04314483388653434,0.008253137443640979,0.0353523823167583,0.04983037789904343,0.048002586506658895,-0.002976918394150929,0.02246815260459356,0.10638278911061794,0.03980282152027392,0.016567482427923608,0.00543832591854243
2022-03-10,-0.02718600532621518,-0.02643773823773321,-0.03027336724471852,0.009581449406828924,-0.011744951451266417,-0.015557569275224115,-0.053482624570741155,-0.002443442680660768,0.01181221362052387,0.001269114237799629,-0.014815568534546353,-0.02279956227176938,-0.010788542600000728,-0.03699475735668212,-0.018436863777237744,-0.016574261187436545,-0.01821270964117594,0.002706353188897115,-0.005630130992991811,-0.017777000877787774,-0.018360740681910848,0.012955259072650271,-0.008639885393010305,0.016233150995755397,0.0019343581677617738,-0.05271360380893386
2022-03-11,-0.023908916428189486,-0.051418172221336156,-0.041252785813946535,0.014353905918107479,-0.008027611259082246,-0.033399199352231346,-0.11498023698243565,-0.017758506922199047,-0.02781829516224199,-0.0021934663343590177,-0.003136158503596942,-0.011394664961825507,0.0006160951160600892,-0.008461662520801716,-0.017287217333729288,-0.03893255457247591,-0.020635161550297765,-0.002384158402693237,-0.04610804520839373,-0.02168605935035084,-0.005048476709959671,0.008337304916069987,-0.03429854920992681,-0.028626368693728255,-0.015831821551261283,-0.050420971568267636
2022-03-14,-0.02656240571083912,-0.01172007499300054,0.0005286111658213688,0.00283953224720368,0.015554231529413265,-0.05241650437214407,-0.02400398895924749,-0.01870339821500444,-0.009616348236542671,0.009868405197709595,-0.00016139936205039618,0.0,0.011699756209704093,0.03703716048372807,0.003721180141367686,-0.005223504326785311,0.017877541236568373,-0.010091380131464489,-0.02735659717181993,0.013916795149747863,0.014050918451462113,-0.004013888245702257,-0.01775823687972422,-0.029822855446838048,0.001962049347407735,-0.03546680859683138
2022-03-15,0.02967736780914243,0.02469016685810299,0.04670309644560744,0.004734174937321978,0.024009181557640424,0.03402838128754104,0.056288063550432144,0.020330342066021467,0.024155747368832303,0.01020761252793223,0.013716397697670857,0.02085639123778371,0.019507534046666608,0.022712118820387595,0.030839164452753254,0.028934266850772827,0.0057847919376401435,0.02733708004765001,0.03848820862051694,0.014629720097658616,0.019949744155197235,0.01781266368759238,0.041790025567618905,0.03876710756055268,0.030494213421682126,0.04575234424112118
2022-03-16,0.02901558716144237,0.049091641392767116,-0.0022207847294863914,-0.0017552917351933983,-0.018797483357214873,0.04627241637601198,0.07065125591685528,0.0323784498713342,0.04485972124786142,-0.014941126158232398,0.011142968842540624,0.07957005791018945,0.028895516687186262,0.0502094304348768,0.012751407628587064,0.060407284825490626,0.008315253614062268,0.00938888349819833,0.04008722478693172,0.0016201245933746833,0.004402455028670538,0.011719878116736249,0.054338655645233214,0.03804729575376897,0.03500701761622094,0.07951899585852695
2022-03-17,0.006454074944901578,0.00452120459858163,0.004552744986793034,0.02600885324304425,0.001957162587328476,0.005574736445862483,0.058814701896555466,0.0,0.009073517487204974,0.004910017333413119,0.007241766586947307,0.02041821180021075,0.005106341322016705,-0.019307474954256887,0.005165504330530535,0.02067458151599255,0.014981895864067951,0.017369202933201544,0.038793978170451826,0.025070665085228594,0.007764572945773818,0.00931434466093739,0.00998370702134821,0.004669107798427996,0.02028445261167433,0.041651111289476184
2022-03-18,0.020918750342703296,0.020186338816278404,0.025682466935799786,-0.0035633551051934553,-0.0034950283694014095,0.01644689424768897,0.044607620348212196,0.016887922088595797,-0.03978411377491098,9.660798184363273e-05,0.006251855699674902,0.034163043346997046,0.01053583569181149,-0.021406266332696156,-0.012204907640705476,0.04161859950130764,0.00426561474146947,0.010009496666953277,0.024771190058204384,0.02777122367572793,0.011494909160365552,-0.013726218368718901,0.026182267671137183,0.010121126365041366,-0.011424983446586379,0.04483779156006196
2022-03-21,0.008537448094775746,0.0005735551878909284,-0.027494198247509538,0.012674735406672077,0.006189543397544295,-0.010474388064874995,-0.0387161873482369,-0.022538680383165977,0.01484650264694598,0.007884720784236299,-0.005125681761240175,-0.03256272026383067,-0.012882618416109382,0.011017081349171454,-0.0022760825191350254,-0.02309564482572657,0.001753005279271802,-0.004375900714975289,-0.015790901676732805,-0.011591346235262145,-0.0014127997420002592,-0.009514174991439805,-0.013798524632737785,-0.01421158245139853,-0.005550986437716121,0.005073993579970626
2022-03-22,0.02080086036383544,0.028351630267350325,0.0026253853698758878,-0.004470018974064072,0.0032804759159819064,0.028944766093940366,0.042032723328571775,0.03701471241003351,0.019850469460695352,-0.00028769214002055676,0.007493929662137466,0.01268303557793149,0.011430475543867225,0.013265954678634673,0.003258934303221883,0.024398047481404728,0.009153388462515455,8.617908592722934e-05,0.022237651599058772,0.0024076191023607585,0.010949890319780664,-0.0022227157951150156,-0.0007920211304370817,0.010578957217865614,-0.0006404188117156151,0.025070593277293884
2022-03-23,0.008233587878876403,-0.09336481331512425,-0.018594005816904624,-0.0024245437291946503,-0.007357346835519474,-0.030045902458287976,-0.038988187381429174,-0.02399065170956094,-0.022509754650175795,-0.0025926692031256193,-0.005888666878582471,-0.03034683458868559,-0.021028483249990626,-0.013092273176041114,-0.012831013342289532,-0.014723997712065895,-0.015072636286874053,-0.02287909227558893,-0.022015003360225105,-0.014100950596534156,-0.005232968981146668,-0.0068421569647462155,-0.008454248133361708,0.00010265181506574628,-0.017580852949100834,-0.02495830898996121
2022-03-24,0.0226778732232642,0.021849186297729917,0.0012424569396538576,0.00018011996166911182,0.001029411509420708,0.011886050758492361,-0.010598683890630234,0.008992768266527174,0.016480931508194407,0.01675013419102056,0.00740445328172612,0.008445092097230988,0.02095384017288504,-0.0031586277742301494,0.0011517098615834165,0.028623621427324553,0.008802651690924312,0.018784684463291956,0.0032577059194374147,0.010609131129881488,0.006055600847474363,0.006889294599774276,0.003197402758595036,0.01552114641304736,0.0003728788736658828,0.008047277296917343
2022-03-25,0.0037341443934237883,-0.001203358896706308,-0.004239306459388303,0.005175150642179105,0.007507232245077766,-0.006469471305991958,-0.061293976859597143,-0.0213903767594803,0.006396566597901998,0.01481738922610476,0.01624771952817361,-0.0039409609474840845,-0.0009445225175260807,0.0014259128613520744,0.011010807344103535,0.010247241571749388,0.009934187481355883,0.005886372779575488,-0.004950648856961504,-0.004665662993332931,0.004681714369145107,-0.011138399463430537,0.021248343121643476,-0.0019452026596489258,0.003214301443686285,-0.032441610996383985
2022-03-28,0.005036468269857375,0.042606957176403615,0.004465070420827777,-0.006760287506750728,0.01286096071280629,0.009931046554070955,0.04700714644515891,0.012143421114389374,0.015403976267412078,0.0013059285649617003,0.0009136400439349046,0.00197832999195513,0.004211681593894179,0.011074171118708565,0.0008126949518572069,0.007979476987074907,-0.006579724013264676,0.011704127482824234,0.012464984322343442,0.008593869228025852,0.002965437366861279,0.017700434840150603,-0.0013004662997947447,0.0010378000215360839,0.01950330886822771,0.030896134763781724
2022-03-29,0.019134406263592973,0.03626580843199556,0.04155894832996698,-0.003651357316979853,0.0059457120575663325,0.02633098926528854,0.03161545470675953,0.06478688897306117,0.03703579505570276,0.0004195266101036932,0.003574760265955934,0.05380042355965342,0.04867491437463123,0.04600220597569016,0.024200058459307394,0.028042384194508996,0.017461636017261473,0.012376704665410854,0.03516412791928736,0.006583980478333196,0.014843292956970844,0.01533714909884476,0.04583358697685336,0.027864844511832576,0.013208626005831947,0.0750106889476605
2022-03-30,-0.006649361608501159,-0.01344539101969211,-0.042878375062854523,0.00922929085662183,-0.005910569513145059,-0.020250700292289925,-0.058494267544484835,-0.027042185329835267,-0.013916149083040064,0.008894290121439719,0.0014401846494862536,-0.035596908074796985,-0.014447238909006899,-0.022438361485475622,0.0006379626371966207,-0.008744407669596388,-0.004273951959394284,0.011552888725905985,-0.02641518728935288,0.007695162163755098,-0.0013671303797255785,0.0014016515837440569,-0.024651670382013213,-0.011685116851168464,-0.010114662982995015,-0.030651058776368645
2022-03-31,-0.017775907919741263,-0.009650920455958056,-0.057347284210874205,-0.0011655620165813563,0.0015115545025898847,-0.024502103780265183,-0.07639713856876729,-0.02084539792256901,-0.016408352299599027,-9.209705946577884e-05,-0.015969043534036387,-0.04031097007183715,-0.01341638864910688,-0.023565312296076613,0.0004779638819845111,-0.02409478763958872,-0.01683945207929316,0.0058975764190429825,-0.01803548737515881,-0.006490966182836511,-0.0034532667296285346,-0.002021547792993017,-0.051569959722921443,-0.008786555766762572,-0.02606724735764321,-0.0421602750097837
2022-04-01,-0.0017181489413556905,0.005640681602566033,-0.005720724439592817,-0.01368818539995209,0.01992355299981674,0.007675065434254114,0.022288415671616324,-0.015375568618587687,-0.0438219879977102,0.009878535325577031,0.0009996834416019507,0.0035425360215359802,0.018439810603532614,-0.005014943487559931,0.01194650038421119,0.011198055095753334,0.005440463989167643,-0.01676298616904137,-0.002989922657136934,0.010145894973587533,0.014218922598710382,0.018776623075214438,-0.027994654544626685,-0.025111747198397927,-0.03646363469845815,0.006738831898925213
2022-04-04,0.02369351184331303,0.023178146752657725,0.04381518359273251,0.004732243193452668,-0.005426241686328992,0.015341911619270343,0.07178272253541129,0.0006005879214212584,-0.014734718114090772,-0.010284734772354365,0.0009220640132874269,0.027231464354588564,0.008077546788291867,0.012127971476044497,-0.007712834283262637,0.04020441238347616,-0.001068763401945394,0.00734869999720722,0.048277007468214395,0.001674235188924289,-0.002591724538573814,0.013994988842348954,0.002769242901372815,0.0267889183034955,-0.006920236457026663,0.053041876921611
2022-04-05,-0.018941945488771927,-0.02182123043365669,-0.019292092619643486,-0.021692766992093437,0.0008929254891514304,-0.021391253702439217,-0.043768756225461614,-0.050420174490976244,-0.03192791934185579,0.008728861035611546,-0.010593212629826043,-0.032400644172187354,-0.009784416950010533,-0.02023040231058726,-0.0004760346275106686,-0.00876475833629109,-0.004213196084153603,-0.01008807875866835,-0.028991113460882234,0.007672391627747022,0.0010629966573101335,-0.0047513239216520065,-0.04832909277577779,-0.0006773092593925778,-0.03898433887147079,-0.018184761493632684
2022-04-06,-0.018450804192419956,-0.031074186439129292,-0.015780259224369764,0.0008795472711791152,0.01169460796824695,-0.029083710041401867,-0.03640277435497019,-0.027180854549374245,-0.033312849456901494,0.01529240737094728,0.0038791203293369048,-0.01522057802498955,-0.026890938595303226,-0.011594568168934005,0.003174154470979129,-0.036835580237152055,0.009402129485918787,0.006779965447825775,-0.031040387323986063,-0.00987568153991647,0.01705013487389584,0.01326153080903647,-0.025246908502172483,-0.017923972735128024,-0.014299563742123156,-0.048598594233060455
2022-04-07,0.001804096215561879,0.018882395746371516,0.01109158839974489,-0.0014338777008388037,0.013127028679170483,0.008650195527690752,-0.03602458140181408,-0.02793996465880788,-0.0011272956566762415,0.004329113580319399,-0.006491806270200962,-0.007212939859133294,-0.009941499085599492,0.0008034434468970897,-0.005062456810350557,-0.0015675357499181919,-0.0023286030211872033,0.009243740859102623,-0.016831788985875673,0.00845138455899308,0.0009279025921531403,-0.0032159099891778675,-0.00863339719725853,0.019350240253482864,-0.008693839455343966,-0.015246762846943929
2022-04-08,-0.011909118198772384,-0.016301477431775124,0.014011237488241512,0.005233727376407815,0.0002900008408859289,-0.0014228648832002033,-0.036130593033892655,0.0060159147454268425,-0.011042047884012751,0.0045350036428355445,-0.006379006211681415,-0.024909321374161353,0.0077813047310912875,0.01509307660028436,0.008109392281460348,-0.0027808967102010973,-0.0009337139961012042,-0.00758417508082887,-0.017313237573530205,-0.0027179858938748414,0.003361608829510976,-0.0033014205538970387,-0.0015013982077924926,0.006946158338309472,-0.008977644988044875,-0.029916009255379183
2022-04-11,-0.025515915554618296,-0.024475667997747697,0.008568886919988028,-0.004515409615888588,0.005123260033681465,-0.016352091073786212,0.005489787095525278,0.01528240720760965,0.012902087277792074,0.0009387783746277467,-0.01064751002254305,0.003725642900992643,-0.013909985754347431,-0.013128784196106191,0.0001576209037070786,-0.026402131648761595,0.0020693661709014766,-0.025515641112637266,-0.022142350973788583,0.025827800387252298,-0.0030612280663980806,-0.018217301116770335,0.009022509970739279,0.0055535077926036625,-0.0006808771642676792,-0.01668168123234326
2022-04-12,0.011523528991881138,-0.017654942879641533,-0.009876873382495766,0.003008492164287224,-0.0006731788242361203,0.0016013298843342572,-0.036427266916857715,0.005235657949460348,0.001273733653968545,0.009333174117816201,-0.00308602743821218,-0.005832573515251571,-0.004519524196960445,0.0017630249121840524,0.004100444617809895,-0.010718011041339626,-0.010258447712669372,-0.0041999538103735246,-0.01120687925858066,-0.00982021965166513,0.004055362514009397,0.007820890985562823,0.015201260423934881,0.0052503717955239,-0.01545791330185975,-0.02265017103695821
2022-04-13,0.01634263327287866,0.011481651803556314,0.021452489427492116,0.007245208939381298,-0.010201081984690608,0.01476975835980432,0.04001774585732987,0.009765583543820178,0.009443232817562652,-0.0019465790669711547,0.0012697815004634183,0.017066760062849573,0.027009852834342984,0.00576014280776227,0.0028268790708092517,0.003969520140786775,0.0005384094862597166,0.016697641225377424,0.01839579840084249,0.00900202251967519,-0.0017309069488194995,0.02594369907301286,0.010863132738284209,0.023651160995000975,0.005215997954495011,0.07796957605392385
2022-04-14,-0.029988263286590766,-0.02601526776704899,-0.014596453732072856,0.04370722106084535,-0.0019446000945169128,-0.010165728925838335,-0.014301526242596951,-0.0019343592219537298,-0.002762910674215524,0.0017730207665047626,0.0033297470591913125,0.003146277711445933,0.0075464331569194965,0.007317847127081167,-0.0020357614496782084,-0.02237329808076305,-0.00861027192482211,-0.012952379482990217,-0.026538832994132955,-0.008846145379985293,-0.006358565317005738,-0.014015784616318916,-0.020040602875925906,0.0003609961407566864,-0.004500683919653303,-0.03986423409683948
2022-04-18,-0.0013309513958957853,0.011963654148246405,-0.003836108309883013,0.009262062213009958,-0.014028212565344589,0.0009476701040658231,-0.045945242704552136,0.012273890116717645,-0.012054081179952991,-0.006947502913234649,-0.003081394494251044,-0.017250422040282598,-0.002850886809590669,,-0.0023541060755398746,0.002807251836764557,-0.008142115675279227,-0.013808534984887544,-0.009585778860048189,-0.005263612881087898,-0.008609432300333952,-0.016546411809922112,0.005038321196156881,0.00045712124190133707,-0.004573813344150968,-0.04142869908411295
2022-04-19,0.014115007394061019,0.025689220495974663,0.022357586593773515,0.00974272169889745,0.01126383622285343,0.039527243016146185,0.04363175198300717,0.03063178586617754,0.027304916157651293,0.011452263638784377,0.02361883336740589,0.045744886619200065,0.0198152786282646,,0.02579833637220963,0.031028924947484438,0.02681614774249974,0.018480457840412745,0.03181793598746818,-0.014723905855400177,0.014552205095982984,0.01590689677123258,0.04158065484046358,0.03013177878425055,0.01886075269276133,0.051446969465754
2022-04-20,-0.0010153596425457323,-0.018996353485028483,-0.012242298273812846,0.012577437923179557,0.007132263363069047,0.013476370492441658,-0.06834935545877585,-0.006191977807860738,0.0018199940092593625,0.01189551741064232,0.07100275990999094,0.009155570829128878,0.0039025971672046467,0.016645840306315884,0.00797432242259033,-0.07772298626200358,0.003264557038302529,0.011783958039051301,-0.35116607551133094,0.0007784097753873453,0.014864019412232032,-0.0010540020598587274,-0.010192222128964534,0.007026658729450741,-0.001363458273475282,-0.06727831747078505
2022-04-21,-0.004843613268571634,-0.024830008009519067,-0.008050789984196616,-0.010677279889678704,-0.0011640631889301423,-0.022677007154969675,-0.05232289875216323,-0.021806712437191123,-0.011138239296023644,-0.003875110701049622,0.011061173134309543,-0.003024277401481368,-0.0023270991275260444,0.0,0.0016732088036783832,-0.06162055600737637,0.007835926400106885,-0.017089995965165583,-0.03523581926439867,-0.007466123978954409,-0.003590436319481194,-0.004521055013693709,-0.012013885419033477,-0.023065538723182732,-0.008559478515533292,-0.026518805023423075
2022-04-22,-0.02782126761572601,-0.021102800916813824,-0.02520305664174871,-0.06549717268101041,-0.001651381856590306,-0.029085987713326822,-0.03320559213102803,-0.036305693889008395,-0.007976308814849231,-0.020324294151086164,-0.011440715388934097,-0.03488360329556872,-0.0363846275173878,-0.00948718826593331,-0.011846869699527418,-0.02105600395637197,-0.017131282490231103,-0.034345254318148055,-0.012372855445579867,0.017395333887639364,-0.015385416336115232,-0.026268069911390746,-0.04574403987899034,-0.03540322988267863,-0.008739398923043096,-0.007726585466830582
2022-04-25,0.006737154066417617,0.012919956458294246,0.019609966683529212,0.0018492630649649122,0.012063372527452376,0.01583081321093527,0.03708966325229124,0.010645413156943118,0.00092587986538617,0.0037475456084443692,0.0061484161849143515,0.007857396459708177,0.00973865070164992,-0.013903948252735998,0.01106684824407922,0.015642901317787672,-0.0038211187926056045,0.0005334882197614021,-0.026030104991789482,0.018792366858871645,0.009235965193310713,0.001399286963880364,0.006371216836136062,0.02860939362727577,0.013304666590942427,0.022661518558005467
2022-04-26,-0.03732814525595829,-0.035825623028190035,-0.0025785970373459755,-0.029534046328516417,-0.013842048110895067,-0.05014540841269266,-0.019106378550740932,-0.03159984605388999,-0.026290398745957066,-0.02155739727717687,-0.02092029090758518,-0.03378367950657257,-0.029582583787526984,-0.014413280413776097,-0.02645174327990485,-0.03230116490786905,-0.029475125690869963,-0.025416401165859304,-0.05483298136748116,-0.03326284415049274,-0.00253245402149449,-0.02988896378395678,-0.022007785950117542,-0.02585265149823246,-0.03475013033144825,-0.0398282090376596
2022-04-27,-0.0014666408060172165,-0.003056727890430322,0.0021546024035972167,0.017403916726702606,0.0153038034319124,0.01911563830720331,-0.025571846398820597,0.009517444419579801,-0.00369990963036404,0.00958539381513912,-0.008297305797225873,-0.021517000504527095,0.05073955558720633,0.0,0.0001560456687910161,-0.03315847390587645,-6.931746938865224e-05,-0.014544390092292026,-0.04969758333930985,0.010165854499228244,0.008944169771947674,0.03905240142617172,0.008631498434888751,-0.01117027457579911,0.018301284838766918,-0.00752336172405077
2022-04-28,0.04515511701775177,0.03174165638740445,0.005912019336584695,-0.007104221224591645,-0.03609848999674592,0.04887517694193244,0.044387432764740664,-0.015488263850321315,0.03809077615931611,0.02582770680634372,0.0050347239007211275,0.03628361492622734,0.04773602009329814,0.05722459465387364,0.03387976823175132,0.1759359500601605,0.020317588447519963,0.0324789370642653,0.058236955946862956,0.004876842438943374,0.015155872170402374,0.018869288637058723,0.020782378223579423,0.03634742214808817,0.0201714583030832,0.050604329778967116
2022-04-29,-0.03660448593277155,-0.03551503328774741,-0.03900416942521179,-0.00894387309253819,-0.02828672385745068,-0.030367616526135066,-0.08529637854618388,-0.03146384808147484,-0.039206873259252206,-0.009693763272573652,-0.02600546505550838,-0.03925732095306622,-0.0407832419445453,0.008870810718259348,-0.02627585728320181,-0.0255673996928778,-0.01984506236307826,-0.042435859605189474,-0.04591020356970166,-0.009013104882711565,-0.03261991284855281,-0.06916601671065259,-0.014371589706002164,-0.049398746996915266,-0.05353380922983009,-0.029153646011558343
2022-05-02,0.0019664666417034127,0.028639969663547538,0.04314470939704784,0.007267302581850377,-0.0135300974377065,-0.012989575785497975,0.04163533803808561,0.007768406443411147,-0.008704919815621937,-0.03649735291556,0.006277774880200981,0.03533954559333896,-0.011943354053508881,0.0019323845836971554,-0.010701054100165086,0.05317510637130862,0.011718246565832757,0.005054169017989496,0.04780415428483131,-0.003420459075586302,-0.023003782854613353,0.026473770389334517,0.020656383865978345,0.022051411968705414,-0.007778537918923356,0.05242544176661745
2022-05-03,0.009622676718778811,0.0007119694106412222,0.00895434061574929,0.00730876878796094,-0.00602663869420772,-0.05797492807400939,0.035644371024523114,0.020322277614296613,0.012334294599905204,0.011676535194639293,-0.003908568235543752,-0.0079998788175345,-0.0034816797204627603,0.010607492725933865,0.014108737558466755,0.00426262011176437,0.01487223549939265,0.0019553159538387987,0.0020555684331398094,-0.005070171927866518,0.0013710478635846624,-0.001186613602401243,-0.025595094323130896,-0.010652143845818474,-0.002575984436528289,-0.012024068376964459
2022-05-04,0.04100813510351409,0.03869183976346657,0.033174685554568706,0.041990447115116014,0.009094433156952908,0.04781697673818042,0.0875360903075042,0.028846313422776104,0.05039113269718287,0.02390138217075477,0.03682475016917919,0.020430173452932632,0.029989855595112802,-0.008746809386714127,0.023187483061939185,0.053671681849247754,0.041531499679699824,0.019471392187491388,0.02071344211783166,0.003528111448586113,0.03494275048077333,0.04847508513580556,0.015577147968885763,0.018468218874988063,0.03188868500974018,0.052641791189961484
2022-05-05,-0.05571623102452339,-0.05395062243675952,-0.05706087979420227,-0.029920529515310657,-0.018128922382587564,-0.05997825469503637,-0.1682978250957321,-0.030040015857028646,-0.010740393687983074,-0.006612290456740388,-0.01077149919116116,-0.03336879027804818,-0.04111047092579989,-0.02133801798831292,-0.014503605641751904,-0.0677230203847985,-0.030927778481598334,-0.040979100976228366,-0.07690791668922181,-0.012031294428395678,-0.01995863433469891,-0.021228442649479318,-0.053233006954320206,-0.02939019512310237,-0.02181727523246879,-0.0746926662534837
2022-05-06,0.00472739898794039,-0.023719756731072295,-0.008675854784756964,-0.005927843130366317,0.01002338244191181,-0.006326834293974737,-0.05003852454071556,-0.022023563034844762,0.014331303829433484,0.00987312731609813,0.012875195330955158,-0.0246576627714421,-0.01768693029471058,0.0,0.00766521879706894,-0.021653546650048705,0.00046835214928830915,-0.018442009606106202,-0.03902934270208258,-0.013126642866223892,0.00011722205703956767,-0.021302646145825777,-0.0362135631794549,-0.018152969060317492,0.0007231121358015624,-0.044228473288795755
2022-05-09,-0.03318924139951274,-0.03606047352078612,-0.0036100969601621236,-0.038947050127159266,0.027472883276671523,-0.027964895556840785,0.0002315845461564603,-0.059113358822631246,-0.009228866168548677,-0.012608003294108938,-0.011616095470186605,-0.03089858727877537,-0.05511059948541874,-0.007213123247066022,0.008367594721638838,-0.03710062474863751,0.019059736998027876,-0.02145172224501224,-0.0434879068806624,-0.029407047939781106,0.007570009077539908,-0.03998423006581753,-0.049439640231146664,-0.021415906567920806,0.008392465303005636,-0.04191742094477047
2022-05-10,0.01611201382617833,0.04276881738495497,-0.02569192375764695,-0.015996920556930916,-0.003659851462116004,-0.016696762679436872,-0.02708337877267597,-0.0014957144049400073,-0.0010083896228469946,-0.0002239051434775874,-0.03949692608444799,-0.009275738615933116,-0.008109922132358727,0.009412131455033945,-0.0054316982321237495,0.00733915184899403,-0.021393916059127438,0.0038104900260427232,0.026343229104973,-0.0028895335105533215,-0.0012228547205170859,0.010432938596045327,-0.019070820655546217,-0.0005772946621985797,0.003196879015652465,-0.01797699911791839
2022-05-11,-0.05184111089519505,-0.034857421188158155,-0.055780978806502235,0.010936677851411059,-0.0032653242492134416,-0.0008271639036345757,-0.07435165574021652,-0.03895137659375081,-0.004133440602857252,0.006632445770118789,0.01254540918184155,-0.03393761963883846,0.0016596499362666606,0.0446589679349787,-0.0054612338534520966,-0.04507975322457025,-0.018173230388678685,-0.004436918840512338,-0.06354843914880681,0.0037258702913327557,-0.004839981449703434,0.002276386007870723,-0.06256619252306839,-0.01291774876790297,-0.02499847424195123,-0.06484337487460679
2022-05-12,-0.026894356893891525,0.02414785012089804,0.042606614947765076,-0.010623329274688564,0.00010242962073903072,0.0065796071383623644,0.12916081952309266,-0.030397608525170705,0.004826381770336674,-0.009348918220837832,0.01644348082727043,0.0327074728407859,-0.014208057115380535,-0.005480916413235004,0.001830558722047515,0.013245711932572402,0.021719665669215793,-0.002030281730781347,0.0477249905102608,-0.0005775016787047393,-0.0015237108322347925,0.006083673635951081,0.15497715828760605,0.005053847146673451,0.006705619674054253,0.0020046953163617154
2022-05-13,0.03191641752977459,0.04365626502351927,-0.011446923158177413,0.006402964230609154,0.007421030412070095,0.04064947432028254,0.048030971902883524,0.08520897411229278,0.014841455041542995,0.015188989041631906,0.005267133293040516,0.021114174538537034,0.03598538419422015,0.0,0.010657562281463306,0.03859019291276744,-0.001938609862632612,0.06822479354052136,0.07647296206618237,0.011224753503646934,0.019483465585383497,0.018543904238642384,0.028730095837752545,0.04774383552604644,0.005137325886683142,0.11615858509347232
2022-05-16,-0.010672316698011608,-0.006388030034504499,-0.01841124753919854,0.013997139698232797,0.004992012877307772,-0.020841010608929844,-0.0592962529962856,-0.0333332052597749,-0.007430431278976024,0.015094707861924794,0.010703556372154033,0.007467096718197563,-0.009224395291833498,0.0007874542000050333,-0.003765988191219427,0.00714944617304325,0.008037549709022818,-0.026894098259763077,-0.006022216484680376,0.004080952582599551,0.01007379364487182,0.0017415863265468623,0.016502721656225905,-0.006895882404996945,0.009717101355223523,-0.062420902546789225
2022-05-17,0.025422633964207852,0.016854512217182593,-0.0031850795493891804,0.028476156793565632,-0.018045150018348388,0.030588792358992478,0.016624275760237506,0.03678145007384215,0.05617007418433273,-0.01705035775910224,0.02473542978283705,0.003990929544727351,0.027689101551731765,0.02485836774025252,-0.0062001024594835474,0.012897317167373634,0.01222592913666376,0.01856805197726774,0.02171469126895298,0.0013819861987878213,-0.00575614023698634,0.016357009255549393,0.031220703968582564,-0.0003815085336433821,0.018746274598019363,0.022717097549001197
2022-05-18,-0.05641919375226845,-0.02873181786656165,-0.10508855209544676,-0.024168327349657348,-0.06886227619173213,-0.05544562757840721,-0.10470135676040959,-0.05543231652719527,-0.0809481293330796,-0.0786124345407011,-0.03924267963991068,-0.047132396700472756,-0.008735199814040695,-0.005833628621641718,-0.07273273156448246,-0.051228836775869535,-0.02238401444394289,-0.03711504115689879,-0.07016162417704552,-0.029060739275905467,-0.061962234659035276,-0.026278760323807493,-0.03572507145657666,-0.1082924009593923,-0.059572027244509496,-0.0687266310997402
2022-05-19,-0.02464163916081563,-0.008796621989161868,-0.030415544334101763,-0.005674832721888845,-0.021842897890457014,0.027277135701573307,0.005073586307190903,0.005477223244808815,-0.022203635660966614,-0.008071127677742651,-0.02467277188492356,-0.023242082717145673,-0.01095568824518689,-0.022853634420948565,0.0027895345100619195,-0.00494194532189518,-0.0032557524034214635,0.023312266999097053,0.03549860121666004,-0.02282426958820727,-0.014971135518499601,0.005109933486154183,-0.027629599170147956,0.0024539458456473984,-0.028101904705330805,0.0737985573246871
2022-05-20,0.0017475747739548186,0.011942774473258755,-0.01309306209046468,-0.04323837878476855,0.00600770623286917,0.007774680243804566,-0.011357919613099954,-0.027237130364341833,0.009294085661580853,0.009067916984105029,-0.009100870968188235,-0.007931536256707172,0.011919861483780547,0.00031612649890799815,0.001309262565278857,0.011762420806050944,-0.02129825394567575,9.534644709408013e-05,0.015642067953506755,-0.003251124193762056,0.0062653711435409765,0.0012712566088228794,0.014207445696767573,-0.023512025911666123,0.02180546629038549,-0.013195563508038077
2022-05-23,0.040119235490093,0.019218756416135685,0.0031784563552192946,0.03199864658841678,0.007887243316962556,-0.0025716127783030895,-0.028976215843508735,0.0263999476950183,0.018865295051969877,0.010967184200761038,0.020937404915324143,0.01599016022541755,0.03643901879801281,0.01990518875858971,0.013891241964886447,0.01389884336018321,0.0038239453131256873,0.011936404356901908,0.005849168284441486,0.013132998181563105,0.020898903834729365,0.030545647260846964,-0.0035022069349989193,0.010494115235731183,0.019585968940152743,-0.004568710078835081
2022-05-24,-0.019215948159129193,-0.02052809003600653,0.012122866334873583,0.007347659199949952,0.010955801757394079,-0.019188642228446295,-0.07703431883607958,-0.031956472886222276,0.002735636325416513,0.02007174997648753,0.020050262410743036,-0.00847468606827484,-0.022213903281821934,-0.013166039443889055,0.015473852063780491,-0.07618600761097538,0.00948899084112731,0.008740978974619118,-0.037878740083445495,0.016605943236263077,0.013405812654495808,-0.0051581065276005145,-0.04025551101354041,-0.013183347482139118,-0.0016056995602118374,0.0560841196030768
2022-05-25,0.0011399912593277328,0.010265797294988,0.08969649752846376,0.017797279850414016,-0.0037596598435047923,0.00021569732923731877,0.019655280891794913,0.023349656600227586,-0.004579653175332599,-0.009463771456501013,0.004409471762229389,0.04945069160577442,0.011946094679002428,0.0,-0.010000107860030027,0.014066589349840397,0.0002744167100015016,-0.005637077156837256,0.04153269007647786,-0.011250913210541502,0.006852581475135677,0.01717999863798969,0.04926763202731754,0.031776268888707104,-0.0014358513731673739,0.08479966409312745
2022-05-26,0.023199211598985414,0.015155294667119623,0.02485612768365031,0.017581602843237842,-0.003108042339565409,0.035715735290627215,0.09302980867152821,0.03225788470716928,0.039058173751361114,-0.00893907500591562,0.018602701517376197,0.040139414730809175,0.014880183632813404,0.023387198153715705,0.002084340832829268,0.042430462394998925,0.008573905884871502,0.020802112089085556,0.019006464655408895,0.00893455510901009,0.0067467369890001905,0.009890535332650385,0.05964479753232821,0.07085983392281814,0.025998035902131233,0.04553453028006449
2022-05-27,0.04075689379174707,0.04801760847800107,0.023644316169176616,0.019484363943011562,0.005789972518763786,0.05029185256340196,0.049840275091104225,0.03887187066803577,0.03476392577597598,0.014651258203036255,0.017386023440475906,0.031319902614489914,0.022550101335871764,0.0,0.020160083629671144,0.018264526506804213,0.016798191220433356,0.02354498014481221,0.0198014483891773,0.015705961664440382,0.00975828914896626,0.01032073984560955,0.028143451217525817,0.12466926707185055,0.02326499040641572,0.031962599709769224
2022-05-30,,,,,,,,,,,,,,0.0,,,,,,,,,,,,
2022-05-31,,,,,,,,,,,,,,0.01533737739685126,,,,,,,,,,,,
2022-06-01,-0.0008733144043752139,0.0040337894531903284,-0.024128393319930774,0.007968574703248077,-0.01876535187113315,-0.01661116395816553,-0.0022189385981420395,-0.00950298583226683,-0.026315695961210306,-0.009541630697757264,0.004249532573056269,0.011564085698010818,-0.0022632895878722525,0.016616374409958112,-0.010226517677257685,-0.025821143970812255,-0.01922425590699106,-0.00964792505333567,-0.02294363487101725,-0.021728486833484162,-0.0075111353884427245,0.009528229639549801,-0.010434718227189999,-0.0372961440597005,-0.011083584670594782,0.0018613735069072934
2022-06-02,0.016811055393146646,0.055289829047996175,0.014735296404347897,0.01116877312268616,0.007921250217947984,0.05582614425975141,0.07845315397312924,0.025092164446488097,0.013033249044777762,-0.002193665266549294,0.005163937802818319,0.03919432330997008,0.01685967628938312,0.0,0.002066516990285594,0.05417728404083633,0.012020085308630524,0.029822624446488755,0.06313827115574,0.009890149991867547,0.008104294655499888,0.009215274038083976,0.03747439908060457,0.02263576808139489,0.02130635259356195,0.042638144661681254
2022-06-03,-0.03855555157532664,-0.026105848997324488,-0.010706569266500154,0.01318148545864628,-0.003704856890619279,-0.0006805932475778542,-0.07228774765050228,-0.02807784958208337,-0.012730247705300402,-0.00023903295667904167,0.007349216104001854,-0.003667056352835707,-0.014486897105659535,0.0,-0.009993628169392865,-0.040631616360480294,-0.014914322159536142,0.006425352439209275,-0.029791800568103266,-0.011536222020541387,-0.010978798880416418,0.0059647121366115385,-0.007963759151108363,-0.029120863864159463,0.007714312962763037,-0.025124730474843537
2022-06-06,0.0052275509256884956,-0.000698106626324968,-0.013931886760835122,0.0032753095132649346,-0.006423365647948431,0.005525371487608677,0.03519385472928693,-0.0029627162564985765,0.018975781270846426,0.010660763119270111,0.012041328188235889,0.007886401252425568,0.006483679729999192,0.01381875116626241,0.000640893118381225,0.018188389990783094,0.001644234138596934,-0.0190643931919372,-0.009247160952209565,-0.0031905968238800098,0.004185560510819419,0.004099194322326527,-0.007454045732460557,0.02304593664801069,0.008733566543236648,0.014531200821537027
2022-06-07,0.01758608918670923,0.009220933384828323,-0.011605906659519993,0.015516562109491483,-0.001814569490708906,0.02122855449134131,-0.02803290495993449,0.02080233202523174,-0.006641373939269557,0.0017027616623150887,-0.0006998458496129123,0.0005216312857294625,0.010773580616858958,-0.006742051445718378,0.012650178149109959,0.007207207777792934,0.004514024462790589,0.0032540964873026823,0.007456597032415635,-0.01364549386132119,0.006161628569636646,0.010352041848738835,0.007798788585613892,0.01762013350195346,-0.00855128354906498,0.03630302406760877
2022-06-08,-0.0050437143541967044,-0.010567156448596737,-0.015698915983167194,0.011889085118961473,-0.006135509703728781,-0.012752349680801744,0.041727954791438426,-0.015284063333541709,-0.018972599956755043,-0.005760674374224117,-0.013657356105433838,-0.005214039653215652,-0.004642701571635488,0.002656104930583769,-0.00980413686504955,0.005060099290378872,-0.009872621638804868,-0.018515952376871092,0.021247715810528645,-0.023825949886118303,-0.004983140395669827,-0.02438841172843287,-0.002292890714672313,0.010379615573605783,-0.03272037853371024,0.0036508880876462424
2022-06-09,-0.03595542212705771,-0.005643090501869841,-0.028397098047314273,-0.02667539943448549,-0.017034675996999926,-0.03386092766081161,-0.021324194358652182,-0.01847706482410294,-0.0007829452521685987,-0.005224468336946786,-0.020379068353177376,-0.02201219904815388,-0.03678966234504766,-0.014716736059160906,-0.022197268389525626,-0.0642799024232763,-0.008527087064352568,-0.016570403705644,-0.04959820893737088,-0.023357415957328986,-0.0178002276105238,-0.016197122097472483,-0.013501955978322155,-0.007146403160013692,-0.01610567683566866,-0.043824680397682725
2022-06-10,-0.03862869586453388,-0.07640358347149934,-0.03109587849501272,-0.03795788384499699,-0.0009303942351137628,-0.035974971277985324,-0.08703507142764644,-0.039909753761482536,-0.04714269985976849,0.018620051189716547,-0.012829914394859476,-0.035369757585218764,-0.040830906808551504,-0.030470393026559295,-0.007022756661401952,-0.04581515455717311,-0.04529065409155886,-0.02333703462798553,-0.05099340041754474,-0.005284816501892053,-0.0015971215213896883,-0.01886935169625159,-0.047757619346900704,-0.034639528048750035,-0.019824415127873918,-0.012047117868408064
2022-06-13,-0.03828482251671006,-0.056342683952212425,-0.03165090891271016,-0.03857235887326094,-0.012223483916198652,-0.04497350894069585,-0.058939791760977855,-0.07372553401064863,-0.028002161026376537,-0.015420716174454507,-0.007930086509444823,-0.049444421125303006,-0.04483934073672846,-0.04252039876059732,-0.026315686534194138,-0.06441885102918432,-0.009298985671025495,-0.031732320828783966,-0.07242815773628775,-0.006393628721588884,-0.017105487317010337,-0.04513045286405326,-0.05412835330669585,-0.03912001412556987,-0.0019069546554441041,-0.0527184378480644
2022-06-14,0.006672407387211976,-0.002233247910389591,0.016414672308493694,-0.0009182111643856183,-0.0335887727346903,0.010576539236043958,0.0033627273999372598,0.03302275667298127,0.14414370965821943,-0.015567019851403074,0.004514920565573455,0.012273369880907214,0.007506026758219875,0.002252537999894777,-0.012331117629537425,-0.003226627012908656,-0.008212946491895634,0.007382556531439599,-0.012670172333541951,-0.02057267722515066,-0.022662018346013113,0.0022467302704323178,0.02166193237523517,0.002297328634917717,0.008337017934892499,0.034262494444283975
2022-06-15,0.02011187738133957,0.016450045798586554,0.01657473499425577,-0.003338466088498082,-0.006097373391825478,0.009718218787070798,0.062002547180043166,0.005737719112771655,0.01230693591884835,-0.002901258202889001,0.00987316689761708,-0.00461878609932731,0.01008881870865208,0.018462027438250983,0.009748608324839259,0.03432494644564077,-0.0068020436717485255,-0.0009838580236711802,0.0750268587342715,0.0006477453716562387,0.01069682144847861,0.012970376097578562,0.03480991448207793,0.03295380722065122,0.009876014009629452,0.05680329084928171
2022-06-16,-0.039651626002384366,-0.0314125714572564,-0.045707945986370846,-0.054417388015216006,0.00858886807703807,-0.04113184496984168,-0.09270220603357171,-0.08312981829542276,-0.032090441933342984,-0.019060243455741865,-0.010141615645255286,-0.06264505725689928,-0.05104667670623797,-0.027427454950615604,-0.007283183089388023,-0.05007398676274877,-0.025236536246749264,-0.03008202971102414,-0.03753265266334649,0.01026439754033781,-0.004816634521214613,-0.01770455093948453,-0.06666664946372958,-0.03732645811896562,-0.020980265778217544,-0.060568528723998094
2022-06-17,0.011533083010456746,-0.011750789375288284,0.029643658877827717,-0.011037427542882505,-0.0008514948215669893,0.02020432735561739,0.04507247261379077,-0.001777573759696116,0.020372180432818743,0.01863954850627625,-0.004790878754606043,0.0241334650649343,0.006185811626102877,0.0037277136229474372,0.003241725618001734,0.017840609864459234,-0.008400764924550885,0.029644624865096114,0.012460428152753389,9.15583226515082e-05,0.0001912294331045672,0.02663317115515973,0.051769327418779376,0.01372700933440707,-0.006504319329513675,0.0368555358382352
2022-06-20,,,,,,,,,,,,,,0.016954592087217835,,,,,,,,,,,,
2022-06-21,,,,,,,,,,,,,,0.01889486082513403,,,,,,,,,,,,
2022-06-22,-0.0038269498330020246,0.0064464486648232455,-0.008372392593096745,-0.043489511329642294,0.019555317663798588,0.0046604428596814795,0.03175043666359256,0.00174455779218885,-0.006507089519541265,-0.0007905490681813232,-0.005585752759959761,-0.013674445717719252,-0.003938247770745584,-0.027271230524774315,0.007689804805345313,-0.007640990183493623,0.002999708954604108,0.022565771592161,0.046691261729396416,0.023953178290836652,0.008213495601887555,0.011392042865910446,-0.032348337538683936,-0.012560455620448496,0.009455652539984483,0.011860819519774468
2022-06-23,0.021573554588057542,0.030958389652842477,0.020177343674637305,-0.04876720226907272,0.0351638226045452,0.042958947002127434,0.06262663312712302,0.006968943690057738,-0.0038862536327683994,0.014937192295840562,0.009921221733539598,0.009041682073078094,0.0019294035063435189,-0.061518803207533,0.012607807498401069,0.018607777560802008,-0.0019172589365332726,0.006052934199491933,0.01576385426657967,-0.002990042820366301,0.012775435492397902,0.02080018133124728,0.03150113578572644,-0.000782387455551703,0.014079026630180458,0.021707042109462282
2022-06-24,0.024517363238611756,0.02941797509913524,0.04769269235694806,0.03817093551596229,0.01036747386580461,0.04501868379508234,0.06211100191980101,0.03892750936060496,0.07163641107377283,0.013066823292331886,0.026148646039415135,0.034050147132435704,0.04337667899475428,-0.00034140186499032055,0.026376068913655848,0.07187397103101456,0.03211711501116454,0.02960970537031571,0.05029990541456719,0.030872256340499504,0.01237043502019719,0.00838636099106993,0.03864130723097836,0.03695285480914112,0.026143301954485443,0.04223677486225008
2022-06-27,0.0,-0.017151536870802175,-0.03414112476948361,0.011321195083002111,0.00305638582965706,-0.027128130644510806,-0.035517832135260496,0.002497894018211211,-0.011387760276118986,0.0,0.00520885136492244,-0.01617558459832602,-0.005052952058712923,0.011612068537543596,-0.0003191512366738092,-0.003937630549411986,-0.011389899740877452,-0.0009661117880366277,-0.0089598918093039,0.005561701431204602,0.0013243587592319805,-0.003939497888835297,-0.0234024606647254,-0.024479997323932357,-0.008128683586157148,-0.022994126784562252
2022-06-28,-0.029789807488803888,-0.04051749585285447,-0.04560603805719787,-0.0007997163691203513,-0.008270750672089489,-0.020922949950022196,-0.08195908847231148,-0.01910304920399586,-0.0015803194813982513,-0.011495306572423591,-0.006582397604587231,-0.013505511565600092,-0.03205311917756637,-0.005232903564577285,-0.014529950289955518,-0.051979515492268646,-0.018599284100586755,-0.0316876461020672,-0.050438854570260094,-0.024421280830346448,-0.014066959031368786,-0.02570673440868676,-0.010138028081568495,-0.036430364537581195,-0.0103955697775715,-0.055833771143760313
2022-06-29,0.013023878110244969,0.007849451847113498,-0.024691282530124647,-0.021126758106399968,0.013497208549843265,-0.001476320781195417,0.010264750497471775,-0.024555473809194317,-0.026157022194010282,0.002243310003095411,-0.008106592263736445,-0.010119287671759958,0.013509885310676983,-0.022569301596372937,0.011080431527718204,0.02028907969024707,-0.0042971035472981756,-0.002425795876692338,-0.00690415636351438,0.023637129079713937,0.016584539916099317,0.010072830735644134,-0.03134704187396764,0.014874373782687522,0.006725457626209241,-0.011137580990243201
2022-06-30,-0.01802769878590449,-0.006621444888483707,-0.029188226163517683,-0.025724791484669107,0.0032479896782964257,-0.009027602085544095,-0.021256736663298748,-0.03385405913541584,-0.030366514297575975,-0.017130247737437432,0.003411203396998186,-0.018640851297139327,-0.02204047280772292,-0.04131938897414511,0.0006446311082830558,-0.01640861148875783,-0.0027739591317988976,-0.0006197305910697892,-0.01956721922670679,-0.00826521554746451,-0.00041969206746883536,0.0012652823322862883,-0.02210835419355517,-0.015728739229159183,0.00778396951065119,-0.0348619060528097
2022-07-01,0.01616438527713937,0.006610974823456406,0.024236754652964265,-0.0026291444785633278,0.017159677346728186,0.007264316232277412,0.09015159891623203,0.017070774570681735,-0.013673805877793432,0.027142535761340403,-0.0004958685444540478,-0.018995129741429917,0.008748659602625164,-0.0039840220181647235,0.020132288686224742,-0.007565856358691669,-0.007109166596393712,0.002289988122695208,0.029050228266674027,0.01383287002503586,0.016380545303932292,0.016872231969480067,0.009829681249703626,-0.0068226751267416175,0.013422222694106312,0.027785495656961645
2022-07-04,,,,,,,,,,,,,,-0.028181752290277307,,,,,,,,,,,,
2022-07-05,,,,,,,,,,,,,,-0.04527605933564516,,,,,,,,,,,,
2022-07-06,0.009607346338919909,0.016839747409868266,-0.020863017099157055,-0.008344822479403047,0.0002104750107303488,-0.006910496770806129,-0.026065225272491,-0.012499916694331703,-0.008231450616663527,0.010534179594478443,0.003342682880081549,-0.02769225561490407,0.0028504931749706586,-0.008034469725908822,-0.001120272980279613,0.009394172305035253,0.004875791530914997,0.022098518911809695,-0.00979122083964179,0.007916344108531925,0.009999381603383206,-0.004070885038511052,-0.022335634386740022,0.008692917627052044,0.0029246816749051163,-0.027902347296481333
2022-07-07,0.0239992385170118,0.02105380549820235,0.0345883806251317,0.04625371117316579,0.0027372012006017243,0.008163622857613184,0.04316964136697732,0.05334513498655613,0.015940677741404397,-0.0032180019587570996,0.019915940508672847,0.038607545852226366,0.013732511827187377,0.06380879691062713,-0.0006409802715028334,0.014254650269058589,0.0016173240727528349,0.011479150240718106,0.028305981992830187,-0.006502926551806398,-0.0019916565276605347,-0.004890526709888876,0.04634471254791572,0.004924572597236443,0.0055085459199977205,0.031436873243857466
2022-07-08,0.004714836969018421,-0.00370951457620472,0.003949879791599997,-0.006545420645027167,-0.005669399142565479,-0.030307639096860073,-0.010039057563419052,-0.0025750827809895016,-0.0037173216722019564,-0.0006365450803443862,-0.002556144447196873,0.010359653546525793,-0.003116681454122583,0.03751157775104108,0.0011223164459781554,-0.007607813604949554,-0.010226620249015772,-0.021694636403581158,-0.012099122470485613,-0.004420223443827975,0.008922174226229318,-0.004474418507192324,-0.0074859312262886,-0.00573457440055436,-0.004243470748106715,-0.007785281005821432
2022-07-11,-0.014757943370527271,-0.013557926114925234,-0.017704078194501705,-0.02278048740411709,0.004434646421377586,-0.023421376602040023,-0.030197186537191945,-0.028399258219148904,-0.027332886548203095,0.0032302160823458603,0.0037729579746443864,0.018697061911479018,0.003497581688650442,-0.040988048256528686,-0.002562351257393014,-0.046816591137455954,0.002252841762702129,-0.005590541571659169,-0.05155635384877311,0.0015369362974668732,-0.008203446268879477,-0.00729459107177044,-0.029541161033970087,0.004797573826952561,-0.004098719463022205,-0.09532558854281503
2022-07-12,0.006833837557838729,-0.022438554339377026,0.00729508300813797,-0.0030284305359583596,-0.004625019825121424,-0.0052525764217695725,-0.005576895069542509,0.023914963540211165,-0.005397272233311434,-0.00167796008719312,-0.01290782459311468,-0.002368187666707211,-0.004102566867190127,0.0,0.0044958205582776856,0.002394303749423621,0.009224015350060455,-0.024736271451783365,-0.016296355570068033,-0.0004262263212126971,-0.005690015655774983,-0.0021526414176453734,0.01230572509929484,-0.016202655133680688,-0.028542159116829557,-0.0035984443581090764
2022-07-13,-0.002536664572610259,-0.009586211912451903,0.012354384747961245,-0.003552958714188703,0.014362401394866442,0.004666442655058001,-0.027806955897302088,-0.004325363937191962,-0.030720367274339355,-0.0015899169796362855,-0.014369902680914426,-0.0005931982767780619,0.0015798895449958827,-0.038447130376974226,-0.009431131651421065,0.0013477763009706045,-0.014055165482854681,0.013738691909703782,0.012095181782518782,-0.005799683377371245,0.0035397615196655074,0.0035706465186255976,0.004478423344486782,0.01506389623019766,-0.008083929324292805,-0.06463557612385917
2022-07-14,0.020482399213625158,0.0027423482469663973,-0.0021040563281370384,-0.022602992512841036,-0.002290359944197573,-0.005948612640661044,-0.041821845521308854,-0.010425507920774457,-0.00851332036026109,-0.008690463007679283,0.013704581066043664,0.013063827572473707,0.005133297514392732,-0.016304294988156443,-0.017589080003516222,-0.03327430501730022,-0.00046747732510621365,-0.005970778170694913,-0.010081530079036782,-0.010980485887264635,0.005173189383715693,0.005484651433275145,-0.009554132852920394,0.007420171422775956,0.002023286702878435,-0.036234071722651695
2022-07-15,0.011450153999795987,0.01850062755944548,0.018695576546062798,0.020242349435927398,-0.0026086641142717415,0.006393970968506357,0.03474221154445134,0.04301996096243488,0.016519618900111332,-0.0049111892372677435,0.006184351277608746,0.021688388845964246,0.023197909772271652,0.04321221749498405,-0.0022996382992818143,0.04207509451641789,0.014184492099733603,0.02502749995255349,0.08198870606948905,0.01968938288147437,0.0008189227962849266,0.012605035626919392,-0.009646091345588692,0.030240168235298404,0.024175641765658007,0.025680534557630974
2022-07-18,-0.020643213609473077,-0.012188634085660066,0.012004909112895978,0.0006345177664974777,-0.016740005204832653,0.0009368125621347367,0.02690910570549243,0.006733978408033581,0.000688547810369311,-0.008025988140223705,-0.012792797105473763,0.01835879003851515,-0.00469081014681183,0.02080582515832452,-0.011195218508589955,0.015361352578878273,-0.009375283443153304,-0.014556860168365215,0.0095711365119453,-0.005188786644036103,-0.016713304656252315,-0.02111098287519031,0.020779013172723904,-0.00918838482080031,-0.013746673533420406,-0.009313974155110483
2022-07-19,0.026721862943122954,0.033579338584398544,0.035860247524594824,0.04178989228142371,0.0011704035075803532,0.03918281720370076,0.03210577409716131,0.0526755106375596,0.034177480604803856,0.004882591011496462,-0.05248687669750818,0.03042274689315927,0.02830758212508222,0.04576609272836074,0.02264387057182038,0.05112720417500061,0.0249786332424502,0.03015719819466245,0.056096852395065344,0.01710134069749314,0.010697646955649232,0.02268178699251977,0.048982302256572074,0.022282042468739327,0.03181922842688967,0.031945043677744644
2022-07-20,0.013509989287914248,0.03522162838113618,0.02830080590781403,0.002674242783325509,-0.008927735491450983,0.009396942820187881,0.05969809097616463,0.011120167120042046,0.009892403210219225,-0.0033780098330932207,-0.012989091080950144,0.03389824359837479,0.0026144272667691926,-0.018603790291598976,0.0004886387536391368,0.04158607620850696,0.006659956827272051,-0.005726647983467892,0.07345132098767415,-0.018495131210590543,-0.010584418582423538,-0.0005090375221008525,0.025773247640409558,0.014912019630275886,0.005597187445402607,0.04907909891231799
2022-07-21,0.015094197617942173,0.01848119158189432,0.0010238733907150799,0.005667564243761802,-0.0006433294355121522,0.018503008891080697,0.04543491169960112,0.021209636392745868,0.0,0.00246070793654396,-0.015714599398449547,0.015335750526143554,0.016555954054708,-0.0055966277597883085,-0.0016274505734560352,0.00043685478664667876,0.007067301128270698,0.023913887288909752,0.03437448805655485,0.020385379563080397,0.001486060026305358,-0.030993092915082676,0.005911740678576249,0.007126074460023668,0.0008560289551819977,0.03511067573825377
2022-07-22,-0.008110682003654057,-0.017143160360091114,-0.017902676201964063,-0.01309461986876137,0.009335871641776405,-0.009407278016412612,0.0024775251054485192,-0.013846119560739778,-0.0015814666782827391,4.6358886021780066e-05,0.00865123467943918,0.010416659699411523,-0.008762809064735366,-0.007080603434738597,0.010431987748824367,-0.07588567613533281,0.0012691086583593858,-0.004770052292568994,-0.01536536783849729,0.010912454813206018,0.006527449425856924,-0.005330929926749217,-0.0023508361514376075,-0.011841357860482238,0.0051869869327829665,-0.038791118462371044
2022-07-25,-0.007398394802274666,-0.024732526977759628,-0.012499979144356077,0.017859189654653607,0.0008503005340283476,-0.005420993692572207,-0.0065904580952109715,0.0015601790979027363,0.0038275858656018347,0.004353454510314325,0.002261182649925919,-0.015463631472145134,0.0009595637320303219,0.013896412254124524,0.012421363800197982,-0.015478286671555153,0.0,0.01062579205069114,-0.008755252584814688,0.0069749735291322335,0.0014151489769154146,0.01570067869443803,0.004418103287579855,-0.01264759893714118,-0.0003723543731067869,-0.004223412151552197
2022-07-26,-0.008826361197959876,-0.032401219426265504,-0.050500978955607345,-0.0031902168113281393,0.0008500885477003006,-0.026556586570076535,-0.03285993706678847,-0.023364457435427366,-0.014462963003240015,0.005302918717840388,-0.003578464646592394,-0.07172801094599113,-0.008512100963249836,-0.021280455478016602,0.0028678883306645364,-0.04500451481954337,0.0494333614106357,0.003400217917746362,-0.02105162637893465,0.005854807649861682,0.01165746683585267,-0.004830367485810005,-0.046334128637328,-0.04104570806924723,-0.0339524063736778,-0.054382627012702245
2022-07-27,0.03423468858155476,0.03564833798856615,0.03443974320729559,0.022181796322447545,0.002547079579088951,0.046064647681056003,0.02357981646604812,0.05183396505090232,0.012273908319164528,0.0010091390397051203,0.008119959090429951,0.029892883366817724,0.005830781415791408,0.036484339958107403,0.01096291652386805,0.06553573820143366,-0.013428010390368006,0.02666435660120725,0.060025171544117795,0.011231156015184984,-0.0013969654555423539,0.052273894624516926,0.03720787794317837,0.027677417968198226,0.013055775386911384,0.055616482898613206
2022-07-28,0.0035716632824318584,0.027292635200415916,0.04698598209932037,0.013981065499488965,0.018526425057773466,0.029876044399673507,0.09863872428214981,0.06141034144245383,0.009576892267392667,0.027677403227495123,0.0007744265677860351,0.024096415198904042,0.02674288085409926,0.008711136129816222,0.0089580950772985,-0.05224683168071709,0.010874124908947902,0.026362599374485374,-0.0032194027201694064,-0.0008916641450052998,0.018940555897232647,0.005606272068966467,0.00889408952565418,0.013453386838391479,0.023599875560257555,0.002926990349115144
2022-07-29,0.032793044246225866,0.016406431517193232,-0.012822039962065657,0.05541955482151084,-0.08564601382301862,0.00667185542808979,-0.011437256663976658,0.04928568807972833,0.014272580797482837,0.016453201643077398,0.012149758695265467,0.018299111346586683,0.0038020402993070856,0.00845962554860602,-0.0024921062254111837,-0.010079483820198964,0.02044596449250302,0.00960553272647302,-0.004955292242832643,-0.003083485690636434,0.0006863102331031712,0.009597635148075323,-0.011754304736628307,-0.029568833752763424,0.03532687814092683,-0.022218043525041642
2022-08-01,-0.006153247312000953,0.0023651644207836053,-0.00012981803838285622,-0.017099472652833403,0.007161622682104074,0.0015013046669749563,-0.001060553500356165,0.044247818858039745,0.01977773573299002,0.007983815576022124,0.009557269738733387,0.010570985876390493,-0.009186241033499742,0.004019572187784037,0.013272872728078422,0.005216617860051009,0.0008378954522896276,-0.008214831468773443,0.005824834154380953,0.006837089566311905,0.011374071486543569,0.005102803197130967,0.011001945165282523,0.013807809175957919,0.0023091501593044406,0.014731357310856508
2022-08-02,-0.00928740176527132,-0.0027488017049281943,-0.030787396313402438,-0.05824688349823415,-0.017381526772341727,-0.01871968959866388,0.008010827392773479,-0.011734079757599103,-0.018636793904413196,-0.002698101820581167,-0.0017416040250701759,-0.014121352000750043,-0.004364959666836032,0.006092181695663168,-0.002003228124484613,0.0016258378598865697,-0.011230526108471084,0.0035074635302934087,-0.021175018143041235,-0.013096144713066526,-0.008251073967844635,-0.010014617365836753,-0.029411600470644172,-0.003500063120333352,-0.00926607422227721,0.026283369280795554
2022-08-03,0.03824737462417516,0.035564487739631945,0.01447537758507722,-0.003487752874469785,0.005628281040587213,0.004359361156076602,0.03887397035318463,0.034960529780102556,-0.0003430088492312189,-0.004538416683233959,0.004020575036152829,0.02811666209756658,0.014670138508534603,0.016089910527232743,0.005713310939853278,0.05374873193593732,0.012275123174583236,0.004169110238187557,0.023981579467618808,-0.003522251211065308,0.0076360504153776265,0.009483909139182511,0.025151624230036917,-0.05090353858663921,-0.0005684170245472409,0.044471129768265616
2022-08-04,-0.0019259386819574509,0.014250689384269322,0.007927094671736024,0.004210588184321518,-0.006624555585273639,0.013911566445554246,0.00764978646133363,-0.020395225939000228,0.012479037855292363,-0.012625004621620306,-0.005289354732909479,-0.001032029340577667,0.005478464041873465,0.006810950063525167,-0.013511610427832887,0.010485734727082585,0.03226707021883657,0.0052003697405518245,0.014025443540782057,0.005014405199116334,-0.005429179475974211,0.0006260776758193476,0.0011823980206648876,-0.0014748935424263587,0.005687403062198726,-0.0009737152267234039
2022-08-05,-0.0013891338715578128,0.006595592935378036,0.0011797425009689722,0.009529739855996588,0.00034466139481148517,-0.00940351710432874,0.0004572891386258604,-0.004554255063635271,-0.005125079215610451,0.008302497012613985,0.006381030631094964,-0.01446289797519873,0.004044038376249226,-0.0037206636954919547,-0.007470698291816569,-0.020284929742190316,-0.004793437246055299,0.04388991690723887,-0.013614011392988457,-0.013986588109704767,-0.007505493131615193,0.0053549181189114226,0.006200040446284305,0.014636717067591398,0.011515401066936715,0.008771910848977438
2022-08-08,-0.002902927208355277,0.0020995401275565317,0.02827937789323043,0.0022655369779791545,0.007241470820606999,-0.002141995396412355,0.02377039832513228,0.03137240828897703,-0.024990270856811048,-0.0033905385733234983,0.0009813678184993346,0.01991609045075804,-0.014964628971498639,0.02648104990844824,0.0026658538274806354,0.018790042412206942,0.0072588897438938815,-0.008233079132135668,0.029588211007364862,0.000995350465443634,-0.004010374593944044,0.00013854469230012434,0.009683319705287685,0.004208647185928616,-0.0034051860776542764,0.00781729821323407
2022-08-09,0.0003032902228170542,-0.01788918607354617,-0.02801102233484154,0.0011838151808305497,-0.0027388093924283208,-0.016767849857741268,-0.027772821192356134,-0.037389007659487716,-0.017683954514468025,0.00861525374913863,-0.01137751695819289,-0.054470736214487836,-0.01595890766054686,-0.013891055763789018,-0.00015639411184098506,-0.01010285956677437,-0.0043105734565787035,0.00443281742909174,-0.01520413873969595,0.0009116113634681788,0.003739005677243057,0.006916615552001071,-0.03254891781728231,-0.009515315980273886,0.0028558248467975833,-0.08236009346507167
2022-08-10,0.026194558283858305,0.027732813768301723,0.028425480855692298,0.02521081084477772,0.00800998719160817,0.025863057251353183,0.07375767958772261,0.03058492109345723,0.03324878874323112,-0.008016045890677614,0.015679235605079667,0.04782645227854898,0.019738148559719892,0.014925254225003126,0.00844673514867389,0.058209292035438676,0.01041657295146603,0.015045161808036278,0.06162476510678383,0.004636435517411552,0.008251966490089302,-0.0050831504827951735,0.03454508182827176,0.015168482158570029,0.0290874003686743,0.0638237359888949
2022-08-11,-0.004431515402663955,-0.008006339637120607,0.024328135524932515,0.017198011537644664,-0.005676110942168466,-0.007853053903090879,-0.0189906004424788,0.02129056460686285,-0.013809390123401433,-0.005652335063009661,0.007908855119924896,0.01244792270450401,-0.007923468673565082,0.0,-0.002792016973367173,-0.00476618923716654,0.0018745186542195036,-0.002845960969893979,-0.005776037212169016,0.005274595381108638,-0.005115292502072766,-0.00849219190589634,0.030777894591643262,0.022412675754261757,0.010179250205307078,-0.035264748703714766
2022-08-12,0.02142538610603162,0.024787873752427636,-0.0014920567609804092,0.014639395165333191,0.0042712361103225405,0.018567533021646376,0.04560519134126251,0.022109794709006758,0.006281473574861307,0.0025757934383190406,0.011090780880570472,0.0005123682514711625,0.010525202550860646,0.006774688534974427,-0.0013999499215586741,0.01695866728288231,0.017239029002671158,0.014626681259745755,0.02719405994905877,8.193191756888929e-05,0.013082737756512808,0.019845478794940696,0.005352213945942985,0.013947651356132074,0.009758077704727253,0.013511004233375035
2022-08-15,0.006333730937640114,0.012004342730599804,0.012826584482058756,-0.004521553593871297,0.00022823972727770148,0.0035950737358525497,-0.01918107732061225,0.00865254850858821,0.010967721070256786,0.020198416258838447,0.006865535883757268,0.0,0.01603326796729232,-0.006072547505418857,0.015264750848905884,0.0021607476641885004,-0.005320545276435551,-0.0023439193347339904,-0.0007621743621131216,0.004836436683855805,0.010996403212649719,0.0015702106624357892,0.006724780153464005,0.024957632909504257,0.004831934043824981,0.03387515364850091
2022-08-16,-0.0009238687790419364,-0.0076714813963006945,0.04450980603991561,0.008012418042386837,0.007295815291612273,-0.0009406704609591365,0.02763370447354574,0.006740451736680031,0.02148283070941237,0.001736719807047482,0.012080075855700034,0.03584218384676774,-0.0019446894561832018,0.010898252986504042,0.011967059003412439,-0.007850115562148208,-0.007726325040953386,0.004777237280322755,-0.013728837204102895,-0.007179042677094349,0.00580100351857693,-0.0004089497683105181,0.03367653425584205,0.004736797367841827,0.0022830155894808524,-0.0356795972423678
2022-08-17,0.008784599973715279,-0.02176242355774849,-0.03166537089407451,-0.00804991651865361,-0.001244812378148219,0.0014848205131345882,-0.03268241708004649,-0.024345801549822355,-0.02014934467705698,-0.0010402399855888866,0.009007097106858986,-0.035590535288731684,-0.010911793138964399,-0.018458025435285963,-0.006822462575818311,-0.02574239524462596,-0.018833975887793675,-0.004559710517030968,-0.01847858962558857,0.007724033644241235,-0.0005544009514383275,-0.007365406163965638,-0.0008080206357088393,-0.007145321397463156,-0.006639556860897788,-0.06236839486877632
2022-08-18,-0.0022917653441018038,0.002763673278599388,0.0019451324012971227,0.0072476354156481015,0.0054390899372402934,0.018443367549127565,-0.02104188381498162,0.00748573509393502,0.006211648909278056,0.005256216874462316,0.00928965115976399,-0.012301286078722162,0.005713093212322384,0.004160413528639717,0.0006105840411689822,-0.00108674361883343,-0.005087232172470646,0.0032102831808806798,0.016670140205746975,-0.0038324859805375366,0.0009986854574564052,0.00900052195111356,0.012395803489815727,0.012118199140647379,0.014977176531419278,0.007814056194762165
2022-08-19,-0.01510188070637053,-0.03182015183369269,-0.03506434448689599,-0.008867784297023062,-0.00033807039818878337,-0.029614200221459885,-0.065006509483581,-0.01671791436799186,-0.013369114837400331,0.010969083221657128,-0.005033444813954846,-0.01297372842066491,-0.008618684015820444,-0.03728867139890524,-0.002898504415013936,-0.03836021846918891,6.897246520654043e-05,-0.01166865516292892,-0.016356037578743154,0.002537575833667871,-0.0012750529434738533,-0.003336537746663426,-0.019696432710396228,-0.014660965180207652,0.001826495547694762,-0.03566582956281672
2022-08-22,-0.023029347159127855,-0.03225425006781124,-0.02653093941287943,-0.019631813945874987,-0.005975166961269318,-0.029310478175870958,-0.030557931101599434,-0.05037794442437815,-0.03521342674562877,-0.00754773815862575,-0.02038018345772541,-0.03259744791632313,-0.024754699349459064,-0.03752803121842363,-0.013004946019692043,-0.029233218690208007,-0.024862287693155127,-0.0181243600708213,-0.06062364987417879,-0.010940585846972328,-0.009546387931864131,-0.012229389306852356,-0.03855574140012552,-0.01438310674015808,-0.00973943482045625,-0.020703493051193456
2022-08-23,-0.002028809239615792,-0.0022851645252429664,0.01834123560042067,0.028420883830100996,-0.017466283640406033,0.0010931124659807612,0.0,0.015914882065652725,0.007559365923934802,0.004925888373098042,-0.005975586870176963,0.004891656918757814,-0.013371332483166909,0.014845383524058953,-0.01224596778311271,-0.011898013684017328,0.0011300804198466352,-0.010013645306439223,-0.008784294641338675,-0.01262996806315575,-0.0004483806915136501,-0.004980112480071908,0.02343992763445102,0.009711876293896804,-0.005474807425972172,-0.16543516361543087
2022-08-24,0.0017938743559247072,-0.011598181630932958,-0.015347058904110589,-0.015465530141367534,0.0015008220235586123,-0.0004895420987531818,0.020821319708776764,0.013055088388070013,0.0035513980807277967,0.0035260910949035384,-0.01120696757091999,0.0027039750042756605,-0.003461493143251615,-0.016038023038612348,0.013810130994874381,0.01334479540188549,-0.005008865523771666,0.00999325226957204,0.022533979982989782,0.004347421104133886,0.0049897126392732805,0.010218352924356466,-0.0057948648575021355,0.026687576985954253,-0.010863822626318131,0.02816036552042811
2022-08-25,0.014922710197755817,-0.0042401115409409496,0.007213648207316847,0.02430977960377456,-0.00046114891695803184,0.04479525604976464,0.022851729311391233,0.02641752478511905,0.008714445497762124,-8.560840993898644e-05,0.005629396604925896,0.02103562042124474,0.01460082348684888,0.00859751265463582,-0.0021670828669452247,0.03381101041079315,0.012195131811103987,0.023126607473304972,0.019032283708737552,0.01198705043496906,5.5806337217800817e-05,0.011973035417768285,0.020538301511329626,0.01754771899207097,0.00965335065939299,0.025236222879423398
2022-08-26,-0.03769914457250334,-0.05671775821930192,-0.05166908505371259,-0.034996125510598275,-0.016374610579351856,-0.05567573468310216,-0.037573852532227225,-0.03264267878076088,-0.04328343213101582,-0.020097807131653767,-0.026869647302376176,-0.042788929695957156,-0.03687622709553717,-0.02326415250234226,-0.026838247914817592,-0.04147402118571064,-0.09540494814425171,-0.02382276847354292,-0.045730471381171256,-0.02114016961775167,-0.023595830990190247,-0.027538278542768913,-0.038618495098214134,-0.018556944017404597,-0.029609637496686325,-0.05027995213738745
2022-08-29,-0.013690289870836536,-0.015117262647971419,-0.0060690138013037576,-0.0007293153115778273,0.00023447422594724543,-0.007789703642227086,0.002589895856752067,0.010382711813458068,-0.0065551547525610765,-0.0034109624300869834,-0.0005367927237144299,-0.022627397389533344,-0.007862281646769498,0.021454473485960968,-0.003985404487723554,-0.016133009374649454,-0.020907586721535476,-0.005033750833117412,0.0057775717728791864,0.002941180981219871,-0.0031418716367390687,0.01307532587892335,-0.006506064200844985,0.014946396768268144,-0.008344709735764289,-0.005036281091585382
2022-08-30,-0.015305698363000775,-0.0005063221138988938,0.016146602845666935,-0.02523735285689066,-0.007032297078546468,-0.008216525067206049,0.012055129895701677,-0.007707295732045094,-0.014995501380116183,-0.007372112219461879,-0.0056021167153410545,-0.01411623506624926,-0.004675836083820495,0.010323976210211638,-0.010083335467991228,-0.012628038086043847,-0.0124958893213033,-0.007851861486465328,-0.01745559004227648,-0.013824968345450661,-0.008596626693868847,0.0043480832485374155,0.012812989198132785,-0.0019874205784441434,-0.011253661870498921,0.0051851625795718
2022-08-31,-0.010634845272127214,-0.004345868373856643,-0.05608224942759277,-0.011929094706855548,-0.011921681941147844,-0.010617960238735624,-0.0016070918028653347,-0.013592144062279377,-0.012506927371392695,-0.0068078654025234275,-0.008720569232124387,-0.03264608389619583,-0.01049389092442754,-0.011275527438405542,0.00016195202164537292,0.036714043361080195,-0.004084526687744061,-0.007016853193531625,0.013188323551670544,-0.005437496478950976,-0.00416199812538387,-0.010720143275503413,-0.0236154834372313,0.007389780246936262,-0.002768433391784675,-0.01252759353973365
2022-09-01,0.004706749570630775,-0.00779242620791798,0.016409836178069126,-0.012289437291408412,0.013737827555316828,-0.012579610950043896,0.00492374434297127,-0.00328090423650651,0.01049284513825488,0.012863312984869424,0.00942006905840409,0.01953833632661439,0.0027129688222662374,-0.019957200984504375,0.00177797529266277,0.014914431243427062,0.010293461997231468,0.0031224295009824043,0.02898545284128473,-0.01127624795599913,0.010109802637510157,-0.00027791346407501916,0.005182908459033353,0.010431812069805035,0.010796271501061216,0.009203953354793626
2022-09-02,-0.013610997512015777,-0.0064501771482285974,-0.009881738493507375,-0.008824675594544917,-0.00801336573968836,-0.011386234587107524,-0.003863149376475028,-0.0019750059085249516,-0.01482103633568943,-0.01542435213290394,-0.014422318141579904,0.028455086255975592,-0.00827050873531221,0.04690909268440713,-0.020009703756048713,-0.030478716364922498,-0.03168031176794783,-0.0016383028955959666,-0.01708397035301623,-0.015465666958201618,-0.01266985751605132,-0.013479958644331602,-0.010884855245359759,-0.0027578395468105255,-0.0028482614691798247,-0.004313513393564894
2022-09-05,,,,,,,,,,,,,,-0.06842654294161121,,,,,,,,,,,,
2022-09-06,,,,,,,,,,,,,,0.029828435235039974,,,,,,,,,,,,
2022-09-07,0.009253882582110906,0.031007368466582363,0.02605773476965023,0.0011073810967296982,0.016327940511605687,0.007475075010719978,0.03369921027760103,0.026613461412647865,-0.012489548932911432,0.024691298219491342,0.007812588771201057,0.007510076192935644,0.014009084449051468,0.015387485909208243,0.023666570079433624,0.011669021850049033,0.03387647611460021,0.02455139536357054,0.04839961411104321,0.0062587716879025646,0.022063774996957886,0.025297710410260743,0.028333185380293502,0.03784302315047383,0.0016839482167045894,0.012496876305313487
2022-09-08,-0.009618017070946339,0.01029707060344398,0.019934376865145653,0.012661277783622804,-0.0085847298500904,-0.00020139631288418336,0.00875561136421621,0.002592354611834713,0.0061998897122841345,-0.012135696784492,0.005950886209809214,-0.03383016734462396,0.004412327126476212,-0.018541643229114446,-0.007652177763299628,0.010412126249128129,-0.010618022501016622,0.003245913525305566,-0.006638732872723985,-0.005869559159921489,-0.0033478196228905466,-0.0008935225829870275,0.011702762246383225,0.0029953977230550155,-0.0008150214992663773,-0.009750596381941756
2022-09-09,0.018839987006489034,0.029064446874770278,0.0206158200895612,0.03461650158556573,0.00890627839539837,0.020004730070326326,0.01957520828669157,-0.0032320443644161534,0.030561423913441077,0.003414877692434315,0.005604509691669035,0.03916904868595639,0.01751135655454017,0.023978136714944753,0.006234796327076797,0.043749199924426385,0.032112049765128825,-0.0005592289408354878,0.02695220206356619,0.02767016994460314,0.0031852281959408035,0.0022700836188587203,0.027183207476975557,-0.005478965422981985,0.013052584086468588,0.02978934674869227
2022-09-12,0.038507732639464276,0.00400219508878652,0.02072401361876608,0.015356942605128987,0.008460257923232017,0.00996436332564743,0.03314620288717518,0.007782025939220061,0.02281528774892272,0.004110451227822054,0.01137871191357287,0.04797257394919896,0.007652269457122607,0.051623238055769294,0.0092941090441776,-0.0011231829079818567,0.009341960749836176,0.013148469835685406,0.012672839942200476,0.0035156141422523213,0.0039256215279432904,-0.0037750485823199176,0.024211486497385915,0.007315468043809448,0.007448698730615488,0.01767125436864081
2022-09-13,-0.0586795749849468,-0.07056708985978055,-0.053071071103329315,-0.04204767515659391,-0.04182361422541636,-0.03977743364082331,-0.06153580083963461,-0.0514800144446701,-0.03974943522062935,-0.018839697627354268,-0.02609833899442293,-0.053406028875716216,-0.038354882142461966,-0.017206502948354685,-0.03263350006187682,-0.09369080651275696,-0.030422418169750665,-0.029308729475977624,-0.07779140752056446,-0.014184357663866054,-0.03732018461421649,-0.05105032707201096,-0.05332592135895953,-0.03604253499322396,-0.03726826538470562,-0.06208374294748331
2022-09-14,0.009555661150290495,0.008496360489633092,-0.0018997736058095072,0.0018444385482547787,-0.01611497622442004,0.0035880369315621774,0.03895017647518251,-0.005427327812894345,-0.0016072001283836679,-0.005159330416351415,0.0034577762934429046,-0.002878508785166156,0.0012599141037401562,-0.00875378641768021,0.0060121393719563265,-0.010840593938892362,-0.02440443393741487,-0.012148677048854806,0.027460731597141574,-0.016295428528513622,0.007586131153821674,0.03041937903066816,-0.020324956180747478,-0.009091763205845815,-0.009080816851188778,0.009256856732045682
2022-09-15,-0.018929929127983414,-0.1679317021312774,-0.015363691083803976,-0.011697454176603284,-0.006448084021867917,-0.0055254247698299785,0.010069181726026555,0.015688896833374377,-0.0006829157823602383,-0.009605388561168549,-0.017229238038273587,0.005773821210144359,-0.02728259325668747,-0.0034632644674359447,-0.011122279033908167,-0.012675740884460107,-0.009444406075855616,-0.01712679552842733,0.050240916371547595,-0.0077538962833001435,-0.016599341801810663,-0.006411648377648627,-0.015412076640168748,-0.008166092968653893,-0.031210679594158686,0.007789958224773352
2022-09-16,-0.010960226906412962,-0.031151957851723644,0.002899412326031525,-0.016548948795484075,-0.0064901389229455875,-0.02206061957112526,-0.03845126616374006,-0.01141721453178035,-0.21403820180308575,0.001229390021719734,0.014184333048312459,0.011481045955497038,-0.005773544256684193,-0.00920938442356245,0.012254577744204465,-0.021798542767076712,0.0016320099046118752,0.004366655933759178,0.020180150365972205,-0.014741253817279754,0.006570900958585035,-0.00758740266757052,-0.020168699993554084,-0.009487329685645252,-0.0448109227061525,-0.019074913312061792
2022-09-19,0.025083114440123788,-0.011485817834411494,0.030940694031194704,0.014709974615202182,0.0006532223043183016,0.00952459943848094,0.034712580231174295,0.014266466621276175,0.01167583287730456,0.01355246049183001,0.0036142522945712408,0.00794538268281575,-0.0034903237920783647,0.008768917484385907,0.0013266084330640915,0.01182566766880977,0.0002573641712801944,0.005727570317688002,0.014575453893841184,0.008742728622388674,0.010540749256407134,0.005430520320254262,0.01751148834866334,0.006711884426537251,0.018787783502532296,-0.004575503418343008
2022-09-20,0.01566545324436941,-0.016888468692939362,-0.04123300591350576,-0.02262353316045651,-0.01971543645430296,-0.008938228745679844,-0.06986936521634912,-0.12324172288860546,-0.033762984675719365,-0.0017949521198583618,-0.011195253754598733,-0.03941447448734392,-0.0024203692648284703,-0.00904038530128981,-0.010433821345366745,-0.01303881744263391,-0.001028925178022222,-0.004406181322497038,-0.0032016180090406188,-0.017423130336674753,0.0011259665441565314,-0.007604342741418413,-0.021739057687937713,-0.011507357794074413,-0.024162508103931724,-0.01570484374012171
2022-09-21,-0.020267679150771878,-0.016354050043124735,-0.013253910715468442,-0.03393459607509319,-0.005194469314123928,-0.006847470630959918,0.0009618012209966498,-0.003055769881666781,-0.02636609757214159,0.0042253094162110205,-0.010847331243794889,0.0023446891938991854,-0.027994927546988402,0.0057894128917848064,0.0,-0.0271748112500666,-0.014675572977507989,-0.006888974029589878,-0.024624236216234996,-0.009638952583800653,-0.002841518324978365,-0.02055300184408204,-0.013580186116751158,-0.013921530077636635,-0.010530801058523442,-0.014917550280374559
2022-09-22,-0.00637534427364661,0.0026545923787275605,-0.020148776734248086,-0.00814205607547236,0.006828392867393784,-0.012402339208086088,-0.0632266921336595,-0.021456049615027006,0.008417615769994224,0.009444588209750693,0.0030414795021451724,-0.03216373523555549,-0.020164212619767197,-0.02145468370561099,0.0008367359227785531,0.004925414350292812,-0.0058357472498687946,-0.024552341462213412,0.00075989567438417,0.005968193678633327,0.000950007239794326,-0.012575490713570336,-0.031602101467643307,-0.02227251286051224,-0.034343899101688224,-0.01843562655873121
2022-09-23,-0.01512372728260769,-0.008708980774967512,0.003062552592192125,-0.03699780502778771,0.00026617843574561206,-0.025073227610104554,-0.010462577345541901,-0.036021906495221634,-0.0337128183804174,-0.007006027477306054,-0.020748417731105473,-0.0036251887041626185,-0.01602091379878079,-0.039037349870684634,-0.014214030821700363,-0.016874387717678574,-0.010075123615103099,-0.014050525518730317,-0.04488501073401585,-0.006389281927808743,-0.00047455279130981243,-0.02014104785389348,-0.04168001650763298,-0.02332767028039895,-0.02102934837130288,-0.0012074586286516809
2022-09-26,0.0022600750961174754,-0.026707921593760564,-0.05030523475167126,-0.009863758930443445,0.0005313660406149889,0.01502040578114583,-0.022494020332609055,-0.02599545168378159,-0.04305883205790739,-0.0007145654119472544,-0.005704304370280022,-0.027895739837591305,-0.011819904741696585,0.01595244916512195,-0.010178025362360343,-0.028773106401546844,8.835304150522916e-05,-0.012895589887975678,-0.01033528342124801,-0.01570817345362918,-0.0004156084467062948,-7.51948139323666e-05,-0.03472693425564166,-0.011827642812235029,-0.015700107483636816,-0.015043588490220139
2022-09-27,0.006566582851110336,0.002202541478773634,0.001377856718542958,-0.0011067249238945198,-0.02710585723095682,-0.027445660460224897,0.02576882530790625,-0.006671920931943909,0.014345500154904434,-0.010501398810250362,-0.002213075181758728,-0.005614544285171608,-0.012512188488902787,-0.004564528913255761,-0.013196378535253461,-0.014446032255110652,-0.005221175921877541,-0.0006642920393702401,0.0012942935910718045,-0.0059729533344163865,-0.014484823679813297,0.0027205298718568915,0.013971375195356517,0.01663824389548063,0.018670935328424898,0.012682398499299197
2022-09-28,-0.012651936049998147,0.013798272404092815,0.031035077394341526,0.032750575364964174,0.01078947979648226,0.009111936013399102,0.05603223385556522,0.022670069960768924,0.03477060142528243,0.021993362534364902,0.008378619617292804,0.018193220156274892,0.012915515667944577,-0.0014673962510691752,0.009725517012559193,0.053645793702238764,0.016635488248495367,0.01754854542567963,0.09288641278539034,0.02037363938369441,0.01602314957477491,0.02140484476993132,0.029968935206945657,0.03831419315612061,0.014262120546048251,0.021949868119148785
2022-09-29,-0.04911900234407818,-0.011194008403721312,-0.03499415182097976,-0.01108731162332266,-0.014727839358788408,-0.03852909241759117,-0.006167448589346258,-0.05829235310288139,0.015467666064784336,-0.01104724332246676,-0.0092050453694551,-0.04251390499548635,-0.011751466970563174,-0.036921408099508835,-0.01878619276860427,-0.03672038999640537,-0.017326004282335106,-0.01881375212183034,-0.022389876677311626,0.001012183869461003,-0.012213295065786167,-0.006493585577356575,-0.03377916218361998,-0.010874567538367685,-0.0107705851635721,-0.018711268683169857
2022-09-30,-0.030039181683621075,-0.010961321807614555,-0.026736313721567373,-0.010970280956435818,-0.020296327587205565,-0.015728133700450786,-0.013691877813348685,-0.023539606717645323,-0.02521178504320387,-0.014879281091140228,-0.023185051582006233,-0.06885454829225945,-0.008473724998881771,-0.001525792211368504,-0.032468567361902845,-0.005351764872733922,-0.016028499130241514,-0.005903318981500094,-0.017813192349790397,-0.010846608374897149,-0.02010696875761253,-0.0034907299108581924,-0.015922460612043388,-0.008820059388490398,-0.022864694205399938,-0.011816904369377879
2022-10-03,0.030752410283772402,0.036482476678782794,0.005209784991448307,0.04357604211215427,0.02043661473151137,0.014775174773239419,0.04853690945433109,0.024107077849330194,0.02013881670933171,0.018551223778309422,0.0227254231292644,0.07671036545510135,0.02159376746900943,0.01222548368393439,0.027721958715443584,0.021595008414103223,0.024615411749618232,0.022324559637901586,0.015290464383157287,-0.0010221675573046651,0.012189224638258,0.03525360633733143,0.04361585903653986,0.008873594897504278,0.009594759557917776,0.004756164165419463
2022-10-04,0.02562316426754352,0.03411166498194462,0.0585833785811547,0.04905690540721985,0.006172877366291463,0.037290682241846174,0.04962376598228846,0.07759365191694023,0.05057424769500374,0.004943174664168826,0.032836826771438066,0.06418501199969562,0.03714558335830409,0.03793161144326329,0.02094068680164174,0.01204820079143798,0.02119791727230691,0.028169646800019876,0.007111783846582176,0.020186011911378365,0.011255836367264571,0.026206056262973787,0.05965608627825447,-0.001976498561998108,0.035563608591166584,0.04868810326283013
2022-10-05,0.0020534236991542887,0.008170334787048983,0.007418396332375066,-0.006958874121395953,-0.011451555369684785,-0.004488272868603871,0.01932853849181959,0.012135958735571606,-0.01414022962170447,-0.0025704513228391734,0.0019123341309852382,0.0,0.009725433289486274,-0.03618185594142653,-0.005041075129913364,-0.009266914906982282,-0.0038919928934906256,0.006116746946245311,-0.016656936077356854,-0.007112138934261658,-0.006642386985261095,-0.009190473242680741,0.01335878903441401,-0.0197054628842952,-0.005684357699450526,-0.0002579864872935822
2022-10-06,-0.0066258437315029894,0.003463577787292005,-0.016052907173352837,0.0024105456731233765,-0.009516181318148909,0.012641346165634948,0.02474849758729647,-0.011990443211535085,-0.01070932848949857,-0.019725245767843402,-0.027914938565662295,-0.03920381060048839,-0.014751011785215096,0.01565742735420317,-0.021488377724183882,0.0006475403260386425,-0.03516551727055528,-0.011230143486672284,0.01389770913517907,-0.019101982402111917,-0.019277157591366056,-0.012815948856216064,0.004708054665680139,-0.009873996208326297,-0.0138747885313526,0.010706938428756141
2022-10-07,-0.036718610889454606,-0.03230459612658598,-0.0341267614144678,-0.007046357428280636,-0.015316010984571471,-0.040724395504555755,-0.040569873548635504,-0.012944792936012361,-0.005026062675513643,-0.0005892841969750151,-0.027897948811054674,-0.11676099669054507,-0.014236389225924073,-0.02284550763585369,-0.013390633993406897,-0.04041135328520762,-0.03239750250651474,-0.018574198721315827,-0.06361971401532474,-0.0061791040282885845,-0.007309489035451255,-0.01312564064475119,-0.016557239731417428,-0.010456987671779161,-0.03900957052221521,-0.02246333338234585
2022-10-10,0.002355547414018444,-0.010561997122299105,-0.018440875507398924,0.006308110067984263,0.006362933920052383,-0.013059192129986519,-0.01331040554334495,-0.06885261117598973,-0.007771570527207672,0.013740436070533102,-0.009005280591073639,0.017768269767914235,-0.010814935112607671,-0.010644297678742753,0.00651483799521535,0.002547800207474804,0.008742458875974801,-0.012312138065667999,0.023270246982761256,-0.0032972257342107625,0.0012995012175878173,0.0010173262658763615,-0.010800607816924268,0.0059796297256209385,0.003770300612839561,-0.03747219290266046
2022-10-11,-0.010254818548201872,-0.003114988956443465,0.008051712997318772,0.006044569773988817,0.01039775510893226,-0.013139556588856016,-0.030925967778568486,0.017605649333264584,-0.007375536875644184,0.00854396402522406,0.00042472978225838176,0.008380120153246295,-0.01963809167845798,0.015369810487781299,0.011866208969029346,-0.03924088521207003,0.0035037612051684874,-0.012201665512973747,-0.06822325384664829,-0.0037806886788880334,0.004758336839726596,-0.0042111606646459965,-0.016377701210990248,0.01665385652906526,-0.002065887941587796,-0.00013567737472663932
2022-10-12,-0.004605118575428446,0.004634369225319679,-0.010180149664017812,-0.001390646968785214,-0.0004171462312386742,0.004905307409242221,0.0053030795083346405,-0.0017302678436851293,0.005326270295344271,-0.004125152843332813,-0.001952734925271593,-0.0020777113835329653,-0.009333844860448748,-0.0015136666748089,0.009772768030907208,-0.00809065989695279,0.0010104647728397254,-0.004102596990116947,0.030706006461255653,0.007684893318964603,0.0418229619929249,-0.030696276280487766,0.01893578511789018,0.0030745999451482486,0.00043895706215546504,0.020485716388355835
2022-10-13,0.03361314418507755,0.03001920853088702,0.020727861117529223,0.020278390080781694,0.01711168800124674,-0.00855426219592248,-0.09269031299776842,0.019930940691294197,0.021976325126210172,0.014563958312526992,0.03589373914096816,0.004857840966621341,0.0373349609540361,0.01610752952905181,0.014956665442065864,0.021882323837260964,0.048738037047165284,0.009134340443261557,0.052700663880298704,-0.007626286123684212,0.03081637308003482,0.001053209115341458,-0.0038448192027756845,0.002185884274108041,0.026210116565440478,-0.006514196434693309
2022-10-14,-0.032240023253837014,-0.023071140728346484,-0.01798167920250371,-0.02702842631079594,-0.008343373309767421,-0.018521806078036662,-0.04017860007105034,-0.008496130063414431,0.004544162812390118,-0.022344226886537588,-0.014368984769536741,-0.009668492566242581,-0.017927723716281596,0.0044759826904530176,-0.012829481654875408,-0.02709337598262551,-0.005513809610303455,-0.053644860958438456,-0.010795211243111336,-0.010246689330082548,-0.025313512179779285,-0.011722295651659609,-0.026375131697752185,-0.011657409920779349,-0.012098097631985771,-0.032650907691681
2022-10-17,0.02912278277903857,0.019309569741790877,0.03535903322469425,0.014647166147427004,0.02041368540570665,0.017533426081953518,0.06133051363445885,0.013710271062591817,0.00012735025418164625,0.013515306893013168,0.012329140866155663,0.01743364367342215,0.021995922107966415,0.025807684368577277,0.008781235244674335,0.057431281736192163,0.002024141724040973,0.034977406729917115,0.06565218386442773,0.028661765607547407,0.014924429673795592,0.017639876326472015,0.036339690783860235,0.021053212551097378,0.01880257553103659,0.06086597690073914
2022-10-18,0.00940916137780845,-0.0017716831811648293,0.014789035864289035,0.015210433901469145,-0.001892465032027335,0.010611623417681404,0.024052186550043375,0.016906184625722354,-0.004331767736007075,0.007044114584562777,0.01168535052640518,-0.003427129675954932,0.018099404628321825,0.03420824436521763,0.015842770309189236,-0.009251098491219523,0.018356013670113747,0.020657733573253845,-0.017299052730212705,0.011555402944122939,0.013489520379539988,0.01733422343537483,-0.002550183574420606,0.00606151535154531,0.013780781356748983,0.020080856258988256
2022-10-19,0.0007653352234238131,0.023380351317746184,-0.0423679282441376,0.004685295392182542,-0.0029791878555708307,-0.03693556059443204,-0.06120622333214254,0.008312506598921576,-0.021369193344475956,-0.00461939210108353,-0.003497652367213222,-0.022008034008148103,-0.00872227874446485,0.0057753179285091605,-0.011139707645310803,0.0032380616885376856,-0.015092820402920482,-0.0064356738040211026,0.13086441789163628,-0.022754573091160135,-0.00971119269719245,-0.003084731151914988,-0.021732248249133224,-0.04622450667407163,-0.007186017555039337,-0.024287376253966486
2022-10-20,-0.0032670964234272626,0.008504880848307916,-0.013963011371841305,-0.020986122269300633,-0.019152645715476813,-0.030585255811725998,0.032969368705426216,-0.029678405117727014,-0.018436176422409467,-0.00671776132546853,0.04726148617547454,-0.010548682222293992,-0.004970400801743713,-0.008178305387195883,-0.01369157599074411,-0.012759923240076798,-0.009544693103068269,-0.011972532504866629,-0.015493093161562221,-0.008295692050174108,-0.01095973878473655,0.002062616944371376,-0.004246938943233247,-0.012090336326993967,-0.029012590992777754,0.047556624739148345
2022-10-21,0.027059075400470922,0.0131952846416592,0.014637929572294928,0.06066712578920308,0.013571639208151964,0.004229955498369131,0.03561167009195998,0.03568381012141186,0.020580926885184203,0.015484506078818239,0.012470618418774171,0.00995023409292628,0.02055470831734363,-0.0012280737514636098,0.007731636368514705,-0.011556290542862335,0.0327115831798801,0.02355649108825686,0.07984042172206629,0.006083669036310413,0.00933174529073555,0.0032351501962348816,0.025918669541868722,0.0031971520019167254,0.02838884195760749,0.012756431767631415
2022-10-24,0.014802373099635835,0.03215068792800024,0.0004705200107475438,0.00567771086635771,0.013389916097844567,-0.024826714098035496,0.011495352201145614,0.023789781980775304,0.00998465303556162,0.016387794075819695,0.021478163033442188,0.005629968893335002,0.010682265812637759,0.02652385257366774,0.024237104067234894,-0.0022306621534536886,0.013440605185772503,0.0382985669608229,-0.024588178166921937,0.01218827180489046,0.026695834449279365,0.02095833940991665,-0.029421231337002918,0.004754335925984288,0.0120807575244124,-0.00456906311736216
2022-10-25,0.019337916129525512,0.023939052858757526,0.02962400123523401,0.018504837273321195,0.01954983324705295,0.04232948808302117,0.011462703756671466,0.028045028221680424,0.006720393243675682,0.009311757134604193,0.0018085800220042358,0.06088164404339058,0.01901214576219723,-0.0023958030238862005,0.009703640329139285,0.06005263224034141,0.0010138016968153085,0.019697826331246393,0.03034159738501807,0.014841800436397934,0.003320565801464337,0.00940300000205041,0.05304783737958796,0.028000907045598877,-0.0032826519544392196,0.043170769150101984
2022-10-26,-0.019627221153043606,-0.01022266738083899,0.004566779786061792,0.010880715659852047,0.012430342033168396,0.004290260834288517,-0.01782251429643189,-0.0007793019282401614,0.013864044633915551,-0.00568069130992932,0.015647485403043726,-0.0026384082438246637,0.026010456012206973,0.010977772979112732,0.009947833058998823,-0.055923122328384145,0.03544283643470325,0.002586847990626362,0.026115052147982487,0.007174284547926568,0.004487442156052124,0.001493002018543299,-0.00938671163393201,0.009787544706438833,0.01191605683785446,-0.008562178887670746
2022-10-27,-0.03046516870350613,-0.005710237852936895,-0.0022731808301956757,0.07707133259653354,-0.0006532602315945102,-0.007621556427164,-0.0048323259999604185,0.014040426720633103,-0.006647362541428836,0.00704506897318935,-0.0017775661725040193,0.0,-0.00043816171024468886,-0.002205514258745156,0.006844687652998838,-0.24557091342096005,0.0008151322612923728,0.00782348759789353,-0.005625854608704128,-0.025662006530323134,-0.0010610457064372802,-0.0014907762865382646,0.0015791990899840513,0.007438578662122941,-0.01479355355484202,-0.009116014288024332
2022-10-28,0.07555237672300219,0.02206181990883893,0.03812292693002095,0.03393989745836978,-0.0018297816742992579,0.009832382304758802,-0.029729460817832343,0.019999971093294988,0.022050671564625812,0.023589120432301325,0.027750817763128932,0.005952316069875119,0.03162479101851834,-0.010372340051895912,0.023047694976621846,0.012865036025084153,0.030944648230371685,0.0327855109732591,-0.0041085653531864885,0.01874583355326309,0.018727666429767753,0.07373951640050858,0.007253363292279991,0.03455654522555873,0.004084138519633296,0.019368096626313447
2022-10-31,-0.01541036640215565,-0.02204615830647305,0.000877784150291161,-0.013130229122755521,-0.02933101098480606,-0.02882186372307427,-0.040853843840146564,0.008295752254038113,-0.0005610446078165854,-0.004959259063565535,-0.0015882459342346777,-0.016436524379348505,-0.0039156005230636115,0.006872706798284556,-0.0035656999854231097,-0.06088705142297546,-0.006398125435062463,-0.0016390009367169833,-0.01298528241781527,0.00018406010689875352,-0.003566903706270441,0.003708549190668986,-0.008140317723408508,0.007761763721469528,0.0035894167529719745,-0.009143767384369728
2022-11-01,-0.017542854878044745,-0.0077865337090364806,0.006870331010621067,0.00942446528272689,-0.006609849255930111,0.03127325807792314,-0.026408297947220882,0.0022439485249394764,-0.013039985243911145,-0.004229974948075088,-0.0006508480018133644,0.014705777828826427,0.015266147851203504,0.009215056913936204,0.006343450115507521,0.0218976523720551,-0.00389535651779338,-0.02731186051990253,-0.01757573294191339,-0.002207755226880659,-0.004515940344450686,0.004750547064740429,0.015151440141623063,0.006271323445726118,-0.0022054834996670936,-0.006591599181028807
2022-11-02,-0.03730503936743024,-0.046832441957741056,-0.04166649164241709,-0.018123487488848733,-0.01588802647783949,-0.08125343378870842,-0.042546203397838434,-0.02537310656358882,-0.022946991787530346,-0.011145533624519088,-0.009913110707884698,-0.025691586506250363,-0.04012729906845858,-0.018599999126854838,0.011475915020393357,-0.04894937312281322,-0.019473192683266638,-0.012310084603771032,-0.047951178259244887,-0.0036876268330274797,-0.013940920291680925,-0.014840925249176018,-0.04881828232087615,-0.03609007342731785,-0.01684597191903392,-0.05175534982647245
2022-11-03,-0.042404960118783586,-0.05076026984582249,0.016058045822953337,0.02200048111980646,-0.013660884307423515,0.02010939822777158,0.1426776071869349,0.015313658958555632,0.0023293900604317574,-0.012845230402441565,-0.01724763712192945,0.013633211112212607,-0.03329987384248856,-0.016712623779707614,-0.009268285162123302,-0.018003021183187196,-8.150830528286246e-05,-0.007169637214649804,-0.014432201858693872,-0.014064960457376596,-0.002580955566724996,-0.012331719140367903,-0.017979905354527426,0.021805998166859686,-0.0034632708966786385,-0.002671744129127407
2022-11-04,-0.0019471914689779268,-0.0006294991095436853,0.01684803196630802,0.03917724785742238,-0.0011191189844981242,0.08643821638349647,-0.016794964767344323,0.018853973807690494,0.011231527072670833,-0.013184618511700164,0.018517094412293877,0.026899905809724345,0.029757140389411463,0.04678473902413871,0.019677455018388024,0.021144916047688422,0.01619869125470319,0.0700730958296456,-0.030736626034550185,0.023556959735372196,0.005624931874617101,0.00445447728574333,0.08055927981811672,0.006447869746246893,0.010243330123246741,-0.01186376211783191
2022-11-07,0.003902429396866136,0.04825899753253493,0.006744855730021815,0.003335393135549758,0.02044817372745311,-0.021469837288289217,0.008540965737850792,0.014063597117686344,0.016468780234691227,0.0011789525571528348,0.010075688405127625,0.0045840057437345205,0.021233028947350574,0.0015065203313255893,0.018506711076509363,0.06531539199669356,-0.0012816221413552986,0.0025895586583397634,-0.008397555837979409,-0.00320916789455139,0.007998637699280664,0.006382891602699781,-0.013863281819988527,0.0024622269106497896,0.020761651273339066,0.027756281323141563
2022-11-08,0.004175006216264432,0.008780145582516052,0.002330299069862374,0.005249214956431825,0.0002742888051812109,0.009125961368795066,0.026111465612883578,0.0014598094329691946,0.0018840394193613275,0.007719203973910016,0.012288787354416408,-0.03129080079319324,0.0019072180262340588,0.0142069118013739,-0.0072992244211661506,-0.0025848719087609995,0.005373606991600832,0.004969939401725076,0.018793505396926147,0.003955444866235558,0.0027747317566322316,0.000801237818128353,0.008434786960122675,0.008990077402648788,-0.002010248648104729,-0.01632964504196699
2022-11-09,-0.03319021395379462,-0.01092106484396771,-0.022086603228123836,-0.01858061602079064,-0.004802517462629274,-0.014815522255391289,-0.06700726838887994,-0.02988347495346033,-0.009401863729176285,-0.0015147657924731162,-0.007226022905046925,-0.02355312631546147,-0.031036099291872343,-0.01252472006617944,-0.008291572052974927,0.051829821619681526,-0.01212595765739699,-0.012383121289055166,-0.03340169459082143,0.007971372525443776,-0.01195305586446771,-0.008405732320684423,-0.03283737256449615,-0.022806754603529655,-0.02831929026930069,-0.08262037316323612
2022-11-10,0.08897466532157106,0.10399176095832985,0.07028243184728389,0.03063748450051995,0.033227896175332505,0.06874672062821374,0.16059393583643788,0.06536437707233489,0.050366713806042185,-0.019157461063673664,0.02794993219448516,0.06409361625296861,0.06852740941391433,0.057076145593094374,0.02508288962956806,0.10249327861807522,0.042962055975652724,0.023617796228545318,0.07975340332088088,0.033542454762639506,0.017642296912569355,0.012176941368000627,0.042280460809787535,0.02445155711832636,0.06049627810033398,0.14462705385137897
2022-11-11,0.01926878117658193,0.03394448030032371,0.03498529099145631,0.017379985894468097,-0.00627151558465866,0.042624028385339185,0.049269579441824085,0.022567016700532294,0.057891590976145935,-0.032788210432707965,0.013736253335647097,0.05699498783024204,0.005989086664052845,0.02289232336513458,-0.0027702233047496305,0.010279710709840906,0.02965562982905623,-0.03882705802967312,0.05513331497916907,0.009674487515627828,-0.02008813745730864,-0.028314852365156407,0.08696972103954748,0.015793953098548696,0.03406416544740787,0.07406051428036475
2022-11-14,-0.009485635338956855,-0.0022863807511412926,-0.003889833728164649,4.2487086278519826e-05,0.0036787563933562417,-0.03308212512041142,0.03545484690211875,-0.020209055139809196,-0.004840254096008634,-0.0034723241254889237,0.007194082535073365,-0.021445978563973678,0.00023592583902209974,0.002315212947148426,-0.010802492313158107,0.010617678332712321,-0.014664125512715898,0.0056904598252098815,0.03150310350921104,-0.004442442234965371,-0.007413577267885829,-0.004993440396626636,-0.03166514209929616,-0.017779520049773456,-0.00224464928923207,-0.04495019513610543
2022-11-15,0.011869394589503424,0.016423293527874083,0.0180446621856869,-0.008076090524882118,0.013829268920587223,0.028594850214528345,0.04651745276596131,0.017069649105853735,0.008583141909107361,-0.003713533387364354,0.0009710982548338798,0.025673064019670733,0.012199052038711633,0.003849695679703835,0.008580389871722494,0.025039459492136817,0.0014502763523702722,-0.002151687892474885,0.036522217740349916,-0.005162279514814183,0.0026028140586218385,-0.003162447070252372,0.02131373316764451,0.032298504694978636,0.02069865391184389,0.03663312416340103
2022-11-16,-0.008330818401810824,-0.02182329743163114,-0.08571437285135053,-0.009250299491766367,-0.002781313936661811,-0.017931215459584537,-0.04460934041018394,-0.02797197280572239,-0.031147193949602303,0.026874000646910146,0.0012467802861022559,-0.04212476594955583,-0.0021833286755049697,-0.061972646303730894,0.005413907700517306,-0.03288362820891211,-0.018899602630464862,0.021364993364365592,-0.013475214982536898,0.007036004817447594,0.006433723277601278,-0.0008275415820218068,-0.018010307283991,-0.0015815950186401917,-0.024301506025465103,-0.04505949601324011
2022-11-17,0.012971029063548745,-0.0017139478253216378,0.013165417310181837,-0.008518953502290816,-0.000929373430506919,0.023552195309659796,-0.04468759120924504,0.0007194519857436354,0.004509135273961906,-0.0022241210105580222,0.010863937922400702,-0.007647980483721839,-0.004347122158768868,-0.015208534363961301,-0.008461776505814367,-0.015720179968085723,-0.0007859882951276598,-0.0009776276442711174,-0.03509572675238826,0.0072490019415831775,0.009532738156608156,0.019947662101797103,0.01572062493124604,-0.0020202359896266397,-0.005647849265383198,-0.01089824745041168
2022-11-18,0.003782146313207946,-0.020631683088357722,0.028845040250199405,0.004296144800740143,0.015818064235702645,0.023229366775647575,-0.003934638164115656,0.005751299732781323,0.018538015913539985,0.016198966765168077,0.010609758588353335,0.011560723007667084,0.007091035603453921,0.03321154175956087,0.008378623409493802,0.005383521209231468,-0.0030670483574057883,0.029079150400932452,-0.024722282079862712,0.007803651298911918,0.007221269184301882,0.007173369404413599,0.0028661244764693894,0.013342506625480421,0.016528510131681662,-0.011502566780068335
2022-11-21,-0.0216803491142189,-0.028320121900601625,-0.016932734264497817,0.0031974537446941564,0.015440987005496565,-0.06228058034622452,0.008953689333353498,-0.0028592943281446903,-0.006181370353320337,0.030727000484209066,-0.006502503245293778,-0.0019047108849231664,-0.015827962183186495,-0.004982358745266202,0.013232881939791552,-0.019544805023736567,0.006863423474691599,-0.0021296965777011234,-0.010174358341249135,0.01032435099892326,0.019246651575174578,0.0070547805415162035,-0.012289113120907968,0.0034279449843928056,0.009163503183552413,-0.016903445170688536
2022-11-22,0.014660988108535555,0.02920779785893779,0.1277706880016094,0.021923631987246006,0.006314329920995787,0.01539373708241576,0.03784581852900715,0.008602213411956328,0.01169094859154729,0.000258310748915358,0.016498585560036583,0.026081351187140722,0.019837153774443506,0.0040381911205835674,0.0069854533320574674,0.01438206358601879,0.007599964900018463,0.010214269340984572,0.005753428158997265,0.005450072014897112,0.00010808756906888206,0.011475934748509165,0.04832185648172094,0.018167006633073246,0.011793162605804985,-0.03874907211032408
2022-11-23,0.005926364494923453,0.014808975532443647,0.03142212564707436,-0.0014328709250375216,0.0061467434516311314,0.001889389979227829,0.005868027017099875,-0.0028429488181986873,0.0039276515698525305,-8.608134723453453e-05,-0.002347439835358789,-0.0030998836129673135,0.010668066120584463,-0.0012870405245389849,0.005429194872289322,0.007178533646607921,-0.004665467406068213,0.0035462764007963,0.016777668646399846,0.01024810162955947,0.0012983911405162196,-0.009762703872954082,0.020148859347587145,-0.0059328356969130525,0.0005471399253198506,-0.013091407858127901
2022-11-24,,,,,,,,,,,,,,0.006765400112674902,,,,,,,,,,,,
2022-11-25,,,,,,,,,,,,,,-0.0020799706796427175,,,,,,,,,,,,
2022-11-28,-0.026264316158744916,-0.01594372350251616,0.01058684993712622,-0.01442505141198025,0.0076055374977181955,-0.012317620431672616,-0.006898796596317203,-0.02485802176687013,-0.019750871654993674,-0.004834052751802598,-0.014760280577154505,-0.0024832994966428323,-0.01907241325877096,-0.013788708583888143,-0.008097324138472417,-0.02360654923069383,-0.03409803761510344,-0.009126434834934805,-0.01530434480565801,0.0010900447654280665,-0.0011948491245189485,-0.007613321479205237,-0.015915913307118723,0.019828223508057352,-0.01429971191336099,-0.05053057176239717
2022-11-29,-0.021148465019831364,-0.0066571493852930486,0.025216345603124246,0.012139283504007281,0.0,-0.007847112023604219,0.020086992208350196,0.0014565392944181355,0.02661498654015615,-0.0091991968530305,0.0021205986192807114,0.005600742985436558,-0.004237049050592856,0.016745221719341563,-0.0015117009381448998,0.006251151304651703,0.011954663088908024,-0.0057150966662015135,-0.0007468758407440657,-0.019011778516121125,-0.007069594817627034,-0.008539023884387209,0.02110737719502609,-0.016096547783998272,0.027680365977728494,-0.01424775380979526
2022-11-30,0.04859367846447005,0.05554193636172533,0.013545760062037449,0.005486840951784977,0.029940895302251525,0.09700399002523796,0.08377091659465341,0.010909148282048697,0.024744170503284257,0.020304486848110148,0.016451696079666567,0.022895992069047244,0.03867355402445316,0.02974102989262417,0.023618505096869802,0.07893299176301616,-0.0012687805806543828,0.02926732706071422,0.08745012693480891,0.015879775880045965,0.01599234970517527,0.019109102550357804,0.013959941418433708,0.03325329263961185,0.02617765292672991,0.06886779979266477
2022-12-01,0.0018918406392360865,-0.002377315228106358,0.013716006781418821,-0.0030456417149492543,0.004519142728254932,-0.016243270606822624,0.055265374018817814,0.012949779005076545,-0.00971369215372131,-0.013990043617777115,0.0017460620647804515,-0.000605114647979188,0.012345367082069458,-0.0037266615584801155,0.007099570634318431,0.019813694497467838,0.00015886005990473073,-0.0015431386023276872,0.03737767869555908,0.013698668155420535,0.008353004998157942,0.002310725220686205,0.01879781297327132,0.01654333211855641,0.00242464013126642,0.026514649236489163
2022-12-02,-0.0033711977503585455,-0.007497563808355534,0.0015034384698096037,0.0018668125938718916,0.010092554424131706,0.030393128533107827,0.007891571191134705,-0.015625243497853436,0.005320271112737585,0.012291062290425314,-0.0032850709655113386,0.03026651827146276,-0.0020508068461557727,-0.0010911865079834548,0.003230948796641986,0.02532369421339964,0.007937024308804164,0.003385176687416447,0.010916569639318308,-0.002487184382778951,-0.001129560621581982,0.003952409675709534,0.008576022655785609,-0.002539547140141929,-0.004206431979058012,-0.04029449482481118
2022-12-05,-0.007983232712671873,-0.02178433071179242,-0.026327996993878222,-0.015076265490787444,-0.03226178432386084,-0.03154683115880852,-0.02334684782581542,-0.034632021854609785,-0.026514628339857294,-0.0063052361442914595,-0.008475017706316978,-0.03642770783200866,-0.011025911424056067,0.0026527120241963686,-0.01288254200560579,-0.008583535454966595,-0.018584109069806898,-0.016391704006352592,-0.024406216381351098,-0.023686768731217556,-0.013840178927602365,-0.011744740367640616,-0.042772408208710866,0.0025247755825181795,-0.04345519808149911,-0.01897451324235422
2022-12-06,-0.025369841929007153,-0.008800031349734838,-0.01233375779103274,-0.018403244497712246,0.0006220181971745564,0.024106734832623822,-0.01603390495868917,-0.007473664978201122,-0.020102082927706322,-0.002958216948332537,0.0006106413290101198,-0.006707223236204318,-0.024038983611311182,-0.007469801813237198,-0.0020761323170412904,-0.0678754948202186,-0.00040113247780326766,-0.00767975641230334,-0.022489555162914177,0.00017022901017482717,-0.008136767419663293,-0.008166201761574787,0.003768470843379168,-0.014687214515289981,-0.03345095177468571,-0.01961591598414636
2022-12-07,-0.01378519103425091,-0.013498418550780378,-0.022934649786849004,0.0030224269420022765,0.003231989425637183,-0.01906763039496262,-0.03614539532313177,-0.013554174270275277,-0.004449440449731723,0.017758955481885108,-0.0015590558012883449,0.007366478808368049,-0.00031640391573384274,-0.01034804430520353,0.010996993407040634,-0.0016651315536803102,0.014207712746598267,0.0023292179661265067,0.009359840960231125,-0.010979714611299651,0.003027855144340341,-0.004016435430552523,-0.014481071479282126,0.03107951724307445,-0.0024557941356913027,-0.022386993798701793
2022-12-08,0.012132680737251267,0.018060469048497563,0.024947765747420192,0.008472539646048105,0.005576167130427079,0.04339227406920587,0.0335817640299243,0.0015265865186664396,-0.0021477633695906606,0.01951914424786283,0.003462613124013414,0.025594169295429126,0.010793873615059235,0.0,-0.00646753670867406,0.012288451514727461,-0.002770027390483709,0.011244606971261284,0.005965891346306762,0.005852016315673003,0.008782776335103826,-0.033469844959966966,0.013168647754576712,0.003332998946363075,0.028396192871858794,0.03563758073404877
2022-12-09,-0.0034349035412815088,-0.005833098809770343,-0.019064976690387314,-0.015719878904215334,-0.013801838637265584,-0.009108844553553097,-0.05739777859258832,0.004573251247059318,0.00919427106017201,-0.01881392092031864,-0.004939658299452199,-0.026143923555005055,-0.006663273082575416,0.02645758374188034,-0.007841542805005153,0.00494231817517532,-0.0019047281366941782,-0.015641604679784593,0.03142526947463198,-0.002566696561890569,-0.0037001473880790003,-0.015576076807518935,-0.014622385068832844,-0.020803465463814286,-0.011078287236459539,-0.002763915789873228
2022-12-12,0.01639025738466504,0.02277400933248619,0.019028906200956097,0.025386071770031382,0.01449464969167269,0.01676287758415551,0.021612285214909654,0.021244274306567945,0.029246381860842385,0.010643247298255831,0.014689040896658234,0.03660767367675355,0.026774981040964985,-0.011421525925300102,0.00477201246747283,-0.0102675247418208,0.008667400071667553,0.019844131265029485,-0.015093272395447777,0.0039457537320697345,0.004751554106773304,0.0058626291971668465,0.025831398223160162,0.0006996725586778663,0.027527668896739188,0.021202864490710516
2022-12-13,0.006782214147893484,0.012685861717483427,0.019400884883383096,0.01042668931300339,0.009853348743144696,0.015218531236053101,0.016059309469131477,0.008172306515695116,-0.002762713447852727,-0.01236988234515235,0.009114429963205994,-0.01000576316066526,-0.002847774512283241,0.00874311415364315,0.0032651809966539602,0.047424022162460666,0.00346857490522412,-0.013624271721184855,0.016371621087198474,0.0036740014278708877,-0.0005435420314224837,-0.01278075050466021,0.027591612005936517,-0.015997092824948433,0.007231840256969768,0.004885338559159624
2022-12-14,-0.015535686112533753,-0.007416860628161714,-0.03865825988463978,-0.004289213000504111,0.0026835692878570683,0.004271390267608588,0.003267421396949022,-0.0066321655323619,0.006727651823253744,-0.0013540971504524268,-0.004715481742370797,-0.0029725926667687474,0.0010080956493017101,-0.0007738077969168256,-0.005029709303628005,0.01198482242052834,-0.009427365982046965,-0.0016525226996084719,-0.007835407616128665,0.023069692910860695,-0.002773821507183638,0.012661956072510971,-0.007820427017223852,-0.003359095511062171,0.0025018866318415878,-0.011208667074254608
2022-12-15,-0.04685430217800213,-0.0329784111844873,-0.0004949242595447823,-0.01629112520197884,-0.007541788606556077,-0.03458791929167537,-0.04589864132865529,-0.03338286784108113,-0.027517160082612513,-0.00792348807829013,-0.050046605970144764,-0.04472283603461091,-0.03149577544799831,-0.0381040736833661,-0.01293471452475703,-0.04474035238583862,-0.02942330660366199,-0.03268991812626598,-0.08627255130781475,-0.035363643726335825,-0.016961016489269398,-0.01517298486982277,-0.019968436414524948,-0.016916964430357173,-0.016819439446806417,-0.041245618985417676
2022-12-16,-0.014578853029277639,0.029904832056761865,-0.016092892526331393,0.008930693414067159,-0.018139291826616666,0.0014133071467892222,0.002778427170988751,-0.06983884061677315,-0.008373463334720554,0.003673107679745824,-0.015453741212092753,-0.008739127277567982,-0.0011840841381859368,-0.0011273005637584266,-0.0034643803155108843,0.0282391668080062,-0.005638389678854883,-0.018278096082366857,0.0010329802320370174,-0.009747314799482099,0.0004991233515514448,0.015406751273793207,-0.018767077142727184,-0.00857103861511277,-0.016610730568555998,-0.0048432528870521185
2022-12-19,-0.015909544503831863,-0.02888875327123752,0.004026259535455878,-0.0018476005379525207,-0.00274644622530984,-0.01950701451255088,-0.0032456937437091993,-0.03547867764909485,-0.017120828376036012,-0.00046803611147827606,-0.009203827795119413,-0.007556605803639038,-0.013242993116277968,0.009672743855430044,-0.006953101564549313,-0.04144684149667399,0.0036159058091185248,0.00851679863684085,-0.008290021976730011,0.008101151178768085,0.0055452056695048935,-0.005198124354331313,-0.01803253141021388,-0.023519208783477574,0.001290708850184119,-0.01102210514934987
2022-12-20,-0.0005288255032928069,0.028774763274347803,-0.0070179513034074326,0.012269085888877873,-0.0008762758981404328,0.005926029266721811,0.009451153819399316,-0.01881948398301969,-0.026247048001044937,-0.005279195955543381,0.017354422703789174,-0.019670103330111766,0.004952045887229861,-0.010059106858098965,0.0022832104189840496,0.022798863482337728,-0.010808298827040486,0.004831413521855454,-0.0003815358860401741,-0.004493249387656273,-0.0006066332231045024,-0.009038381070140877,0.00027839139175034333,-0.0029738201846780665,-0.026901202824581083,-0.007671136306113935
2022-12-21,0.02380938696857382,0.009343041957022846,0.01754177634697962,0.028025917900493136,0.014657975098875564,0.026216221715483323,0.05688437013164638,0.02702709129019709,0.034316895140710235,0.00569226707256365,0.006087100417105251,-0.008414128095114992,0.007989659179772124,0.013871080555226234,0.01579355613685207,0.02280288542173281,0.021935314896019742,0.006567048354010785,0.033901220533684384,0.011978173090051003,0.0070079030238277,0.008051958449705188,0.03365775212130706,0.029804180268829805,0.017566186797586036,0.019982537855419036
2022-12-22,-0.023772598569891,-0.014236381157733402,-0.0021083846840262987,-0.017333323014092072,0.010495287837969602,-0.006765748395432536,-0.051961611418067766,-0.0398980822224575,0.03353141614550359,-0.0002125410655620108,-0.008864425083725647,0.007180055505403349,-0.012062826205798127,-0.02958954356736032,-0.0023921637071814272,-0.022044040182965463,-0.015146719031146505,-0.008077807760438982,-0.0007047895281463434,-0.0037739758829591352,-0.007726110387960561,-0.013713293404844173,0.006458464103203276,0.010524175104730693,-0.006056317634412056,-0.05705702625993292
2022-12-23,-0.002797962399901155,0.005735240866422853,0.011061557818272671,0.00980867762369364,0.0026881955628246246,-0.0049544506734121585,-0.0032194427768145184,0.004421035601968937,0.001366010431014253,0.0040436390422646795,0.00546537699831906,0.0032405817900356126,0.006090459587695385,0.005737551989104972,0.005544766277370439,0.007855170785148857,-0.01192520481606052,0.0047374817667067415,-0.009370254649462617,-0.0043909575872972395,0.006460758026107127,0.003511704810700067,0.0005347146962690896,-0.0014221505608678076,0.007972215166743846,-0.000758311342227258
2022-12-27,-0.013878253231386362,-0.009927657698192927,0.006269281236620294,0.013632488669120812,-0.001827885034340393,0.030163568583666978,-0.04411537731063553,-0.014084606945858336,0.0063661431460761975,-0.0006359017250808785,0.005436034301869563,-0.0006461591310618076,0.0074505728489373535,0.008639127064354879,0.00581208849638859,-0.00982713482337294,0.0006659348888302663,0.0,-0.03658124703068,0.003113213474188692,0.004444155963817753,0.0069278800702852195,0.018439516302465764,0.016652073192707784,-0.00045190180779353106,-0.006526032920912916
2022-12-28,-0.030685498256713295,-0.020173714045490287,-0.020645211905024885,-0.015464252948488189,-0.01208654124381403,-0.008457739601923864,-0.007746784575418553,-0.02232161683377243,-0.022592451818023607,-0.012132321821228698,-0.01685142241835791,-0.006464201188777108,-0.01216211350645846,-0.008888243555497666,-0.009778957812021538,-0.010780366399303243,-0.016053794368174112,-0.011027628007003853,-0.025653661408665984,-0.0024137817882528,-0.007210343066709979,-0.014256488472285889,-0.031225454938096364,-0.001034506436051963,-0.01876452708094911,-0.0015276271848407852
2022-12-29,0.028324354045622613,0.028172876003709435,0.013346563939799161,0.0034253049727424045,0.008156373641100112,0.015191343825594394,0.018936866697687016,0.05388142183663902,0.014446715254574638,0.0016314898365368258,0.007427308529733612,0.016916190941754783,0.018306538361830826,0.010924430312879707,0.007901215070352352,0.040131492972621086,0.019274407059261423,0.019740069685281636,0.05143021527386171,0.010629095020432633,0.0012655196126081236,0.0030220260192272974,0.021668346383440618,0.0028261943166276726,0.012326406573182735,0.040391667151091104
2022-12-30,0.0024689421705534897,-0.003110337800620755,-0.01267852381047796,-0.0026644170666112466,-0.011890253892809843,-0.00728194288326145,-0.023638747299192464,0.007799043545348994,-0.013386612307863865,-0.007202361796206702,-0.0012050378910473114,-0.007037784314563034,-0.0013783089974951368,-0.009677341172729559,-0.004778236789272028,0.0006653459492029778,-0.005391084806669277,-0.004250266145958914,0.012915683028947189,-0.01376663239269782,-0.007253436808151603,0.004304156441918616,0.0095440916336611,0.009121659261313475,-0.010867718945810623,-0.003823560826918704
2023-01-02,,,,,,,,,,,,,,0.03876215948276074,,,,,,,,,,,,
2023-01-03,,,,,,,,,,,,,,0.0042333607741815715,,,,,,,,,,,,
2023-01-04,0.010314281547217918,0.01332657620630795,0.019027489552706278,0.010381953284720913,0.00938823045087056,0.03150720833785803,0.03126103494257393,0.028253445830164647,0.023579650655931594,-0.01612822713740547,0.00741794223535952,0.05848319195301399,0.02407745814322082,0.028259219987835982,0.007245439328062542,0.021084026352597984,0.021882714280515136,0.002408696434117452,0.04902522815271082,0.01953393186383856,-0.0024524467765710822,0.006616824661508591,0.0211173159768967,0.025210406479150294,0.010440602151185141,0.014851452285956857
2023-01-05,-0.01060478686624522,-0.03798951724197108,-0.005247931353791868,-0.004474701814063398,-0.009784004439036376,-0.0028253340550928874,0.020920475924117055,0.019983596364032685,-0.0009367328422803523,-0.0008508574643876221,-0.010448879711732362,-0.009714672090274656,-0.009517179299562528,0.008351116332214081,-0.008092352813157122,-0.0033759841967090365,-0.017498876067612912,-0.011239428793537898,0.0009372460045757869,-0.008823542943659612,-0.010448665707374127,0.032294824813626555,0.0017659807658749749,0.011209491956662765,-0.018463292357829064,-0.03000737226177763
2023-01-06,0.03679430676010176,0.013122632829606795,0.01877093125577267,0.03570822077558233,0.019638780902773156,0.010108267885353017,0.008614911344340781,0.026938687365401393,0.024768222726139655,0.011520280065171695,0.018354498610398506,0.01287545183419514,0.04689640670131645,0.0007527563549050154,0.027647529895016065,0.024263466921045307,0.030578950065770272,0.03418014085965693,0.01888928010305224,0.014752086913384144,0.02258603529805825,0.028308641077582575,0.03348424927950089,-0.005624411965207465,0.029394820578746206,0.05928069531894464
2023-01-09,0.004088646623548797,0.027738575466049964,-0.011801475324442534,-0.009001074446595814,-0.0160305946560243,-0.008263360921801688,0.0033170373830853084,0.008743878905377311,0.02137063669345829,-0.0011522348134515026,-0.0010439109952903314,0.019370668734137952,0.008975307687244083,0.012940141173370057,-0.011466995750371023,-0.004230219510129585,0.0005523555160957816,-0.012242245554415332,-0.0012042499269216966,0.006516882111117228,-0.009773525050213006,0.0013460228288719733,0.004871901882895324,-0.002941221885683687,0.015311765235984653,0.008200254313143196
2023-01-10,0.004456454335382443,-0.009591200286346524,0.026931251880240037,0.01577326572225668,-0.011671518997994346,0.0031340138129511974,0.0490949875715716,0.011820392861674911,-0.005270533527509169,-0.0027061436273165818,0.008707788336865807,0.015439350414946595,0.00010792397623804462,0.006387378162748147,0.0010410188599148107,0.02718782393712993,0.010568726055381505,0.006676429737066725,0.03924870423206017,0.004150396207957208,-0.008252999606557676,0.005310075307317863,0.01672733555092032,0.007962672815005511,-0.016071212439079496,0.011130119276783867
2023-01-11,0.021112493053031534,0.012488870139645725,0.018749475265821935,0.0008782832209082159,0.005289642319330934,0.004419866217248991,0.06113607592825354,0.029595181601354437,0.018332175427270725,0.008052138364901928,0.003176729805015155,-0.01754369950546808,0.018463237866277238,0.005756376430205101,0.00386275319827023,-0.0007521014088025524,0.007726410720114929,0.007585458984373128,-0.0008548536528979467,0.00562119135836836,0.0011246828705866463,-0.00508147626393074,0.009775697120641524,0.010089625322432516,0.019354251431105363,-0.011995462416026559
2023-01-12,-0.0005994837952799648,0.004694882056183403,0.006406486961356039,0.01730942003446878,-0.004038116816331816,-0.0051590947349100524,-0.02271881730735681,0.015885064826435702,-0.0016129151566666167,-0.010591792747446371,0.001996415144163599,-0.00892883375223208,0.005160396613127949,0.011153660138356614,-0.011987658902372189,0.028745556496004188,0.0017814094434063232,0.001399625820795114,0.008769746792284483,0.004685502738198677,-0.012749397097629567,0.007459888898902589,0.01770960606771177,-0.003484958491022483,0.0039511159765672765,-0.0014283455373491627
2023-01-13,0.010119056758189027,-0.0004643979164715706,-0.007175885810285165,0.01329047360618163,0.006388921880429832,0.018951346922797985,0.023094987262511024,-0.05286669609987249,-0.016988773024259274,0.01079448257050064,0.0023360836885333303,-0.0066063252683881135,-0.011295063045755227,-0.026995701621659207,0.004493703791769166,0.001975102771038406,0.0012368792492474245,0.004911118732167541,0.008148335598139989,0.007936554775681115,-0.0030720555116660053,-0.0015343914783788604,0.006496940699728171,-0.0017078998044524063,-0.004372695405013727,-0.0060078068422056985
2023-01-16,,,,,,,,,,,,,,0.0017899923567734621,,,,,,,,,,,,
2023-01-17,,,,,,,,,,,,,,0.0010422900980286975,,,,,,,,,,,,
2023-01-18,-0.005369690153810169,-0.008914592254748999,-0.017294382864376123,-0.013424108351007935,-0.031397462914755536,-0.014192422302518048,-0.008074802730253627,-0.020520822030474672,-0.002445045967524373,-0.0415193601631767,-0.032922457703327024,-0.0036854702591121447,-0.01621322038951578,0.0010412048605126234,-0.03655638405427408,-0.01728744117308567,-0.03041101711205496,-0.02442194803766684,0.0003371274496115628,-0.014510269727239344,-0.025218471914008833,-0.007347866384839419,0.002750456602987894,0.011100083453011056,-0.012737605410446773,-0.034206373203060414
2023-01-19,0.0004435777176854394,0.0035744667001549324,-0.017357987040620304,-0.023328820858491306,-0.018401207045962154,-0.014207048586694526,-0.018791853125567415,-0.018533250808829393,-0.01833019711584094,-0.0029986290057298914,0.0014955357183985551,-0.018495646015936007,-0.0026564269333341217,-0.026448758728553012,-0.01130540350165532,0.02353047538307318,-0.03519328337446026,-0.016857210927729627,-0.03232924720134156,0.003026634038315823,-0.011595478082458643,-0.005208947450630941,-0.024457232081066316,-0.02391615696732108,-0.0032252270787169746,-0.00955845050939319
2023-01-20,0.019220596925103806,0.040434432466861514,0.014107109666396278,0.016113997911836764,0.03289882158929491,0.03101986639413723,0.022098209479260777,0.0180622706924376,0.014384397394125337,-0.007403148118094394,0.0041247650195102015,0.027010300181136593,0.022666613683518078,0.004120857360896846,0.003132784677891909,0.023650295241826935,0.018745480397709402,0.011008380317546473,0.08461590220709558,-0.0036700315414487372,0.0014738788565569205,-0.0001379909997503148,0.024133061026217373,0.006412367684427878,0.011240448386173885,0.03987433159322795
2023-01-23,0.023500406037150645,0.024131561775873278,0.01899106286376573,0.011973790002733242,0.0026443495663164285,0.025900783693811213,0.05537845082206694,0.032257796846410836,0.022848837087286133,0.011747084820256104,0.0046741055614594185,0.028746068833995775,0.006085937766751703,0.022495762780375905,0.004996918810961981,0.027983258287078483,0.016327879411406565,0.005914566260803111,0.04356206072507973,0.0023738956836030223,-0.00447396157365787,-0.005167940288675066,0.011667928073700873,0.018768450322041996,0.013192602365195372,0.021151096700764427
2023-01-24,0.010063179555213742,-0.010027956468680377,-0.007241175593676985,0.019430180334402136,-0.008391284920570174,0.009727039368993218,-0.017538833575654778,-0.004687389683055265,-0.009939931924785927,0.014974183854749246,-0.002608278417702836,-0.0059455615555299435,0.0038038954696657523,0.007135489634556791,0.007457754222017998,-0.0009075554663444674,-0.06214315636103285,-0.002297396438046828,0.017934050415009173,-0.00424638590242743,0.009283519047601274,0.009974051899498848,-0.014925345132072554,0.002118004188079725,-0.002715125462353196,-0.02169932209439074
2023-01-25,-0.004700729682240223,-0.008718016806796514,0.004424225065417842,0.00322207452848855,-0.007253395238000837,-0.011617860302806315,-0.0059993569605669705,0.0039248945505696575,-0.007608891065673085,0.0031777331205449233,-0.005159375328555926,-0.01315783912798485,0.006263109199684536,-0.0022139850717589615,0.0024679876567168524,-0.011457297013895862,-0.018000060588564404,0.00913245279686925,0.011351510890859728,0.007872819895890837,0.00726467792959129,0.015500004952252233,0.0027547810611849854,0.0021933007122065806,-0.014056294411447512,-0.0077776308966411856
2023-01-26,0.01480313300001379,0.021358554903222915,-0.000595234799364297,0.014239143072643845,-0.01010710692711081,-0.002628177056958836,-0.009715937864629876,0.010164190243571403,0.012406073885135704,-0.004434718779839475,-0.04482797387022419,0.07454544908322136,-0.013468171516720528,0.010355135917795133,-0.007384900912353665,0.04098949499507554,0.00549031727065441,-0.005104955941058309,-0.008397703841786508,-0.027990284478606742,-0.009946115240523912,0.004186964216755795,0.008699666398985562,0.008336156617596124,0.012622610245180299,0.039047793079389326
2023-01-27,0.013684329211215429,0.013367186137868803,0.014651497145326653,0.009232607476765908,-0.021404817659728237,-0.008893885508462929,0.02423078585035876,0.027089759739985064,0.0022088899462118228,-0.005681554676563616,-0.0004461641047508458,0.0033842425119203767,-0.008509053599714989,0.0,0.003099961692476283,0.03014254739469102,0.014971307280424062,-0.011078664557756857,-0.011236874856767165,-0.006278303087478565,-0.0035246895526176436,-0.013181788781855164,0.0013616655420662926,-0.002269038080315422,0.01329985984045634,0.03590387858455224
2023-01-30,-0.02007792592539026,-0.019664908406514137,0.014087947130243084,-0.011491915763854,0.013073196257165742,0.0015508773036221335,-0.0224964153473296,-0.028636271788848422,-0.03400509923842443,0.020250649707417745,0.0067711688865046415,-0.000562138007311419,-0.007780227717105959,-0.008492035758454919,0.0018539067598577486,-0.03084229637330571,-0.02316708422096403,-0.008490671878020106,-0.02123233216341669,0.008508196588097539,-0.0008255169927933181,0.001703817045546785,0.0,0.004548396645824626,-0.02811796965214519,-0.008766035232676939
2023-01-31,0.009021029826119742,0.019041281862514303,0.027089452600706387,-0.035219795865540915,0.0033504650845959105,0.02164377901081549,0.02138088305910757,0.04809960873109387,0.05312894355459785,0.00631739935305653,-0.0042128235657048485,0.03487037987664454,-0.0014008520788386658,0.006349649820686087,0.009253924526843038,0.012987989456094917,0.02220638743890091,0.018910652768358904,0.002124005584359656,0.020881985315174045,0.009086685007255513,0.015852461338725643,0.03286484955736246,0.011792075787071088,0.04667476787551417,0.020408163265306145
2023-02-01,0.007900734493851314,0.03666905336752668,0.010482762792432654,-0.010900176261634753,0.006678160333703387,0.013425964997800133,0.014536996463017537,0.020725260233387388,0.04255665481907789,0.003116529201153906,0.002671997390538028,0.026087296450396202,0.009390028011016405,0.021276516749590302,0.01971257987424324,0.027857883254682303,0.00677790770531006,0.010738988446285846,0.02297517913531233,0.003681829885096022,0.0031574607769804253,0.011117758918977927,0.023041600500292914,0.018736875381573537,-0.0013496597110350672,0.041466674804687464
2023-02-02,0.037062519206473965,0.021645127286801236,0.019743332487273113,-0.018594294947582135,-0.019533190306075032,-0.0441242887029506,0.061756662875108725,0.038433497830989705,0.061303292591037506,0.04047950762402741,0.009623304703914703,0.013241542288862984,0.0022988706477777843,0.037356390701426045,-0.0010488501274983353,0.23282396632551405,0.03823591579502206,-0.01482101578123396,0.01353622602852389,-0.02168412898812433,-0.009267699922770767,-0.026627477693400903,-0.005362546702507132,-0.005271318443937578,0.03411164016650936,0.06055557150913926
2023-02-03,0.02439978500252704,-0.03288892754948358,-0.01203250543449863,0.011678328631384627,0.038716904473925284,0.0042102019811247615,-0.004723326333715527,-0.07611712105638913,0.0007924015992784028,0.00793434833601836,0.004032591289241161,-0.0041819846404382854,-0.0027470241263374273,-0.0027700605170717374,-0.011251266608249155,-0.011866243516038932,-0.023277036264716333,0.0020320433515770286,-0.0026983298989030624,0.0059996272093170155,-0.005001103522842887,-0.011977114286874424,-0.005607142045630398,-0.00013441491834498276,0.001934297125703921,-0.039835774604614294
2023-02-06,-0.017928694609359086,-0.010808466852267773,-0.02601855527008179,0.014772411365175486,0.004704749203526815,-0.031052856410890173,-0.020067842127913127,-0.006802793117167361,-0.019005777949549163,0.017987189143905624,-0.0055502044628218394,-0.03464584819844774,-0.0025139834453312693,-0.0020834418085737827,0.003944802256812485,-0.0025196947510426337,-0.008426556932437101,0.007019129102594723,-0.012079839872374931,-0.004058749763986458,0.015965172305767883,-0.02217775189910054,-0.031663290524079235,-0.0052999648856815185,-0.01513078987184524,-0.031053572947859265
2023-02-07,0.019244768724663297,0.022892615426231444,-0.002046242331420922,-0.007000165481904741,-0.00420233408025783,-0.0006125753869277162,0.003390103195826555,0.02359204323394981,-0.003229076901647532,-0.01421859012755089,-0.00249644091571799,1.1470102379007585e-07,0.0056036384949211815,0.0013918131546537538,-0.016472825768717447,0.029882751720538225,0.003433621574953971,-0.0017039693178921844,0.0040665974319704645,-0.004324643042582843,-0.0015133599172113543,0.0071846198697576025,0.012989858025738599,0.013436335854548842,-0.0024902039841128154,0.09848195143816607
2023-02-08,-0.01765282312920391,-0.014225475140601684,-0.015833151298586978,-0.0031643921593437208,0.0036171739212389475,-0.006973005378701158,-0.006964038580548615,-0.002230476418702776,-0.0020485723558886226,-0.009573623582376123,0.0010306719987780433,-0.03393544099499002,-0.01255791775034576,-0.0022237628636984086,-0.0044559615709363065,-0.04274087462451526,-0.01411453239892091,0.0007759595411112041,0.010690191702867446,0.0020881985315173157,-0.0023314395093395612,0.005734597640323358,-0.04466074605437731,-0.0033146357754874067,-0.010250020657515346,-0.0627215326989744
2023-02-09,-0.006911595116276037,-0.006739581064840627,-0.01666667701909008,-0.01040692754610284,-0.015017174323227911,-0.02577253270833746,-0.04485492655343892,0.005216110110387584,-0.004105165184473458,0.0013200264491224356,-0.0043176429567201025,0.01756399170361056,0.00018882612977333402,0.016715500440385167,-0.007717381263444012,-0.030038567478331446,-0.02013026911692306,-0.003294780475109671,-0.01180379666538689,-0.017754460853925957,0.009464832628801156,-0.006675556078389988,0.03471436420135121,-0.0021787272602560304,-0.00863915699999851,-0.032514201394674536
2023-02-10,0.002456490960827118,-0.012825649545066264,0.006591300321595384,0.005643895513860686,0.010977161762800725,-0.008989810331461179,-0.03947363166729001,0.003152003677276305,0.003594909833899207,0.016797944581020463,0.013831644598001347,0.007794976915288965,-0.009691468652214041,-0.014111502275841126,0.018820971376052764,-0.02118947469595589,0.008412316566376754,0.05588190760939482,-0.041765515557650845,0.0072979705980829035,0.01979407605149852,0.005950523400981567,-0.006039015995738084,-0.012124610945901115,0.0025437581956724298,-0.03334632891149092
2023-02-13,0.018806647207634253,0.010808943290064654,0.020346109673179846,0.0019379481975079216,0.006032100044267796,0.020180658169604015,0.01982891864350722,0.02827963075655804,0.010937559392566243,0.003387540247394849,0.012905560473375655,0.0011048723330033816,0.01090402120763434,-0.006809358066662385,0.011755854924523357,0.030318714027897986,0.01229375554202905,0.0001838961511164694,0.032271947852333005,0.01693348477862111,0.008910200639165922,0.020041553710760995,0.017326733597457178,0.008589418663657256,0.011824063772454929,0.030588927374557873
2023-02-14,-0.004224950836304031,0.007733317057291744,0.012033040711902254,-0.015273011508754153,-0.0039339687078087104,0.0009010372951143708,-0.007421150278293154,-0.009167147365584327,0.004771956058813753,-0.004209776738154036,-0.009756000741816262,-0.013796529096514965,-0.0023458629460361147,0.00013987796514558504,-0.009204654627202769,0.0002787214433725982,-0.00928193219061757,-0.004234310064144431,0.003876507934245099,0.0022368761890829703,-0.011250551814008802,0.006208357734446279,-0.002433116367153043,0.008593240419124237,-0.0034149846876209144,0.018566920850122903
2023-02-15,0.013903431469074912,-0.005186534762461559,0.0072470557158619275,0.01776075527401444,0.008092593514967383,-0.003405024431545556,0.06362612715391358,-0.003084137005382237,0.0017396732641572488,-0.0059859136131222845,0.0028673439105240117,-0.002238536865380003,-0.000865076052360636,0.012311079183839446,0.00045684141295354586,-0.01292617524997186,0.005078529428124812,0.005879477899273455,0.0040560038617505345,-0.0066127547378861395,0.0013655324749848319,0.00040673147039549384,0.005986794652299565,0.00364047089612618,0.00037451790753895153,0.036842041860988495
2023-02-16,-0.010429518779009106,-0.02867478509679755,-0.00843155686305741,-0.008765649476383919,-0.008027629175163864,-0.020105961430709862,-0.08400110649285852,-0.0015466587877167592,-0.00643075199642118,-0.005134563571636774,-0.01026383236204742,-0.01570415013194093,-0.005654204553526165,0.0030405361768284234,-0.0001522532625721773,-0.026642636482292148,-0.01138667251761305,-0.017094802553715982,-0.029633091587358273,-0.02978858797360895,-0.0028407143040626304,-0.005557479036300661,-0.011020491980142877,0.009495594088389847,-0.006903968050487763,-0.035409101149226574
2023-02-17,-0.007546762043137534,-0.022757140637678308,-0.014285736016749095,0.005151817529215119,0.011957712805698018,0.013425213662334956,-0.004834662686024727,-0.0015493256341581052,-0.006472374229921751,0.02325490372410477,0.00014804305819104968,0.014245278912854653,-0.017467020868085714,0.02838228987230429,0.017813550254243804,0.0025516733472850106,0.008839221091044625,0.007705107782035814,-0.007841171277746861,0.01715259832021765,0.004387100722990311,0.017855955047697325,-0.01693779232837167,-0.002934753491155573,-0.00391488717848032,-0.02310361913938941
2023-02-20,,,,,,,,,,,,,,0.0030815953425245013,,,,,,,,,,,,
2023-02-21,,,,,,,,,,,,,,-0.003739895299484375,,,,,,,,,,,,
2023-02-22,0.0028961709060149055,0.005826330956301362,0.0006016794733367803,-0.011715300148385066,0.0010715336773055029,-0.0029601802708383307,0.028875771494976332,0.0008197457793988061,-0.013712654937346413,-0.004317066109609136,-0.005618557474532659,0.02191441556714313,-0.002781284424676178,-0.008177935324188979,-0.0055553965595618315,-0.0055788286023883416,-0.0028376648543415595,-0.01605689712752356,-0.0077629937065972765,0.0015211466707951704,-0.00034046808041798826,0.0016317819859856808,0.01321687127513993,0.011753691624682316,-0.010366473216712357,0.012694882757673831
2023-02-23,0.0032903772774492968,-0.004875006311884311,-0.002164291988764666,0.0002520844196713945,-0.0007137797789432687,0.0016449359679817643,0.02436749674718719,-0.011466085775880042,0.011585994484601514,0.0025430812891575894,-0.0013744914524727037,0.004514974345607881,0.0015779008003871109,0.0017572765284994407,-0.0024160638839382242,0.005376375008987022,-0.0002754211544054863,-0.00041644956617237217,-0.03353432031565573,-0.014513495731682813,0.0010787895668367131,-0.017647726040093237,0.004192908377613103,0.0006777981237242603,0.018855339097509694,0.016078489099186744
2023-02-24,-0.01800510766279051,-0.07630678723728146,0.009879680368987342,-0.007480487269167502,-0.00535566205719562,-0.027797830965200387,-0.05680953313649284,-0.015741376435199683,-0.009260012206506407,-0.006029977778514328,-0.0016819350264499766,-0.011797919482366415,-0.006778790478561225,-0.0292808801293154,-0.007870372796068725,-0.009590933209761565,-0.010191811674797213,-0.008333480158206452,-0.020083469555676525,-0.01275802173089502,-0.001985097357114385,-0.0022110410380357104,-0.0118303197276044,-0.02160043107150944,0.0011669216920737746,-0.008582531745576216
2023-02-27,0.008247328610928362,0.005553125138347381,-0.014197116931921161,0.016132505092679494,0.0037093873281308642,0.00033026927572943343,-0.028242252834334902,0.015151500278678398,0.0038368613625134884,0.0008367619368250256,-0.0006126550256991825,0.0011372641898308444,0.006683397845983929,0.009035251016480172,0.0013731424384746393,-0.004988569216036853,0.004359811719924389,0.00435455796344697,0.018540162333019028,0.003989708296721073,-0.0002841908000231763,-0.0019386732621778924,0.013849826677547972,0.006077105788638626,0.011545805490875027,-0.002840512425345554
2023-02-28,-0.0034477322636616847,0.00505710115963387,0.005808996128526589,-0.0017917630003482232,-0.0011921543950553781,0.003758178575857807,0.006716461013571928,0.0008290684110043856,-0.004116260494261947,-0.0037621408895675,-0.009119466737801729,0.01873913977885544,-0.0005346925784582846,0.0008266743285147982,-0.007008031345107635,0.03185099893346233,-0.0048951373574104284,-0.0004942974976572811,-0.0027861235388881855,-0.02798904440651906,-0.01352956897972779,-0.013529465977367483,0.007409368142108574,-0.008315084427198194,0.0014269894291134566,0.0118013443133691
2023-03-01,-0.014246043174541811,-0.0017595533345881043,-0.0068583428157604764,0.03807134218046948,-0.007758441909273217,0.011438223685227733,-0.02578045291493014,0.020712439115303072,0.005462033303896385,-0.007007378612351456,-0.008584790129332887,-0.013378000258385647,-0.005037992676133807,0.009359839171543483,-0.015188708987891042,-0.008688686080503216,0.022925718490735436,0.002054862430951543,-0.026852564022857628,-0.0010664610361725835,-0.012678028730256696,-0.006259621600962939,-0.005975709326488277,-0.005358458610504324,0.003233152072422696,-0.06663083302477535
2023-03-02,0.004129167393513766,0.031294436775257006,-0.02120172435634371,0.014115007977332228,0.016239762386634604,0.012244136137075312,0.0015218152437730392,0.018668900777136566,0.012724589569744316,0.007394885218511504,0.005772640516342964,0.00790971783092731,0.005855777606116774,0.003954837309941617,0.018227044642751045,0.006400597902287419,-0.0028127634901207177,0.0007971540596793947,-0.005103989077222426,0.01859423236434954,0.018451251631480092,-0.0009911346020096135,0.014335019616287026,0.00988329016880063,0.008739082100697626,0.014507246006759456
2023-03-03,0.03508999398861379,0.03160422352300407,0.030573028815351178,0.012411802892692725,-0.003077868409274598,0.0176417568610594,0.02498732996242814,0.042231060593037606,0.010389736334833755,0.0,0.005506856876629884,-0.001121209633076048,0.016677136172990048,0.02675885717604376,0.005354876721250346,0.06142214024097581,0.01237466672494425,0.011382617670706585,0.010580990336418239,0.003755907388543367,-0.0009809280124498665,0.005313407623747102,0.013676860242294087,0.0018038118863485941,0.0054147551561603,0.0025484965620194977
2023-03-06,0.018539275815854017,0.008661726528125246,-0.011530082118317408,-0.00520920533527347,-0.00736161278103209,-0.00608117919493345,-0.02174270655131383,-0.0076452337648443836,0.005022021218749062,0.006208071060080478,0.004242663001603697,-0.03423122161931291,0.015021031543873686,0.0023813232230078807,-0.00045636696982165326,-0.0018892558060497056,-0.011953818971393138,0.0054021894364280065,-0.0099943060335409,-0.020449026937396586,0.002021213724751947,0.012826457535216607,-0.020913047091854597,0.0025668062324930574,0.004470074878230035,0.007343656127521303
2023-03-07,-0.014496153365398556,-0.0063973295227545135,-0.00048602398471853103,-0.030868745186149682,0.0008374928145791216,-0.024752859078733147,-0.02433069051480874,-0.011556200501534164,-0.018131424930925122,-0.006378174355293753,-0.01490126244198453,-0.005229349330422628,-0.019049962213423588,-0.005675115016268606,-0.013246209361064465,-0.0021094121350665462,-0.025834711605943084,-0.007612088570933984,-0.011409127424193533,-0.00968289811437284,-0.004956771055524278,-0.005914500453177762,-0.011483592193855419,0.005043854585671026,-0.017371498808830488,-0.023552506127153428
2023-03-08,0.008377036552287942,0.0030162661883454955,-0.013493723849372419,0.01048185641670285,-0.00023902927198715673,0.012303527889133248,-0.02338423590253913,0.011691307596241485,0.015606682454466059,0.0026431739061216764,-0.0015595435355963971,-0.0005842428491760199,-0.00252832722123586,-0.002919996496250965,0.004320269194864723,0.002493187762217852,0.0006535623681791503,0.006128695830944997,0.01076282073161261,0.003857240023152686,0.002722602589015022,0.0021698450850131668,0.002090951524139406,-0.003687937271766417,0.005619959355182003,-0.010624520424376116
2023-03-09,-0.014914561451465635,-0.02159958738087897,-0.02649421523347939,-0.03119979270913098,-0.0002391812209656674,-0.020122362260675986,-0.04806505059849764,-0.040832034217594515,-0.00816048414021675,-0.0015064233792210224,-0.014759967898187565,-0.03389830093297119,-0.012784325985019662,-0.004659362722747251,-0.0050697123087724005,-0.01773266047024702,-0.015304094454661632,-0.00900590736818152,-0.04493412034275135,0.001965783989740011,-0.007567477946232248,-0.01459695278884332,-0.028718268128602675,-0.007956464614397807,-0.007704748145050955,-0.018720081947066536
2023-03-10,-0.01387864139553352,-0.02680499883294185,-0.004936794135129818,-0.05789334845044092,0.0029892952412884366,-0.029899823885680132,-0.016335572134142273,-0.028112352370856852,-0.026562845481328368,-0.0036877137687111317,-0.005627699401265618,-0.02601330146552938,-0.020680472840461372,-0.009896889445438095,0.00216196310294281,-0.011998539763059424,-0.01383615069570332,-0.01395287538139578,-0.0168581103759049,0.01373403337725465,0.0013387700454354778,-0.011198689451882848,-0.005768926085974901,0.002404169825954705,-0.007327418329651003,-0.00739426175230784
2023-03-13,0.013265980056947457,-0.015274822246453379,-0.03612797282676161,-0.010175771620138385,0.006318701914981961,-0.005249831109846226,-0.02141917532136428,-0.0057853539152599165,-0.01888764601843107,0.01190360979386429,0.0010362134848322935,-0.018012354854538892,-0.00691436904668441,-0.03174381959428163,0.009861213479298803,0.00774341021543834,-0.0053815182128181815,-0.0012621566530025552,0.0025618515276673026,0.025776493628660413,0.009765853293737914,0.0015768819236003928,-0.011847317180686545,-0.014390421937523712,0.0038008230246782126,0.02309289867307429
2023-03-14,0.014089060988412117,0.02793967331405356,-0.012273685768759757,0.004316757676301464,0.004264807773156187,0.023237857363927583,-0.008870872404462826,-0.008312427297402114,0.0025329907931062046,0.005944125787127996,-0.007405541107180835,0.006324935719086433,0.023527294717576197,0.015903836130680693,0.011443283958593176,0.07252631544048027,-0.006956559462618084,0.02297622977550473,0.0048720537584958645,0.0050600075605711226,-0.0010362634877293386,0.023473904860034978,0.015170112567111538,0.00922751577238623,0.015529911502730975,0.004659963642884346
2023-03-15,0.0026216813934645256,0.0008400047717764814,0.009486971623223539,-0.03726667297336317,0.016751325876512624,-0.015056744449504667,0.018970687137600972,-0.018440900118853465,-0.013088161649262964,0.01000007249631385,-0.0109907691617942,-0.004399746184953757,-0.013434852037464529,-0.036665607484177354,0.0016594386447805753,0.019224749845220046,0.0,-0.02828180500118982,0.030006111224281984,-0.011434448069413516,0.01786426783529893,0.00985950206779096,-0.022656142105601296,0.011110701661789957,-0.003782516027888927,0.029569517012532964
2023-03-16,0.018693895400269778,0.058991109551533194,0.02038361752471851,0.006673861244534951,-0.0026685588126292847,0.001815659636998923,-0.002959686508653081,0.009393528557318787,0.044803128501921696,0.0023729979858946315,0.011518478082627182,0.017676890285535762,-0.00022995289763882987,0.0029934464531127247,0.00813257083533081,0.0363084242319327,0.013913274998206715,0.03811086045585399,0.020639284199595043,0.020371138023478785,-0.0006794215931422709,-0.020149659005770704,0.015043176638444455,-0.019725983373631073,0.019310139606744103,-0.006194600154413865
2023-03-17,-0.005454104044036012,0.013728115673271146,-0.004669724897313543,-0.01691743987846339,-0.005816721071194797,-0.011254784925392003,0.008713933065743307,-0.04399304651181146,0.07968616584465149,-0.007551024193884981,-0.008099432062142586,-0.021712144292891367,0.004770318258106254,-0.01563379314171276,-0.008066965665628922,-0.04547882523103075,-0.011419168381228806,-0.016159280173249857,-0.02115719945664618,-0.0042298195847961795,-0.00781818223556563,0.0066427499854488925,-0.0063166861957247855,-0.014362515597615033,-0.006013335536041553,-0.019832752076980875
2023-03-20,0.015484011430453082,0.013235019937741122,0.01824557828664397,0.024650138529136445,0.0030423879892345074,0.009635156946972812,0.028669113133191315,-0.010619493684733028,-0.01847406385071626,0.0057165443620239564,0.018190682971769068,0.02790094502750806,-0.0009725055224452106,-0.0017326174422588325,0.020030019527265353,0.011246823819467178,0.012521506169560048,0.014645739657709989,0.005370678904868864,-0.001274299172369986,0.01404666636781382,0.0221832145891816,-0.006846021767716537,0.0074438644608798565,-0.017666679568678623,0.0015898338845228288
2023-03-21,0.011944045607401366,0.031249989487717178,-0.004607565832140947,0.02092522479627812,-0.013765644891322149,0.007093951821764755,0.04014395025488349,0.04830049356912358,0.01660188146389663,-0.0055204764958001196,0.005002283327568913,0.023442334270013188,0.015029332694992403,0.01938097972308883,0.0014765516600954154,0.021990889030141014,-0.00019157028690564015,0.013240945163441653,0.0021630119517928037,-0.003572664155228167,0.00236493080276734,-0.006455597725069651,0.0204333111344559,0.0111321600766352,0.017984404276260912,0.03679646912077006
2023-03-22,-0.009103662846382421,-0.033429559416432664,-0.011841305323429085,-0.02209684445385829,-0.003666919651479472,-0.005031502764428986,-0.01552657274611835,-0.02047776510026844,-0.012600644625346158,-0.001850327972711563,-0.019909876686715955,-0.014466312324151853,-0.009984054921119534,0.00979000823215559,-0.006928970656759015,-0.011624498815154816,-0.026368651854747904,-0.015165916719272476,-0.03888292831621454,0.01186621283851741,-0.008426457169137147,-0.008363841359943613,-0.017852889022235252,-0.01145543496379664,-0.0066919623901813274,-0.04314542157210555
2023-03-23,0.006969649491304741,0.020154291330454654,-0.01777711409409255,-0.0023187269034060654,0.0010682920799234275,0.00598403446447171,-0.007840688119686301,-0.005226746999603016,-0.0006448555790788957,0.0051082112580678185,-0.005481549362650329,-0.008562940573956346,0.009514734789562329,-0.006322855317151599,-0.0023757190111822757,0.022371257038904968,-0.0053181794913215175,0.002317257123835903,0.09006462790411529,0.004471496819758114,-0.004872243497011652,-0.008085699654953982,-0.0012283071834467973,0.011254882812500089,-0.0013473897090247045,0.006400035511363589
2023-03-24,0.008305379661685874,0.016151738360645318,-0.0036198430153192573,-0.01107365552130224,0.01968706027119027,0.012441335947688259,-0.029430447556971995,0.007881007790329964,0.0031348082157851564,0.01590303024990347,0.015562809984411174,0.016656495762511048,-0.007731769164957325,-0.015130123310070576,0.02738126787863293,0.008468731737147017,0.0013860404509942192,0.013126402674884297,0.025033616894452715,0.00453553287858055,0.0195843939239857,0.0016863748695012948,-0.010083512924484173,-0.003412591226104378,0.004209680706811492,-0.0021679653213761974
2023-03-27,-0.012293089578676253,-0.004827175164928477,-0.006324082843867873,0.0045620375192581,0.000930429375448405,0.0007447606843229426,-0.01843707298863706,0.0008688878964402402,0.010202238151702847,0.012264823216438847,0.03208558076865575,0.01152903682390849,0.008503307775754587,0.026274187750001232,0.001738024125732096,-0.015387489962449097,0.003460454985488859,0.00927589795258621,-0.0022230232349315093,0.002090221019473537,0.002233410064872654,0.009541075334135174,0.0121740392371823,0.012588100673455394,0.0067177584691984205,-0.006807665331264756
2023-03-28,-0.003980423076821449,0.0006699718721403514,-0.0071766286278101,0.009908260582533579,0.003950741191298457,-0.0059537181082607304,0.0017162500942944359,0.006944562544084931,0.0028204283886947845,0.007971482973800459,0.00023190193183530994,0.05458905081259324,-0.0008181073490882707,0.0057358560244440415,0.006217506279380336,-0.010648972612736007,0.0024634574195923076,-0.004813956459899016,-0.0126349772568779,-0.00033362465971331634,-0.0003341097559954598,-0.007713468058659023,0.02430032545024563,0.021788770399339574,0.0021886555318610945,-0.0004374913144288284
2023-03-29,0.019790886043852263,0.015425843223826563,0.021003807794556684,0.012899664118789289,0.003935194257250529,0.017468798745148062,0.02484295327435082,0.03879316801288235,0.014561725402492787,-0.001186256235443106,0.0028607560753111105,0.014789746878522081,0.014675742808087922,-0.021282546846276285,0.0112087102128966,0.023270874837606925,0.014252007182858906,0.014401593885176034,0.02630433647062458,0.016359157096448973,0.006910630113707628,0.007143249317639766,0.005032417037920123,-0.01026713771055543,0.0199223388265517,0.03005540605598478
2023-03-30,0.009889840253719084,0.007226474859982179,0.006144927727880889,0.006905739818586554,0.0011527549829295491,0.008543465962637775,0.010309284194561341,0.01991676693454547,0.003353513075801784,0.002731596680967119,-0.0037776053947439214,0.00840795632439173,-0.0007508664425950329,0.007817006657137693,-0.005786985999665206,0.012125638310229059,-0.003973245007204085,0.01748512820232384,0.0192753488150863,-0.007144652048451161,0.000885794386741745,0.005284870405906528,0.003099505652568446,0.019075442595610115,-0.001984485398088709,0.020396635588230128
2023-03-31,0.015644123390575526,0.00908615154794612,0.0391659719640558,0.01915034322984699,0.018079396001352555,-0.001053673551551837,0.023441837473555216,0.02522384570160452,0.018226209661737824,0.004421805011532998,0.01447139706015177,0.013340819515638591,0.011551319865712228,-0.0018332839602837048,0.002011680924096204,0.01972683125633612,0.022669841045258377,0.015906431936610232,0.020831541595170977,0.006534323564458155,0.008129137020046029,0.001867479025165375,0.024720700121356742,0.017338754735780615,0.01517594200476502,0.0249860549623524
2023-04-03,0.007701671230804452,-0.013727089840798956,0.003066493965822037,0.004500996729940088,0.005202831962296095,0.0013388485692904517,-0.027665514959109072,0.0063492216275580216,0.0015318844703913204,0.010809245233142084,0.007399446781509278,-0.0038398791985315706,0.008420276631502466,-0.005227470054927408,0.007171825019035349,0.005331766020512996,-0.005137550879783626,-0.0024467582106922903,0.008104630559691017,0.010765087494366332,0.0010972731539637959,0.013256059007174414,-0.005103041691864929,0.010116040288327355,-0.0013916112650375068,-0.002302250506181047
2023-04-04,-0.003249594721429605,0.013339316731571182,-0.008534040638127904,-0.05403061241946938,-0.0004500862471971123,-0.009035992620169297,0.012840641012918486,0.0031546736432084277,-0.010269118468441807,0.0035387353582259085,-0.0034831169077477186,-0.002202674689596895,-0.007012831901789474,0.00042609802748150294,0.004272477349277715,0.007743758043107896,-0.02218614174373601,0.001646663418417571,-0.004393013719350747,-0.003983703436054586,-0.0035619514790845574,-0.003066524705539919,-0.017020488628324393,-0.009107602657912217,-0.01605419740406322,-0.00040720483293732457
2023-04-05,-0.011290220433904152,-0.008126716688080071,-0.020041238864637934,-0.018027053609101618,0.009906623969564654,-0.020976489215197347,-0.039857741434779825,-0.022798588115745422,0.015188198217345183,0.005269832394675156,0.004103216031912771,-0.0049669586456860815,0.0012662219730203983,-0.02853494238397436,0.01247856909427525,-0.015089469371852293,0.0003912551506772832,0.0008396266727730417,-0.012689218064602437,0.015427292131746873,0.009843449381446767,0.01920580472758937,-0.03961090821758828,-0.02206270606224614,-0.006348088135212704,-0.034492136564091114
2023-04-06,0.0054956959764145275,-0.0037170382466699126,-0.015731306754630192,-0.020418685819505122,0.010032293001085213,0.007643125471090029,-0.011494244543156396,-0.008045210189723928,0.009437734937960629,0.0016960497703724098,-0.012411172853578178,-0.1602883356547904,-0.0063773185174977876,-0.008914255443739472,-0.004902140194168458,0.021846200699320528,-0.007136427515359589,-0.009366128743933166,-0.008821438520251856,0.010852066249705139,0.00392064204938003,0.0032861846680829476,-0.00889107057471028,-0.02465734859311286,-0.004329526650504345,0.010548523433133283
2023-04-10,-0.01597212453062946,-0.011429337976238796,-0.0015982147460974483,0.030405974466336083,-0.0007723504659483682,-0.0029014612190267908,-0.009802005256554724,0.03163017192712303,-0.0021540483456560233,-0.0043099720754856685,0.004061359998757119,0.04029078282717302,-0.0036794413566424433,,-0.007318735172733626,-0.006247199253461622,0.011815406429668052,0.0005643839359399383,-0.001001986210295458,-0.004214763510695496,-0.006292120014396052,0.002539888630593401,0.018190791597579414,0.016335559201874128,0.008908724371390786,-0.009464165895851862
2023-04-11,-0.007590993088708808,-0.013661168500830545,0.003868928092790158,0.0235233661877583,0.0005519676877310253,0.004946783494586882,0.005822966506114247,0.011792411099212252,-0.00030236090608914967,0.001507493751762956,-0.004655371319224888,-0.015238178111200096,0.011079002684499129,,-0.0031191126278659054,-0.004190766564183712,0.017516542865803064,-0.0004228546077309492,-0.0023009268412844675,0.0009583684043377172,-0.0015284330948110991,-0.0002666348115658579,-0.0004895595577026901,-0.005118463831431996,0.011510499438830202,-0.016439485724981218
2023-04-12,-0.004353284046412109,-0.0032873561781672223,-0.02764140303515006,-0.000453167160399115,-0.009162055832131255,0.021923594276912484,-0.033577728174771115,-0.015540142407963642,-0.008897461842852228,-0.0020453517186738157,-0.014414997591305823,-0.026434462263992264,-0.00645359182616112,0.006678279174739732,-0.0014222574200977167,0.000701292630746364,-0.0018170169971896133,0.007830513406702044,-0.021229370000266146,0.0018349580552785572,-0.0019678067916469866,-0.0029342943495703766,0.011018669666250647,-0.00687232105778357,-0.013509924098177417,-0.03585717337472094
2023-04-13,0.03410348028924526,0.02408816889258225,0.00027312097060505636,0.005305871823234165,-0.0011141470166948775,0.01801255616622388,0.005591029733614139,-0.01657451139296895,0.00697274971846884,-0.002358894223267738,-0.004978909687440303,0.007284524380837265,0.021753296090536667,0.006489875334251272,0.0032757093796027537,0.029672950354216576,0.017054775520273013,0.012879699371770803,0.04579641757491837,0.0031855187485925196,0.00996922522608501,0.005752007985662555,0.015500065545927644,0.01007401502888472,0.00605755287608889,0.03985779414063839
2023-04-14,-0.0021139217394128273,0.0015311961682553665,0.002596114505103664,0.00906760438791454,-0.012491551216916585,0.009980125421524377,0.017970587139167993,0.0048156547808013705,-0.001644610177664152,-0.006666696457327093,0.0018764670306101738,-0.002629679982006361,0.007520625950003579,0.008883713517441771,-0.008943545393389263,0.005173635383003861,-0.0035801714519148042,0.007118183442810899,-0.021837734484769,0.0010319992196019534,-0.004718669520528351,-0.005187189586824292,0.004769782424789648,0.011846987966002365,0.009790389231218555,-0.009689374497275804
2023-04-17,0.0001207941842475968,-0.0038483616328939263,-0.0009540911823774367,0.0069743034792222325,0.015924851018277675,-0.0029920775500786867,0.005754452104843821,0.012779300664388371,-0.005982240595277966,0.010730505784925626,-0.0024972256741552235,-0.003296025802384084,0.0008860144569471373,-0.01647488588493451,0.006446116566521942,-0.011874220016377612,0.009549461312438723,-0.0018525805910967197,-0.017452665782131782,0.0015860649029557639,0.005122480723996015,0.006016704569228537,-0.016140235535406666,-0.000617132516479435,0.0021778538923098445,-0.027050320193064303
2023-04-18,0.007504838920061596,-0.000979110980150244,0.009139556875778831,-0.00017773225754247335,-0.006114380842129785,0.015123416516581889,-0.009212612028059786,0.003943204102565545,-0.0004357820661612388,0.0022007097332430448,-0.00031305131388914553,0.005952258030001101,-0.001180195742179757,0.013285119164751613,0.0034156575926060917,-0.004431991029493876,-0.004776303217263966,-0.0014436667009570803,0.0029454067877352497,0.004750522237487731,0.002060224872794336,-0.0011297490349994055,0.01616391957782426,0.013456108044548332,0.004293800942365644,-0.0051760734885997195
2023-04-19,0.006968299301429504,0.0067805526191608845,-0.01716679255237674,-0.00244215030396977,0.00134234248298859,-0.0017502828212375698,0.0020553889423136074,-0.040062871309395454,0.001221487487871542,-0.008859843663220346,-0.011425850908509783,-0.005917038291317622,0.0012890378807122183,0.0062704937757205315,-0.0019858414073350428,-0.010050991452630664,-0.0017880644083828612,-0.005611062242646736,-0.03170508513908443,0.00047287463056022716,-0.0005952028078665128,-0.01024480348448742,0.023029446661886332,0.000941811469992393,0.009839283468386695,0.007135474667562258
2023-04-20,-0.0058463143337437184,0.0003946868533952763,-0.0017880370728682315,-0.010594197341933342,0.008042815170450357,0.007208789181204267,-0.0013674486560290022,-0.028641283031759945,-0.00047927452792562164,0.012126028195381,0.0003166338163296256,-0.01587303457261735,0.00590142857178555,-0.03370622588368033,0.00952273152004679,-0.012192744840563097,-0.012726101024044367,-0.0039812818943867345,0.006901447476428846,0.008191615572886057,0.003302345038800336,-0.019088658784757517,-0.01856589262893682,0.005571570453414276,-0.005356265165010865,-0.030258347627421633
2023-04-21,-0.009780858562277062,-0.006811119421910816,0.002479958152038053,-0.003618824560488787,0.015181859452197521,-0.008704824144620149,-0.0018583217525579565,-0.005055016308405658,0.004621109739400664,0.0016509772923254395,-0.004985589462741746,0.0020162282680511456,0.0006399956267932883,0.014363148820470295,0.0040825503238126615,-0.0008448917108082599,-0.0023870526557493443,0.01748248452427892,0.008083617320261638,0.011327976374922555,0.0004315330107722559,0.0019185657310210047,-0.009694665946638481,-0.006751660871844756,0.001179765718261061,-0.026179565995427034
2023-04-24,0.0018784091116079704,-0.0008738239153500693,0.01085775683780188,0.014345951132269441,0.0027289023173293625,-0.010264183141331151,0.007741237261229106,0.02963589868461103,0.0074641391274912205,0.0005750192228215489,-0.0026249102218367515,-0.01408456642919953,-0.0013590484492205235,0.009825134306032934,0.006870532237680527,-0.0004697571190271921,0.0055513370917184,0.002220367009043267,0.0031709278153628784,0.02459933981860285,0.000485527024013388,-0.0024621278928103063,0.0009548787339417331,0.011138462329390197,0.0032784764776221387,0.028446444553660966
2023-04-25,-0.00943553952632803,-0.020538506586140537,-0.02963980956995571,-0.021483176620564648,0.006749432331683458,-0.025828096072219475,-0.04346551682695521,-0.019983161797784477,-0.02881648984574725,0.007586250207978207,0.003907577925333472,-0.027891268956511617,-0.01654520064438547,-0.0018599657265074843,0.009608747432871212,-0.02462530952738351,-0.006567767060268737,-0.013974347151184618,-0.0196644383541823,-0.00432871784707467,0.02269510930569929,0.014671593284219409,-0.037929359214279534,-0.010120640875802,-0.0998722705375128,-0.04179336910568432
2023-04-26,-6.111737317149313e-05,-0.017668223826401763,0.0019617369344271385,-0.011160484624567979,-0.005190373875844201,-0.025136551734943113,-0.006099482431258463,-0.019541339481295106,-0.011974936099797717,-0.004677068892812497,-0.0003177830114527991,-0.004898380869001628,-0.00480294791168101,0.004300386306390402,-0.002345053834742039,0.0089136219874133,-0.013892873604247513,-0.0055651190767394,-0.004340393272745269,-0.0007762589530375674,-0.006167096023706131,0.0018920760669265402,-0.006694783839530261,0.010316367708609997,-0.02110180511962345,-0.02569387710527582
2023-04-27,0.028395296513069157,0.023026540862000067,0.02824756838901088,-0.008603536942349721,0.05760869574586547,0.020054684427487368,0.02782040824480303,0.006065826231285154,0.01423003394116562,0.04424066922013048,0.008899602056038125,0.006329130246566672,0.018840596279288357,0.0,0.02060008365877186,0.1392550327605333,0.023416223335396502,0.020717013996412348,0.014634824270334468,-0.009245619317599596,0.0060995200976567965,0.011194985112453981,0.01972048490305256,0.000584541633177782,0.030074732876939514,-0.0022790068200054803
2023-04-28,0.007541059470738354,0.016531107395627798,0.013463877722999618,0.02085573224073589,-0.0018499913649683286,0.004274000279134382,0.005373678246658908,0.02325592007925259,0.00814362412564118,-0.0009879224780697804,-0.004410582445672495,0.010482109528478167,0.017020208052749064,0.007422252162876397,0.03928488829062626,0.007377711468674386,0.008449715460927543,-0.007662304050070401,0.01252112804997263,0.005802997478625116,0.006326083827820073,-0.04028290071347529,-0.0009790562236826617,0.00668158718811096,0.011532628756307783,0.0022842125559989768
2023-05-01,-0.0005304411975936008,-0.009031686842248643,-0.011674547589708983,-0.006992712580147886,-0.004736391213976732,0.0006081224052414402,-0.04711474011425898,0.01515161503925011,0.012292488057145112,0.01204877371207802,-0.002531536717728211,0.0013830731469395285,-0.00044722455968981834,,0.0065172429416358035,0.011900571197981158,-0.003483368505314277,0.010878494635641722,-0.01760983484984302,-0.0035863939881076723,0.004138517943232944,-0.004794876407061888,-0.0041658490616316435,-0.03363978753305752,0.013291652493490513,0.004069672778089339
2023-05-02,-0.006191521373443476,-0.014673233526482199,-0.006110032061077075,-0.009757379683832168,0.003724480951435183,-0.006683778428596687,0.030331421005094006,-0.021558906198353878,-0.009454404135656014,-0.00741814232220972,-0.0073755879221564236,-0.008287266831525364,-0.010082508639416954,,0.004920715068434278,-0.016201909434867656,-0.027113878826082405,-0.004786924375930202,-0.020270258341825942,0.00805939718017279,0.0029736846393391136,-0.019901018516363722,-0.021161471046238667,-0.0036405990535015587,-0.023929808686157128,-0.007944255448158244
2023-05-03,-0.006467186072622311,-0.06350025343016463,-0.005737597482858847,0.002277446262374694,0.004225844026541692,-0.17339541858216756,-0.0022684353057511597,-0.0008475228088368203,0.0005254630425157725,-0.00032808205096968024,-0.013662486321348033,-0.013342660351107205,-0.00300536488813663,0.009919565731710156,-0.007474019411796262,-0.009237661514284068,-0.001456511466492616,-0.015486199230046682,0.005510979342912226,0.01373908431984594,-0.0003641867193301396,-0.003205897567084004,-0.02061336199665731,-0.014634458687462493,-0.011302107550359874,-0.0060467223433351425
2023-05-04,-0.009913359769082808,-0.02728461528670345,-0.01621329861011178,-0.024392416187230648,0.0023607826028919643,-0.008386721025043675,-0.06482083083427259,-0.019508094050790348,-0.00940856468114426,0.0015680108004032522,-0.007128235222998325,-0.022775780762893327,0.0032543521295000932,0.0001536270501216741,0.003505566673140059,-0.014808107652719893,-0.009627666249295341,0.006201797035156442,0.004635102048228479,-0.0016080216362150956,0.006244295704360692,0.009649078927324028,-0.022843813379703093,-0.01752773134870589,-0.014445987141421535,0.023018769038205766
2023-05-05,0.04692688864262129,0.03742967521309737,0.02751404205620589,0.022388020626030958,-0.0013312020891281806,0.012636892852397441,-0.027552706295771223,0.03719710763666617,0.012943670906250038,0.0025126282383398646,0.008811156275557952,0.032046556153819905,0.02270566136114227,0.02490014856908096,0.003493535274584625,-0.0031690232439599564,0.014827159628324482,-0.030474171528424687,0.0061725128447844835,0.0023774641543856667,0.00460225632264577,0.016281810759802395,0.023640679588791125,0.011770404266476131,0.014138206839583223,0.01896496756710353
2023-05-08,-0.000403487668854452,-0.012456935746044007,-0.0150878720232821,-0.0013946680482218587,-0.009433203637658316,0.012135072658619794,0.03088887532552076,0.0025021820126081007,0.006236227070927969,-0.0020341938766395007,-0.002021917344250501,-0.0035285487538952998,0.0022096913610401003,0.0,0.007091099384598731,0.0021051506393341413,-0.009772478447033772,0.011862826014909178,0.026180362512055355,0.0008416928104011401,-0.004735604881381361,0.00431883308817782,-0.01334364730446913,-0.00830690784659438,-0.007681866909591051,-0.00741326828693023
2023-05-09,-0.00997097198959973,-0.004098133093398237,0.0026223299605405703,-0.006052646248871141,-0.00693479169850808,-0.023056947502273606,-0.0007544696674413043,-0.01331121536825508,-0.009101439647310472,-0.002511013848065291,-0.004682192604342106,-0.011331398064255094,-0.006666504993876443,0.007048555825531544,-0.0028167440410107325,0.0004285182452190561,-0.015047900434290717,0.005861376503089488,0.002807956398587441,-0.0015289751978125876,0.00408595052291405,-0.014911783450357374,-0.004160992115766815,-0.01287492366610965,-0.00791320938364326,0.01001114039504336
2023-05-10,0.010420928740648705,0.0039982347631424275,-0.005918632295121684,-0.0014988949725099898,0.0028140342820377473,-0.00034794022511941414,0.02297483846890369,0.002529608893408808,-0.010059974730646792,0.00014576193960058603,0.007014988688567536,-0.020057371849477423,-0.001044515857815731,0.0075950104396591556,0.0,-0.0012425660042350017,0.0009921078816244044,0.01039915687805859,0.009875326912106352,-0.01538929318010862,0.0006694516714247367,0.0,-0.030034319742173188,-0.00899641832526954,-0.008323133723370235,0.013687836895647898
2023-05-11,0.0010945679576634948,-0.007092618217917845,-0.008308017382412825,-0.014729929449778356,0.001767096092145204,0.0029822491126720863,0.01602703849803566,-0.0016820215876873768,-0.006583232431459751,0.002407738702962625,-0.00917876056529332,-0.014619974984103057,0.0022219373237648554,0.001625698761072547,0.006034321160170997,0.011626864345155807,-0.0011894697648873187,-0.0039027724561894184,0.027845743477017848,0.0024883352897830946,0.005507766327694785,0.004717328993751213,0.08266019170020766,0.015064072939738438,-0.007810446122289427,0.0003103622997313593
2023-05-12,-0.005417453150502571,-0.01794594123253035,0.0015359091183118068,-0.0023329646491093703,0.00783493323431328,-0.013082863704777847,-0.017434623230952018,-0.016849428794767474,-0.008494918003792207,-0.0007278044719142285,0.016046272169045528,0.0029675013167183018,-0.0038343617302668553,0.0013280673483886396,-0.006125593079371439,-0.008397374137872116,-0.005060363625708941,0.015741138816712796,-0.0141258644229042,-0.005119489605388661,0.003993159226716392,0.009951095301105273,0.024123669263786507,0.003456326925621145,-0.0006520102029459185,-0.011792061404495291
2023-05-15,-0.0028974670027139826,0.030466540017281663,0.013522517011966384,0.008351554780416492,-0.007639809202337089,0.010243496222118509,0.03348118038368897,-0.002570695102256826,-0.0022878497565623768,-0.015004823717966298,0.004233176080748802,0.015532537557523707,0.0039015753906759265,0.0020630564294799036,-0.0019260193809894632,0.02159874661759087,0.0021938916964028277,-0.003686620070808777,-0.011768446552036016,0.0001559043124230719,-0.009433088406074375,0.0034690150653235996,0.04541030859359574,0.004067030825200435,0.0020770089704020833,0.03674046479892046
2023-05-16,0.0,-0.0016201233963528683,-0.026959812736593647,-0.019357347751172038,-0.0046817809705747004,-0.031015374739485124,-0.053142534791326135,-0.03350506895151428,-0.005170425900352882,-0.004547840889139176,0.0008106774235570047,-0.03350325219556305,-0.008268114245533753,-0.008823507282617493,0.0009006715814583455,-0.0001673315288912569,-0.024678952723203418,-0.00171324010362639,-0.006371154170483062,-0.005690578510430755,-0.004323669568435218,-0.00636119373339894,-0.02648093732486323,-0.03290885406685773,-0.013266221670950373,-0.0006057991256526174
2023-05-17,0.0036032239912078268,0.0333807192495883,0.045235835946111136,0.023648754592874743,-0.009198158979603077,0.01087450907527221,0.02525630112630939,0.022222297300202642,0.020879530559795745,-0.006425544493463664,0.018224411897631798,0.006028610884933672,0.01777846610575562,0.014540027286050972,-0.007326419789736027,0.015367198342812305,0.022140629554441738,0.004358688940826472,0.018606693110662542,-0.01027060172919858,-0.007082712528945434,-0.014753190770804392,0.03674546641705034,0.009940123188295846,0.028509702895236577,0.02818609896292723
2023-05-18,0.013666047095474365,0.010655266637526584,-0.012171898662105995,0.0123526837963297,-0.002637558120211936,0.014106803699574177,-0.027371286794320104,0.012173748966041176,0.020098242984694314,0.0014109614257049596,0.0035002603049087977,0.0022472789859802056,0.012971238713970878,0.031003228420561912,0.0005179707491540508,0.017980243003509866,0.00972809681702369,0.013258113327423882,0.09215800046836531,-0.0007128961619771168,-0.002603429536688684,-0.024014594449177196,0.015650179856285584,0.019168514556088034,-0.0018675199060549375,0.024760506160019347
2023-05-19,0.0006284543443828561,0.030019719624031715,-0.03436479740338272,0.00027941426205346787,0.005183342008481917,0.0001499387333228075,-0.03560992463753565,0.0008592717839843722,-0.005858517669281915,-0.0029980838610200733,0.00879910970249198,-0.029895550317570407,-0.01645304430679917,0.009645370387703078,-0.002718099664298479,-0.0049018169467104356,-0.006121930549539134,0.0031026225317352107,-0.015971404926157007,0.00372573730081438,0.0014617295667216368,0.006151285161378306,-0.025606224695326474,-0.04392437491874612,-0.0006430624626883041,-0.002301107946552805
2023-05-22,-0.005480814103092424,0.0021548492739897895,-0.002977494753872212,-0.002421260711666595,-0.002525717122511484,-0.009555507179278111,0.01032545661841433,-0.0017168704119737699,-0.0017461548802630844,-0.01187774857806223,0.0018857623227541698,0.018490069944534726,-0.0026973943259421818,0.0030908780069842656,-0.015442176160370136,0.010910280194907473,0.027062540216552966,-0.012405500442262185,-0.006432029090930325,-0.009950994811616987,-0.027106066823888275,0.018485318223119274,-0.0190697547876042,-0.0211180030037178,0.0033931714674226843,0.029407536900059483
2023-05-23,-0.015154991302154364,-0.004381062810681735,-0.011803074572437122,-0.007234097533162842,-0.00917818837789297,-0.0314189820270353,-0.022106175716268606,0.008598620457437756,-0.00892079672239654,-0.0017498697949477338,0.005333266185208352,-0.00983368244319427,-0.0280341899948362,-0.0019608372319595,-0.0028997962925907395,-0.006362842417248382,-0.009930039891159481,-0.028356522732367107,-0.019338301690957294,-0.0064614423815390065,-0.0030539857404077164,-0.001624327637856915,-0.005689794153304617,-0.0001456422677986735,-0.010028642924605924,-0.08066099763115908
2023-05-24,0.0016320475847932947,-0.01258032366822559,-0.004892819679800264,-0.014150840373377882,-0.0025553996172331672,-0.009700251129443282,-0.00420305716594549,-0.03410057072721695,-0.01363390088550298,0.00019046495520935736,-0.019503782911268974,0.0030557554519321517,-0.014046800563171757,-0.018804388370567082,-0.002379440615421724,0.010010568144336984,-0.0368419990539256,-0.006481472274426192,0.02488838482033562,-0.007065417126056572,-0.006341636078774582,-0.009690874506958269,-0.024558943891355378,0.001706180373299837,-0.012191464681884479,-0.04600152913283939
2023-05-25,0.006692413691760324,0.0719050390714433,0.030802651502732648,0.0013354274646901754,-0.0020281337185608095,0.006372346890286318,-0.016313030406521545,0.004413097298568758,0.006844077938131576,-0.007963000904964268,0.008593349289047758,0.004569788087720017,0.004179279844608752,0.004719660767073641,-0.0038426988721429467,0.013964096888761546,0.0006184846386882992,-0.0055715036509856875,-0.01603396120834044,-0.0035578119596959557,-0.005895399194344453,-0.030285631631843613,-0.00513338741845315,0.007664670871246004,0.02092762195496123,0.039757330927692625
2023-05-26,0.014104677015910339,0.059506241991334585,0.042788996286215575,0.00866752362886869,0.00513422130497565,0.01747765922109057,-0.008117877193384526,0.06239009911852578,-0.00413177491953054,-0.010215602563239612,0.01680330059007873,0.018195527836679437,0.011701359823109714,0.016939551948667253,-0.0006649530461051434,0.03700201815468929,-0.001133358712959387,0.009113574692765303,0.05537601331212394,0.005923848361478301,-0.0011970766418399892,-0.004493321797847782,0.024324315570877664,-0.1336782790984532,0.0019857861508596475,0.01765961068766586
2023-05-29,,,,,,,,,,,,,,-0.0039194118747089,,,,,,,,,,,,
2023-05-30,,,,,,,,,,,,,,0.0005621479561863651,,,,,,,,,,,,
2023-05-31,-0.0002819645080774924,0.0013902281865803001,-0.009945445814052434,-0.01977121687468364,0.007958883313019749,-0.04106085660760661,-0.017456598973245696,-0.04686244831811748,-0.03608362478911553,0.012989198401395452,-0.006873737101641408,-0.024336165196586546,-0.006748449613680707,-0.02008432317126363,0.01437036994580776,0.00838028065879537,-0.02862795019732789,-0.010910736423537681,0.005725443335515834,-0.008517721392200195,0.004074815516799335,0.015763888391350678,-0.013799914487123699,-0.005749698118823088,-0.016258089351764426,0.022076689121573123
2023-06-01,0.016022475531305203,0.02144616020446244,0.003165056174349923,0.01613607948600304,0.0032450614576440273,-0.006194762609793569,0.011597714702261674,0.00916650757923243,-0.0031654891232022475,-0.0001541344762741037,0.009565407045807994,-0.013605424546231926,0.01605401132026052,0.011322891913388977,0.0027246213556071375,0.02980514367529974,0.010395559260655274,0.001064014237566413,0.019988384973742557,0.011707238853345903,0.006102046934634897,0.012094895690615948,-0.007246271642496804,-0.014640217154881174,0.004969972655399779,0.010427597292968382
2023-06-02,0.004775239823060051,0.022542460731546532,0.004252449021322047,0.08399103214347359,0.011428529530848719,0.029525930102654474,0.03683381328389368,0.023121361444500943,0.02047950755364325,0.0048139034448950735,0.020027533772246642,0.034482673509930395,0.007684279030519825,0.023809559305862038,0.008966143080966882,0.0,0.08750511244634906,0.0018070804208891733,-0.006598339050537527,0.004578715999149052,0.010263796842860051,-0.05557571381566917,0.06720343928191808,0.04598471619664046,0.01376399612807866,-0.010909707698478432
2023-06-05,-0.0075710662854369115,-0.005018682461928048,-0.005190748805763756,-0.01835578656959236,0.008954429255760399,-0.0382390109120907,0.0028231720707985186,0.01614208552840979,-0.0029765198441741303,-0.00548068717221295,0.0016612887665778953,0.012592598464794769,-0.008589144684079897,-0.0027685202167768708,0.0002691954507532124,-0.004475180321617311,-0.04437710753054647,0.0018391788711598078,0.0076659724763030734,-0.008950053559126703,0.0007064079352339103,0.007851320049530042,-0.022405490816643003,-0.0032906821755305238,-0.013459418330371342,0.028767333589579724
2023-06-06,-0.0020602703165640834,-0.002971067412373851,0.02087054422712753,0.018923707752712238,-0.018489379691081997,0.016787534083688493,0.05630502113498892,0.02700553606216416,-0.00714672947243955,-0.016147874934758,0.00037720151704334626,0.018288203980358242,0.025477648273827036,-0.00013891982633496003,-0.013595513485016752,-0.000994824712860276,0.003163860418042397,-0.017652383910180314,-0.010531774696345697,0.003093932426389445,-0.014278664945783337,-0.02783238037350455,0.01833518197391082,-0.00836089273319085,-0.0015491840199503004,0.00695455491567043
2023-06-07,-0.007756296400413976,-0.033657526926444525,0.01788825954132056,0.039130247686603115,-0.004198000870089924,-0.015586998273552477,-0.02754029175888162,0.051044097167229685,0.02323467703471671,-0.008186699784650142,0.01273640787718855,0.03520128482390583,-0.022554750551981084,0.006108674826746041,-0.014874341480754838,-0.027737054371768988,0.02757153621516939,0.009380109665817482,0.001202142169003384,-0.015421735682443982,-0.007986356594645083,-0.015481519416933875,0.025823365711432622,-0.004646823844368431,0.023330717292601832,-0.043165467625899234
2023-06-08,0.015465047801626275,0.0495075327320571,-0.00422803993291565,-0.004670093643158291,0.014485046960002634,-0.0007171909736444215,-0.00011421875374362234,-0.0007359766114700683,0.0018253393306322252,0.007582929104802627,0.0002232778057482676,0.005551460374199291,-0.010231914531156794,0.007313323752638601,0.012466966893115883,0.003717918021914457,-0.0023764064020852516,-0.005874839927398234,0.02401378432328083,0.009228657907734528,0.011048934306069347,0.02979062932844756,-0.010697760880228557,0.008157898563400767,-0.00011655916505448616,0.003608990432624637
2023-06-09,0.0021601120389420636,0.034097900513237134,-0.0015925109527644699,0.002473884954067307,0.0026638072972395843,-0.025396115781689987,0.042028328092553746,0.011782178419358358,4.477933933277889e-05,0.0027438531114138964,0.006621429134188173,-0.016563224198266502,0.004434324885443042,-0.005479394629533063,-0.0016418167607642475,0.0013984710050345406,-0.00853510630178611,-0.004369652644917288,0.02601555120217891,-0.0038591261100374696,0.0013728714668770348,0.007980270077186935,0.003526107262398215,0.011171033199284475,-0.005773236721697161,0.0059934303068962524
2023-06-12,0.0156384921743411,0.045440539389454804,0.015417182569796628,0.01221119740378418,0.0009563892871626845,0.01756069899721835,-0.008000830169121897,0.002911097115953387,0.0035306928043039587,-0.002462697472202291,0.008277720539920708,0.007017844473885981,0.016494065536637903,0.013774091256870014,-0.0021923858362598025,0.0230230447528883,0.013613651841740237,0.011907061799036889,0.00940432522488388,-0.00564256824126641,-0.0024679829732896508,-0.004415370811048813,0.011946620394606144,0.003045202209034148,0.005924010187528861,0.030384285583444193
2023-06-13,-0.002611729454361278,0.009186071901710058,0.012565624920463314,0.03169404913759033,0.008068692818704815,0.028057560909090506,0.025742947151334628,0.02539924981513675,0.019238328577007024,0.00995344073284321,0.008650010075917258,0.03414625174961983,-0.01047130471066371,0.01059776002569568,-0.0012360121153798254,0.0009961862599372484,0.01461571598209166,-0.004656915693570518,0.02773787108091974,-0.002794900000301581,-0.001978939365924637,-0.006881840004834605,0.0016204020665240293,0.04436234953532714,0.008105006064014209,-0.005203824931533374
2023-06-14,0.0034915934102526247,0.0011273900414028315,0.002616529000215362,-0.008637556132048863,0.004423501531048757,0.040558816942827924,0.023912120942179316,0.004953972625339809,0.0034955697787213413,0.011096878603309879,-0.002907249114931454,0.006064717486066407,0.009101303181433318,0.013041135476146826,0.005637728138958797,0.007482155869348528,-0.007689210313854056,-0.002866241213210219,0.011773269035117995,0.0022932305602039182,0.008978575101664443,-0.014089811989619228,0.009013322109460375,-0.0004056769185993847,0.011510169640751577,-0.006102850491248923
2023-06-15,0.011198636955375818,0.02373158073901882,0.030532392149998477,0.01787782836573526,0.004928124878996298,0.03772920333567331,0.009572940095527116,0.017605611526079867,0.02947705334166817,0.001036040158835183,0.008746381223896815,0.0046885444529620734,0.011420716400488473,-0.002256054150376219,0.0045126681416973735,0.031022265139454275,0.01824424085020393,0.014228609052285623,0.010003218861838192,0.02635365304863968,0.013866918370847525,0.036782411933095505,-0.005039262453536031,0.01704321273507281,0.023559148243725403,0.02251463276568333
2023-06-16,-0.005860013162736766,0.00869810959609385,0.010255474016694022,-0.00969041305182583,0.0033391069823640596,0.022767233264858744,-0.014275322800417878,-0.002076125174239274,-0.012603503317492049,-0.0005366571066710568,-0.006647270318541065,0.00466659531941227,-0.006622066140684946,0.012237219068831573,0.0014972392886070107,-0.0029450738167374757,0.007032102366775872,-0.007156216818579586,-0.02989200415404225,-0.0021466527844234973,0.0017770069760365548,-0.013784217130557552,-0.0016110731236784748,-0.00715966414294944,-0.002346590337395371,0.001715686488401591
2023-06-19,,,,,,,,,,,,,,-0.007358623818278454,,,,,,,,,,,,
2023-06-20,,,,,,,,,,,,,,-0.006486678092000875,,,,,,,,,,,,
2023-06-21,-0.005675165657733405,-0.01724771460479657,0.0025376329121526986,0.001368546482748867,0.020332451884145897,-0.014173651682221067,-0.016217955591991462,-0.014064645889983352,-0.025080982796361728,0.0016637522881746136,-0.016696003503730128,-0.013413691158130514,0.004057361710849028,-0.013324437505268127,-0.0016381197926905733,-0.009460775087134055,-0.008113332313511079,0.007344913710329193,-0.023579514540955082,0.012734492061608371,0.0006473570010552265,0.011049361959586612,-0.005750990721831606,0.006933740698534363,-0.020533827132024007,-0.05144554108584798
2023-06-22,0.016525244284263385,0.00020938171994044907,0.00037953776411803197,-0.017144341083539016,0.012454509835527094,0.0040565741557798685,-0.026312986748814438,0.012125317207538622,0.031393841660988686,0.005484747588975436,-0.01884968164550438,0.004078734609035184,0.004413213530419791,-0.022957509745515692,0.00820347103519703,0.011504194477597984,-0.01024940899377913,0.008963031895951268,-0.004641267466316656,0.0024818303330409464,0.010354447087552954,0.012511247970640627,-0.00694125854891392,0.012261465123029502,-0.01295862330676556,0.007769261029365149
2023-06-23,-0.0017112646007102494,0.01495040589888097,0.0010120113371785422,-0.012218806023881479,-0.0044077399833044595,-0.018410492381088606,-0.03483827985387733,-0.011980055237618581,-0.0025328625877644173,-0.004686538017531161,-0.013265234464902909,-0.024373629799798513,0.005320434592591683,-0.004423016578596228,-0.008678982282590897,0.013514298447982132,0.0028877103791338232,-0.017872538481144562,0.003645126978996105,-0.0014854676204643091,-0.0068321910253584806,-0.011463502168223116,-0.00023303702524668513,-0.0049592488433943815,-0.01219489277185204,-0.012305326007606143
2023-06-26,-0.0075529313143005705,-0.010748455689794989,0.028687011075177127,0.010706392701340217,0.0030888596117906175,0.01114923861574657,-0.04902733155728789,0.0064194015590715026,0.011147493504134909,0.0016982507297993443,0.014756936327603443,0.005551460374199291,-0.0062925730824285875,-0.0006940318110194577,0.0017784571875385513,-0.035534832350938794,-0.003077988161584,0.006389306999510236,-0.01905567305988165,-0.0008264330227419903,-0.006341704900413192,0.015437040639845412,-0.002563432782462405,0.02231777449499117,0.020438174201533377,0.0
2023-06-27,0.015059057173089307,0.02035406779686899,0.018550358414305634,0.015783925062924364,0.013960192262611804,0.012314591272638564,0.0345275887369314,0.021261274086341153,0.05035531229490542,0.0014641145711016268,0.0076139647072328565,0.00690146292800442,0.011578549234839475,-0.002083940050337185,0.009558705828922154,0.030810960545429422,-0.021412142902777598,0.012446904144139515,0.0027407416510740745,0.0,0.00719350806006247,0.009788476914686761,0.014018747417577693,-0.0024592070893839635,0.011114335274010845,0.021465029213754372
2023-06-28,0.0063277980389997435,-0.013980003865921797,-0.007598552867272623,0.00490247451225323,-0.003138297970276982,-0.013233699089027606,-0.00045720558354145346,0.026370691693339943,0.0068083287157505445,-0.03970607597193421,-0.004382737202663911,-0.017135077535072152,-0.00408619106921404,0.009884422018562322,-0.009603643244133653,-0.006131162583975169,0.003154946380307111,-0.0011977502759332737,0.030593674378072144,-0.01364752872542152,-0.013532477847797209,0.0007342393769547151,-0.014516223745863588,-0.0007568845210285113,0.005667902508327272,0.009404839984528124
2023-06-29,0.0017966323383846738,0.002777597492349848,0.011302690126014703,0.009798632689061337,0.005077574161219234,-0.0069119419049007425,-0.01966830933483721,0.010818096920778508,0.0061986563496012614,-0.0036458142655286796,0.017456053690836804,0.010460153880476275,0.019567135961856996,0.006065726738951005,-0.007619843748619126,-0.01317953472085287,0.0067970556568492935,0.017810626305581723,-0.0037223116298032988,-0.0015095090683565626,0.0009800481079678125,0.004182909013664027,0.0014028389818796505,0.00692523437504633,0.00222004913116014,-0.015868451427337615
2023-06-30,0.02310246995231946,0.010790254334184457,-0.015142421956244156,0.00741079623751828,0.012731238178469884,0.01999706641236676,-0.013064303076239736,0.01204021391231258,-0.008320690670788222,0.00410162400430214,-0.0018649015583748207,-0.004140590927858678,0.014522679789508386,0.009454535114514107,0.009131179327351635,0.019358496811821224,0.00856525718807788,0.01625114963482388,0.02860541837715913,0.010750048017664326,0.0072872709461171414,0.01505394301553209,-0.0007003891347897584,0.011433991012242739,0.018176669046956917,0.004141993870074856
2023-07-03,-0.007784850853974068,-0.007730217089893965,0.0026847603085171645,0.005202244666347999,-0.0002994042447237444,0.008249357793990164,0.009336968559608971,0.007270274401569798,-0.001411922508602781,0.008129745312061898,-0.0010460875853239848,-0.0020791553711225763,0.0016781561794014799,-0.0006786465259573937,0.007814558582262432,-0.0033452511858906853,0.01049044552073286,-0.0017728063785442671,0.0021567168644884838,0.0006646748724232765,0.002051820065871457,0.003095862038077213,0.017056149063312542,0.014343391229185931,0.025216286363958895,0.006040124907175537
2023-07-04,,,,,,,,,,,,,,-0.011817481962508647,,,,,,,,,,,,
2023-07-05,,,,,,,,,,,,,,0.01127144475968711,,,,,,,,,,,,
2023-07-06,0.0025086435024386233,-0.012252187951099724,-0.005675365718911807,-0.017358973743680006,0.0031024928204945734,-0.00828031547814656,-0.02630649235031135,-0.02410421795676676,-0.0026175858793274775,-0.004220024879316053,-0.015494670648954045,0.007790207393253867,-0.0025877452749669683,-0.029223871251573552,-0.004643688586818295,-0.008085000964913158,-0.023522179229146456,0.009838168601944641,-0.015833175136181432,-0.006299808003884744,0.00010693378426451794,-0.002865958366448096,-0.011893588681218814,-0.019340180978662636,-0.0038338844683889484,-0.043754604844174816
2023-07-07,-0.0058912604580521055,0.008269401811981547,-0.016006954777258775,0.019120369565451156,-0.01257119134724105,-0.008040617628122138,-0.0018092090128257743,0.0,0.014454667915537511,-0.019292915117743448,-0.0006054725407614869,-0.07730142511019422,-0.011344555714562943,0.007420842980232711,-0.01207452517050922,-0.0050001953983118685,0.010175483415878483,-0.012684989429175508,-0.0016862068057281743,-0.007185185349722567,-0.018863708325890682,-0.0013655366111837708,0.005192109098689279,0.0022952228623134285,0.0026771269485068583,0.015149106361940667
2023-07-10,-0.010855805867683865,0.022832685599132763,0.007313840624816992,0.01480546385591519,-0.0068705796475806435,0.0038448651729157124,0.03709521043475461,0.006008166456265895,0.001751292420746342,-0.004403478203210964,0.006208310364867353,0.009139576175440256,0.008953357860297162,-0.0005557763390667825,0.0013889063995369266,0.01228800460726065,-0.001027765855320717,0.010620903153204742,0.00824012895957682,0.011664501508393599,0.006663689153484809,-0.0045333080575648,0.01901870337064082,0.013506339824096436,0.008734009527846531,0.029693994700899173
2023-07-11,-0.00281004208992508,0.016903362602376237,0.023535374949282817,0.01623740341681157,-0.004985342528197045,-0.0015527207512758823,0.0918093566970759,0.010617096523658942,0.02665974856630382,-0.002852404935545283,0.011587652224097633,0.05358485624228315,0.01438201770890224,0.006535782130488554,-0.016782366605898047,0.014246762612800223,0.04866729569946138,0.004508881773447326,-0.0033959276676560624,0.0042081207377591134,-0.0017362917916319276,0.012143796927467365,0.02281097983237812,0.010962322666056457,0.02156286571090571,0.03135159762019768
2023-07-12,0.008985571175883722,0.005190781725004312,-0.008316973023461127,0.002966231906815553,0.004601196115321615,-0.00969384979094745,-0.023583386042726362,-0.0006566493670098206,0.012422655467372978,-0.01003246821349757,-0.011901147948498725,0.019340763345847112,0.00726486717097119,0.003177703044304536,0.007194359339169454,0.03704448014386075,-0.003434062309230934,-0.004860088380868488,0.008723083792922193,0.009973140875143782,-0.004402684113611666,0.0062136025327723665,-0.0038297927241495167,0.0016555300196883227,0.006747944010092377,0.0008604128165516922
2023-07-13,0.004057538860728904,0.019552278917776,0.0027133522675557575,0.008911597780989489,-0.002340967379859782,0.011673439523790297,0.01803280356151804,-0.0019711668417772277,-0.012040865668827894,-0.0013398808883248181,0.008130235612652692,-0.007729989174437346,-0.0003243985815940542,0.002616846875341361,0.0060224386027831756,0.013157111087049422,0.012700659972982864,-0.00915663729598537,0.01425513878093243,0.01709400867734323,0.023803033667570084,-0.0014196207743809586,0.005427634226427669,-0.02365509463040305,-0.006059187500410013,0.02063029726437038
2023-07-14,0.000787277594079594,-0.00473633635221038,-0.013161048195873382,-0.0009380102103531129,0.008161706502549437,0.00191451594807579,-0.009661851971401902,-0.0138248893350702,-0.003907704933951095,0.0016352929024476826,-0.003883002224130072,-0.03753531127752563,0.004868177182663969,-0.005082564163899739,0.006264870609185236,-0.014485976493286756,-0.005444229022330105,-0.0037650438740430836,-0.01880626007447972,-0.002937105147119423,0.0036260927764062423,-0.007179034237551174,-0.017993618720334115,0.0001269547791080683,-0.0005397034387845112,-0.009124109283690451
2023-07-17,0.01730550837679501,0.013926893677811636,0.025426843220528017,0.007198101108300881,-0.004351572418739957,-0.005061199322948795,0.01246614120193934,-0.05941244171691029,-0.010565291026639612,0.002428205450331511,0.006296949676379393,-0.009566027094033536,-0.0007700739730254202,0.0012425561827238418,-0.0047040792548643795,0.005665764975859577,-0.005865081794000471,0.0014773197716861919,0.01842002084526384,-0.005564200234911443,-0.013707953249714966,-0.012027299508934663,-0.016262192685850163,0.0001481166299011072,-0.013602432074763304,0.03187420479851011
2023-07-18,-0.0013403722350485703,0.01959766373323757,0.015801421978296037,0.02466413302116366,-0.0021340599194002996,-0.023202701490700584,-0.0007494613884435619,0.005677814149045224,0.0284223208473513,0.0016286683441535388,0.008343207139567932,0.008172425928609117,-0.010044818082692863,-0.0006893424167850881,0.0022241266755369526,0.00460375742810637,0.012881004316555256,-0.002675808698497484,0.054993854357989536,0.0,-0.006356826220316303,0.0032609524405335932,0.009545939039904638,-0.0006557741533957939,0.010014337844998833,-0.0076880503397614985
2023-07-19,0.007071936624918118,-0.009507163715462341,0.007778280800232018,0.0009143421916424366,0.0009164840517761341,0.01482626896715944,0.02957242529398063,-0.004939987957275682,-0.006527343309030487,0.011757781784091925,0.0008865208595043583,0.04274128014195222,0.00027629518919991547,-0.008003273649621168,0.015395386591778859,0.012690283783096445,0.0045625976267955615,0.004299636464931256,0.005876144298718744,0.0056776376016809404,0.009812987309999244,-0.0062838327711851605,-0.022370680602981974,-0.0025401922011151212,0.007855978823259502,0.0226895326140788
2023-07-20,-0.010097465339678147,-0.019519279095785436,-0.007124359383705925,-0.006317883846586714,-0.010481434151421554,-0.045609408681699826,-0.03142883503134808,-0.004964512589682446,0.012602734928717663,0.012198118983959727,0.02140523652268045,-0.009893989507847811,-0.0005273623332777699,-0.0045903943059316665,0.00915146373033493,-0.04268848350758059,0.007827711790113101,0.012159309817818764,-0.08410976749907251,-0.01570937278886897,0.016321197699763923,0.01831643337787825,-0.013446677134704266,-0.018802626243563325,0.00494581779372405,-0.055735866061186634
2023-07-21,-0.006161842419083907,0.006481147566729684,-0.010284659823734832,-0.013175551147905584,0.00915260089593839,-0.01426520955953614,0.03943266553109703,-0.007127721545922117,-0.014684738662890773,0.004152723570153727,0.004046891023587351,-0.001427657198221688,-0.0014320003577857898,-0.005030717249889682,0.001353786984522154,-0.027303859405686692,0.00038358907370983353,0.002301011445058565,-0.022678445582832274,0.0033249671294148797,0.004543066398880802,0.005710050461358973,-0.0064563252384476355,-0.004844859354130926,0.0019259334689603058,0.017621714523808896
2023-07-24,0.004220129690532204,0.006977692595766305,0.024528602544512168,0.006675701193715522,-0.0005093636773656485,-0.014583211253392347,-0.0020673656466668744,0.013062397768504042,-0.0034659940755791263,-0.0033244737385874634,0.00431839184273386,0.02144413789897026,0.018365393881063063,0.0028090263038302865,0.004595760477887678,-0.009005946755352712,-0.000575162984328248,-0.00212697217232638,0.0020351298371252824,-0.0019055132841657718,0.003996506407300426,0.0033358672122785205,0.012033775737804397,-0.011823199011148477,0.0055523763861609066,-0.02139936180752744
2023-07-25,0.004513855999075167,0.002825261606711482,0.0018870033161610955,0.010371419588821817,-0.001121558168484471,0.007569195454433686,-0.01605555248662227,-0.027220797112745387,0.0034393921879447564,-0.007403860515736604,0.00566168525978461,0.002799075787289107,-0.008671195192456183,-0.002521028606458864,0.0010765064650348766,0.009807857170581524,0.05332289979803262,0.008120250113701655,-0.0015640997258729028,0.004150414348362164,0.0023049495601830117,0.007781123596312778,0.0002378584682771745,-0.006664171134695862,-0.019379844961240345,-0.002589559770448613
2023-07-26,0.004544716805670923,-0.020539152759948665,-0.008592928737867989,-0.01427159581678672,-0.0006122991413041179,-0.0017379473155435532,0.014738409910133088,0.006627514441710725,0.03261961339168851,-0.014590273432991574,0.00527304053516664,0.029309202328633654,0.0028158996889549037,-0.017691801783608074,-0.009811795650665922,0.01392334976766918,0.025585251460044978,-0.008591867462729219,-0.011760630380277193,0.00826651921675614,0.001254218585898581,-0.009686227969668337,0.009748030158922782,0.0068638196027661635,-0.0016243995450044846,0.025530024467323553
2023-07-27,-0.006580872297904605,-0.0011272317629071882,-0.008074350014460885,-7.761044929377459e-05,-0.020018441608934623,-0.025944993267358996,-0.00684714220244842,0.00438916977504733,-0.010293629811922833,-0.028614200434595394,0.013468531405204986,-0.004067885297004192,-0.01965648815248755,0.039451141417502944,-0.01778202147835739,0.04400968172204123,-0.01287290355678028,-0.012559284022052863,-0.022476092144071647,0.012708011719759105,-0.016023124669008793,-0.008576175946753861,-0.011772997467802804,-0.01383203184769799,0.011551572485748896,0.018143473181604586
2023-07-28,0.01350798703726519,0.028990068026112148,-0.007661057207285826,0.008246412006321258,0.012506429291311516,0.04029988265678819,0.040739514882738304,-0.03423148486689709,0.013113964631281894,0.008905688677801171,0.003357215355930032,0.021102863960108964,-0.0039037836630093636,0.011551139708067648,0.03703699902206492,0.0441756749316351,0.006205486561408513,-0.002193950056354921,0.03052006997689216,-0.002590604416489839,0.009441436653594648,0.007077538770065672,0.024779361747315987,-0.0068234975477736715,0.007345253034725774,0.009531737080038072
2023-07-31,0.0031659666564531896,0.03271122951328587,0.0018097137316901435,0.01820073142328149,-0.01523425134858325,-0.002438556413084436,0.02027506100720733,-0.0037706352553322775,0.004091373486930783,-0.018375600477676945,0.005088869192778622,0.00466659531941227,0.0033592590277422563,-0.01250678377608716,-0.012127039964773823,-0.02113796983713534,-0.0033964339180051484,-0.015186414067055898,0.030978445947598576,-0.002435094366443069,-0.014975526508888781,-0.02200606254991433,0.0032552160735863644,-0.001324741992553391,-0.00404498242625595,0.0036945352531678743
2023-08-01,-0.004276042818554204,0.005364616817953527,-0.003371756473434906,0.08854688782714915,0.007316935278300463,-0.027611100266828892,-0.030004948410958132,0.015896815384300877,-0.006630954603759398,-0.003112711171502358,-0.005895043395283794,0.003981438248889635,0.007076197837455611,-0.023678351207647608,0.0029678416655358753,0.012900203850019887,-0.008430460294287512,0.005233204719590656,-0.0007973175370318275,-0.00821808946662772,-0.003414046208219279,-0.003701938699894658,-0.00695242374944538,-0.00573288638253211,-0.008710495352694192,-0.005998566069049804
2023-08-02,-0.015489871629766228,-0.034237823035609405,-0.018485054273276624,-0.003741461293195414,0.0042543582391512125,-0.014454637643216417,-0.02565921722565656,-0.02831586650954454,-0.010105843363103939,0.01127551126468429,0.005860339768593237,-0.02577658285004003,-0.01775525626680574,0.0018329949885416141,0.013449958316772426,-0.02602956246454513,-0.01492408217191965,-0.0016659292964724681,-0.02033647122670057,0.0023792046994368654,0.007975717905253754,-0.010782530676992308,-0.019136812831957895,-0.009067291725551208,-0.01159040460302807,-0.04142098643221448
2023-08-03,-0.007321775859655877,-0.012332600750307732,0.0008618542368730164,-0.02128204714592774,-0.0172555822101369,-0.0038262011666447826,-0.13687937511867576,0.004601310213952825,-0.007270697461937314,-0.009262847841252642,0.0019421820178289195,0.02120384150713206,0.00766648042800222,0.0015482667064714573,-0.0007962064213883346,-0.0035633219155160045,-0.01579280680400086,0.0002086296387855402,0.0030253025302531267,-0.01358655627898997,-0.006319599037249213,-0.0030196130500581564,0.02307897224646549,-0.005704636855853762,-0.010089849690502861,0.0
2023-08-04,-0.04801994349956906,0.005956917403036721,-0.018201935241191958,-0.017800515423941232,-0.005046853963907139,-0.006866829067353364,-0.016039578635118623,-0.016030649011020803,-0.001973183566967185,-0.01211969792032952,-0.0014538711267874094,-0.006698002796299174,-0.004223831586523286,0.004777988850172221,-0.01819636000459468,-0.007854693184579098,-0.01567301051310588,-0.030794916355217028,0.0013921432810963807,-0.0130268920893295,-0.013467211584192507,-0.0056878764186718556,-0.021395236357450886,0.005921001394560976,-0.003085426277851133,-0.011875831138977277
2023-08-07,-0.017253523910850888,0.005409154948993411,0.0030063694992217282,0.018846739832031112,0.011096024238010038,-0.002988367593135921,0.03480823746484529,0.0038789578469609065,0.005171044925772472,0.002848135628867654,0.013450000378738558,-0.02562367915821373,0.014105002897810692,-0.0013985532300206938,0.004599490952455154,0.01876217493902632,-0.0026539811321966145,0.005594426407261821,0.02122336351828924,0.004371699730851164,0.012405218175077337,0.015230068691651555,0.007366896426083125,0.0037187553741000468,0.006687350883262333,-0.005791976695988188
2023-08-08,0.005311587864314626,-0.0172352051411806,-0.011364983677595086,0.004402550133197902,-0.001881439944131147,-0.011812935576789418,-0.02285917681155647,-0.004636781215704655,0.014752464189681458,-0.02001049482915873,-0.0018471733154288295,-0.004152269766020122,-0.009272650175529695,-0.015686296044767678,-0.011580878287817398,-0.012382789450994691,-0.010548186697319495,-0.009307635382131196,-0.005581231994193692,-0.005357062783132527,-0.0131094187777,-0.0028537078691354134,-0.018636626081548924,-0.0040459114215440906,-0.00878407364848044,-0.016166626145464713
2023-08-09,-0.008954461715126039,-0.013100166363601229,-0.0013896921383981242,0.005797502196287274,0.005759206956026386,-0.011597684133931474,-0.031878754586884495,-0.011645997004220643,-0.01036286066593084,0.006018539577344217,-0.012201071670452701,0.002084791499722849,0.001220905871454514,-0.011098529795866341,0.005449772331215907,-0.023765689158157466,-0.003937824845436033,0.012310823598161269,-0.021446552638294314,0.0,-0.0024940135856290624,0.010641534222068927,-0.008653762757372285,0.01935317390255098,-0.006535671544411814,-0.014803848331935487
2023-08-10,-0.0012346730651889848,0.003990010658402321,0.017204303213622207,-0.0024955107494673,-0.005205587357873354,0.022564709136505545,-0.020783818768309925,-0.044775948413834255,0.003954850063276449,-0.008242690172139078,0.005333687248645802,0.02981974804849319,0.008814420603563411,0.011942454902929445,-0.001084315025886795,0.001736628974706722,0.0018319498860421835,0.002738091498580175,0.002518109361653309,0.00782631590698668,-0.001250215750841166,0.0001448599272495521,-0.15931133704505485,0.0018134950624928425,0.005630833059151241,0.013824164188689814
2023-08-11,0.0003375009454720246,-0.014307048132732314,-0.013928528099751869,0.004932646421953457,0.004604937676969012,-0.013593153834709604,-0.02007415564764936,-0.0016447664307988052,-0.002851530052325524,-0.0009831383480702893,-0.0009075100721669394,-0.01885528862833019,-0.005438884745921246,-0.017346835892615098,0.003391365049059347,-0.013410316864948535,0.006256241380950156,0.014078596980805491,-0.01934975373653658,-0.005177050483373247,0.001578344147457278,0.004429052825886126,0.012979571840733728,-0.008067727663926605,-0.01197136329005366,-0.012894660305935668
2023-08-14,0.009393127385262323,0.027141287170133088,-0.0013875238289621228,-0.0023839823477698197,-0.005819106502961469,-0.0027439942884111,0.03470777248556001,0.004942240728981417,0.004402746707836025,0.003533594421529118,-0.00845425590600235,0.000686250918290332,0.00911427527526687,-0.003906881606501322,-0.010274363836202838,0.015084464681780041,-0.010808298570482489,-0.003217086970841776,0.01451405175742404,-0.0053718303838615755,-0.00228206818236687,0.008385068193422995,0.012243674206491972,0.03314180748630524,-0.00628460381100393,0.014264333324359724
2023-08-15,-0.011200303078572227,-0.006797487396780766,-0.008840451410221273,-0.025198549063462528,-0.01019369774084078,-0.021834291217209922,-0.04337960036597999,-0.01803292681765145,-0.00520750439043971,-0.016268516464028826,-0.0002820957052714901,-0.0185182593422899,-0.010361630716492432,-0.010313674311243859,-0.0127031834721546,-0.013847659373395271,-0.022046100252942513,-0.013156263634362397,-0.009537634934059236,-0.012236268810351003,-0.012362494504345567,-0.006594892274704334,-0.004500659472270296,-0.005146513791275398,-0.012819685725023011,-0.022057815334551423
2023-08-16,-0.004958957052500934,-0.0081164871285484,-0.0005094581948821286,-0.01031108278454107,-0.006157642684774034,-0.008500324171985318,-0.025178007470892938,-0.014190100786958815,-0.0018074205017959422,-0.005527551259876584,-0.008669774772801397,-0.010482374908383996,-0.0002029391342212028,0.0022017028158087815,-0.00442721424362591,-0.025368491422807837,-0.0034604471920098856,0.0012444296824027923,-0.019471342547488613,0.006492977461672211,-0.0007719728195304532,-0.0023813106622113667,-0.029952249233340722,0.0027619009520654103,-0.014544611014039144,-0.010369324612617081
2023-08-17,-0.014555112272831017,-0.005481111120074433,-0.009179375376262122,0.0024041911537988625,-0.015382887950172175,-0.0004318372722953434,0.013793161792485797,0.001693414178834507,-0.0006035643952607694,-0.003563941697223072,0.00014214431133274807,-0.011299394731427603,-0.004437491260678494,-0.011130689540422178,-0.010561692402893397,-0.031261653174763704,0.010020777458231933,-0.014841708497000061,-0.029967480725884288,-0.004074320041271284,-0.015231086557082718,-0.013598546819031498,0.007864826321298368,-0.02358671409279578,0.0,-0.00022943617053061693
2023-08-18,0.0028161419494678874,-0.006918538221942994,0.011194185410824398,-0.004978936998509598,0.009981400686329245,-0.033135712512535,-0.0158730481796715,0.010989017339203322,-0.008531136317246446,0.005792608820789358,0.005332075993749408,0.014999927491418763,-0.0011458956814678345,-0.007405241987025968,-0.0009828572541239478,-0.006454247396454282,-0.0028911199679751975,0.000792880885905678,0.003796523097424398,0.002556849460945587,-0.0015129458671107043,-0.0016866230415539807,-0.00028883726154371736,0.014014773904359457,0.0029284416316812667,0.014228890705189068
2023-08-21,0.007736633881507915,0.024285056386619708,0.003689902398281042,-0.0038346107826540132,-0.006874917148879556,-0.036952296193627054,-0.006234739659574662,0.0008362307997007434,-0.010318031158919605,-0.011381393975991916,0.006152135138266734,-0.014778254741841468,0.0026264203014301213,0.00775899672768432,-0.005623460309305939,0.023477660812236456,-0.008199490815673283,-0.001872741434432501,0.009294723726534837,0.00892625838300476,-0.006342114150338807,-0.004333783260944246,-0.022549889085431762,-0.011083366292470975,-0.016059347894155862,0.014783462271902303
2023-08-22,0.007905008438582106,-0.001902108267721192,-0.058950160189268686,-0.009349389214397319,0.0028122798708465346,-0.008680887487070521,0.002182264904191822,-0.008354273987519423,-0.0036931043008525677,-0.011281135148534793,-0.005552494195809832,-0.003571470898772966,0.011800472905505677,0.003701418047427074,-0.007352039533517596,-0.00793381597557341,-0.00685560833802501,-0.004581978014399857,0.011952357252031254,-0.0038758923083900276,-0.007624736848235614,-0.0028768656541673376,-0.019225077901408483,-0.03869084625963615,-0.009674241757199775,-0.021406197173642005
2023-08-23,0.021948708577423037,0.021617852325652498,0.006331631603165855,0.01047381205979403,-0.0023730134591818386,0.021926431036792815,-0.005443678655482342,0.007582084698463998,0.005676191923864371,0.006874087028059694,0.013569987144099072,-0.002150474561250393,0.008093689438725793,-0.003687768076115483,0.018088630374846204,0.023087583738410133,0.0115726681906001,0.006886657298041499,0.034804068025457324,0.010150545948740763,0.013773236659085475,0.008656202167326432,0.00784088161420371,0.017139683944817685,0.012106154842771888,0.03554604698167818
2023-08-24,-0.026170277385813123,-0.0344444772852186,-0.021017445626223763,-0.013661642227169257,0.0037841473323794173,-0.013998830197721412,-0.019978093156700516,-0.01755846518400983,-0.006412117041022181,-0.006687775058399126,0.0009763708067678234,0.0050288099339503844,-0.00845248809431931,-0.008143431205963725,-0.0088138337382897,-0.02545527754844934,-0.011540437773142842,-0.00788362955224886,-0.048228282613608675,-0.0018422503079703612,-0.005277212746110371,-0.02207885788654529,-0.009874291863914753,-0.03475203561434048,-0.011132405154254177,-0.017896453769583598
2023-08-25,0.012643034412360032,0.024647278776290582,-0.006290128755364832,0.012105454846199182,0.004954769405075998,0.01638699038779179,0.009634107589372443,0.013616879003342408,-0.0001932140044308417,0.01603695034717756,0.012539324666857476,0.002144399327670854,0.01312642621959692,0.0001493208471030627,0.009174428402139778,-0.004359297406796192,0.0045686764678187775,0.011538318956298532,0.02236256431495276,0.00931202266265907,0.012642644216929844,0.0002249806088141515,-0.0030221551566248506,-0.03687845176238769,0.01119772428041066,0.011202390353800995
2023-08-28,0.00884607255850578,0.00925605716329625,0.019265109859156526,0.008181932208479292,0.01221877332568888,0.020822341319205462,-0.0009680500233386624,-0.00083955015953463,-0.001468622765008254,0.003221209171857309,0.004609415042056586,-0.006419505664764791,0.011293336136466214,0.006417910916436176,0.0006993094967937541,0.016672591845660945,0.05224856251510723,0.007532901895911603,0.004879434460571375,0.00407286616639424,0.004625967052693358,0.013723348472272967,0.0063656277553298946,0.009063005026949345,-0.0001778148143181113,-0.0019201958534408314
2023-08-29,0.021810514248982615,0.0200974199077677,0.038612118190775035,0.019069053531011848,0.010588605218023295,0.018415705636479318,0.029900383803758146,0.012605078625079091,0.008631599029820025,-0.0014677334778236961,0.0029445839184794043,0.02010043001696582,0.01033270330282643,0.005932157297473095,-0.0009782799250777074,0.02663136092956564,0.01392628188511602,0.004094313133140126,0.02853659284370602,0.010264959540400076,0.0037724515139940795,0.011540133126303198,0.002108351603208547,0.010393313824684336,0.017235263062234774,0.018351307819593154
2023-08-30,0.01917212828247683,0.00886097630731264,-0.01299874894136821,0.008213284669412735,0.005972481804543683,0.03127156141341447,-0.0010752934061011299,-0.0016599701175121773,0.012702611320410284,-0.0017456950371069757,0.0027996605866840163,-0.007741018207594874,0.00549022917016706,-0.004717753564009941,0.001258970671120796,-0.009698295103672816,-0.010609089491770196,0.0041129525401457645,0.010883939130211129,-0.008030260135030942,0.0008290868155922393,0.004753358315661149,0.0045086457156275905,0.018766131434599043,0.0015140093361314388,-0.002034579198018749
2023-08-31,0.001172495313600752,0.02563452009573841,0.006848369687740163,-0.004250488716173506,0.007915729587777198,-0.01858525104679276,-0.010091496273946232,0.008312798609049876,-0.010875810233991867,-0.011274194014037064,-0.00020412950364956384,-0.02340415408075247,-0.003068290979608146,0.0004444412336073178,-0.004331386275368665,0.002677146232572758,0.021254106446150223,0.0013419826775558086,-0.0022775674785970867,-0.007682150514806474,-0.010538744250411458,-0.008297390143210626,-0.0029923135145503155,-0.018609589100901935,-0.01517370221955372,0.034367273529633424
2023-09-01,0.008463185689197905,0.006918859604852612,-0.015434942046568367,0.0182123798931475,-0.005270230178498814,0.007288256917562297,0.014476042487753027,0.0008244171759432817,-0.00019161778968412868,-0.0047007340322465785,0.0075597661900446145,0.0116194202055111,0.007100706282462399,-0.024874254227944315,-0.022031856204932865,0.0016558853940200624,0.0026248069095133886,0.0003877875952755794,0.014296230664279541,-0.010322140248168798,-0.0146131816955124,0.007926760802241306,0.011404451911735336,0.0023613015666592574,-0.008264625485079446,0.009714239803807478
2023-09-04,,,,,,,,,,,,,,0.009717597390693555,,,,,,,,,,,,
2023-09-05,,,,,,,,,,,,,,0.006165467671937819,,,,,,,,,,,,
2023-09-06,-0.03579328745024679,-0.005204649511388104,-0.0028399750192741324,0.004509586297662738,-0.011032838274326329,-0.02787601007345608,-0.0010986244354567187,-0.0016541954110567136,0.003312222066047754,-0.008062393779290744,-0.00047262992583196883,0.008727316771318439,0.004082579857031643,-0.010013456372553575,0.0018688659484629166,-0.0032651773001316498,-0.004492443199651253,-0.0005336166165373912,-0.006507974875098577,0.0017170053023110032,0.0032730192058296748,-0.02016190037301424,-0.012420298160767507,-0.016847577955010018,-0.010123725970491715,0.009825344332655028
2023-09-07,-0.029249348633731742,-0.002633698370502313,-0.01451017679027855,-0.005196440827185289,0.025499221166640718,-0.007536006871137202,-0.050178741175037955,-0.009113574474062247,-0.005087913090094043,-0.0066540825189318475,-0.0036467963479959176,-0.005046938519544852,0.0034852116457262383,-0.014190823697085353,0.004448231595552743,-0.00167114378303157,-0.003948223110451732,0.005303876800910379,-0.0058776255460799565,0.0074563959897888665,0.009557389501735791,0.02348432546337964,-0.014263696336402343,0.020685971282143223,-0.0004314137782157612,-0.004324320200327247
2023-09-08,0.003491718742072658,-0.0001784901994287269,0.007706140088639568,0.0030204194989449373,-0.008806359512231743,-0.00900897745917073,-0.028368782578697904,0.028428036614295937,-0.00623763225096996,0.00019136527559848737,0.0010843453025859429,0.01811600913242284,0.0005304286598137864,0.008116406801985665,-0.00257164932860543,-0.002611574796078875,0.0027370373763495603,0.0003188066656862887,-0.0007672608512144796,0.0029773721447650114,-0.0007368417078644773,0.002549753192075732,0.00314563925963518,-0.007746944326317173,-0.007396548716888551,-0.02198700787014285
2023-09-11,0.0066225762842444524,0.007388133979338463,-0.007920379621028983,-0.0008147931040072276,0.006794188683176605,-0.004545490451071332,-0.0344108096693857,-0.006504090495366821,0.0054872506821688205,0.01435194622270819,0.004740250562852655,-0.04555165859013144,0.00445971312974347,0.006076193052305445,0.02220010684720375,0.03246150643823964,0.015530916240823478,0.0035751941969861534,0.005781403022949494,0.011365611065788261,0.015090371935051472,0.019109221827414924,-0.0047036311377577356,0.011288133050181504,-0.0009313059187696648,-0.0038856340380695187
2023-09-12,-0.017060773556817566,-0.03948623211221214,0.0017893299458542344,-0.0008510542427391243,-0.010589704022365143,-0.013046373194704919,-0.00015430632949031686,0.018821573179451656,-0.012681540296374028,-0.020940430011909816,-0.014018258263693184,0.005965753117251449,-0.0010080255746576228,0.010267301877186386,-0.004343639388435516,-0.019183163737465314,-0.006766358149771889,-0.007795426575149533,-0.023958091092429967,-0.014005361495759261,-0.003688502129069904,-0.001069469585176619,-0.006931231347512945,-0.009441206943285096,-0.026850514014584714,-0.02103653053649801
2023-09-13,-0.01185470817494394,0.02093280302094791,-0.007007316315270851,-0.02090055210622266,0.0041972210703014046,0.007204020100502584,-0.0038574295543519765,0.01526123058805906,0.002743780978404331,0.010212435793004904,0.0017086883445827095,-0.0037064932808779094,7.21223767721213e-05,-0.0008967103706969404,0.0032366958225940046,0.011270893895070966,-0.05701745829774019,-0.004336966470314119,-0.051646061679990196,-0.008590725984226166,0.00790928635335475,0.009920628178457847,-0.030774216256874265,-0.0005549320097831822,0.008111292910912393,-0.006119258940055938
2023-09-14,0.008782651223756321,-0.0025291285863088264,0.016327436713645005,0.024064952237310422,-0.0010448371154881952,0.012140311383867175,0.03283771416902459,-0.0015823070061388167,0.019313151859370548,0.009918409063568667,0.005459088191777761,0.021577515712877693,-0.00711032139823875,-0.005834063261802469,0.015289600550445925,0.021831808687958087,0.012568101782578278,0.02016481053343533,-0.028502796062859215,0.005490733487292898,0.008626577512393485,0.011448988291931528,0.015712073047432717,0.0039352349521892815,0.018309650399957356,0.024770954290485925
2023-09-15,-0.004154076989256961,-0.04214350845384929,-0.014431439145139668,-0.012068218730645452,-0.003974797715532663,0.009465473814880276,-0.026094748887313224,-0.0007924976169999542,-0.01147721895788223,0.002691528734547033,-0.009229938147166772,0.0029133178173557095,0.0023467863860877625,0.011285063654841387,-0.006078967749820752,-0.03660348964193849,-0.012314171166979193,-0.005687510603432422,-0.00886413004394393,0.0016212573336653602,-0.007669956507515785,-0.008314926194024519,-0.0012891775985927056,-0.005434863576521121,-0.001493118497629231,-0.006427261232836434
2023-09-18,0.016913324278778008,0.006674295532059116,-0.01161327162446879,0.006412283247685169,-0.0007353459951964236,-0.009633724976586766,-0.016784784821476384,-0.021411424847816996,-0.01881297184880082,0.00047074314588946287,-0.0061647050092240585,-0.03776334019487748,0.006806559779411359,-0.011456582834327378,-0.0011118912716477913,0.007458878003591796,-0.00019821293702138032,0.014794612222352121,-0.0063989926908194494,0.0028111619252664255,-0.0025578052033546905,-0.00789108751691503,-0.020006414379911464,-0.013734053667311508,-0.012773314907815192,-0.006750152620076277
2023-09-19,0.00618082290925237,0.01741110369408183,0.011325064945487906,-0.0045205494324546125,-0.003257957939741485,-0.014202466160643357,0.029600617616529323,0.017828152637202832,0.002767792950071568,-0.015955818492241036,0.009856013304295086,0.01660383117111408,-0.008630446559472538,0.00602033410972358,-0.004870757380149415,0.008329366072965305,-0.00801624794098399,-0.005566975551758113,0.004563902419963073,-0.0001700071279142623,-0.005909110737585377,0.011788994579091217,-0.004609912681427297,0.009536845696534568,-0.002713943491003512,-0.018264207357942652
2023-09-20,-0.01999212868232403,-0.010910249622283819,-0.009658334668541046,-0.0037902524744624078,0.0028468324177564064,-0.007696862235579638,-0.015971941838804793,-0.015923491476964258,0.0021200479226803903,0.010809663383796408,0.022590729707426593,-0.005196733822609656,-0.007278774747834116,0.02049678479352446,0.001818019837811491,-0.01770081291927761,-0.01237177524389621,-0.0002100878805498807,-0.024987326866705573,0.009090914328629074,0.00033639747897029615,-0.002807754061864176,-0.0072774494382089605,-0.0011413891449231217,-0.0023415955733799843,-0.007787616305911627
2023-09-21,-0.008889496236052064,-0.04087502933396525,-0.004240478544962789,-0.02361730071993773,-0.0009462779581652647,-0.031423971809132256,-0.006801706984085998,-0.01294512432826267,0.04522604485201165,-0.015047513681978986,-0.01635169469531239,-0.04328346408609729,-0.017441436154290946,-0.011435272628979143,-0.012981691756440816,-0.01314793359996913,-0.015152943761276072,-0.022992786746591443,-0.005565626369224974,0.0,-0.016818044404281585,-0.014640514669446492,-0.021992599146316794,-0.017164663150664117,-0.014019432107917784,-0.007122172549838934
2023-09-22,0.004944624610794479,-0.001907021988476587,-0.017033290365283893,0.003786563050479419,-0.003472778615404515,0.010403906644321337,-0.0070039029251276474,0.018852613799393403,-0.0029027717917914364,-0.0010088016652981535,-0.0031891499445078075,0.0015598556000093744,-0.002826061431965954,-0.0014830393243683293,-0.003959839547721722,0.0113278944851527,-0.004616007696970348,-0.005122565409134472,-0.011297719960016939,-0.008335354289134345,-0.0006271148275158733,-0.004571810516547203,-0.01771723624627064,-0.013654889334995368,-0.010615838152291612,0.007905152024989537
2023-09-25,0.007380266589532614,-0.002534642715277702,0.007797983450382517,0.004431089816312683,-0.008976717941577839,-0.014428915428547628,0.014420093959941038,0.012067336931688155,0.020452712422014185,-0.009474001802312393,-0.0029271977482815403,0.014797475595386134,0.0006710811670473937,-0.014109585918309464,-0.010222975912517973,0.0058513294605564425,-0.02318626106925714,-0.0038885033194389074,0.013138162832668554,-0.00449990719503679,-0.005363268058913184,0.004736304741600472,-0.01144644329269584,-0.0008526981378943477,0.0034464442187500666,-0.0029048213896092356
2023-09-26,-0.023398462204991866,-0.010359691648390013,-0.025218589795821367,-0.01731856285815836,-0.008098776793382556,-0.04034646493984284,-0.04403588125870861,-0.011923452611634633,-0.018916529777994073,-0.00373835726543692,-0.02211894980849516,-0.008442047019234344,-0.017664807424147666,-0.013859580463989052,0.012337123476593215,-0.006216029253923172,-0.00960028079897246,-0.011421979015283745,-0.014423085025419558,-0.017057655156379248,-0.010382499518426735,0.0032140243223033327,-0.012631590306967588,-0.021762627347438168,-0.015617564832064446,-0.005098302495873286
2023-09-27,-0.00889738778007132,-0.0073078842161973245,0.004997810768383237,0.011835754373291207,-0.011925401645975442,0.0030079825376971847,0.00032326584950626014,-0.003218170393730624,0.005049771467434683,-0.012865400743265032,-0.0004886487770786596,0.021671910095868663,0.000252743823661028,-0.0030552688321746624,-0.008218962468394708,-0.004080845724566684,-0.004473712327114465,-0.0019012332636646478,-0.004377069731058003,-0.02689798320288206,-0.0170994988986386,-0.005410915474020617,-0.006751952673341832,0.006979372914357462,0.003357155098945519,-0.014348511173432055
2023-09-28,0.001525509859466423,0.004118597889138043,0.007751993710325422,0.01294427045584201,-0.0008698726724518657,0.013639000812433189,0.030053330565433134,0.013720807179654848,0.014198184010433268,-0.0035546537099455655,-0.011105712557263225,0.003030370221393408,0.010013247268437109,0.009653660743240033,-0.0025155398105545235,0.020890713151903828,-0.002140162587248695,0.004432837020284852,-0.0032574296886483944,0.0008916485627314952,-0.00041286257900963186,0.0,0.007513327118982227,0.016486599685181513,0.020274541355700393,0.015003002685814337
2023-09-29,0.003046462973475661,0.010363168663871658,0.008272915868077435,-0.011728981577829534,-0.002829418816282958,0.018316585396436436,0.013019636565563708,-0.011146516604704781,-0.005704928386020214,-0.008719904588958105,-0.009040827860294809,0.02567962544221869,-0.008837416598661885,0.0,0.00014409075424359763,-0.012337229201036859,0.0038605548721508676,-0.007112166458617009,0.0032946309222776637,0.008195904260468678,-0.0003539020872855847,0.0025055840580510136,0.020951829245027476,0.0013537102102338938,0.0023791629905534073,0.02356213328271628
2023-10-02,0.014835787764049035,0.022023948069722854,-0.0054701896879377765,-0.004688802934226022,0.00021823206725746225,-0.007956000325109791,0.0010839221560776657,-0.00885665935560731,0.000717177316340134,-0.0053477280822118445,0.0035639965987461775,-0.003681929049423771,-0.00015166265275057267,-0.00424954916709297,-0.013112319639198566,0.0220181290573489,-0.03631722376006985,0.0024976730362049615,0.007229942707810855,-0.012282337365202678,-0.0015935653681634632,-0.005641151510165532,-0.005913056477163781,0.008762047547981933,-0.005068030954089808,0.0024306285818009865
2023-10-03,-0.007769939361212619,-0.027056600025719746,-0.02142127852991138,-0.010120558735477347,-0.00741947587035674,-0.016318104419660973,-0.03650426225290759,-0.01949632608966878,-0.01855821408101832,-0.009195671533061667,-0.002912122106599413,-0.02439013986548244,-0.012100378610849227,-0.01036425268944896,-0.012994748221888064,-0.019164468970074622,-0.015850174658366134,-0.005239531959181476,-0.00941292299001728,-0.005815089658304018,-0.00868953241725856,-0.020321681611375597,-0.022043406578663327,-0.0216156389348392,-0.008576477838742713,-0.02952502748257846
2023-10-04,0.007308433047289009,0.022464122750688098,0.014051060796105519,-0.014648436692498823,0.011872023423858291,0.00935814374442856,0.023278226707779792,-0.006628122814728243,-0.0005380042360494386,0.008824571893039534,0.0048436439306194234,0.017424277439317626,0.006904147953210815,0.0,0.015976355879037563,0.015418391219754524,-0.008672003204664103,0.010092628108308688,0.0003981258116041442,0.011428186995546152,0.00721536808473866,0.0119477394145584,-0.0039356591686148246,0.004236032541350188,-0.00019518544879137956,-0.02910057804660815
2023-10-05,0.007198194823464066,-0.0038192595463534262,-0.013564710824250925,-0.015960426002974537,-0.01977184702793111,-0.006953395097570869,-0.013806103623190236,-0.007506201398935208,-0.0034223862834937835,-0.017142584665842397,0.003190088943416214,-0.016381215011734618,0.0025688709302646995,-0.007854614950809635,-0.052562566408344114,-0.0025850305763934767,-0.002158588638279446,-0.003646642605598216,-0.011435387942782982,-0.0007117624514311194,-0.052157910844825905,-0.004563303216313819,-0.009339024905035465,-0.01790810101363749,-0.00221183762318633,-0.023312155198937146
2023-10-06,0.014750405245232523,0.019828034594467248,0.016708710701173635,0.020092031294514312,-0.046991083802677025,0.027371090832706946,-0.0022271617608826677,0.008403513409669383,-0.004861964294135324,-0.0024038284466946225,0.003603608469801012,-0.008327014114482445,0.009563447718436313,-0.008848168930492895,-0.02627937215946563,0.034909092156733657,0.0064896629243866855,0.010650452959658274,0.02394058167812907,-0.012731495107694668,0.001186645223651528,0.011642202006489466,0.022117586294682523,0.0021089638104321295,0.005802610564417998,0.014879212086418292
2023-10-09,0.008451021310896367,0.004955543001173401,0.021669297057659298,0.019771113680380648,0.007558927549816463,-0.02306198795612191,0.010522956546025197,0.005833248118557455,-0.008452861633329922,0.003486400677895185,0.0011970457038390503,0.03893117496049192,-0.008116143322994707,-0.0062646919401111445,0.006470997118298127,0.00928874380078426,0.00735299587202376,0.03682894339345988,0.011637971030259209,0.01551089199248068,0.006675498224063325,0.007984000949715409,0.0,-0.003028495916735041,0.00045366643969857456,0.009468464957276934
2023-10-10,-0.003352028227860515,0.006480365807349564,0.001850693423944172,0.007040387160981432,0.01742857725320479,-0.008738126785007516,0.005206658422153954,0.010770416385366133,0.004184264075679067,-0.007050830427380195,-0.0006328074000719885,0.02939027742335587,0.014262706323242114,0.018282100912940802,-0.0021955011487488907,0.010931047595198473,0.01785501337660156,-0.0044005947725903605,-0.03272445778816946,0.01127783779617264,0.018839614460168352,0.01619812956601141,-0.019155887968532403,0.011738654324511266,0.00784019143089787,0.017851744817176662
2023-10-11,0.007904093442440141,0.03226836496990626,0.008098948157285957,-0.0013906277873899642,-0.005672260150395569,-0.0017061149325678926,0.017736576199282483,0.004098341518373738,-0.0051793072188922595,-0.013224373118888133,0.007880897473961479,0.03211985197034384,-0.0013987032020958967,0.0037145267212508326,-0.011472547315290793,0.018580673794194258,-0.002758001626366635,0.008945741342955005,-0.019795409120449303,0.022567631138608935,-0.01082712809698072,0.004985679502348184,0.01374321584225413,-0.004376370843171773,-0.0016071497760421494,-0.036563601800029155
2023-10-12,0.005061207498421316,0.017675678225473,-0.00803388216215295,-0.011802326204292113,-0.017797919485825098,-0.0057678932463308685,-0.0012337169367391265,-0.02040797534885408,-0.013387610788371251,-0.021483994989991206,-0.01389370056175332,-0.028354102893959454,0.00022510367666495057,0.0052429683925128145,-0.02957081666790007,-0.01116465904148145,-0.015156725323862918,0.002364278195063463,-0.012925958300300189,-0.023786947980423134,-0.02791766282291641,-0.01383473937264923,-0.022832621223089378,-0.021901295870151882,0.0005150698696985145,-0.02082688183395487
2023-10-13,-0.01029264605902891,-0.01942353880661507,-0.012645708875120842,-0.006194193541620541,0.018701297464221334,-0.013895095491236131,-0.024552253163000026,-0.015833427568057612,-0.03650220389954795,0.017106328007549854,-0.019682834009954853,-0.01352317500439193,-0.004676239241733993,-0.013345651869997588,0.008027562230891183,-0.029213993591835297,-0.0038193001999504705,-0.0004508035489012574,-0.015282340939951178,0.005101987935766772,0.01214552257079804,0.0037551125965946675,0.007301925249123986,-0.008622313944084081,-0.001930689796997509,-0.011343961034433803
2023-10-16,-0.0007271045859080782,0.0036080990478799535,0.01827603944446987,0.010636861036244394,0.014139227969022006,0.01837602972289054,0.052240037160237174,0.010160870970387093,0.019436611939825044,0.005082204971136539,0.00541679808700013,0.03102473746262846,0.00786375426767738,0.00590787605793297,0.017714870841647246,0.020528135253292,0.01420867620832511,0.017942177592082276,0.014451190044378226,-0.0026256225207668127,0.006750239875914943,0.011082270596270538,0.026821320469441412,0.02063626292330145,0.010123649559166337,0.006852594504793252
2023-10-17,-0.008784516343225857,0.016977224800971413,0.0038157578791437885,0.006868611349588161,0.0020238471394320445,0.017545109398789727,0.054009271430139005,0.009220332560005984,0.001898503127037987,-0.005525767715830465,0.007973688511058175,0.025192348245304474,0.0015205512585039216,0.002627635811376372,0.014692016410387865,0.008874297119868757,0.006782198583804577,-0.011830285599511159,-0.014134530399590672,0.00035100956718636667,-0.0044078334288367715,-0.003281370816839435,0.025767681537902876,-0.009296095679216632,0.003383301042308995,0.010446341314088947
2023-10-18,-0.007395075787707928,-0.003963705175657695,-0.0116852103226176,-0.04925735042975077,0.012679414237906306,-0.028316888689736697,-0.030830660976092106,-0.024086248580055702,-0.017820295102686456,0.002254000208253837,-0.002494441598233199,-0.0013652179167634726,-0.02130581050811098,-0.010636682531457442,0.009600190222405658,-0.021697402850382796,-0.02374394411011671,-0.0056236038701171776,-0.02679071046326509,-0.008245644573265598,0.010351000716124492,-0.021573035856091827,-0.015829256593254848,-0.029088264493522864,-0.021376573608638982,-0.013627802785171172
2023-10-19,-0.0021608323607097413,-0.0038181026071586466,-0.009971541815990581,-0.0244193495425451,-0.0072023039684183665,0.0012982424540524118,-0.036524349060410355,-0.018723451047044648,-0.0013136070481156725,0.001987640921819356,-0.014002997301051812,-0.029391572471668903,-0.013580519663103918,-0.011374248692020972,0.0009352275190745996,-0.013124320757646357,-0.015158302743498275,-0.021788987209715116,0.16054763975038244,-0.0283034746916363,-0.009072341683049712,-0.013243871440355992,-0.006293641234079161,0.0009664036283556499,-0.011442072025296013,-0.009687162117300474
2023-10-20,-0.014704343810335363,-0.026595113760817357,-0.01179841311107932,-0.00949953288194505,0.005803642774117934,-0.010877997976057707,-0.007948588468674855,0.009540106829274864,-0.010974585813273818,-0.0033406968121718617,-0.0061589061483100505,-0.017605768221684137,-0.008920342987543184,-0.022695068597724632,-0.001713056272247493,-0.013298662602039268,-0.005858039162193518,-0.0024473099764060757,-0.0020160158994940724,-0.00045523307393280366,-0.0034879353749460718,-0.006166344387536271,-0.010555860438399067,-0.002708735953777852,-0.0006576145384409315,-0.01042337266704596
2023-10-23,0.0006941172180396915,-0.0010168012529265802,-0.006989144005468351,-0.007544046151155115,0.010319659649408841,-0.0024036331723295,-0.011556240098098303,-0.013745662421236982,-0.011013092796388957,-0.009112960395662784,-0.0056868244752987795,0.0021506961911135214,-0.0019250180727244937,-0.004999152953862329,-0.001716123828862104,0.01736565696345238,-0.010976142306795111,-0.006471119854606244,0.014664740290246447,-0.00919758039179297,0.0005001989037247689,0.005474991418535913,-0.007823802856487871,0.0033077328185053823,-0.025006794033078816,-0.009398768837502014
2023-10-24,0.002543390640901144,-0.0015728347517194319,-0.0030790309690827966,0.00901652365811012,0.005820941550610748,0.007665915255287148,0.006858843360030509,-0.007839665924691763,0.015590132419054159,0.005760941194915992,0.010338828622700857,0.017167244346081523,0.008444715915791656,-0.002755319862071226,0.02437883127323892,-0.004649360978553063,0.05280351377533066,0.007193450687371428,0.01693547888029956,0.007904423909479874,0.013180885168399659,0.024175742637284836,0.0007168304374731704,0.016162750606641962,0.007829575181775628,0.016522138129979602
2023-10-25,-0.013491671918545722,-0.034138896496225035,-0.005883299997317737,-0.018473115352679037,0.007206709374878439,-0.02514140080940952,-0.025236063567660505,0.013169586611583739,-0.02677091681023247,0.021966784803766348,-0.005152846928028421,0.004255377436454655,-0.0015506992114190377,-0.0024377903035628368,0.002135695094113821,-0.04165729751336689,-0.008100124500017847,-0.003304693178740936,-0.005994273851238852,0.0008206820852143526,0.0009862736736989675,-0.0005668763325362702,-0.0021489508790211165,-0.0029805977391667016,-0.01600602474669599,-0.02880593712760049
2023-10-26,-0.024605540120775427,-0.01316342088256317,-0.021896673247243648,-0.01024756286631856,-0.0002167888796879014,-0.0023782306981920964,-0.009371031784741524,-0.01646457141869828,-0.03095106812750459,-0.027870725689437048,0.04873062810878559,-0.01200574130207821,-0.05622437157985427,-0.05767353510104234,-0.0006089516897285208,-0.03732527219585291,-0.008278481985518171,-0.020213189650308827,-0.018747718138535374,-0.0007289484844738015,-0.005789879243089602,0.013263132420271218,0.005025089861366183,0.005238320575692068,-0.059347884668513706,-0.014084482114536945
2023-10-27,0.00796933075176165,-0.011977976644571453,-0.025714603585222706,-0.01596330368531662,-0.022880033749787643,-0.07226395986905632,0.001443003914208596,-0.12246697706840404,0.003992436601222948,-0.026130653706341045,-0.008625496764528395,-0.022873429942939727,-0.00139886811284895,-0.028181138420674712,-0.009748664053338074,0.02906214890303338,-0.012746788005601917,-0.008914338047032344,-0.014050684975146388,-0.022978086453842583,-0.01108978596611998,-0.020019540416947423,-0.014285623437894968,-0.000236857405817803,-0.02445543089947899,-0.0035293963776916737
2023-10-30,0.012305164176938277,0.03703850961401023,0.0012419130735816797,0.015090589647578811,0.007213406361700425,0.027623963557506848,-0.018411747166796277,-0.019076080223452307,0.034871516671070246,0.010156922227607001,0.0007720057492914822,0.013167550740326162,0.02290712235134218,-0.011208018100646866,0.014920879105766671,0.019984470654232034,0.022852028626236365,0.014060744089556598,0.030688433653824676,0.012225915849998437,0.016664766594074454,0.011214352158022356,0.016666452838170143,-0.0016584749806789478,0.029295957523794103,0.011975022322637807
2023-10-31,0.0028189697326657104,0.009716466947784719,0.03612971380376839,-0.06652630845234997,0.001983350248585536,0.007032748406057054,0.016147412193678656,0.01351315893049243,0.013850248294208,0.007366598558295578,0.014092188472491163,-0.012996419724165653,0.010552671843073513,-0.0026987627587945484,0.0034858645092537,-0.0045927265536096495,0.015974113041109295,0.008109559375691022,0.0039260461464143415,-0.006454044252261815,0.006162022766920794,0.016175534054938767,-0.01781872196737866,0.005458304444474482,0.017798027258165927,-0.0003333409627278572
2023-11-01,0.018738553859294793,0.023380826407713995,-0.012720684907545743,0.02556958232156248,-0.007367457514429465,-0.18902774568276048,-0.02632422808558954,0.01641059274984613,0.013036159014336413,0.0026688048914100815,0.005254519938395763,0.0021946914615447177,0.0039058272978191866,0.00974209562668893,0.009213052108747677,0.035118203420714034,-0.004288166331387289,0.007325983828749161,0.020646659265028955,0.01456942265075778,0.009737859565424722,0.008272047264681115,-0.03519620171056059,-0.01534186394527115,-0.010265544057802889,0.000833598490199039
2023-11-02,0.020693313902107713,0.026097377360250196,0.005760146179883963,0.03144544282717421,0.018721576816439267,0.09444075338122837,0.01599078838020329,0.023208767741608183,0.016527524122184056,0.009049608279164456,0.011072760458394448,0.024817556795372564,0.012889724000769487,0.027693263200520013,0.01721046420086081,-0.003142674089784414,0.01932414740830324,0.0023885956956566368,0.010757030235689857,0.01500046364251828,0.011888187519205617,0.009996552460209696,0.027830177156955127,0.012944164437616479,0.015665358754189507,0.02082292229582894
2023-11-03,-0.005181330017124286,0.008859606910930351,0.01266004476331295,0.006816712869962549,-0.05611142508014355,-0.02990030177383174,0.05873760942959971,0.04142021130530038,-0.0004447990349311093,-0.008229889875728147,0.006054109436749,0.032050988117494184,0.008779853573883,0.006606470006287113,0.012505459723666013,0.011998489800215228,0.016791404403417642,0.06490727071014324,0.018012276083803958,-0.002883661583357955,-0.00023981049880983374,0.0067578297901751405,0.022319684407316354,0.014619261283969065,0.006127112868450357,0.027904747604982516
2023-11-06,0.014605205219529793,0.003175742731054365,-0.0034231072314584443,-0.010259561981483811,0.0009215933454147507,0.015410942725013088,-0.033256676918702155,-0.023674202383929588,-0.007323873205729803,-0.0017555643650284392,0.007234741229631858,0.013802813285849647,0.00028511140082199127,-0.006390347578223321,-0.008427794882539641,0.0038144236364432427,-0.003622561771454036,0.017233670448087324,0.0055046480263292175,0.002078585118838072,-0.0005394285431367107,-0.0010173666805795012,-0.017179592133510946,0.00025916373548806604,-0.004129825616202121,-0.018574407881664534
2023-11-07,0.014450915639913298,0.03492793275025852,-0.020758566414464497,-0.014101139338947966,0.021063591382082913,0.02538392080103624,0.027900990103799872,-0.013579186987623504,-0.004605965121067146,-0.0009057449262450668,-0.000939929617945312,-0.012934005906463542,0.007017804438690822,-0.011472395794330348,0.0036637572000464136,0.009562934134302647,-0.003956445931965535,0.0013131643309463037,-0.00029904054315865736,-0.004689725125306521,0.0028792706793088207,-0.0014250099039804232,0.00036415822416935306,0.024871691053134803,-0.0029522160859242197,0.014073098288248653
2023-11-08,0.005884819984218526,0.0001879448893853386,-0.024858972517105893,-0.00042565570286479115,-0.0010145472962679314,0.009261666515304023,-0.013109110231814047,-0.011799373584357009,0.0047910494377747526,0.008160330460451393,-0.005375122472734972,0.01655173901050544,0.002134376353148726,0.01019881985576987,0.007738299574041152,0.0030111671632380155,-0.008910180049549798,0.013804000273735184,0.004693918392281615,-0.004983724646160148,0.0012560954939304647,-0.003330523111200634,-0.00036402566123105995,-0.007078183649357195,0.0007050736769937949,-0.013718245565376264
2023-11-09,-0.002624421781070141,-0.012933329954715078,-0.01657802590642732,-0.002853248990647983,0.011622820832314584,-0.01097766386944532,-0.030786078590869126,-0.03482594784279047,-0.01703540691518135,-0.0021163561507049344,0.0017079154708694588,-0.03256454858643021,-0.004465094263675029,-0.00278511771851897,-0.0011591432084950837,0.0024077227951513347,-0.006715897231346801,-0.0012613548542397268,-0.0034352804931595537,0.004189048217552838,-0.007347986338237744,0.0017048629340201682,0.02986163755955329,-0.010005582483820663,-0.014089716543777109,-0.01908459114072214
2023-11-10,0.023219942485718903,0.03371755599062376,0.019720025497479643,0.02361730755134217,0.0007806815958975033,-0.004942646699169773,0.019671093384366456,0.016494949332563014,0.020067090096253404,0.015162819099747704,0.016368997088359816,-0.006311303964472326,0.01654820764404752,-0.013963980543621135,0.002611039368801027,0.025643461318438643,0.01210480563962646,0.007189212831834713,0.027783514897087747,-0.0003626017881334098,0.004573869984178636,0.004901903586424616,-0.005657515230987453,0.002211612030510235,-0.0015901480007907143,0.023248141994035576
2023-11-13,-0.008583694540217568,-0.011519949407512775,-0.004366758789173697,0.008302766854819899,0.013486309356617543,-0.008888996450287845,-0.00047442430736610586,-0.00405693406788088,-0.002601241756655881,0.0168164712737382,-0.006173524226801619,0.005645807774264711,-7.609384908058292e-05,0.001947154939496265,0.0026041209308904634,0.0012776387492106078,-0.0012929849827836293,-0.004436978501873856,-0.005858090256264714,-0.007076260277187663,0.005092452306634687,-0.0027099836869862726,0.013869046770984106,0.0020271703632031013,0.00043433263230974184,-0.008378995266788203
2023-11-14,0.01428575365181084,0.023698190192006363,0.04135344439040334,0.025613391214043046,0.012387398031596053,0.07992603837709189,0.081790828094084,0.05906322533798036,0.03582047964136925,0.016127363379669912,0.015597306313180015,0.051227979341492036,0.00836821168045443,0.024558500667896555,0.011544006591097,0.02162879673718554,0.024597990763841393,0.008461515417474974,0.009063916639147296,0.019095611966024828,0.002026223608631028,-0.001358673827401291,0.07015065422176536,0.019026869848351557,0.036187537737273345,0.019986992589172692
2023-11-15,0.003040856946023407,-0.014925652004985634,0.036100933664738655,0.013031471260380734,-0.0014163923776916443,0.0264614964371801,0.04913718551200463,0.006730784374345378,0.012746962755415092,-0.01071564418117299,0.014427224525757287,0.01602137684340388,-0.0020621718568448744,0.012070960210892823,-0.0015691788973929421,-0.010704384457196459,0.01948009268646267,0.005956439471868746,0.029622166855098664,0.0017930496640710114,-0.005115529985663447,0.0012926203619121335,0.012127242434624597,0.04372626898385423,0.02793854386995953,0.015453261329125167
2023-11-16,0.009042220338437712,0.011338630339960964,-0.03092328718164894,-0.011469951598297223,0.013420516640869407,-0.027365687986034004,-0.022163317329754406,-0.0296084558299593,-0.00963404605571394,0.006744574121046121,0.0031457475870055873,-0.011169532501755008,0.0006804604217325316,-0.012608578829423678,0.009001421172172286,0.004448408445985708,0.004091538635658365,0.009996314731874234,0.010845552410177817,-0.007785965008370033,0.002750546779552776,0.0019700651017409143,-0.025259047029317805,-0.023547538332138185,-0.0017666022770684853,-0.005334172319338859
2023-11-17,-0.00010533869522200145,0.0009965378672731617,0.022022314836499746,0.019580293568459695,-0.0051678195569671015,0.009704712787102832,0.03392725875479807,0.010826812191672364,0.0039616631958669934,0.0008169249647194121,-0.0011104574517878385,0.009302317370337043,0.008058429109361276,0.011216550912450884,0.0001414649426527692,0.0025434698096871156,-0.0038659892688359676,0.0031204396253061706,-0.0022272211635598893,0.004329355493635223,-0.005664595508707682,0.001491456325702023,0.009634545263997207,0.009172731679632395,0.007283282617266851,0.01135648585764204
2023-11-20,0.009278184709994752,0.016659541880827966,-0.0016123408758967894,-0.010352827353871663,-0.010281532514554215,-0.01098453585856396,-0.006342190710252105,0.0068157656829026525,-0.0016019223319294618,-0.014949091312626006,0.009549330577460768,0.02962482332339711,0.010242368763339949,0.005631376760034668,0.003964522637866619,0.014714625063847686,-0.0037758960063288827,0.003707750048372871,0.018372625618872096,-0.006376287275797532,-0.0014392670919706196,0.005348504243154473,0.012175061265477183,-0.00894276091665036,0.010744901721833067,0.029319980862261952
2023-11-21,-0.004230949844250209,-0.0027909612185195165,-0.007194109354158873,-0.004152521029694434,0.014980890593997875,-0.018783112355540865,-0.020535637063973544,-0.014506727853763723,0.001252343700099523,-0.0128450300563,-0.002850773772327675,-0.005754488946328018,0.011251193250938263,-0.013066379000126194,0.0008457809963928753,-0.00879503457579911,-0.0104232993431711,0.001752943818386088,0.0010116622149669574,0.018167065073265043,0.007686721770786553,0.0007408164990478916,-0.012678793205068817,-0.0017010723324034638,0.0013369651903567537,-0.0009090539180871549
2023-11-22,0.0035144245039822053,0.014288254485807839,0.00606321780269603,-0.013632318196205473,0.01379018350266481,0.020640726793378583,0.012608118220927667,0.006869606507855952,0.0023450581632498135,0.005351742741350973,0.007926817355447868,-0.0025723167121661783,0.003374472376604931,0.002063235674114372,0.007327182101607654,0.013383678126529741,0.014682319308884528,-0.0014689050746904408,0.006421735172858822,0.005237429300573693,0.008462521954772928,0.002018544078896456,0.000658530400532209,0.011286122333037607,0.00654339453006858,-0.031998794847277856
2023-11-23,,,,,,,,,,,,,,-0.0006862197732865338,,,,,,,,,,,,
2023-11-24,,,,,,,,,,,,,,0.005494431062472049,,,,,,,,,,,,
2023-11-27,-0.0009475630084723186,-0.00025825863523365467,-0.0021580007880768193,0.00012126831579650776,0.004429107543990396,-0.009523136572137214,0.029657438909338696,-0.005769428672951604,-0.015566178982655776,-0.01711196457301456,0.0025134205454366843,0.005847834008656294,-0.008557693462748928,-0.003415264739969781,-0.0019548034866483377,-0.010436740644389708,0.01167268232624652,-0.00052968647014906,-0.0008132759988602745,-0.0010532135063975323,-0.006199465367747958,-0.0012079912777490653,0.011118270528305496,7.233501931080966e-05,-0.016049575931258664,0.015806668088581777
2023-11-28,0.0032141185095011515,0.00653993841980971,0.023933180009945376,0.00044463916573422857,-0.0015750081214064293,0.026888264528730943,0.017849895189963272,0.0029015625667940803,-0.0007492534256499095,0.003131700306908458,0.0005141616793440384,-0.014211686304119842,9.776320660903615e-05,-0.006854101354933695,-0.0006993885657141652,0.012817342462860593,0.014834404494637132,-0.006891918845732814,-0.0003547444765027441,-0.005710865457184244,0.0032083381182437254,-0.002822588601178788,0.003234279554625852,0.007739581567397513,0.007687642923130511,0.03020588307182348
2023-11-29,-0.005409781112482026,-0.009513560620711403,-0.0033794618442245516,0.007878875884716363,-0.004626667091012671,0.0018346401861069062,0.025641030838993162,0.021215013662031268,0.00205202902881485,-0.01730251229473334,0.0048826592018522685,0.008518918843628764,0.00198036325286588,0.022946987734530966,-0.013859652346055573,-0.020029883322935538,-0.0004057818170903893,0.0018212616852320007,-0.003778700419489245,0.0024742191132134383,-0.01006769343138958,0.007885296609081882,0.0209541620367093,0.004904819486214462,0.010282872231041962,0.006219431016398547
2023-11-30,0.003062751820375409,-0.01033383231253826,0.0022607157408371936,0.005091143996959868,0.02081134609564783,0.01664011539266297,-0.018005174152796233,-0.0311614832913506,0.019296637313447773,0.01184577215005067,0.013746040927374414,0.006497748274154835,0.009784760952727956,0.004891229618028348,0.008801740017217119,-0.01520178372434855,0.006093123175288984,0.012004584363305648,-0.006747886563942651,0.004142809665813596,0.01443681635675187,0.010409400848207184,0.0,0.014237709410990007,-0.00446514078178506,-0.0017659326354186877
2023-12-01,0.006791327060370778,0.0023894222912321794,0.03495910719036921,0.024090633277865425,-0.01303932168028954,0.03328379963880357,0.08217917896802995,0.03118906122716769,0.021597272844244397,0.01628369413771602,0.01255040644854355,0.014202707465945874,0.0012807673408370412,0.009399059981645808,-0.0033773683997899706,-0.007122119410363115,0.00787323472763135,0.007588342282747629,-0.01736392721064639,-0.00017552920492713842,0.0023768843796803107,0.011964400135819009,0.03252289486904614,0.10807767694163695,0.021766118186296035,0.03626712395791776
2023-12-04,-0.009464508697572982,-0.01291487505167066,0.01729788095115614,-0.007828321190455845,-0.0028312497032492168,0.053130108159478606,0.011579679883479743,0.011342120532457534,0.004462630125076528,-0.0018850283469289408,0.0034257791183549546,-0.0012731569113693109,-0.01479384451458865,0.006318579248310696,0.005648177209706784,-0.014777347908203398,0.03595399454044901,-0.005102642872507279,-0.025421949784156794,0.007462677681030039,0.0026676419778612903,0.003612506195892262,0.009786031386782579,0.031205667064425846,0.006520151737906987,-0.030302990833329768
2023-12-05,0.021063199455371828,-0.003870628002048626,-0.009238240819510413,0.001727172184239345,-0.01692942367330208,-0.048794488961433125,-0.01602595777678395,-0.009345696404104542,0.0018069701763039347,-0.01411206481808669,0.0017999081839776832,-0.031230121252260767,0.0011265803703575106,0.015366853222446464,-0.007582351747506433,-0.005405888552023952,-0.016917975380367878,0.002780757775858511,0.002753910590016506,-0.011067514616677654,-0.007094720467466509,0.007853178995646859,-0.018170902742640327,-0.010970491064912768,-0.011287744976247516,0.008215926181134536
2023-12-06,-0.005687207572624864,-0.010826539824777548,0.014729570442002515,0.0030564810472102355,0.0004277576091789026,0.009003568864495826,-0.025961335433612343,0.0084905396784003,0.004247136378495275,0.00675803624824578,-0.006877596457598001,-0.0013156731496791751,0.004135315469835366,0.01497150406245007,0.008630509607506776,-0.002639121853003523,0.010817116969709772,-0.006439512438156769,-0.01849937526631218,0.0012336925652469688,-0.002560409287681975,0.009740343023092457,0.002776004382389674,0.027190386715934878,0.007329868071978218,0.0323050230103068
2023-12-07,0.01013944606878825,0.021957389326522136,-0.0070579035394586764,0.005625824855172823,0.00662896298801674,0.018596077765101304,-0.007166201763431745,0.012161000526932364,0.0015716701697652269,-0.0007401130857315197,-0.0003743919206797841,0.009222585475745726,0.006749879102587952,-0.0004809915939933962,0.004488476275517295,0.02879188451505721,0.004767116045665265,0.0027598245195137316,0.0117968442523666,-0.00871331534065134,-0.0002984816693194503,0.005530582616958268,0.03047273857554722,-0.00942347691671197,0.007791914767661279,0.01395542472087219
2023-12-08,0.007412319327943395,0.0020204021314078613,-0.007645016445453012,0.008119350105706191,-0.012851736063592134,-0.015533020782625528,0.014055978133384661,0.017560156348338518,0.021924511173998296,-0.01756039878921767,0.010860201467936204,-0.018929430508887957,-0.002396264684589089,0.008501709630436283,-0.007261468652279834,0.01886164491851572,0.0008710986386593067,0.0035875209549871556,0.003893776211801425,0.003729084624835677,-0.010629356829584768,0.00025587326148679423,0.011768268751405131,-0.01569868805877117,-0.0012779880854751902,0.01570967953042901
2023-12-11,-0.012927270129561297,0.0249012347309554,0.01464345963926661,0.005472069533433155,0.0045189222255455075,0.008001626900630443,0.057567438872907495,0.005449573511416617,-0.003049203538157963,0.002907267460014129,0.009569910014763483,0.02129077082873132,0.008613220287760015,0.002862997972005177,0.009284191468392544,-0.022449373092068625,-0.0020312929982412298,0.005823825723060505,0.013509321443565758,-0.004422900256464746,0.012916538598626737,0.01566489419740602,0.00864891918955668,0.0009955429373700309,-0.003327043467729829,-0.006569884253747826
2023-12-12,0.007920091652845906,0.013531607121431977,-0.012543789960258955,0.001954603576302505,0.01178236723827597,0.013278532141994814,0.013342746733296718,0.008129953591911931,0.006006419019737086,-0.008535595289785092,0.007339221083672021,-0.01889249968627893,0.012123811005984031,-0.005233845127357251,0.00724752659964234,0.02748401962143321,-0.00581629673950379,0.007812307235312899,0.006762504831723248,0.002932050845712686,0.003873093519484838,0.01000954132791576,-0.007687925253309857,0.021527398921590946,-0.002631939501708924,-0.017911311917349404
2023-12-13,0.016691644825637564,-0.014834396643769399,-0.011473927307135146,0.02501617295989922,0.0053990483733028505,0.047148586474979215,-0.021556728975759554,0.007168503459549225,0.003003452281737262,0.022199506034265903,-0.0066177584815937385,0.03253648936065545,0.009340525675993527,-0.015624965455358408,0.011622761495676981,0.00155579832119912,0.01589330000968503,-0.006140563547864186,0.03667390690177608,0.0017717645284840433,0.021012591411383008,-0.005547219816156357,0.02890372958468257,0.00018253724542827143,0.012100324588626421,-0.0008417166052362424
2023-12-14,0.0007576218205063157,-0.06346713628518763,0.07088576108582445,0.06418640444311707,-0.0380118089395074,0.021184427430336328,-0.008455389712410777,0.07473305950009146,0.02056024991852201,-0.013666007969724614,-0.004339332813269481,0.025080400094052546,-0.014410934493080618,0.02850660359626156,-0.03296377330430467,-0.0046901906057811305,0.027353755640834088,-0.031108277309627508,-0.02114670124621809,-0.005217513718995925,-0.021859264116973143,-0.0167973767530486,0.0573410556347016,0.0030621548113580754,0.03249591801783791,0.012917693810399422
2023-12-15,-0.0027258099555702575,6.838058692881788e-05,-0.002322550872412399,0.001998602939856209,0.0015322717143604336,-0.016568538091906948,-0.030987289993498646,-0.004966964757609826,0.0065483056234858505,-0.024166225034374822,-0.004174070774020655,-0.03387705273096664,2.3973307941460575e-05,0.013700835498710484,0.0,0.005252712533653892,-0.0005605737892486751,-0.016844970044241125,0.004746388366907217,-0.0008889535930355352,-0.007429222781522582,-0.004589838634944332,-0.011777414863468172,-0.008086852719231374,0.003572487353275422,-0.007901298858425165
2023-12-18,-0.008503302930362167,0.024714394862223488,0.0,-0.00010486919393315475,0.01562850918033787,-0.005290880364581918,0.04685174473226139,-0.007487404636437822,0.002239767561242223,0.0030267959586944837,0.003143675002466262,0.010389686052651781,0.01400000221969755,-0.012894288450844726,0.00509184817034547,0.028961980427041123,-0.010375799615687686,0.01436400422742401,0.029784311142752484,0.006050368425284169,0.011436997179510522,0.0007044966456468682,-0.006374750515612204,-0.004382108462766987,-0.00840802342547231,-0.002934177523656545
2023-12-19,0.005360182641509725,0.009196684727386994,0.0015520819130969699,0.025375474961790045,-0.002259873432199022,0.042972978183537514,0.030428601973507385,0.007543888784298014,-0.006810449767184812,0.0015909323356364524,-0.007250866198528327,0.005783943306834738,0.0024503505035182727,-0.005193558347142857,-0.00014070444563718532,0.016656046009756675,0.003589445029213323,-0.006318301200033849,0.018308224277709284,-0.007782768875491675,-0.005683622320743598,-0.002495855324927909,0.029288894025606638,0.001944770856713074,0.0003091440647340349,0.01485422575010431
2023-12-20,-0.010713983482471656,-0.01419028989477733,-0.023631332432754837,-0.011093894630173518,-0.014020838197970509,-0.03630382466461135,-0.039526628629857896,-0.018302710593172122,-0.12053578165405698,-0.016597952035099173,-0.009346260143269447,-0.015335542949079572,-0.014148992830257834,-0.0011074497021913432,-0.024208264496011545,-0.0030824660852355468,-0.024282441459649196,-0.011438628023515585,-0.01161570796535194,-0.009359236246670677,-0.013456205475392835,-0.008532808462009212,-0.00894306552776536,-0.024232240624899815,-0.028832787845603502,-0.03534931819000664
2023-12-21,-0.0007700309834108854,0.0068449771945024995,0.002777487462902295,0.0012428222134694966,0.0040474038209514784,0.012882043271877253,0.01973922237308412,0.04576275698411125,0.004507552255875513,0.008244064563124098,0.004560963385194627,0.04153158172622873,0.009512417886600177,-0.006810263627456514,0.01629871219978729,0.013771111908138067,0.018230967152886635,0.0037491762133017303,0.004782659238686815,0.019255005340392373,0.007725203077396436,0.00252353164373309,0.02679773341817926,-0.00020940616450337846,0.0012740180931678502,0.029201272512228815
2023-12-22,-0.0055475126952481135,-0.0023161505890451073,0.004220280753062466,0.0009996925950719326,0.0011982696475840715,-0.007080849338502615,-0.0034021694368273625,0.0008102186463021521,0.0027086876126085624,0.008397722538738384,0.008458635090433209,0.02367608188171455,0.001558591179851243,0.00223248308252999,0.01064455919271734,-0.001976898629200252,0.007294436081691558,-0.0022541221107396092,-0.009865556381608132,0.0014125414102037492,0.004252325563214754,0.005034766877626495,-0.013315442377896503,-0.01279664869734165,0.006935718941333269,0.008344902105532404
2023-12-26,-0.002840880558990566,-0.0008183552974947439,0.022852686583338944,0.018149803042566415,0.0041350748340847066,0.004015743265835869,-0.027781055857947212,0.008097262348102596,0.01596578784636904,0.004821436394484735,0.006599424241505947,0.03043205328165577,-0.001013881056942556,,0.0070212082946943255,0.004074773636741913,0.01674040195538984,0.000484211059150752,0.009101010875994131,0.003966828001425338,0.007037262034446323,0.007192734850708149,0.015114712330454472,0.012771596483227121,-0.0013901520391086386,0.023586194268588434
2023-12-27,0.0005181406376935094,-0.0036438883431892943,0.0008988801883789144,0.008422577434433753,0.007585659735500849,0.004896112701728628,-0.0024215638347283575,-0.004819261909160155,-0.004166822807136761,0.0028352744564512644,0.0015317936533505438,0.0017719662826027882,0.0016285782999014842,,0.0069727121621045995,0.00845487761664332,0.005827410826340973,0.001354771963013368,0.0012215512108300075,0.007112033355612057,0.003197849326216806,0.007077693015443032,-0.005583635584673341,0.0123172416579449,-0.007530565248541454,-0.006468073486871839
2023-12-28,0.0022263236203381442,-0.0009394670892135526,0.006542572163453331,-0.004159150624402752,0.01086251083925971,0.012558273959864863,-0.005704590656450237,-0.004035469538941627,0.010520470807460214,0.0010332173565488212,0.0017742232998241292,-0.014740648032262604,0.004618783593334452,-0.006542110338533358,0.006616947741742596,0.0013693395160905286,0.008736279725872098,0.002094025941765665,-0.0026027809537402247,0.00026168809439641727,-5.910833035349672e-05,0.006394767413708369,-0.008556013614608227,0.007407992591818013,0.002997009732696343,-0.008680414890863908
2023-12-29,-0.005424384379883906,0.0018134672542788888,-0.0022941335820001463,-0.004075800238195981,0.006064478388029482,-0.008810428169715667,-0.01062005782023201,-0.012155734351561476,-0.0024055597065183454,0.012655421374943021,-0.0012215943441807875,-0.010173383610014075,0.0004456036305582334,0.004657902590623264,0.002352626283131487,-0.01216806135824644,-0.0033731811442230253,0.006493734765792514,-0.007400439789476576,0.00784445150273183,0.0026567155909680285,0.008682097950829304,-0.007281817803945767,0.006470285761603911,-0.0005088767738422595,-0.016144380009628367
2024-01-02,-0.035786550611998535,-0.027706954304656528,-0.013029982819159125,-0.010011241198270016,0.00010558382994441118,-0.0054700535715335175,0.0003701268126754531,-0.0024611181162755846,-0.0028856859033705717,0.02998268330803433,-0.01253419528886901,-0.016928703594497496,-0.010832044279691533,0.012470022624261334,0.019467041020572173,-0.021669065380841124,0.006220402002881542,-0.00463133671594218,-0.03775060100207883,-0.0011242502524174691,0.018075799650393742,0.00985456261360751,0.03694641551688549,-0.006898110063831675,0.007059972438061335,-0.03838133772317909
2024-01-03,-0.007487574118255513,-0.014274189653537883,-0.023686390501240107,-0.028731450465101727,-0.00655581424095697,-0.04668293183288319,-0.02405037658607745,-0.03700637629622738,-0.018236622089441545,-0.0009893245142054141,-0.008668666517715584,-0.04120541097189523,-0.007395235328468086,-0.01784304148562832,-0.007584214418565494,-0.005255675610957966,-0.020090869195370842,0.0011551508328024873,0.0037567237603779446,0.009350601122653401,0.00023144270507780007,0.0010501852096915787,-0.03458215281554933,-0.026283838006536886,-0.00505254909294095,-0.02863345355375868
2024-01-04,-0.012700069414572468,-0.008289739968384557,-0.001723279765466823,0.006331359374410983,0.006066976644085509,0.0004329145009935864,-0.03589026205568269,-0.002561904713546337,-0.009489624937841667,-0.00698495967385393,0.004746739631324548,0.000641511153032237,0.002387845476046646,0.001929224756990422,0.0,0.007693061146353708,0.003525328544807582,-0.0008012235557922631,0.009377749930562285,-0.003602589193294037,-0.008557577158776253,0.0013572474841641036,0.0013570990064126764,-0.010341466845513514,-0.003491043551845152,-0.004019601763086467
2024-01-05,-0.0040131592397461,-0.004320628268712268,0.007038459572508593,0.009891701928015584,-0.00687658297228344,-0.01023658009177264,-0.008520140491263373,0.01455481195436148,0.0061966938916475645,-0.01501320365971448,-0.010568266089738487,0.03141029134638962,-0.0008336960156929418,0.0036906631638793375,-0.0025926043790311937,0.01391439892545221,0.003882756077039806,-0.008307897313042267,-0.0012851207194554126,-0.003099181770768955,-0.014754701959722838,0.006592839353598334,0.011653042646093681,0.004691592652170229,0.011019959509992905,0.0008968244727249886
2024-01-08,0.02417487024643994,0.02825011140051581,-0.0038244445532462645,0.011490626321348785,0.005326370416065762,0.012600249286675469,0.028027535215344734,0.010126455009874746,0.007212113674055054,0.020305002044757492,0.012440432738174412,0.01180854671759346,0.0076893251255778505,0.016147038435559313,0.008482672865821828,0.019065186191016714,0.0024863080434405216,0.011967866859085463,0.02314053417351203,0.008203703539680918,0.0010063062116743016,0.00024479733131244075,0.020358972687121835,0.025131593777813377,0.007560344507859806,0.02135603830238675
2024-01-09,-0.002263249469053208,0.009732192804863704,-0.005030420942242597,0.0001368190574995154,0.017060377839769103,0.0017262475754884488,-0.012217136722454947,-0.010860575919154902,-0.005390441295864079,0.008566088163384666,-0.006577870647379025,-0.0018427769427038498,0.0014692675337526495,0.0037759652622930684,0.00040697627468810893,-0.0034292765837754535,0.0022046295267332816,-0.0027169313276282914,-0.00606145451313711,-0.009079141194226259,-0.011471828839829112,-0.0012850890221487443,-0.01653960681372646,0.004348198899848166,0.0001249775861404956,-0.0011697884452210872
2024-01-10,0.005671500244508687,0.00823953768212804,0.008115991091273589,0.003626560808075885,0.005209442062546588,-0.025848863043544612,-0.027209951885446837,-0.0008445288920696514,0.014398363461303632,-0.017867373867887837,0.007183612351604696,0.006769134487395467,0.013416929422703117,-0.013166200915194715,-0.008950277978105436,0.03648260990746888,-0.0073325699022153135,0.009711207267318445,-0.007799362225721418,-0.006223618257978902,-0.0014956413204618713,0.0005513919572874837,0.0008007645789542828,-0.008555630060965935,0.008003185979223115,-0.001903048720012901
2024-01-11,-0.003222639617258216,0.010930004597541565,-0.014781462473127505,-0.004397673940487401,0.01098668112925183,0.020785537605408688,-0.022483943759763925,-0.010143576515661556,0.00015947016341311127,0.004060266853230798,0.005768169698882053,-0.006723621389964407,-0.003619257151224131,-0.01175345517528037,-0.00410495821736967,-0.0021593124073165937,0.005724756491529481,-0.0024123112369431876,0.02905942308296572,-0.009132780991900957,-0.004732799083611683,-0.00685894205988502,0.004801063557150265,0.003992395449326613,-0.0122193351807095,0.004693453995187502
2024-01-12,0.001778045035160103,-0.001590005226127067,-0.010582773465977469,-0.005649379990313563,0.0011277927034318846,-0.026572528824147734,-0.036966108211846094,-0.0213493336853825,-0.009088988028054579,0.0012080563124809984,0.022447088058574316,-0.021538441028263522,0.00557758900794969,-0.01382184659753738,0.004671521888550911,0.013038574081150722,-0.00734486452076033,0.00645912218290734,-0.00014220932375474948,0.005003512444306413,0.006862231717184031,0.0022814477327777194,-0.035306422766741896,-0.001553341799096719,-0.005902864587051249,0.02861312532076865
2024-01-15,,,,,,,,,,,,,,0.0009777396874646183,,,,,,,,,,,,
2024-01-16,,,,,,,,,,,,,,-0.0022793717749641784,,,,,,,,,,,,
2024-01-17,-0.005173332826877042,-0.002643583705671859,-0.010019649554892873,-0.02994110359962554,0.0055009129612628715,-0.02681870616964732,0.00677864839869291,-0.016579485220596157,-0.007141545686317086,5.2228243264451635e-05,-0.005270631241621193,0.011811051076664025,-0.0021709466356715224,-0.03198434260744465,0.0061770450716776,0.0024765691431771764,-0.014492689876059561,0.0043718568741479835,-0.0018909401178779373,-0.00692983915215617,0.0016248584550511147,0.007297100266916878,-0.017274406644384177,-0.006827587515649491,-0.004957337847169674,-0.01664256948297327
2024-01-18,0.03257046432549493,-0.0040261088361012165,-0.002811242360009625,0.011735698843514886,-0.008814512364299865,0.010928137691256667,0.013173324500864947,-0.024844677834857887,0.003205951163205656,-0.0003654068148628564,0.004575923918425762,0.005836589284182958,0.0077205390574126564,0.008766068209799416,-0.005320506894833654,0.02106571217376718,0.003393790144646136,0.012428046247110913,0.010367815337936959,-0.0038866096533746175,0.0043860863912690284,0.0037741950750107556,-0.00027902387217892954,0.00579573182539983,0.012745754949992527,-0.009271483174573825
2024-01-19,0.015533115161369793,0.030065648002232104,0.0008458343423867198,0.016678761582302082,-0.009199464719260031,-0.014334948992668961,0.02080327096231782,0.01910832316777511,0.010079198527219724,-0.005274986648839297,0.027811191920043443,0.005802721183902015,0.0140694029091597,-0.01219918544248122,-0.0008229952868170631,0.01946134862368809,0.012401323911748863,0.01654343840150707,-0.004862872589531109,-0.00461112634080274,-0.008315081771510635,0.0016374134062060453,0.022606794686251375,-0.006161919402273952,0.002299893191095581,0.025549632033574854
2024-01-22,0.012163147679679076,-0.013016042999570376,0.03507033087811107,0.011882968028900098,0.00711850852769258,-0.005006743631227661,0.0022643082992173102,0.0,0.016874254093086627,-0.011551050057372114,0.007872764791078568,0.015384562980415462,0.0068000087784068075,0.0030451945866802888,0.0037062494284711978,-0.0043551588049590695,0.0024126535054940224,-0.003953834079540863,0.005714897753945403,-0.0024053139828849046,-0.004041353608274512,-0.0047227214141606355,0.02210691643517193,0.009162635176072298,0.010899593651016115,0.007966329882240553
2024-01-23,0.006653242125405079,-0.010619847735195309,-0.0057151060810730625,0.0005541241650126594,0.019360746037881738,0.023562219615099744,-0.008472161489785246,0.015178490400705735,0.0006381220836400026,0.020025414115496076,0.006422256292054174,-0.00568176686485844,-0.0022513603228435652,0.015685564501528138,0.017642299142613282,0.008957960833523071,-0.11034998610832569,0.013785292419401518,0.013341348457140967,-0.015717050399477905,0.015323049050489201,-0.003893460823732653,0.005607383924929321,0.0062906270463303215,0.009205407027855994,0.0005748084154670874
2024-01-24,-0.003483909815715336,0.015573173761730175,0.0035583418784115306,0.006405391417771078,-0.024218807152528,-0.015528593357654219,-0.027057839544991746,-0.02990339293942601,-0.004464835449075832,-0.014164381918503,-5.743534013480378e-05,-0.0019047878573180688,-0.00013679026746760137,0.00846894954059163,-0.006182108550926935,0.01427840144056769,-0.02976045163565899,-0.003399389424254551,0.10703178756681098,-0.0029033603673774833,-0.012168727625688658,-0.010626600711405865,-0.0031863674709246004,-0.0023546674248473565,-0.021741835387493524,-0.008473306924648205
2024-01-25,-0.0016966726887902572,0.026546690970161935,0.025637470465355694,0.034711611690099176,0.00998967570776288,0.019816133721939133,0.018149851717043752,0.028105424813739566,0.013614802741290122,0.0002641166618677637,0.09486567530220702,0.0019084229982717638,-0.004331156677296777,-0.016137042865144502,0.00743753110089429,0.006347590404079506,0.029386530831390312,0.0007308777136250111,0.031438715043434984,0.012374902738981453,0.005796925900142913,0.0034566334853651792,0.019179423818547203,0.030181532967010094,0.019989824540866286,-0.023464697640490417
2024-01-26,-0.009012774368863385,-0.01389383561408819,-0.005185527532320711,-0.004455188942001143,0.01070683156712482,0.016633071907840913,-0.00043126481238886516,0.0044091241406669646,-0.006241939128700635,0.004488797685492818,-0.01580610596837695,0.012698326189892306,0.0039608625551244,0.025271954178422762,0.008590604555723802,0.002441681226558856,0.00010409431952074222,-0.007577948120574329,0.01498218936876472,0.02462699860135431,0.00780498547688202,-0.0024604632626678002,0.018557539180131366,0.0007501624351644587,-0.0025671749444254877,0.004746361665901366
2024-01-29,-0.00358592962502835,0.026550238606076526,-0.01978074481299319,0.012757614776186976,0.004842642665745522,0.03600875933485237,0.01855315602150487,0.014047596018319508,-0.013993173453404673,0.013563814351048586,-0.001494187502778077,0.039498589738792944,0.004674673152934128,0.010120870351452593,0.007719081137110617,0.017455612020584654,0.004062779051195564,0.0019934339126741474,0.009414094009730922,0.013421051711911547,0.0017276038033859908,0.0057349087515652375,0.01744928371748422,0.029173998669589585,-0.008035117529567315,0.017567205180600176
2024-01-30,-0.019245725629130073,-0.003601793894992711,-0.0002727376907813994,0.004979333359479199,0.00903605780292338,-0.009814486269624556,-0.015532314019502724,0.019913127509696427,-0.01717538077979086,0.023808495661981288,0.0039009036314894274,0.014475221152978612,0.010463442904200537,0.006140907366353421,0.008187717261110894,-0.002393792751435142,-0.006536541371594984,0.002356266049803546,-0.022473449530140743,-0.003289238606196343,0.008742118891283956,-0.008522743236846209,-0.0047920324358259325,0.0014764070442687682,-0.08201488229079668,-0.02538807474615079
2024-01-31,-0.019357583388132316,-0.01621121141406756,-0.011320134136679205,-0.014601656165505017,-0.006467643595150063,-0.016321298920999205,-0.04532420549027505,-0.005093363247310911,-0.010173475651251818,-0.01945506188121393,-0.02240907138129211,-0.032104648967170246,0.009074875431957174,0.0094763165813192,-0.014016196517489199,-0.024796238114370484,-0.014621432739148954,-0.024486788440474472,0.002238597335438852,-0.01085534180811254,-0.006425977833897867,-0.0029067350044827966,-0.016979079111626882,-0.013150140680555089,-0.02178417501843455,-0.03825542844819274
2024-02-01,0.013340640705578277,0.016397331359489842,0.03793628739228638,0.024574545603127218,0.019329022633418402,0.02053177896826419,0.09104575436099682,0.03242326944708407,0.0027353049081930703,0.025266213945196236,0.017641272972313438,0.027641151987293444,0.02602227156836734,0.0036596169038498605,0.016872531051900452,0.011893113891865648,0.016534210351409007,0.017683800138978745,0.006027196057832862,0.00992096450100477,0.01880965611956742,0.007877120217520517,0.03170895525006667,0.002927997722229403,0.003594185387430171,0.003714562165335833
2024-02-02,-0.005405157209217526,0.010909265522236034,0.00598078407858571,0.024050259352509373,-0.023678500098016753,-0.004306055736636005,0.042412477074784016,0.003305898529238682,0.0016945082611907747,-0.0038804062121986505,-0.005939047616033366,-0.030484151574971863,-0.0007377434429253205,0.019974492841508873,0.004311855092692385,0.20317634958122932,-0.010843585058431637,0.007596526945060633,-0.005057157610566798,-0.006780833566931599,-0.004251526791788085,-0.00443081823843694,-0.00024988048650465,0.0035946885885091984,-0.003932235794050998,-0.008943744713982404
2024-02-05,0.009846606562522231,-0.00671121321457846,-0.019553603401554098,0.02002586237025139,0.0081512912052224,0.12048943844480653,-0.011624799060687474,-0.045304940493803514,-0.01671070773045147,-0.00642519810354647,-0.01275643745196009,0.011714031296806038,-0.008293908622932555,-0.01802913609702106,-0.0200340794362297,-0.0328006723441735,-0.022557195817371367,-0.007081497974855244,-0.004569272757134146,0.005339104589677124,-0.0002924411500843105,0.0014216873541905706,0.008997745810829239,-0.005837733298716952,-0.01952769774424934,-0.009024397800711514
2024-02-06,0.008631877579318381,-0.03704993711588023,0.008489543924970366,0.004107057199635777,-0.00019963525759536527,-0.027082803792204957,0.0004009459959801731,0.04141517772143577,0.012630593309805205,-0.008197894174573284,-5.4287649291051565e-05,0.03253507604987149,0.008188208705967925,0.01234560239661775,-0.001062075222679093,-0.010208659444961521,0.01110770377608783,0.0002460702475810539,-0.010995267701393474,-0.0044401388254624585,0.0029251702981965,-0.0062341182086109725,0.015605689173179504,-0.0007564092502072572,0.04917999132451012,-0.0014130971036031559
2024-02-07,0.0005809844372473005,0.014345885178632889,0.008551770811632053,0.0026959007917868316,0.005890573011081868,-0.029273004675151593,-0.02124243647700752,0.060480461165386856,0.0033565450871637648,-0.002669792673160476,0.0017991151170284603,0.01843059029646743,0.0030618391595389483,0.0003127893619321309,-0.008371922171095503,0.03270136111768163,0.0008532965742513721,0.007836782446467572,0.006152389836962646,-0.013554842159283376,0.00029176989139068077,0.004844651308864467,-0.015853611621177932,0.023984019974788273,0.009046311481448965,0.004402556614967024
2024-02-08,-0.005754573583677702,1.6253578017044745e-05,0.00013222047018812688,-0.004913412206435486,-0.008039641235086936,-0.008173068509145565,0.016789457980793232,0.002343742673339033,-0.0015693089415443895,0.041439332471707724,0.012522003649359625,0.04086405647435365,-0.007901912683131784,0.016567719918048507,0.001876316117578325,0.0008731498210079458,-0.006820346705247782,0.001280984070160418,-0.0013767148915877492,-0.008333364018404676,0.013880033044118667,-0.005254168124394276,0.06542743619243252,0.009882533084953016,0.004618285235073349,0.0003130941989550884
2024-02-09,0.004093708710967592,0.01842957310274773,0.0014572785247408682,-0.015031307366017765,-0.011106835425832018,0.018256666291517787,0.048328615617695636,-0.011691311939994398,0.003598711224825024,-0.033908487185701164,0.010739816962337834,-0.0033650168870982267,-0.000829271264886966,-0.0018451313029488325,-0.02126820913171823,-0.004021387807101928,-0.003218882006638224,0.00773573304056363,0.004995243324655396,-0.023154000992851254,-0.035547925175088424,0.00782965264808344,-0.02302855223491851,0.006761461316535655,-0.01122240405873387,0.0281689417743487
2024-02-12,-0.00900179066299256,-0.024505340442180557,0.004232787426642348,0.014093770646625092,-0.002529528265251102,0.017929336380392513,0.009732387909739293,0.023659231333772457,0.0075014524441070485,-0.008851407222226437,-0.0009658455246608355,0.010691998315292883,0.001812674825841798,0.011244671760407554,0.004510000095836464,0.0016876930735068019,0.0186223215948933,-0.03263938638293529,-0.006181859229298259,0.012171714237196873,0.017534487510863395,-0.0026512774239255688,0.03428550295561883,0.00464954681720986,0.008136273467574728,-0.018569157503457667
2024-02-13,-0.011274404282606842,-0.016262440785655974,-0.03977869035504189,-0.027329367536618077,-0.0071009593998714315,-0.025700622245463545,-0.056563083966786,-0.023112409490945285,-0.03293240954661092,0.005781736639161261,-0.013214603658979307,-0.01948773005234039,0.0038150852526219747,-0.0031987951513260393,-0.020680191056552055,-0.018724617550430978,-0.020818021434854006,-0.0027180329273788217,-0.005969349897218201,-0.017721525002276306,-0.010140047162424448,-0.0017310275628116267,-0.017265109678073376,0.011427265508510587,-0.0172942043766523,-0.012717175354075239
2024-02-14,-0.004809704864509157,0.004602100763727801,0.023319588833080163,0.012370565213569495,-0.006106659320341823,0.003446818648213945,0.02419684186754134,-0.009463781009001027,0.0018613808829981426,-0.018425330083201907,-0.0007076044924331226,0.004543010034184558,0.010272312408197815,0.001375280232893017,-0.007918962100087135,0.028601087072193998,-0.0025901751452261923,0.0005324426403165994,0.04474138007536799,0.0074557988562682365,-0.008053113960416969,-0.0003713470386321749,0.0365426543995393,-0.008417072880040899,-0.004692624290533964,0.007540049377738667
2024-02-15,-0.0015747447630488631,-0.023517301185282835,0.0006702707416661458,0.02008138454460595,0.004020562056037624,0.018717141308183027,0.020606374124106708,0.023712351280860355,-0.0013089663349186154,0.006954117158928685,0.017976815685793124,0.010175172240259434,0.013091419387919467,0.020143512181169276,0.0028008284304468223,0.022713880965704814,0.0161700223526533,0.014120709967020861,0.02439027923481918,0.014344459087126893,0.0020295739610898256,0.0009291529672399435,0.02734468120293365,0.006247702879961237,0.019137383051651025,-0.0015590657167551258
2024-02-16,-0.00843049419071773,-0.07414814225975419,-0.012056563894119354,-0.00359041267200344,0.004004542355436236,0.007225288806658847,-0.015303528918652054,-0.017571913417538387,0.004523879496837191,-0.0002614260930067225,0.004120452660758334,-0.0005595996949165905,-0.00668393989755478,0.007928074615355163,0.005166872668249001,-0.022126684949041464,-0.012232183386758466,-0.010527882524029475,-0.016024672309242316,-0.007115697658438003,-0.00917428393179831,-0.007179581365654886,0.00989876152541691,0.004170797071584298,0.02105257667175242,-0.029981292257868275
2024-02-19,,,,,,,,,,,,,,0.003710349871409724,,,,,,,,,,,,
2024-02-20,,,,,,,,,,,,,,-0.012568414420075613,,,,,,,,,,,,
2024-02-21,0.0041861376749079415,-0.006255566018854464,0.011600973914660528,0.01083713193875191,0.005711435558399147,0.016332355114744512,0.016607281682123,-0.00897974034034521,0.007806504837172046,-0.00557930808545648,-0.020388238343440612,-0.0033333491130342896,0.016159258520278108,0.019317234969244534,0.00833449661193475,-0.006832860660092588,-0.0011979580988975558,0.005510222181729585,-0.0030949768278020207,-0.003546431619719459,0.0010674078595311887,0.012341909927478856,0.004491904279348979,-0.004618596503690897,-0.0024891559664698137,0.0004892168859453871
2024-02-22,0.011243916244514818,-0.0017641167878181818,0.014705885731945312,0.015607994915724621,0.010445284276326516,0.008068902600312011,-0.08440288783424599,-0.001647498490985333,0.011391517084855751,0.005454883681142331,0.025097337630394012,0.004459443076820113,0.027252041269351324,0.04701035805852061,0.004471499892054753,0.038672730377203424,0.005669998814388899,0.019148926142096068,0.026371344933135754,-0.0475131274463827,-0.0034355513602890575,-0.0030478128958999484,0.017887524963014823,0.009781212988676957,0.009846873690778413,0.01255094501898757
2024-02-23,-0.01003412389560443,0.0295217272187136,0.014226800481959678,0.005557666627918456,0.007627464189128075,0.008879000484840693,0.04757859642697593,0.0016502172213672672,-0.0028669660496969396,0.0014983545700109069,0.008197172698036104,0.008878839119537796,0.003944430182490688,0.005752821815892872,-0.0020235720793471135,-0.004319804447460163,0.0037948247181345263,-0.002326014010447408,-0.00834369004591351,0.0075666178790665395,0.00802385521962079,0.004830271919691986,0.015690381912971008,0.010513604683213718,-0.007346406260421823,0.020605322215115907
2024-02-26,-0.007451252617509563,0.012720399675282046,0.002228640124296577,0.004631178547655823,0.00019908826941472668,-0.03313580660533544,-0.02730473345229467,-0.015650740757937487,-0.009611400385828639,-0.026930874309916697,-0.008561359492930909,-0.003850291918906623,0.002302338673169757,-0.0044643589727512145,-0.009326843126691298,-0.0047310839636800495,-0.008209071218243325,-0.005207963798918747,0.0070087121082125226,-0.009734959074852001,-0.007901141666794897,-0.0026164957398414623,-0.019155512908773598,0.011895626757683075,-0.007602941969740651,-0.004416444593930313
2024-02-27,0.008114272228984198,-0.01425562109763967,0.034140081642764164,0.006914986147690705,-0.005277833264212717,0.024065608444230335,0.0016676312966759088,0.004184095446117864,0.0011611519306864437,-0.007634592077911173,0.004019054250600007,0.007730571989061241,0.0005058071706931511,0.011210846615213654,-0.002183052914167538,0.01102251481916161,0.005227622907675089,0.0003956947347780737,0.02385774596796919,-0.0019661002852409126,-0.0005940079728066205,0.004331585037373298,-0.0018899191254838632,0.00914934885192098,0.005220385487756163,0.08000632640235295
2024-02-28,-0.006625413703334582,-0.001212660721458536,0.00784197232367978,0.005890747902475679,0.0023025387801065555,-0.003178822687331162,-0.014983376853763941,0.025000152479919713,0.012303230753369476,-0.005129117736415445,0.0023258741008673756,-0.014794589624477328,0.008636059027724574,0.017184027395844348,0.0008205195218753403,-0.006221160132594994,-0.009100816209727691,0.007819033040702195,-0.008626007756071363,-0.015572205164775199,-0.006719944629802188,-0.004981152344649908,0.003997393355887446,-0.0040077663519182405,-0.0033720608198177793,0.021270421249582228
2024-02-29,-0.003692997966438516,0.015331125838802029,0.015060263174684563,0.013351249946297994,0.0,0.008142178411594925,0.009718344245158494,0.011382116420527444,0.018823938872973844,0.009183124099204631,-0.0014569435398350539,0.010567347076943845,-0.008541258707391308,0.0032697595609834096,-0.0016396936431066766,0.01262348868373886,0.007216456705416485,-0.002596184264661572,0.010796690918893237,-0.009243317290484776,-0.00256387301320371,0.0009193182922055954,-0.00398147782289171,-0.018956964187416214,0.0033157676594233187,0.015943702478610655
2024-03-01,-0.006030443057866486,0.01900828661030718,-0.036597418291539285,0.008204594237376295,0.0015981000679028412,0.0016824761097995466,-0.026224087303513,0.0008038398853513762,-0.009519159561009238,0.0006916946484114561,0.017132360291912452,0.003852522194460528,0.00393881562244891,0.0061108263868070445,-0.00957980768297273,0.024830066684494723,-0.002822690893783286,0.015648385991566816,0.02723409898497864,0.006251824726169808,-0.004536047629442264,0.00042897454651424916,-0.006522085008705214,0.0025885644532521734,-0.0013488683213442876,0.0025448932084368714
2024-03-04,-0.02538124495540084,-0.005237052305418044,-0.004876661681158745,0.005791494426468091,0.006581605569699001,-0.007054743600394486,-0.030081629387803677,0.023293159582254752,0.0006893349990910735,-0.021536820115521826,0.025823384313498066,0.005482370523223867,-0.01707819931193899,-0.004724047634797723,-0.0118832728428514,-0.008182201535623879,-0.004572049616691998,0.0006256024181643394,-0.005667289946196141,-0.009271669985491227,0.00473883834947153,-0.00018371235365866045,0.0012705058335937824,-0.006254777562038405,0.017222771831999273,-0.016922923644945964
2024-03-05,-0.028440966701882453,-0.040673267399087054,-0.02037668333205578,-0.015118884809204536,0.009609717208869828,-0.0031128574959152777,0.012405907231473945,-0.012558921929547329,0.007902142296025705,0.019347876557053167,-0.005749391539315973,-0.0021809248338143794,-0.0020705453294058707,0.00027123983644949945,-0.009369408158306447,-0.015998009715464945,0.013670111211081526,-0.011793779468746268,-0.028140910703142397,0.008393586804089193,-0.020136571396557335,0.01567257002032374,0.010575355994705715,0.005342781978826094,-0.006307672687960064,-0.04619138234102138
2024-03-06,-0.005878188816647256,-0.0032119519744172598,0.029620810842623913,0.00629651256576258,0.00520058995348438,-0.012964938036955309,0.0008752378690406459,-0.01589823131264867,-0.001286610136215005,0.02809766902554367,0.021932849020701806,-0.0005465614962614218,0.008727019235157396,-0.012337255661058144,0.011010765480709228,0.011974155649106866,-0.0018339566324885315,0.01723894733928044,-0.0013533411713625432,0.007653995325221263,0.005924652498679128,0.00916222469212924,-0.016534053176883834,-0.0021112258095189462,0.019310642159354074,-0.001052785337241846
2024-03-07,-0.000709535321800181,0.023844943805829244,0.016749816921365346,0.013675620539144617,0.016399872733485976,0.018980688453309247,-0.0030607649410364646,0.0024231190671701874,0.007407313383376524,-0.0016075635458195903,0.0019370887753773491,0.0027337473203286056,-0.008609095665652156,-0.006177027621738329,-0.008656892833750818,0.03245395340080126,0.0010808224235776542,-0.009865779267062225,0.018103041948010823,0.009020185435580474,0.0006747276517717893,-0.018098293538971966,0.006217663900770942,3.651200382215336e-05,0.005637226534816131,0.009183990171152567
2024-03-08,0.010236746886374437,-0.00782313459073547,-0.011821060055354105,-0.0030274866229055286,0.0,0.008976246960996415,0.057163683413596234,-0.018533279051087703,-0.00522128868453009,0.010596235641871177,-0.0030019187624479304,-0.006543106369285012,0.0036789475274956462,0.0020718508441746053,0.011972001553146816,-0.012183009076550566,0.013819816260508766,0.0036205236488617842,-0.006064046364891551,0.007904442526901034,-0.00036794961784514246,-0.0024330876949371083,0.003196388128828609,-0.014772462271843145,0.0035852604520107967,0.001939502986424868
2024-03-11,0.01183145277804476,0.015824068643834455,-0.02774233021399586,-0.012441418658445391,-0.0025931716133795746,0.02956518032625577,0.008435909707468436,-0.0057472625143163425,0.02026818069419445,0.022923649184532602,-0.02153606526017937,0.0021955115446137263,-0.0002130339620811661,-0.0020675671534224893,0.007654910858016617,-0.044194221116787946,0.0015975592153649742,0.007811371998368788,-0.006431664775884749,0.0014936723105807292,0.01030366614725775,0.004695410158592983,-0.007646568370243134,0.015438205375143399,0.005131077085815283,0.03752228269290803
2024-03-12,0.002778592605598096,0.033403576441139116,0.012303693894608614,0.0067767520996302455,0.006259115642905488,-0.011954321958656644,-0.020570488722787883,0.0,0.006014947853416164,-0.012812886677268764,0.03155471648118713,0.015334135083317157,0.007907662888555933,0.012707100878946553,-0.009116155069239462,0.03341678964226036,0.049654535534245925,0.007070364336119184,0.016890540156144107,0.0010254570482688408,-0.0011533170008143356,-0.006554984274514175,0.010916073863695308,0.012778929919832871,0.016995404647476953,0.0028702202549693023
2024-03-13,-0.012122447421752391,-0.009652289108121992,0.002327465947914664,0.012691273611178167,0.00880362445440075,0.03853235680852962,-0.02324273418193168,0.021469906995007726,0.003933580396292102,-0.002952101866596446,-0.005460615474518371,0.012944933885031817,0.00579438650987929,-0.011320248502358021,-0.0034847886588200705,-0.00836418639431502,0.05419352987684478,0.009576344501696976,-0.0026674414086786946,0.012758467872377777,0.004618794024967121,0.0025048910808436187,0.012068566478829146,0.020897430024128694,-0.016648040992946478,-0.02060668100471752
2024-03-14,0.010927160071326991,-0.0054048917303027855,-0.0007740937078495325,0.0011711187666623157,-0.009865262388348839,-0.032290566825512124,-0.03354363382494585,-0.023443716878820853,0.0012147094399794778,-0.004237077888130769,-0.016624274654543636,-0.0244942564882491,0.008136935237909038,0.0006897595735719797,-0.007413677984957734,-0.007546921350462976,-0.009128580531436392,-2.9091073058817862e-05,0.005841315853680307,-0.01085050918808328,-0.0031456563901614,-0.007495896837399707,-0.009414217246128453,-0.003067791982869994,-0.005621373246277206,-0.0172413831543331
2024-03-15,-0.0021966777587401065,-0.13671666067674393,0.0072297021426477315,0.014769643581794556,-0.00038321944889396775,-0.02021721807818455,-0.017205518603071623,-0.0016555908111635098,-0.008766170192266776,-0.007792417703804899,-0.012200904717902583,-0.00709588217347179,-0.007612613574139004,0.007719824093792793,-0.002959467872623467,-0.015716686959945658,0.018231248175031745,0.004376970182055517,-0.011631090060299276,0.0028818214441683754,-0.0007282420279242086,-0.006447266710095545,-0.010770918017849684,-0.05210105731015913,-0.0033790475944545095,-0.019328025728050813
2024-03-18,0.006372586876895792,0.04345529437478479,-0.011407438792167879,0.014208641509146469,-0.000766657598996634,-0.012888143200414981,-0.0028675284527701628,0.009950199185143394,-0.0004342473610529085,0.018135728539881768,0.003245089521400679,0.004947684592914614,0.006431054551541804,0.0035568587188532508,0.007914993771337642,0.026606014886608964,-0.0019046275905868493,-0.012086157170460687,0.020647643507771152,-0.013811631808098968,0.04008250129785873,-0.0040787901453472886,-0.0032023600587741674,-0.0068098875180265805,-0.010953936871503811,0.00409345476362355
2024-03-19,0.013585080214420842,0.014264619349235508,0.014261490354833262,0.005683587068730844,0.005754907478650484,-0.01102706477442128,0.011654255284138104,0.009852257837114964,0.013587211189994841,0.026237035367956407,0.008607488143478337,0.023522863608566702,0.010670531308636377,0.010768786046164491,0.013182093648161919,-0.0014890528403562753,0.004961608479681745,0.016969027063547637,0.0038002006449682213,-0.010621278841554949,0.0031531892529215177,-0.0025443145527526134,-0.003426938126780188,-0.006105235278234367,0.009954745308212498,0.004529599987282529
2024-03-20,0.01470925988491878,-0.003933283031842483,0.016819880774047835,0.007205335251768918,-0.017642560004521024,0.0038990197475299304,0.02498512701732669,0.04878042282014916,0.01313234286457532,-0.020720067042496293,0.0032069046396865364,0.0005344760936076831,0.008347133420419706,-0.004720096175256372,-0.0052592411687273355,0.018700727254288063,0.02649081926123631,0.0006650784787198827,0.011196308923733023,0.011020297360474274,0.00034924249503265337,0.002613076662781433,0.018697775598853772,-0.009677165932951981,0.01018234267261775,0.004960195958358948
2024-03-21,-0.04085764268936354,-0.015198240216140246,0.02354003110224112,0.02275202796338638,0.008445779872335857,-0.0034749450113606972,-0.005838585803624841,0.0015502670732401302,0.018692831538869692,0.006463755060828857,-0.010620867502088016,0.014423145700833251,0.0012293346893628154,-0.006233119606259496,0.004730444103554499,0.004431137316938338,-0.0022199627852264037,0.009074241205226707,-0.007933870073488003,-0.007141463228131251,0.0034330030093638886,-0.001427352670954174,0.014556903080085393,-0.0007825676816787253,0.003618630920706245,-0.004786115643179878
2024-03-22,0.005310463210637328,-0.022943786770323937,0.015166482295852157,-0.01769245507410977,0.006930924300567076,-0.020991417395685108,-0.004257831638945331,-0.0007740605585072613,0.07351352599382155,-0.006622802606730649,-0.005523651926604645,-0.017377541992752876,-0.014263984776814342,0.0021816230174724893,0.0026314725654530413,0.0035843593024307285,-0.01010453188858762,-0.0017468487929184207,0.008511165391210884,-0.007950076181845511,-0.0024934864880284957,-0.001988299632676549,-0.023705486216045735,-0.006073904593497437,0.006116508907186402,-0.008716588864959629
2024-03-25,-0.008300458973711677,0.015434861751739026,-0.011511113487560065,-0.006031703078407169,-0.015391785312505957,-0.028006844223069427,-0.03052196555792952,-0.0007744063441750271,-0.006155059740944657,-0.028940914794820083,-0.010742032936068346,-0.001071925097670845,-0.011688654927767828,0.0029931853477169756,-0.021408954113115386,-0.01287342827138993,-0.01816836135914235,-0.0018361584950775667,-0.0008757871104765336,0.0020988507429555714,0.003371661476036625,0.003175309645115698,-0.029819058543825716,-0.028441278190215025,0.0019198160866824576,0.01137052775030356
2024-03-26,-0.006672510868121928,0.0007294424800852184,-0.008176450405372626,0.0012363425122210447,-0.0014565251558266157,0.0010058699476562794,0.0007605026883317212,-0.035658852497511884,0.022720007934915687,-0.007073823463012774,-0.0015360104713324496,0.008583732094912255,0.0015965315013741765,-0.003662504019758206,-0.01143273033947867,-0.014174348851992091,-0.02107978888662143,-0.0008910687084625613,0.002836856666512899,0.002665559695310682,0.0007531056940661696,-0.00012395733952974552,-0.003073573859635581,0.01734679550645457,-0.0816250844912757,-0.0053965015034058705
2024-03-27,0.02121250895527771,-0.006304200489664069,0.02260802603734402,0.023176699968527004,0.013321526123984295,0.04113129553214856,0.03328259438360637,0.04983921446033657,-0.0038410774986675777,0.01471985451375235,0.01220151525766,0.030319292900558903,0.0024119594589511184,0.0009530550720660003,0.006966793437944929,-0.004093641927428671,0.01909769733165123,0.01668549101065131,-0.024966612911468733,0.006646465134247714,0.0048632604350580255,0.0056485247736350885,0.02796742890933679,-0.0015942903165285793,0.024619561623813846,0.004069393800608001
2024-03-28,-0.01055912684184468,0.0003965349116801242,0.001954513878898334,0.004881480332315169,0.0009596491526309148,0.06281032200809422,0.010736922780852032,0.01684518988530792,0.006461071658806494,0.004078235328345947,0.0008386412288214906,0.032008198228025586,0.0075740343222689965,0.003944388595378712,-0.001426425827533384,-0.0167658796568535,0.014150366856482632,0.00444237496613753,-0.010105437801061101,0.0016977974845413524,0.008296250640771108,0.007468566709568858,0.01713802126913766,0.01822710896472257,0.008823696772507494,-0.018763133420376943
2024-04-01,-0.008455842569834116,-0.004974256312454517,-0.0047543983081616,-0.0073413034203060334,0.00680669111458454,-0.013752831773865326,-0.041036083305170945,0.000752994704523946,-0.033167628563363416,0.01938297205795525,-0.005917327778569348,0.015507623293353978,-0.006582663053486537,,-0.003428636396317186,0.011882745655245275,0.060129499600354075,-0.003915710762587676,0.011492895579566564,-0.002354050918313755,-0.011599201965160288,-0.0033695490348694124,0.01305805803711535,0.011723540440576441,-0.00679556546844251,-0.009790413993548408
2024-04-02,-0.00699873391377992,-0.0057360331889073635,-0.018006008460649592,0.002996678948979037,-0.003618361193923336,0.004867512184420608,-0.010925663187130286,-0.0007524281301265479,-0.017277792633744626,0.011499593152035192,-0.005004634079289305,-0.07684735946731813,0.0021529161902282823,,-0.0071673544859397476,0.012251891444442498,-0.012550589903505327,-0.004298785742153588,-0.00016275693986644857,-0.012836260592043125,-0.00890290022051543,-0.003626977444298629,-0.04158010667077283,-0.01763674962214301,0.010364630499181127,-0.014676417864498026
2024-04-03,0.004797351689529217,-0.004406926397928612,-0.010727178720094876,0.030041631875697306,-0.014143662963601034,-0.04117318193448993,-0.00046024515428688684,0.027861544394277793,0.01162420750613169,-0.028322317284207532,0.010694448635111709,-0.004268747710947651,-0.004192485953778968,0.005988879756485321,-0.018625441656832553,0.01883905049376766,0.003770019481387221,-0.004885451735490598,0.02583803501700843,-0.004589307398416453,-0.010265991239029382,0.007280360592251789,-0.020173427817490985,-0.15336357530157307,0.020918602551809995,-0.008780143764686388
2024-04-04,-0.004892272883319615,-0.019919165046054177,-0.003908653742625834,-0.01596645888222392,-0.010275375723035274,-0.014814171920016994,0.006293108566574501,-0.03223440696526003,-0.01070073163828078,0.00554225565462807,-0.015505329965172066,0.12379402990235033,-0.01602363697433362,0.018400523453853568,0.003530917076210338,0.00824887096348803,-0.028436676116507686,-0.00690730485103086,-0.020537054503710683,0.009509076453411147,-0.0001767546816072718,-0.010106747404193817,-0.04737658532002498,0.019682720682459465,-0.0149078603302365,0.0009490281150785762
2024-04-05,0.00450176986965567,-0.004085299612445303,0.007721467438763785,0.025717156206096714,-0.0009794811820690308,0.000831747992221743,-0.00884676972633791,0.005298893201311161,-0.007222813645489268,-0.011278352193112018,0.006385048293983342,-0.02002861244170051,0.015709882688633714,-0.007439831200523717,-0.003225256065964688,0.03213801064567923,0.005412176268720481,0.012559758806784949,0.030851983455263632,-0.019695461980897222,-0.0030061340561226,-0.003093822813517777,-0.0023238758622192712,-0.008670681440410055,0.00906646272121936,-0.005372948153392287
2024-04-08,-0.006663318557666664,-0.0017315228115627468,0.0066575149349710205,-0.015370278940194493,-0.004999882805040268,0.006923607203413784,0.01723599660399211,0.009789177934441895,0.007494970322633021,0.0023226153731741306,0.0035951837399657016,0.0,0.004952904667423708,0.025431755575280768,-0.005736156584367991,-0.015341142143336595,0.00988688024758444,-0.0007662665838350513,-0.012213531184151805,-0.0003882466332829626,0.0026012276600149153,-0.0013035378294121713,0.0048915435874861135,0.018055084382904818,-0.008258167572540276,0.0011121654965291494
2024-04-09,0.0072422384525103745,0.01707687501965327,0.03007236852603201,-0.004204026099300373,0.0039411639857256375,0.021453670844463035,0.038880480395629746,0.00969411599100245,0.0029030119182058556,0.0020083361850797843,-0.002686664186449028,-0.0024330030686009474,-0.0139709133135959,-0.0056127820738496315,0.0038462465287931735,-0.004525623702235193,0.007396831549579375,0.0026418193516297706,-0.016247353079885007,0.006214194226368042,0.006073929157412783,0.0006216123715241384,-0.01043105349956086,0.00446130354502805,0.003064370710830211,0.013331220043864445
2024-04-10,-0.011139183936147212,-0.010821209429216272,-0.03222291388185339,0.00045727007817508714,0.006772026742835724,-0.02477313999768227,-0.014271090049078339,-0.035450269467841355,-0.021963440899124165,-0.013105174016729948,-0.01727331207742744,-0.02000009500809652,-0.006332646673146813,-0.0023628438056993994,-0.017388809847034614,0.005668303719603696,0.0002158151393589769,-0.015610726948562692,0.0006147203873787532,-0.00945668323432114,-0.0097297390812916,-0.0038507227143371736,-0.02928101022407903,-0.00846520600103895,-0.021983401410846537,-0.025528540209419415
2024-04-11,0.04327083076706573,-0.006034240043594763,0.0015021105790959943,-0.00024176459231972647,-0.00974852095648504,0.0038658310431594067,0.010636743902120216,-0.0015314417308126549,0.0069552887424571,-0.013174906207673032,-0.0007526190468897243,-0.011448436340075308,-0.0018331470876602474,-0.0034211989258122744,0.001499647345562849,0.006405781871247296,0.005937882501271696,0.0037128321134018982,0.016489324176119702,0.007306304241121442,-0.0034923273039197955,0.0019328040496249255,0.00916995575964985,-0.00674134263805326,0.011883990250223242,0.004821588414895883
2024-04-12,0.008626723949235915,-0.021041551307284467,-0.025121984354541826,-0.017070982298958204,-0.004922167920731635,-0.04558894154522153,-0.019880142341007212,-0.032975535415158075,-0.016092414279883616,-0.019525010965184553,-0.01952651330018229,-0.03172200237676226,-0.006256529306282732,-0.004885022458893773,-0.001347582709800288,-0.021522868635211245,-0.020068793597799783,-0.014136652310518083,-0.009462728165653411,-0.016537640427423672,-0.0015441441736266937,-0.003982733912160419,-0.01626016337409486,-0.01248017747357022,-0.027514959490828717,-0.01423543479097844
2024-04-15,-0.021863517500276708,-0.008416102987187424,-0.02192319971697665,-0.0047040371937761005,0.004946515500648285,-0.011239333750869718,-0.004772553024005144,-0.030134812265993016,-0.003957993570022023,-0.017384431224066077,-0.00559617041595406,0.02548114021511183,-0.01201159975869448,0.011542904118217123,-0.01229578595902181,-0.02279738478925919,-0.00010948738667015956,-0.015211995903789965,-0.02517542137726103,-0.007277084278222046,-0.006841263985269408,-0.0014372518046281701,-0.0075351080926207015,-0.02052816273171232,-0.00041399126913821416,-0.02255394070352479
2024-04-16,-0.01916730350925777,0.01301849614492423,-0.0146806434847222,-0.011074247004462356,0.016440331002790076,-0.0022586801522942457,0.024426752156735843,-0.011447175676158494,-0.0067481804646640775,0.004053371977609022,0.013793135046143101,0.034989608478156686,6.52773208253965e-05,-0.0213797533437301,0.0016699772769650512,-0.0009395520455142137,-0.002738354811052668,0.004518989953158359,0.017079778410164392,-0.0011886545792128,0.0032945068307339564,-0.00018769463717227541,0.0007347466355172028,-0.0209352253048799,-0.013531160811975584,-0.01593630266303725
2024-04-17,-0.00814731313184991,-0.0037167464809013673,0.014101273002677717,-0.00433471698182486,0.0023244050075110767,0.008106243971514271,-0.012726780848657415,-0.004135824700956192,-0.007058314112919684,-0.0046916488703576675,-0.003537325483125686,0.012248957260607263,0.0007394255796122629,-0.002814648244912732,0.008032817160211092,-0.011185325146536917,-0.000988462266925838,0.0011760767000967842,-0.006202218988534458,0.01884363041038628,0.011820770236556477,0.0018774957189513497,-0.00905554603085168,0.0008958067595674635,-0.004478983358600752,-0.003373767752371082
2024-04-18,-0.005714399468364828,-0.0026768247414351576,-0.0030170185583557885,-0.0010885508023156243,-0.00280217745154554,0.04904377826868278,-0.002222574168422531,0.0016613636283215882,0.0011405082425797186,0.01320914072896584,-0.008902363466961272,-0.00726024511784773,-0.011865483851486003,0.005510736733431276,0.009923140759865223,0.01544001039049725,0.005716824372819396,-0.003083723495477031,-0.00510029050477967,-0.007592711564589738,0.016462228452327032,0.004747468233223362,0.00024710304069230915,0.0013190379806742314,0.003444680796057753,0.01455647882533162
2024-04-19,-0.012212669064126214,-0.0172450310419201,0.001973522169191888,-0.005523930395013643,0.01114343948324703,-0.002762154250436799,-0.008612922975967052,0.0066333453502633866,0.01374493920883224,0.0008656531267123846,0.0006063829204956406,0.0019500793919915438,0.0015175739298631807,-0.008955899481469243,0.013994467463499527,-0.04131136021995241,0.008635776031879594,0.0005598415556620218,-0.09093288392014132,0.021481078445621193,0.010797075052093597,0.009200861154029738,0.0029629341839112477,-0.027310544921595126,0.0002100203390045241,-0.008174806055987971
2024-04-22,0.005091046175662806,0.004021387636974572,-0.013525939512494367,0.008317910480215351,0.015332958141580866,0.020843404652543418,-0.004643576663698745,0.06095564450673674,0.011835625353990409,0.007080102633676422,0.0017620898870298607,0.03649642819274401,0.002986474479218071,0.0006743442766157237,0.01908687337340287,0.0013719894325774362,0.0037933087284600653,0.016428576670054484,-0.0007927812712005267,0.021522443277874892,0.013380760035758277,0.00018498635967989507,-0.007631471576424409,0.010834367560648372,0.01814090943883473,0.00151387975496875
2024-04-23,0.006391584226688618,0.012872366209357278,-0.0010649575976867665,0.01577116470263462,0.007173200657185852,0.010582143142859879,0.0285929512887535,0.004658277232971075,0.005922510325723884,0.00402514505803242,0.001594191339304274,0.03568082585305632,0.013289599393396356,-0.001887033350135514,0.01930537319654313,0.029830020810589275,0.004102704553705205,0.0009268897753798022,0.04174184059902708,0.0010690031322684312,-0.029695077028984995,0.005481582236529059,-0.021582815366004815,0.003086219420636249,0.02414693520775324,0.0349344639632847
2024-04-24,0.012702444370304322,0.00892366520441712,-0.008128832550309828,0.0007433132231133843,0.005997703582292679,-0.010874278129347492,-0.021653193278408422,0.000772779716668337,-0.020901440969475327,0.0056660684414684415,0.010483698707389966,-0.02221216090058209,-0.0006915326645604569,-0.0004052533123776181,0.007915191593846238,-0.005241056973533276,-0.010537773464574074,-0.0012733270485932868,-0.039169198243423575,0.00019413494376463447,0.0361522492118298,0.005696667541074785,0.014959352017982264,-0.020798057216584565,-0.015113936985417409,0.0004868970223013136
2024-04-25,0.005147310651002934,-0.0077129290607017564,0.010882696694239247,-0.07020226593452428,-0.0009316521195359417,-0.016082937783216122,0.004934861494035436,0.006949899967970463,-0.0020670665137918487,-0.005262002632954954,-0.0825093673504983,-0.02225313994249145,-0.0008432321870872617,-0.010807712546770598,-0.007151808755942346,-0.10561285290102174,-0.006628755166138589,0.011329663303119242,0.017437643870612085,-0.015529452210412908,-0.004114860804220077,-0.000791616343877033,-0.015988084549669157,-0.006186769219013066,0.005251837370400914,-0.009894575754316959
2024-04-26,-0.003472993943216096,0.008702253920120251,-0.002525142121009849,0.015917102259331406,-0.008671370029542658,0.016966602730452474,0.0034226691574219537,-0.019171838501370386,0.0012051327355289132,-0.005289837773245654,-0.010538282612180705,0.001896642415758265,0.0006708785455247224,0.015569423341315947,-0.0026835043409628723,0.004327305965417416,0.004594656531819341,-0.007277469595757147,-0.00632079402437935,-0.0008873369093029826,-0.0062259624732668994,-0.0005486607602409599,0.016755460320464044,-0.003970478856923365,0.0013568302817463795,0.015727376639479207
2024-04-29,0.0248079709729343,-0.009401939562209916,-0.00066665351370232,0.018696527258282636,0.005549328523802188,-0.004476013951273727,0.02150373634405711,-0.0031275420140147725,7.517771892939784e-05,0.033895459872733014,0.001794896951013536,0.028395587564311597,-0.011504798073064815,0.005782679188206519,0.017278005151665665,-0.02407007359898683,0.0035936625674948264,0.003492407834467137,-0.00310032932970139,0.002664294018316138,0.003189546893259676,0.0017686960948926078,0.02322104795082458,0.008981504871968804,0.006504645517426466,0.021290317658455127
2024-04-30,-0.01827071993746432,-0.02164588875518192,-0.018133136744818645,-0.043539365869440294,0.00916650707403499,-0.0005449145199093453,-0.0030487673177460595,-0.04705868543675773,-0.015346482435402486,0.007533677395852978,-0.007346252213221605,-0.023469875729483114,-0.012907478591961286,-0.05147745680349891,0.0015313000920562647,-0.0056630968702761075,0.0472003302960764,-0.024562040489396697,-0.01581801489701673,-0.009939983104538253,-0.0013058540748335234,-0.0004870514082138122,-0.025866251672581275,-0.012681719097324518,-0.007202955662828359,-0.035060032081531856
2024-05-01,-0.006047200429320165,0.014173731751383922,-0.021862940312303847,-0.010461050821901519,-0.01510791298956915,-0.13182462640686965,0.01558176384673482,0.004115131248591197,-0.004010932414192037,-0.0011345367892170444,-0.010649864837644518,-0.002827439114402419,-0.020234902114537823,,-0.017375514961817107,0.020968373807531693,0.019998033636346557,-0.009288083254148982,0.0019432344163510251,-0.009443258214234418,-0.004320443655534523,0.007918753637529363,-0.010771571086864884,-0.006743432000353988,-0.010577739203686098,0.008347007348068702
2024-05-02,0.02203201840172353,0.015296432501144874,0.0056919710772698195,0.013199756344239422,-0.003576063061224155,0.05943296815497168,-0.15055916987283946,0.023770482041901797,0.0049860482751789,0.011254690719493254,0.0015812592261990055,0.035916801178172086,-0.0021941885888782098,,-0.0026877945077686816,0.005669674659523949,-0.016558348379221766,0.0007142405452373879,0.024360586546940288,0.014952240606304512,0.001712907491947968,-0.0033844126032964716,-0.01772596892481726,-0.01188729191869664,0.008909079681366672,0.019801999815240112
2024-05-03,0.0598162603440735,0.020164897504816537,0.02802318394340264,0.0039053471986181254,0.002172201915796146,-0.01482123534983426,0.012322746818923092,-0.00480373257472777,-0.005266515794260074,0.01041439063663896,0.006193539431350814,0.0036495597084016396,0.005622174973106464,0.009448601843341065,-0.008652424563013295,0.023274642802387113,0.0035121505139346088,0.05192731861736544,0.02510835589819771,0.0005932541538735681,0.003989793963297572,-0.0018798065241321105,0.011601020052252276,0.0001510786454597124,-0.005366105971773005,-0.01607515688040706
2024-05-06,-0.009106836804835594,0.015241276427948147,-0.0009400418042385672,0.015886908839694458,-0.006596816256800975,-0.02151357377159424,0.04152072391337436,0.005631494324695785,-0.001381243148159128,-0.007225036823859332,0.017500234845766238,0.007272854367327497,0.013053071995301924,0.013271840738445562,0.0005722613612144656,0.03035669163658361,-0.0057644391146507434,-0.011478624841066432,0.03043118973072456,-0.005928862081079345,-0.0018734455638158565,-0.013548107096336581,0.006116147875899314,-0.006316237633312349,0.001638894493116938,0.0
2024-05-07,0.003797363999035186,-0.002674299183557882,-0.018010806461261075,0.00847704580538955,0.014419745242491677,-0.004535507865133792,0.0049631984923945716,-0.014574975067212836,-0.0031503330385280748,0.008499075800642242,-0.0013638834996461124,0.004061299251378658,0.008211372247913129,0.010616254330210184,0.013728040078728743,0.005497322594549381,-0.010870628536656657,0.024396539940752193,0.015126386571590489,0.0059642231374823496,0.012512830958521848,-0.0011084815315112184,-0.012411360544498429,-0.003064200364962022,0.002863877638035417,0.00517631343260927
2024-05-08,0.001863700518189404,-0.008470926530604439,0.0023271169405914005,-0.0014492301924380335,-0.0014027108422474122,0.0003087353559578787,-0.003186247594088032,-0.0016432265879010588,-0.00562681561036571,0.009083566204068694,0.009026999380226108,-0.006778169327124273,0.0037743744788245603,-0.009959062623045023,-0.006489029299064808,0.009311500047375354,0.008478241810599085,0.002373071509720326,0.005726074765802114,0.023122545912262815,-0.0034265887443192256,0.003945900102664712,-0.0002565074890097385,-0.013183636711915803,0.004622914984055537,-0.014644349152724612
2024-05-09,0.010014579434302506,-0.011165769594101205,0.012699634492888245,0.021132103835728167,0.0025284995758427797,0.01644426204520788,0.014064265181513713,-0.0016461088858700235,0.015696995959963322,0.0006501280240798213,-0.011650518189487036,0.031847292808894645,0.001583202423942165,0.015258001437166602,-0.003265590840189736,0.005966956312684513,0.010171135818348054,0.0030360710791386136,0.004298834128544371,0.008692384091118832,0.003663805732799119,0.011361444045666191,0.03565920378484866,0.02108217208039176,0.001962426804122286,-0.0016331614383259252
2024-05-10,-0.006890362835828778,-0.0007458517686000921,0.00013477200558553726,0.008556485987658125,0.0024287619779579384,0.0025822621615849695,-0.024113515769850102,-0.011541672220281574,0.014004577548984765,0.023439449198538576,0.005292335141791948,-0.0026454824032803304,0.00327129011262306,-0.0023407619274825597,0.014244974446809389,0.0016407880694304655,0.01643887872303651,0.007608859841564453,-0.001993135551664915,0.005840631931614215,0.009715788706897932,-0.0029145828534948848,-0.007431090974392318,0.012403213612345754,0.006419368949616366,0.013741209519232633
2024-05-13,0.01764542320705731,0.0017001737380264448,0.0071456969229504175,0.0053269973920793134,-0.0014910969902601767,0.020530374769901716,0.009528426518652378,0.028357011884733385,0.004365288397404576,0.02309790618412566,0.0024530182995878835,0.002652499544149034,0.0017067680695512788,0.002493008660219287,0.007865165086170522,-0.017198730425495135,0.00707572310598259,-0.013366520385025393,0.009363671146590313,-0.00628274654117611,0.006173810115778444,-0.0051767007156937606,0.0319440497196557,0.005901529268157901,0.0219176723456298,0.018395987852063866
2024-05-14,0.006173655533469491,-0.014820586122476609,-0.00468539955526881,0.004205670848489662,-0.0003366617145255102,-0.00482519111016344,0.016957309258571307,0.008921385888979616,-0.029412854504131447,-0.002959157051927286,-0.001193534782580663,0.012786468625311853,-0.007776951447174718,0.014189619123174735,0.002368986604315948,0.008204963509898189,0.004516765658861388,0.008519511079724262,-0.004751930224182965,-0.001053744835248338,-0.005693665529692082,-0.005754457715150929,0.018379634763520336,-0.005644120278060827,-0.017662466212009065,0.006655017665717189
2024-05-15,0.012217847000674853,0.019749960406336697,-0.013584430838237682,0.005192819903122592,0.0032762025585832966,0.014471029326351026,0.015730690652833612,-0.010450233443002777,0.0010807928461731287,-0.016659547636322936,0.005377613555736405,-0.0370047153484786,0.008366348194354778,-0.004759882041683872,-0.00834148789997513,0.02053613131174159,0.01159076610558496,0.011023447974028322,-0.00022813836175150648,0.01160334160512888,-0.002279312508586595,0.0016625065241462345,0.013298532353833048,0.004306938403388472,0.0,0.004407407514155137
2024-05-16,0.000632447698335703,-0.005089113401960721,0.004090546076831458,-0.025885955620916667,-0.0046650267055929895,0.016470798312300028,-0.007433844807220424,0.0056864535224177,-0.002082368321522088,0.02024114123014975,0.004219689469490362,0.0036165786263075983,0.0018994969643377768,-0.00985510048926419,0.008271561636887803,-0.01725716544761602,0.03575651396321078,0.003780592169302599,-0.0048898657898350795,-0.00018949324469796913,0.02033863923878587,0.005532329371391587,-0.0035154093304035072,-0.005874904181039087,0.011626191753981718,0.0023506928060406107
2024-05-17,0.00015801199026443946,0.00113897404615515,-0.003938043730221996,0.015824549589068093,-0.0027183617074336697,-0.02524619879969703,-0.0018722909041041236,-0.00807746020443112,-0.005912273229888743,-0.005428173418124738,0.0003549580047466083,-0.0054053646253298115,0.003050969541985138,-0.003805700285211655,-0.00959403265344938,-0.0027893735664150654,0.003814714392064378,0.003793561743456797,0.017329530632641088,0.0031287859188076084,-0.005024410561309978,0.0025676133203396123,-0.004703592291166125,-0.003690432263100063,-0.0028063992260115578,0.003127025961532137
2024-05-20,0.006162061454278334,0.002606395516858262,0.007634705865283253,0.01818849598263239,0.0011278141619743831,-0.026790187693125356,0.002501110358945402,-0.010586392507304532,-0.009873683605833627,0.005071253839982637,0.005265440607457261,-0.010869482768311123,-0.0013251834295248122,-0.013664417669206452,-0.013477493459739476,-0.006505388875361229,-0.00047496114469036677,0.001712831924185032,0.03175012240688413,0.0006616705297697312,-0.010318816025486344,-0.0006099582107611523,0.0033080650481280838,-0.03268594863948704,-0.011056217337762075,-0.0010911365371397697
2024-05-21,0.006857295330487734,-0.005859407711290565,-0.016777021187180052,-0.010144786758896629,0.005163765371525519,0.012048136701802381,0.0007797139232708084,0.0,-0.009343880809657978,-0.003556022878260623,0.020892140504325196,0.005036560614506191,-0.001218384281506002,-0.0047668687949429245,0.005550039449544686,-0.008979520365705262,-0.01967512206168398,0.0035556954378455075,0.015277242683843895,-0.01133474816648794,0.00427058050302076,0.0028065984061884652,-0.0025906173292394863,-0.012082829049765542,-0.014702746136803446,-0.00358863692746203
2024-05-22,-0.007538413406104727,0.0043166681455200084,-0.029861369504347257,-0.008716888017808344,0.0023352010657846645,-0.014692620384623822,-0.002181355390818651,-0.009876653315220252,-0.0010305199635552986,-0.008584492038244629,0.0012682148460976261,-0.009567309332031315,-0.005619663907065697,-0.01571611402966666,-0.006227081565340464,0.006779576733389803,-0.015997581851372344,0.003597024401608806,-0.01558537350450151,-0.006974213458308065,0.005577345346615914,0.006936149619208853,-0.02054308110750913,-0.009166383267642075,-0.011346354489551236,0.008142759757226115
2024-05-23,-0.0210581343243752,-0.0012811669592110997,-0.012340441578520656,-0.014721603504627812,-0.008293711715383179,-0.03548221476902602,-0.030605856596692016,0.006650026721941371,-0.011028759112190367,-0.022036250313768435,-0.017387392747870267,-0.0022997670252559166,-0.011631367565500428,-0.0007604162113478141,-0.019510066422379624,-0.0042755987815304985,-0.012699810718102111,-0.020804657785019942,-0.007494429863934338,-0.023571388227929146,-0.015486545157728293,-0.0032023564017743533,-0.0028928364961609,-0.005788523251010647,-0.03248261321232204,-0.03044422441892225
2024-05-24,0.016588199192468345,-0.01630424556209842,0.026856249097588547,-0.005132663608289567,0.0004699370672209824,-0.0005549311454303707,-0.02351808724399196,0.004128732021353221,-0.0068192554279138395,-0.0200956268142507,0.001289210169598265,0.020746915760769813,-6.665546617590223e-05,0.004869881215807004,-0.00798824675505061,0.026707883281070544,0.001607935973788388,0.0034401808354267427,0.01743045425423917,-0.0033499646672684458,-0.00714008167201885,0.006243549071986987,0.022727080586521176,0.014994374199008842,-0.003163014227584804,0.00945210140812569
2024-05-27,,,,,,,,,,,,,,0.0039376868033178525,,,,,,,,,,,,
2024-05-28,,,,,,,,,,,,,,0.0013576451905474851,,,,,,,,,,,,
2024-05-29,0.0015789533801680022,-0.0017348130028881359,-0.008959452511144494,-0.02412928573322204,-0.008160468013442279,-0.03577656005037455,-0.004421163568247954,-0.010273994121595464,-0.011812658986561475,-0.020545519998633632,-0.015383580280279974,0.007073451061231806,-0.005864117725536855,-0.01370893485783431,-0.009471756755403349,-0.011585437173462165,-0.011349901168028698,-0.0077247498009167526,0.008659421367453124,-0.008158327132203103,-0.012861908763893704,0.009383766768300106,0.002656401592958213,-0.00747777941123251,-0.02304110369270329,-0.011279419069441299
2024-05-30,0.005255204248810097,-0.06643637056288254,0.1342139762721828,0.003371604624746727,0.010163566156447645,-0.0013163940089596649,0.010361859802972218,0.018165965022777453,0.018236736883192828,-0.0021700514125455594,-0.008500604380183074,0.03116759747636122,-0.0008362522722501486,0.00702609909793761,0.01434337212371073,-0.015410228573949025,0.006560056678605042,0.007224797244781644,-0.010632109726598449,0.04162887077683619,-0.003914701866503889,0.010776803033981208,0.019990428067867994,0.019297842382694608,0.01822773677189815,-0.01352675721640495
2024-05-31,0.005018538517005622,-0.0024894820546754737,0.04009797299841544,-0.0021517810502255097,0.025392837689764747,0.02178419375846108,0.03320854477279678,0.030586304675008336,0.017549487937885466,0.024336024434327808,0.007365944339470909,0.02213693899552882,0.01124189580179391,0.007128795473353433,0.0094270525411988,-0.000471014206735787,0.019755722300036638,0.014512422867836605,-0.009325823544303002,0.023690343218219834,0.014195213717897559,0.028873986443969102,0.02691855566054535,0.024664168517062324,0.01512476436532384,0.013381817109305194
2024-06-03,0.009258838218467957,-0.01290588323122388,0.024994435607982757,-0.021150726581331547,0.0026167581669951367,0.006971500614884274,0.02725690395882263,0.004946380107850201,-0.021026970816458435,-0.00712737222954507,-0.009409754321903496,0.0062475180997501045,-0.00867880246270647,-0.0010541746921115536,-0.017218744559993393,0.02283488042711368,-0.0037946843210239223,0.004083299759042092,-0.012203499185834854,0.01128882123158581,-0.009658724804017305,-0.010745331345747289,0.018165040214379147,-0.013110918332012611,-0.003670742505394231,0.006357994598602534
2024-06-04,0.0016491171987693676,0.021297449632126986,0.010466755377441572,-0.011437692075687012,0.007642737803312816,-0.005474228829555061,-0.00444774999549491,-0.013125571184179785,-0.010739268337784602,0.018582788035321096,0.003206829999673255,-0.01697020842426722,0.003565106974459553,-0.012061035989705537,0.010987305169595896,-0.0010471632037377665,-0.011527650650019483,0.007696508137554847,-0.003423892190069777,0.022325688885092232,0.015534657447664246,0.02790615937253582,-0.027552004198168167,-0.00128234719628606,-0.020156090213129696,-0.0032399281455138818
2024-06-05,0.007821083053818567,0.016571119291422187,0.012407729464897876,0.005739220061335093,-0.003700003919403727,-0.0046947703753398295,-0.0007703443065278925,0.0033251479351255053,0.008538302027024436,-0.008547049446313681,0.00946838518690818,0.01768407580147091,0.00424940644522942,0.0007630852226681029,-0.0016154699473194256,0.03788348174892997,0.004563303602270308,0.0038730340133390495,0.029527274554509653,-0.004458676610946233,-0.0023002681147175075,0.013265040576180276,0.010218355464413964,-0.00577797174916006,0.014303661368237686,0.009101273921680031
2024-06-06,-0.0070966446167840536,0.005111928811420086,-0.008769937577583486,-0.0035211304461598703,0.001856799812563592,0.004473046262913449,0.020968248497587938,0.0,0.008949882545189913,-0.005243101562115937,0.004899198988045361,-0.013653186993151434,0.004522470702245984,0.003049675271507901,0.00308899342305069,-0.0026260336986039245,-0.008479573233666549,-0.0004856656350964439,-0.00269123672640581,0.008225875469031418,-0.0016714519429683605,-0.0027734521255754485,0.0011494750541807264,-0.005889034915101177,-7.279865664555629e-05,0.016427773478128405
2024-06-07,0.012391992961053644,0.01593431496554354,-0.0027224049691906282,0.001979923646795223,-0.004911450730092248,-0.02461343162937435,-0.014195143824799028,0.00662798768238515,-0.010149059196726262,-0.006385524532571907,0.010760850331574145,-0.01300336987095152,0.002473827502388115,-0.010185454671985505,-0.0055726119508177074,-0.0016201655447407592,0.026878345651276003,0.0015925093446500505,-0.010870817094164265,-0.011784887432178759,-0.004684663122439092,0.000278038062957231,0.00416671608795105,-0.005897992887266668,0.0005816798053164263,-0.004278251547336964
2024-06-10,-0.019147759788946228,-0.011795523109313977,-0.00875790708182489,0.0020369098781980455,0.003166304059690983,-0.013779534772209834,0.012101729937193051,0.01893003011248462,0.0241794846988741,-0.025196418194860293,0.0021765612115758337,0.0021249879510549796,-0.0012005657377706092,0.006297007931672427,-0.007520947844041004,0.01955543389425296,-0.001982978094751009,0.00738440633361237,0.004723428366450788,-0.020273399319529095,-0.030051485523727273,0.004838243915640916,0.01867205628130031,-0.00028746074533692045,0.0002904829725569602,0.0019095947102703015
2024-06-11,0.07264916735590776,0.005979040712707606,-0.00045902477459514035,-0.006977973085613098,0.0019494515720479555,-0.010184197584990895,-0.009232641337507785,-0.021809482552771375,-0.005084391305319347,-0.002668517563353956,-0.006221489413929415,0.00508910534043272,-0.0004674555147446968,-0.0016787322443734265,0.0041605339047778855,0.009689514821863199,0.006556625911663838,0.008293089045232849,0.006284040773759214,-0.014793946044678208,-0.0050027797579487165,-0.012673610282579184,-0.026476538082801704,0.013568633833741739,-0.002396805828054238,-0.0017471507616125814
2024-06-12,0.028578461470792682,-0.006094809287727987,-0.008380204174881167,0.004338531500278631,-0.014268332115470739,-0.030442309552404456,-0.03345552486004322,-0.0024771857387538843,-0.015172465044074879,-0.017784993076746636,-0.0018899581215446881,0.00042171064842810857,-0.013450874652399025,-0.009020150314589692,-0.02190000254237734,0.00269967466468235,-0.0010856008372609471,0.006500499889028344,0.0023281680572424523,0.0057973352222187025,-0.007511986594017417,-0.025840794292832814,-0.004416501244855264,0.006267875520335364,-0.0066982900554244384,-0.03707236392880442
2024-06-13,0.005491108497031272,-0.002457226813687985,0.015628602119350132,-0.00720969491399992,0.0008459341042905688,0.000614058369283077,-0.049470539678669434,-0.011589444060311593,0.0,-0.00870630455849597,0.0007100763100684748,-0.013918074535150038,0.004514667336559475,-0.018049986641906712,0.0,-0.009315217709619295,0.0032605758759960413,-0.006959406310244942,0.004922618082156438,0.007559251844025061,-0.0030521260708609166,0.0075952843217925725,-0.010973542279914872,0.016072028118852444,-0.01128767950593701,-0.04263056529312559
2024-06-14,-0.008168405226693154,0.14511489894353313,-0.005927295902955376,-0.01498344564882026,0.011457447160773793,-0.0016653418137737575,-0.021117400576200707,-0.019262881113358943,-0.008728879782017529,0.0074895429682582115,0.0005321555110555654,-0.022668834488879908,-0.0008314284679387107,-0.007069850085392071,-0.0037821071279054985,0.0011119561370971365,-0.006302848399054595,-0.0008516666051914257,0.024676349845002665,0.0011254191871206132,0.002938847897512975,0.00502559264925817,-0.012983903714833711,-0.01405183561235479,0.005634187621770259,-0.0034517941488177994
2024-06-17,0.019671523197995144,-0.012506914687999915,0.04643968015200395,0.0028930515857807926,0.01485621313702934,0.008603935359198456,-0.002887687651260351,0.011955449787921957,0.014730306155794626,-0.02101816029589676,0.0017139595180446499,0.027570993267710397,0.007826736743855367,0.006170839610389223,0.0034928420429876095,0.004899190678612664,-0.003667156648144987,0.019738458349805033,0.009635731706288508,0.0019671927670719125,0.014223907483072562,0.007898111369998295,0.0026306766594357267,-0.004273101162778903,0.0014744208691992444,-0.013682038319405954
2024-06-18,-0.010984506175637065,0.006766414449826952,0.025969709917865513,0.008498831755822112,0.00558091921586179,-0.035602238086304694,-0.01754689234424056,-0.005907193901649732,-0.007878060853797941,-0.001748110874552733,0.006194529907538104,0.002555347016795162,0.004463184413515453,-0.0011007580023293384,0.0013618576945788607,-0.014093135658615807,0.0023874322663932634,0.0020373783437559467,0.014559891644377654,0.002430859520527795,0.0020463813803874853,0.0012965790430612412,-0.021707983551600418,-0.016857246977983298,-0.012145714826426901,-0.012993883556685737
2024-06-19,,,,,,,,,,,,,,0.004880306954093472,,,,,,,,,,,,
2024-06-20,,,,,,,,,,,,,,0.007989892201223814,,,,,,,,,,,,
2024-06-21,-0.01044424983078962,0.020059259947434738,-0.02132745094326527,-0.003919547130432632,0.00018354797152220215,0.010204120173715081,0.03384875223679229,-0.008375212862686832,0.004514505563957272,0.0004942920149551,-0.00839472593729751,-0.000434518454586974,0.005171225625237419,-0.010568746456740441,0.006812087130085853,-0.013793085305250474,0.0071808113182572075,0.003744192066662766,0.010441359513771786,-0.01205274229939457,0.003599751797801698,0.001643553747788573,0.007988411441163912,0.01440278090628655,-0.0019726569731695065,0.009775333243008832
2024-06-24,0.0031326390622259392,-0.01737781097934854,-0.01183625535311561,0.006588692078212555,-0.013311065689072143,0.011242927127027125,-0.0036562641299763277,0.03293914830766065,0.016767178835824126,0.028612265681517757,0.014785947838443558,0.009126486419363866,0.004638862592059256,0.013823431470626701,0.02871734551552274,0.008347204500710026,0.005859808571724523,0.0054916625735770275,-0.024922740871013316,0.009149778745933812,0.004782550678133379,0.006903114123922416,0.026176767534303425,0.015292418975771715,0.014641354483814206,-0.018172548835153624
2024-06-25,0.004468142421827137,0.005170120497191455,-0.03145644301734518,-0.00787884562533503,-0.02446972479733489,-0.010857337620927554,-0.007673045514905552,-0.011447124888773197,-0.0005069770313658184,-0.0073678851003248225,-0.013770489447277101,-0.00947454902797773,-0.0028668122608610513,0.004183441878213401,-0.008330907058717862,0.023430997402967835,-0.009126984583117337,0.005667807406303238,0.005067066530778597,-0.005855596087771642,-0.004343270326713222,-0.0017982423216550414,-0.02012637640176851,-0.003925892370174822,-0.030591604928445038,-0.0003459688166157493
2024-06-26,0.019993239075961844,0.0033783181089110936,-0.026121145397136614,-0.002046299354129255,-0.0035288751807291963,-0.005795455615220213,0.0,0.001654099562885314,0.15527735134180465,-0.015436631843832038,-0.004229510000645531,0.005217352091165139,-0.007176488431133055,-0.008640706993068736,-0.01783338584987082,0.00493538452068254,-0.005879563832972057,-0.01570344463555262,0.007852350485827664,-0.016150532453154343,-0.003644837598087869,-0.00743126698101837,-0.004060150475031943,-0.0007985717216932864,0.02820778188441797,-0.004326007891320649
2024-06-27,0.003985989997206119,0.034237577158400256,0.0007119719220336496,0.002234138909037897,-0.004498398757706301,-0.020844480367144924,-0.012943359153448908,0.00990918857216605,-0.002430835874945303,0.0034417040925207587,-0.005934813579874132,-0.15397919300110918,-0.02128741823400193,-0.012762590059183787,-0.0006002311537541827,0.012550547251140465,0.01695418539385929,0.005647575076040523,0.009812760156971745,-0.01042864081839956,-0.0028788423431809207,0.006295836090394191,-0.002158393266909475,-0.004975746755402688,-0.01679330279226665,0.01616267449388964
2024-06-28,-0.016254111835897977,0.016058175625321303,-0.0003555845291097759,0.017223541485470673,-0.003172984637249354,-0.04023087767804878,0.004427764239240739,0.025347658962621145,0.01479004580099641,0.0008166385060073278,0.012291638277368122,-0.014314958171869674,-0.003591246377927515,0.017972508980380164,-0.011106838506497518,-0.02952480314100059,-0.009498822065895363,-0.0009057525945191935,-0.01382352590325231,-0.0002928284394980718,-0.007999659459872022,-0.006989115043184224,0.0283586096309163,-0.00020732500923159591,0.007509353141184727,0.012313962561555813
2024-07-01,0.02910450760523653,0.008046282743059852,-0.023727505601213394,-0.012068544930731173,0.011477774169300181,-0.009586404027571382,-0.033401173889334834,0.01754379623107627,-0.0038688246387780234,-0.0075071379909184,0.012431286495054872,-0.0031120098524302087,-0.008046975348119378,0.003562119036274014,-0.003056313470925942,0.0009121998650905017,-0.015461346633416473,0.0008288996031777796,-0.001881799776549009,-0.009663207878015778,-0.012368763274600125,0.01646059589512494,-0.01869600420774542,-0.003783635611871672,-0.006576462595821897,0.0003379026563221643
2024-07-02,0.01623993862074924,0.013749776026778182,-0.001458234801105518,-0.004011213908767797,0.0054351371162955076,0.004649857383478562,0.02192597854415057,0.008620574446701612,-0.001539986734967247,0.012058143126536525,0.01256427413674932,-0.007283989281525627,0.016087478309366743,-0.0010802036861642383,0.012108997953495626,0.009550667649659283,0.010038757172445845,0.0010093294208346482,0.008862696835399975,0.009166113575117318,0.004235948631257314,0.0050254564702807425,-0.03453196188977159,0.02239792219125114,-0.007649866519757076,-0.014693446129657395
2024-07-03,0.005811003783563251,0.004297973167582736,0.0019470849017197978,0.008695374384493748,0.0008537043346219519,0.005383853858910159,-0.0005149121208571916,0.0,-0.015123347000848941,-0.004874092105436656,-0.008855055516761356,-0.002096455348028714,0.00793874558958585,0.008805779048195461,0.004694975958027925,0.0009028069246845849,0.0,-0.002482134002134595,0.00431147571718804,0.0034182940673015416,-0.005990749263874773,-0.008445266706204047,-0.008633561188671979,-0.008523677369043359,0.004743757858615805,0.004970876153048476
2024-07-04,,,,,,,,,,,,,,0.009800914675049288,,,,,,,,,,,,
2024-07-05,,,,,,,,,,,,,,-0.007127714070736979,,,,,,,,,,,,
2024-07-08,0.00653895168287133,-0.005083518872784132,0.03711344080112755,0.0021622994385639416,-0.00947550524940688,0.0014103779595016075,-0.0526946414174827,0.010903380573330512,0.005204084875864101,0.00331240905216168,0.009203400303626097,-0.008886568746728774,-0.007230527799058417,-0.001222000977140092,-0.01224239260487514,-0.019614339665118274,-0.002171279567959372,0.0095641091050922,-0.007109316245434427,-0.0036689367445855714,-0.013808624600657904,-0.0003905617195981703,0.04409563266048,0.014923095703125,-0.006014052848622109,-0.014761359773957206
2024-07-09,0.0037749146426924174,-0.0163017109572845,0.010641996957648336,-0.009116784797635558,-0.009187549277986817,-0.021502397367015313,0.02961891676512285,-0.006163314232156325,-0.009474421740869099,-0.010878850924664563,-0.006530036926425287,-0.030590947332459595,-0.0019748816368461153,-0.03425592328199234,-0.01390571354759551,0.001284656857333033,-0.013946567639151253,0.00038395558908388416,0.0,-0.0024227317728984232,-0.0013570043381587737,-0.0006698584774111893,-0.008351244711464534,0.0004800223280543303,-0.009222877309296384,-0.009059241183630107
2024-07-10,0.018803591261473684,-0.0025971373583193458,-0.009835664281749201,0.007421891787769752,0.0022943832487678506,-0.019191917663771596,0.0054376667675488655,0.020930341712403155,0.0018445133464812802,0.016032659871761057,0.007706350172137277,0.00979329164517595,-0.024870694009460848,0.012668244970071019,0.010576341521819188,0.008849018365775674,0.01986158592644327,0.0008446007742333173,-0.01179744709995878,0.0058285660669719075,0.010438571756174353,0.008210150285478335,0.019008720320391248,5.0476031360213724e-05,0.010202498635278667,-0.015471185857774739
2024-07-11,-0.023220950475743907,-0.012257520254688181,0.0051419751608436925,0.00806743001791732,-0.0105866255421877,-0.005870251817337135,0.017271487853064205,0.022778968423592172,0.021379794671020358,0.005978156617793218,0.002642911169554285,0.030172590466074123,0.006410935528023076,0.0007817998167962692,-0.009252250328267375,-0.04112669419973247,0.015343878831283186,-0.006034991316376304,-0.03674460099161303,0.006084621350569419,0.0022007073332743765,-0.009472816883047241,0.026682487418258516,0.012095064918532294,0.019093261027452568,0.010714258466448134
2024-07-12,0.013050975098311213,0.0025464607315286436,0.0030231162848166626,0.013469076224159826,0.004145021102658575,0.017222740319728924,0.03755785585887694,0.04157377166872234,-0.0017361689419912452,0.011510323134830358,0.02534899456236972,-0.0005228327190699433,0.00845495910639893,0.012187547758681916,0.0006122747495562741,-0.02697485020590773,0.007846519440611432,0.0037817799828279153,-0.007889687899038322,0.01382356087252301,0.014821460627918226,0.004082570673602737,0.009659576462423214,0.030237999340646082,0.029730782699861402,0.017314547409072345
2024-07-15,0.016743200909865585,0.011913128208767443,-0.0089257786403808,0.030334561919943104,-0.028703175721283003,-0.02244581193327211,0.01768594536899526,0.014255020443329824,0.02006560357032572,-0.00010589390169646329,0.00027355081122548697,-0.0256411799688121,0.008838882198444864,-0.00493979428845015,-0.015452802992809378,-0.005432283073070865,-0.012687461597396643,0.010841858829647943,0.013665757838831505,-0.017611930564969014,-0.015145846538490382,0.012309253422184252,-0.03234637476424851,-0.04305709951609682,0.012644976762546944,0.012938501358000343
2024-07-16,0.0017918265159464486,0.0014671050935131102,0.020467947339218417,0.04283202240493078,0.011365998263973331,-0.0004948587121035297,0.06334256204660593,0.011244055210845039,0.0278669976649768,0.005557914251556273,0.01602126800471848,0.017722961562482542,-0.0010586616613855737,-0.014117336662513247,0.022999342518387422,-0.012838508634354984,0.005743791318698621,0.004259738049549711,-0.00019792611091695722,-0.0008674947420429513,0.005492404046012478,0.006767484364463616,0.011299539346671494,0.03679524347143848,0.022060245293205716,0.014316315020148629
2024-07-17,-0.025295929737169875,-0.006089510547671373,0.02189122790170317,-0.007709782701306067,0.013583385939919257,-0.0030695181664349702,-0.007942634225833856,0.006254300919417144,-0.009855827543073015,0.02121385932850761,0.008826346662140772,-0.023746627111316476,0.01720290535732616,-0.003147092274362051,0.01959598712545052,-0.05675921654661531,0.012873749933442591,-0.005958657352488905,-0.013499535833577991,0.021801985050347694,0.031136098118440092,0.0031697929035505723,-0.008612663198554027,-0.022528705665900706,0.00033941229608491774,-0.001014221998745346
2024-07-18,-0.020534716422366706,-0.011081800372807704,-0.011888774065279217,-0.004946878076685035,-0.014943888248038606,-0.037544710624663136,-0.019861388166931837,0.004834271284922087,-0.012273260839929745,-0.0034020154639348155,-0.011896640954002002,-0.007567581953596747,-0.0054083123047664605,0.016574623160317214,-0.002980054307797575,0.030000772681541887,-0.005925004994824956,0.0019049408020861414,-0.0068266970588665155,-0.0008496449001411666,0.002825369506388231,-0.006918727944168479,-0.021131694181850125,-0.018353449899147334,-0.01777701780625751,0.0008460753476957628
2024-07-19,0.0005797872767689949,-0.010505478750864494,0.005675250112591845,-0.02359364268732944,0.004306428561262621,0.023529347641989107,-0.014137630035126247,-0.03917529000305686,-0.0010110571657940826,-0.011327342005005958,-0.010635887400000987,-0.001634084263267388,-0.011209592520314393,-0.013509337016806677,-0.007023199318816675,0.0019754196517005607,-0.0009613688447754898,-0.010824897950630907,-0.015084616941612339,-0.008126215101118217,-0.005928181321864678,-0.0013166150401852095,-0.011033752096866745,-0.005596209088264081,0.002901155198943073,-0.004733771543042775
2024-07-22,-0.0015602987539841129,0.006932862657384353,0.004063237416489729,0.004765964108547793,-0.01919884276814665,0.018753770810842285,-0.0058954579633540005,0.010014419027897903,0.0036564986380811515,0.0007325175215491253,0.004911309429122879,0.008183353981800146,0.009578670264670297,0.011333154122489475,0.0013544793037756353,0.022252901119246937,0.010103896762740039,0.015274592175428925,0.022357665304552965,0.01552817057078193,-0.01003775457632905,-0.025322618302563882,0.013582290366722649,0.0019185510443011644,0.0,-0.003906905833350627
2024-07-23,0.00468827999410637,-0.01587901921757029,-0.00011243956022555235,-0.010636339574849774,-0.004272854606343857,-0.010688963784736827,-0.025645111232146633,-0.020538205299501455,-0.021565829574225592,-0.00705744013344467,-0.0002715024275433686,-0.02110406237422391,-0.013885698698124505,-0.004357940742168553,-0.007965091367824972,0.002646711331442342,-0.002286298665986175,0.0010098258391637582,-0.007320448238417043,-0.014071314401289836,-0.008231062065324868,-0.004959512059436788,-0.015075272139621898,-0.0060765562877374,-0.12054001722549801,0.013301480003674149
2024-07-24,-0.02875424951399197,-0.027417137910543343,-0.013715423639101276,-0.02362186652597187,0.001397240563009161,-0.0016005310709718001,-0.008718581773516032,-0.011569103399364011,-0.00837753420277998,0.011372060052856181,-0.000434556888593729,-0.032614646417549076,-0.02098614514038477,-0.007972475602309403,0.005908146772075407,-0.056109162051953265,-0.01413158938632697,-0.015004536654357081,-0.010532732946031631,-0.003234899278595438,0.011366509436915972,0.0018691422804530955,-0.03207009117533355,-0.05055363035624483,0.006657340557692626,-0.02120495389364918
2024-07-25,-0.004804624361154031,0.0020903254606974286,-0.004331563031898522,0.024580147068729463,-0.004982692470694938,0.0010020145341869124,0.002821141526348603,-0.1836137907468437,0.0010391140143295452,0.0029671911122965966,0.0432561567524119,-0.007428553901870361,-0.006590351751843304,-0.007878993467828721,-0.00015068512920290988,-0.01703989939328676,0.0013558466971397287,-0.012672745895526139,-0.0029874468093273876,-0.045341727882793115,0.016947102861260888,-0.009893050782619706,-0.004769022840041992,-0.0170720429876694,-0.011281337532994873,0.024931237392428862
2024-07-26,0.0021612035653488793,0.019336611021814276,0.0,0.01794958826306936,0.015323039938540894,0.008208120755160087,0.0304484551265225,0.002688153844874197,0.005191025560918439,0.004463517202370815,-0.0011980073019237647,0.029360861648469294,0.019972050970841648,0.000953038528063832,0.00045188092782910694,0.027105770146616415,0.22990635814129368,0.02089973536815881,-0.004289601750998351,-0.0036996813373060267,0.010115843118526868,0.0022267087420384524,0.029508047445968355,0.016955694657550424,0.01377076931319765,0.00805233244961534
2024-07-29,0.0012846046920693688,-0.010747763925234244,-0.021408118090187833,-0.016976718434855154,0.0020714415211051662,9.931750326597211e-05,0.02569453127282917,-0.01608568228057583,-0.0030318528179408277,-0.00501216021942219,-0.001303791269626653,0.024049301202893947,0.007120291910154952,-0.017772128637016604,0.010238109036276422,2.135463242614044e-05,-0.015728216693585262,0.0043434165653133405,-0.006984840661456659,-0.004315604888248559,0.002662845720704965,0.007633966887589327,-0.011268916388029626,-0.007713977614439926,-0.0017076141729902572,0.0038275843177282276
2024-07-30,0.002565842676882646,0.003913525052497757,-0.001520832748734935,-0.00815601818191869,-0.02126199234561499,-0.012806459738968767,0.010176886207166502,-0.015440631407945826,0.005514114715180929,0.007322520210981676,-0.002402104415558104,-0.002730801131245353,0.013936168235647806,-0.004361863235364805,-0.0007452056228071102,-0.005410976943025725,0.012703694037363489,-0.0002277363369592722,-0.006986087331111279,0.009273249963946073,-0.00017339458313814227,-0.008537208467835677,-0.014618455555990728,0.002509515464648615,0.003265597483379068,0.012102114488222737
2024-07-31,0.014990858974981203,0.024020348450215057,0.013708245253856832,0.013110285522468068,-0.014281332540672875,0.0017095757008460666,0.009609466504035602,-0.0018448400781824192,0.004553333089090783,0.018095552084202104,0.005757968350162956,0.003833634559843757,0.036339136516643,-0.007626251833652287,0.019388474476934148,0.025130053012552223,0.00631161256763435,0.009081109581693392,0.009267879946038615,0.008588890542066574,-0.0029448370559821413,0.039461396599789866,0.00804640568342574,-0.00718304394097824,0.010385171666668525,-0.010646973289183181
2024-08-01,-0.01675070665527678,-0.009498868916206438,-0.009824296058451032,-0.04240328797395554,0.02040606168313941,-0.024997483458886083,-0.0764507152118229,-0.012014970334638053,-0.01462386267375404,0.010836547515944872,-0.012907313691298383,-0.025095428061761793,-0.00280334949764649,-0.028286389045589888,-0.0005851910724843368,0.048248769021249416,-0.008467228871589683,-0.0008523216104968645,-0.005570119825267672,-0.0010893021548973314,0.013262356537416364,0.026278527725352774,-0.02344737703933253,-0.04094385113772048,0.001610954384036356,-0.023675501143209154
2024-08-02,0.006869477461282525,-0.03704176576041618,-0.038636555198002354,-0.03212486381903412,-0.014798545496160664,-0.016680472908841337,-0.013464118606141606,-0.06173983119946591,-0.018567469427701155,-0.002705029084529298,-0.00284722636643997,-0.03325837718008584,-0.0008434157825770727,-0.019014005031887438,0.03469467074720911,-0.019287067385626577,-0.00972569948005464,0.029404374466698302,-0.017940340662810472,0.034397373200766745,0.017603916755007498,0.009033945307209468,-0.02605351309295223,-0.025546512729130333,-0.019298578524375443,-0.008139724136003723
2024-08-05,-0.048167088239323474,-0.03202382525271241,-0.025862176191896236,-0.012684299046960112,0.014107494666049991,-0.03455500874040296,-0.06571184181044576,-0.031904427251214895,-0.03150884178673208,-0.015370753884054178,-0.03072110255130378,-0.011661529020139838,-0.04333146765243667,-0.023670679420415897,-0.023627550067681247,-0.025423053125613104,-0.005030339831827102,-0.0259810908775856,-0.0245909476219498,-0.020028670081597477,-0.022466924162045765,-0.01001274642521166,-0.033307177019050505,-0.040262779957001005,-0.01593009645173482,-0.04889725642467335
2024-08-06,-0.009748152083675299,0.009581412103660147,0.022061650792227105,0.03042952541388355,0.014011155595440972,0.012689922204910165,-0.02651039135216049,0.007209088577932787,0.009325928715786302,0.017192070295096507,0.019038781726245402,0.03303821142294927,0.014253326906348507,-0.005973235311010239,-0.007969977313319165,0.03859320841704239,0.002247059075378699,0.008032394876746451,0.018411180329354515,0.0038137568499692076,-0.008905932935480365,0.016000461787348597,0.005968445673029343,-0.002627674635694577,-0.01206144010417376,0.0035951961010132205
2024-08-07,0.012498225875941849,-0.0011279989810856206,-0.015853753415986716,-0.0019607828134388106,0.0026647928138248123,-0.019278089597843606,-0.01148571576773827,0.014538119663099813,-0.026598716054025084,0.0021566234340981705,0.0,-0.018846183634943614,0.003435280067693114,0.022269324362602205,0.01402284424427025,-0.010463626572601914,-0.01649448600817427,0.0036986039640549695,0.003133324722306874,0.0022405812875079256,-0.004058203456674403,0.0038447963741865543,-0.021305244243526644,-0.015654725993913154,-0.009477990892716393,-0.001970277749308136
2024-08-08,0.016633276293891663,0.032358543816806584,0.023048181500688214,0.03179879821949494,0.0061028994794238844,0.0014195387936537518,0.01630432762243994,0.03684739802214554,0.0017617367496760572,0.0114101356098113,0.03110281795464731,0.02910325348064169,0.012759991404874604,0.0034578516808021487,0.012388437133875385,0.04235861079998804,0.01872497798219852,0.019389576063449487,0.030859571438579758,9.722998158201435e-05,0.0033760910286877444,0.015845611937243653,0.045191481717250515,0.018051065441594627,0.023435036420441868,0.008793931317924386
2024-08-09,0.013735920414608804,0.011428782570539697,0.0141718015820671,0.0062470522914899185,0.0003914655312993176,-0.027807848042528227,0.013645614691375041,-0.002961379532029018,-0.004342651309247159,-0.0029686703866979025,0.0026709415571233297,-0.009049738893188164,0.0026340315660122737,-0.003962811281038703,-0.007968263982216173,0.015972523989562504,-0.007671979196428591,-0.0034449577235777795,0.005695267082366895,-0.0007776048527388113,0.00011609682475177685,0.003047503825271969,0.007909366041133348,-0.015101868316611866,-0.0030901884740449637,0.0030244082264989647
2024-08-12,0.007129923557630757,-0.010013043519330633,-0.030216235663839797,-0.006592610977617985,-0.014083115720954331,-0.03309055116021542,-0.03238134536048998,-0.023762560217916673,0.006272115258025179,-0.014044723041836904,-0.010289894431218194,0.015411127669757718,-0.0023862706010071566,-0.0057083239369863925,-0.006310959841089425,-0.0035151335224322677,-0.00652334842507285,0.004869086009222645,-0.0012619779440290468,-0.007781222665354082,-0.005626833562432765,0.003861888189234275,-0.019356423133680023,-0.0050284805141525,-0.0076299541425960404,-0.018801017261606323
2024-08-13,0.01719303512501158,0.008080119952770248,0.023891634937894146,0.008243211677692708,-0.00624953857626509,0.0663571711797919,0.01645046103762504,0.02839755761517515,0.014150194587586373,0.003976442406804059,0.00796920995880046,0.025857230944405396,0.008053711528285046,-0.0006959325144563211,0.015300266850657884,0.024401587675525915,0.01613165426980001,-0.0018413384894926388,0.02350195527789478,0.00529358966867477,0.005541933753433703,0.0019493716676250994,0.019738489692181727,0.03434724749618767,0.013054622485932255,0.02404197104829553
2024-08-14,0.0020337303827382414,0.008538559049310335,-0.002766442380743306,-0.0035713387212130687,0.0029947827756289236,-0.003154745376107382,-0.04744286861854896,0.0039447870256239526,0.0008123128729324858,0.005765600684215055,0.006963735735045162,-0.010411136150768607,0.0017416604948736758,0.014449922716845531,0.012226405037145671,-0.0033677788490340532,0.006541711731008482,0.01599509699699353,0.021079554231074882,0.006338286778073909,0.007774239813565398,0.00593851491937003,-0.007062496823211584,-0.00757030336622988,-0.0005534110102899392,0.006178260630076204
2024-08-15,0.013530569226876787,0.026621455940516903,0.013870383168857803,0.023845612528079485,-0.002056072279506993,0.03830632655942301,0.043300961985171416,0.027505007781530866,0.00299998781401678,-0.019690021250656775,0.008475328459388587,0.04152829982118744,0.0185803438053751,0.022653041975681187,-0.012921319594867309,0.020066117124060145,0.007846624457120699,0.008002961051791102,0.002327398898529731,-0.008333308174297782,-0.006850632716959959,-0.009466117938123575,0.032666061660761914,0.11168515837515347,0.016848772348706076,0.01491225393194906
2024-08-16,0.005918521088720485,-0.0012630850400529026,0.014037708271450233,-0.006249416804503305,0.00020005870779704615,-0.0017868425880003258,0.0033500894604379106,0.004779953193095432,0.004293244290248133,-0.009217057555081176,-0.0008764143667348012,0.009569340283572147,0.00036285477507269626,0.008390685452579483,-0.0022767123265696743,-0.018443240770582348,-0.0008650593659247363,-0.0013508660920017457,0.016359565565549294,0.008794227713991187,0.0005796021171979859,0.009916179932209612,0.030612268496290618,0.031246647279355333,0.008556800610595605,0.003802959835885522
2024-08-19,-0.0007078936088067422,0.017453786653100822,-0.00234624764525182,0.0034063281130056744,0.0014999063435467974,-0.022322890015810448,0.017992973909267906,0.01998096588622489,0.010581734582278957,0.019019002679929287,0.004902410385452471,0.019484073842979566,-0.0040521621680270625,0.010151445268992587,0.010981177765193584,0.0035268238693615395,0.0002360504877205738,0.0025393881707946875,0.021451766066753697,0.0070709734846834404,0.006951761983914784,0.005189300014014631,0.004455302532954564,-0.0004506890299895705,0.007264557667013394,0.030136042865451795
2024-08-20,0.0027446991508923713,-0.0015449551156613284,-0.0035279909842951263,-0.003917014977131039,0.014676476409675843,-0.020247771700866335,-0.011297425920464232,-0.0037313566002750154,6.929956698198403e-05,0.0037533846413857486,0.006676011019189687,-0.019628330379755865,0.004582462671588239,0.004283377573367941,0.0012696451661529107,-0.004817856514886976,0.004878881578501915,0.009326736099158017,0.014538211796514044,0.0036548211661187047,0.011678879941743103,-0.006883267580589769,-0.004928572989590041,-0.02124332948997132,-0.0005428922495498423,-0.011534580913224013
2024-08-21,-0.0004856079512923772,0.006296092534181952,0.02714208828176501,-0.0009612093066233562,0.007379680924645582,0.005936137712502454,0.0070033372626263635,0.0159176848936029,0.01067798283488508,-0.0022233199368543177,0.006019498059896655,0.01633323665636155,-0.002387385267616615,0.014763865113596841,0.0016906379815628814,0.016004368122727097,0.011981191563161575,-0.0015479263580594482,-0.002032786935379338,0.0042165952062316325,-0.0036394490856458406,-0.003873189750821071,0.019068920585826987,0.03216373398560979,-0.0076038936203707275,0.018603051822271066
2024-08-22,-0.008259685489591773,-0.014758083229134078,-0.014820926010768232,-0.001778705511310652,0.002539593002656826,-0.0007650206476325083,-0.015556341208197821,0.0064515130598892245,0.009467622400364473,-0.00967239221671612,-0.006338381918652658,-0.01814414648489804,0.0017521982194987906,-0.004041426775671431,-0.0037975718644888135,-0.00603567376045977,-0.004875026825289175,-0.0029597069212062843,-0.011705219851266602,-0.05019561019426444,0.003024746482248819,0.005013799861263379,-0.023815505787354918,-0.017483995136351238,-0.00828782126901828,0.12966962365347934
2024-08-23,0.010288105431222272,0.0015427406497490193,0.02798849325467656,0.017671650578509723,-0.004676456659930994,0.02471569719747202,0.029931224817785873,0.03205137313255624,0.00985469507536485,0.00393746235964465,0.0007143305157868429,0.029566829256323146,-0.0050766696016190105,0.007790939873470126,0.005647356987360741,-0.007388069614362336,0.015163322337493845,0.01399428131932301,-0.003236867018362677,0.056666310239547046,0.0007397881508175441,0.010893906426361566,0.03709255196486705,0.011729770791190086,0.008908805365022587,0.030864174689360535
2024-08-26,0.0014988911986750786,0.0020419392322470475,0.008394715061545543,0.007892864654281073,-0.003426126746086111,0.00853780840147067,-0.004332160141813035,-0.014197033009073046,0.00020177046387370723,0.00040741859691895144,0.00958694172858543,-0.026153746744675632,0.004716601978893342,0.003543224394209732,0.002246234767201205,-0.013030295314527929,0.015402198887431995,-0.0003949186745489941,0.0024901381574511383,0.0033279368475511717,0.0005686542460072719,0.00931619667496486,-0.02376389377717736,-0.009692283030009907,0.010080519932736731,0.01682350036276059
2024-08-27,0.003741518211471506,0.01497927364193119,-0.00011252809688844234,-0.0001138942948916144,-0.006482539869228199,-0.017248626413615575,0.004169679892541245,0.002700351390040101,-0.007872469279903593,-0.026882614503101254,0.003788302931512666,0.016324423025903867,0.013549806719407753,0.004012240037314596,-0.0019612337397626467,-0.0038765648414604836,-0.0034129117790435703,0.004950712084222708,0.010574586128851537,0.010235009716343724,-0.0038075499920071643,0.017961421137459466,-0.01008101328241029,-0.009680529032105811,-0.010521309958526182,0.008132386897595323
2024-08-28,-0.006753530746548497,-0.01282101582010331,-0.012263569524936457,-0.008316208710838269,0.004152204279047833,-0.005168416831871081,-0.0028886053290336777,-0.008976739638013154,0.004171013710360105,0.002406645937665708,-0.001358642107465946,-0.02487036822916744,-0.0067159767961190164,-0.006713569857316415,0.0,-0.004468870871285002,0.0015982858900580599,0.0065917648002433715,-0.017075776671874543,0.0009380619882375374,-0.007872147123951567,-0.012841145394482889,0.010928807673250773,-0.01219873085994816,-0.00555134179384531,-0.01682891597766023
2024-08-29,0.014570203763614176,0.016216554058210875,0.14113214764397752,0.009879339690432642,-0.00787648330700852,-0.019699290293147764,0.004888655803033215,0.00634057822785139,0.0004053996668449411,0.0005743546164140856,0.0022169882929197193,0.01168975097557401,0.01907587636875241,0.0038622449547751625,-0.00729796084991885,0.0027863233527301023,0.009877467629754388,0.004457670444687478,0.01263451069190702,0.006935429745904109,-0.010522104230011209,-0.006603537704564788,-0.004422560355160643,0.0020718042442411377,-0.0016509461894183008,-0.010609703976480422
2024-08-30,-0.0034379069042266286,0.008391356179880516,0.002195957854635555,0.01268352149961216,0.011015149050125572,0.01946414440622246,-0.007387384638055994,0.007200745729345925,0.008506307718643358,0.007094406715948631,0.01623938787434298,0.012079782366964498,0.005282936687164286,-0.0006412664564524606,0.01526929442530034,0.005962648835225348,0.013392755367467313,0.011186024857943622,0.012809048976507809,-0.004839998525609901,0.004590543401179037,-0.003560171187242167,0.011105661612186069,-0.04010008915835561,0.012364035321410949,-0.012296262229502308
2024-09-02,,,,,,,,,,,,,,-0.006095584682241029,,,,,,,,,,,,
2024-09-03,,,,,,,,,,,,,,-0.017107751061292253,,,,,,,,,,,,
2024-09-04,-0.008618762157690418,0.007372552071047256,-0.009708726649100274,-0.01025729260294661,0.00883268018367711,-0.001296640954013828,0.014791844377622931,-0.00273232241598087,-0.0021808631257448363,0.006841022652048334,0.01406003836967007,-0.006250078901964273,0.0021156130980375387,-0.016584639252976374,0.041799304178994134,0.0019148956715633325,0.009934656426415334,-0.006630842013420346,0.0064562674531500885,-0.018368340780777537,0.005519695157187643,-0.008627125686923476,-0.009141106010489564,0.0031215877170316375,0.011137249499325819,-0.009298261987836898
2024-09-05,0.0069277078032163875,-0.01272491494866368,-0.005502227619819555,-0.009473159736155257,-0.00687246484283599,-0.025322152884728277,0.0,-0.01643826841776308,-0.02571354492239153,-0.0029694690890960107,-0.0074470206044598974,-0.013102673092295958,-0.011963420064081687,0.002504618575610129,-0.002657062612788197,0.00803536783044101,-0.005675234117292316,-0.0003200776483086587,0.005796804068651129,-0.006458970293643063,0.004369424925389165,-0.008148948797868094,0.00412717912521976,0.01072456436862601,-0.011790223975044145,-0.01407829667255922
2024-09-06,-0.007014917882309679,-0.007958761800823555,-0.009153896486346791,-0.012591400938320119,-0.0029386447338510813,-0.02853327304971065,-0.042828883951512964,-0.01764173152747328,-0.007956290142133837,0.008581511178902712,-0.009131739585858778,-0.011683542954480486,-0.00259756029820013,-0.026482362047666075,0.003196840960755676,-0.03209768344299069,-0.021308865552159828,-0.01328569901873955,-0.026110939490715968,-0.005544961660131964,-0.003400010253567065,-0.0211989139516382,-0.015849726784548768,0.01047335634553459,0.0010989278189259544,-0.0007437609588138994
2024-09-09,0.00040754709835377767,0.011483701117625644,-0.004162597853391459,0.014209444650887582,0.003993260293909451,-0.006742942456354872,-0.0157924454648527,0.007561463636107879,0.005822473806589734,0.01726740676866534,0.013898649101627747,0.011821661848480547,0.023040403305166768,-0.0035928224602175263,0.005311410341815259,0.009035114666992694,-0.0010886623462000866,0.01707978926649867,0.01449443933286898,-0.004422222236235229,0.004793097749858033,0.01191715730733467,0.023042688860807292,0.03803153275552584,0.010506457913413758,-0.008782434721717358
2024-09-10,-0.0036214743687437156,0.008071831870787305,-0.017534847534527387,0.00035928806378504596,0.0032197291275710693,-0.020480955716706495,0.00439356950597225,-0.0318948976737351,0.0019415691171902338,-0.002066519802588984,0.008794685494501575,0.021242611947650092,0.0019093172122639501,-0.0487637557756454,-0.007660764642696716,0.0,0.012688749014262646,-0.0017545188773627762,-0.0026650129647295406,0.010235695247339693,-0.0021326187089787396,0.006144503250571809,-0.002906480096143804,-0.021149480224638584,0.007371193463898917,0.0016519089412980748
2024-09-11,0.011585091506389533,0.010270200206538682,0.012763285323086127,0.0025136459873043027,-0.02529737354072714,-0.007165618415491348,-0.012552370466437757,0.012596969074109898,0.0035581240964768224,-0.02075629372871035,0.022257977279545704,0.003120216624474148,0.00032783763564681045,0.005054109769031534,-0.010382026238995201,0.01394627995527875,0.0010761932771923277,-0.005044347903182866,0.011653508918968658,-0.01137456291394201,-0.01141670873367362,0.01038152215190502,0.014087971243668118,-0.003212884088437118,-0.010244185390251626,0.008995594167436227
2024-09-12,0.0004941426797115955,0.010630936383485556,0.001536861726647576,0.013671699340977783,0.0028084594422217446,-0.0037861080858725416,-0.0034668046384134232,0.01626792214706274,0.004002072796406075,-0.0008055236743561567,0.00819488434830018,-0.002592213784010089,0.008050263668382796,-0.00017956776906724592,0.0004035561462922832,0.02690334477743961,0.013821766511030065,0.008970081976065636,0.007821284965211062,0.0005801191471821454,0.008362857749114161,0.01949244488887092,0.006946081955023997,0.0020950813990641137,-0.000622611644248372,-0.011144130252463746
2024-09-13,-0.0012120080370838782,-0.0846986509414378,0.007161044300712849,0.016873727057615584,0.004731950020537612,0.004275687115540494,0.07557015308407644,0.006591234769521392,0.0013286332084017083,0.011941981521269351,0.01502750689825083,0.03586285594105765,0.002540066301989663,0.019220468983937256,0.011831139498531984,-0.0018642981989468455,0.008710039251004886,0.006699775178648837,0.014938860978502166,-0.003478617597509337,0.0006205413394217985,0.0020749444455339106,0.017126656004379015,0.014098879476093673,-0.009188530685327989,0.015627246257584382
2024-09-16,-0.02777528083677039,-0.02862889574194316,0.003453674612501123,0.007674300158744707,0.011341738006481528,0.006740753257892029,-0.03180593727280612,0.01029000236306099,0.021824181927509345,-9.973286355913213e-05,0.011034155034331805,-0.022579038595972767,0.00881705487631268,-0.003524887836127144,0.003587661014076593,0.01747676946791188,0.01073727715646755,0.003214351762334866,-0.0008033706543147945,-0.003296772054134589,-0.0008457507262167319,0.01488924941919767,0.011693107833493865,0.028942253827300757,0.013124726402383269,0.00044394748213028024
2024-09-17,0.002172654542953012,-0.012406463476749785,0.006984658352082951,0.01646753304552151,-0.01330543699934672,0.03488781895426629,0.003897533042124035,0.009259242859085637,0.01609553568197053,-0.007619050828792107,-0.013952998157259477,0.011293590365073491,0.006590229070566611,0.011142579212177095,-0.005693296367420997,0.005700761868814963,-0.007725983531244429,-0.00963482514864189,0.014946164298706321,-0.009047592990568232,-0.0019187184294827686,-0.015302365718546596,0.0004623689660985253,0.019805264162561897,0.013497760286928395,0.007246344925567083
2024-09-18,0.017989782608479832,-0.013397324469570204,-0.004121590865422742,0.004043058515815101,-0.011654714624612428,-0.0011350746871860995,-0.0016638963271214946,0.007339573158372081,0.0027913730871391707,-0.008279789396092974,0.003782790679760284,0.004061101384361887,-0.012435339092348285,0.007696302381072551,-0.0006656621687290976,0.0030392575145807843,-0.0015722022973947425,-0.005308708175962962,-0.02325621051865867,-0.006283099447741525,-0.009385176670096751,-0.029699222324760965,-0.003465803398891132,0.01440806352821955,0.0,-0.03039200816729426
2024-09-19,0.037065445246280415,0.03603408061450031,0.003362872731635047,0.05122213561224065,-0.010038126266067038,-0.006363694811200693,0.0012962906448930056,-0.00546464483196174,0.007445353118822551,-0.010676408441947838,-0.004884915010346158,0.007077827748552368,-0.0035370208745739706,0.024301366418173043,-0.003597914299853122,0.039315727556487934,0.003599062209552528,0.005108012371947357,0.020058832317067843,-0.0042481591094515325,-0.0031392925242814673,0.015049950379365518,-0.007187595229678934,0.0014153936295464575,0.011328150012118954,0.013173875447016758
2024-09-20,-0.0029273985413788006,-0.007864171850995083,-0.011781464038818301,-0.012027637698390659,0.017917003832330414,-0.027790356640285063,-0.0029591242521761485,-0.0036628222134201804,-0.15230209057928168,-0.00046053318006400445,0.01781271429990161,0.01204804374531876,-0.0005476617027931896,-0.06812403931963984,-0.006686077314654093,0.004024315037163051,0.006948967901140746,0.008568559142149157,-0.004671206043808107,-0.03661084802745829,-0.019924367940926113,-0.0010018081549124647,-0.0058383618561331785,-0.0031738916218507773,-0.026716167793025325,0.009266104965685473
2024-09-23,-0.007581022927789394,0.010664383408767408,0.005755442650540621,0.006371762533182945,0.001160539923613868,0.019879927315707313,0.017065516346625342,0.0027572402709066246,0.01629763503685777,-0.0014837353092065353,0.012861755928312402,0.012896874783570711,0.00892958099538066,0.020003608992085198,0.003904068667897498,0.005451205672968529,0.006455429346336361,0.010258287382806097,0.006190972668127959,0.006900160547202994,0.005432868415298664,0.015142488663506315,0.036410549247970936,-0.02032291044816903,0.001088673448325972,0.018658406027052266
2024-09-24,0.003974067552903193,-0.007198719056053071,0.011445014178343094,0.039766002673245815,-0.0036707453479154495,0.06089968539767199,0.003465231084514908,-0.003666374082761159,0.03222688698963516,-0.009224141113025608,0.002131446111344859,0.012732565120588069,-0.019571941878267163,0.013193097491347006,-0.005498132606785888,-0.0019134152696819173,0.011648372355307357,0.006754529780891527,0.023944813359600747,0.01636493226165414,-0.012724432153733423,-0.005038149095590083,0.029011882489115903,0.02198863432519338,0.006058832449666873,0.009303668863652748
2024-09-25,-0.004398159573497096,-0.011773203625330075,-0.011517621274615308,-0.019899983132316668,-0.0019391090287198542,-0.004022676313784612,-0.0072701112786425215,-0.041398319691852925,-0.012578306138903983,-0.012103123455793119,0.0011766915827564617,0.009671336144267517,0.004185556685491587,-0.016716467818506664,-0.0013485250432686557,0.008840205340986396,-0.004518265963410872,0.0007998210803275008,-0.0009691758762142566,-0.004729823391762644,-0.0030603749857344154,0.009283183768730163,0.007268617498398022,-0.0005962490295030598,0.01536425440646938,-0.021316482074439258
2024-09-26,0.005080135478428893,-0.004865841692324846,0.022076920022060742,0.03360216684648609,-0.0002915640007973286,0.10009821615275594,0.02068841249016562,0.024951950167900305,0.009705550732284074,-0.0025130651886815514,0.009944391026069477,0.027777665849461952,0.0037182652908107627,0.03274868340449455,0.0035107474234259417,-0.0008269566946854656,0.02079048051738641,-0.005283327250457104,-0.01403903366498438,0.017593536545743804,0.0017119832440866123,-0.0002950096708289607,0.027990300731837836,0.009570863353234316,0.013839265260543687,0.013980936281135392
2024-09-27,0.0011867047446432188,0.00019398421551142242,0.022600068339313495,0.0003069792008814076,0.014381554812065156,-0.009029507328593422,0.02493272447799888,0.009363379175063802,0.004580782750010615,0.014906627210667267,-0.011592006247033049,0.008853833247735476,0.004824279720483382,0.030843882203562822,-0.0016146595746755477,-0.000845353912432234,-0.015347056752516908,-0.003905184862506572,-0.005734888102817637,0.002981007665320279,0.00182704807607581,0.009495532990591471,0.019783007274492226,-0.005170952849434585,0.006975047817537661,0.009433984201506318
2024-09-30,0.022872009194074838,0.00446195568261154,0.010170040370863775,0.00010234822106092167,0.0031612365826114708,-0.0018022504741866952,-0.02817641980309915,-0.02040818539631839,0.02291151596122254,-0.00817136141744712,0.001086844026989775,0.00692828573342541,0.0003241052751896678,-0.02437380706781056,-0.0008137362322514496,0.008953826373900187,-0.0043699569887923895,0.0073259399008838155,0.0027143753603833254,-0.002675014131713338,0.0002939639187071741,0.005751213516715037,-0.020024916504763235,-0.036855558744882444,0.015492209334321272,0.0027317728781453
2024-10-01,-0.029141532957444927,-0.028931284824268988,-0.018877186800998924,0.003247108060598247,-0.0022917481359493452,-0.02457632147759825,-0.058166749743213786,0.0179924624579626,-0.015054041596399892,0.0001563647423972192,-0.00782513875165769,-0.00550456540590516,0.005224902326938841,-0.009303981734581912,-0.009230361504932727,0.007039861047677176,0.0026335742763039516,-0.0012233383808711862,-0.004427129049246692,-0.001986556313467558,0.007821225230966844,-0.001259909853249308,-0.014261291409126353,-0.025673289370201635,-0.022516982896321203,-0.015772849266067368
2024-10-02,0.002519675193235038,0.005986495303703876,-0.016181340146346423,0.004230326586368571,-0.011676895839128454,-0.0012339967306409516,-0.008795393712868194,-0.025116440738253143,-0.009756561312331491,0.00834164950017735,0.0017322399860273396,-0.028597857151898998,-0.0016319547840506488,-0.0026087236254963564,-0.009727238284340078,-0.0063488091674097635,-0.01189263501750093,0.000935283452607738,0.007024233562572757,-0.0040809098357712514,-0.010677910466660556,0.00960694180194599,-0.010580786678118015,-0.013847492766030922,-0.0019510471273060936,-0.015005809855123786
2024-10-03,-0.004894699725881857,-0.003973843489307738,-0.015244177635391876,-0.007511772055916355,-0.018593964409269192,-0.01760702540618353,-0.014274723693839642,-0.002862377707303132,-0.018169642213983872,-0.01251214714946891,0.013607589734428327,-0.0769229671708681,-0.001210677027840501,-0.010985126668314193,-0.015495271932778665,0.017388014109814165,-0.004799516825609196,-0.000867572368627112,-0.006033003522703306,-0.013092083882555006,-0.006016018272422263,-0.00024033090561570436,-0.0015277905719149887,-0.003102609518989774,-0.017216636787847017,-0.005916307088712935
2024-10-04,0.005007470980211481,0.006788434915841579,0.014461631086209792,0.015341783259770203,-0.0029602121820028193,0.004716367157175716,0.033268117684981835,0.011483191305333929,-0.004731320347239332,0.004450402800727504,0.014727054645046422,0.019547246546880892,0.005515541102096622,0.010578236027409371,0.004918415474095328,0.022598882542344656,0.0036356931131151793,0.0026497119710207073,0.018251286218979867,-0.006582356508040621,-0.0033228387631819567,0.001201793149298247,0.016393352996973976,0.024361414849022323,0.004054384850157744,0.021574238913681265
2024-10-07,-0.022530984093850126,-0.0392729257123019,-0.0179698855199224,0.0029212890531937763,-0.019299316985477488,0.001877805269071109,-0.030492436242716803,-0.007568616793505734,-0.0013033769129658923,-0.0224667259787672,0.004955688900729394,-0.008072723134391224,-0.012859197756597385,0.006106059379595408,-0.007131932869396507,-0.018726616428382137,-0.00310500290444804,-0.0024650003821332644,-0.024704735970161762,-0.0063199846613999355,-0.004524560216073059,0.0002401001277558823,-0.01763431038470642,-0.030879985343888694,-0.00038080884239044543,-0.007282260025219478
2024-10-08,0.01840412177767692,0.018345993567322694,0.005213529099580061,-0.02583808474328586,0.009990804661363262,-0.022178219370709962,-0.0070325611508507135,0.0,0.003454877827802516,0.0002666286529651174,0.006604511306979699,-0.01983705426056437,0.011723989520241673,-0.021328230130255532,-0.0021126750245770154,0.01386840017124169,-0.0011864703955204448,0.019412643449591815,0.028265345362919136,-0.004924143975466366,0.019197329859823142,0.013632088220417282,-0.009194667110187238,-0.014837492519271689,-0.0018292014893332986,0.0023473595087817323
2024-10-09,0.016698384008903222,-0.0043527400141395445,0.003152583374156137,0.02121353614142807,0.005495654661137328,-0.0022362768993604565,-0.001377208479239389,0.012392823960547084,0.012394653464546712,-0.00325186504403574,0.024844737431936048,-0.019719899626004067,0.0071515365124983354,0.009922037596462818,0.0028229014728893276,-0.004014256729959809,0.0023755264361240425,0.018868348665037393,0.007855709567175406,0.004845387237502052,0.012439797080168402,0.004356715629487029,-0.009942381489681185,-0.012948538798858822,0.015577160481592411,0.02415107630634128
2024-10-10,-0.00217825702468466,0.019207458326315097,-0.011354429134780242,0.0011358968951731274,-0.004074268005677895,0.013233685596345968,-0.02186754988885453,0.005649586915797977,-0.0013979948534922348,0.0032090404361502234,-0.005463050564324501,-0.008999541353722273,-0.0038604516925567767,0.0035088096117477097,0.0012667579645380123,-0.011312161505748541,-0.01148039352378638,-0.004115339283065622,0.003931692776915963,0.0012310992408151034,0.0026081319626805044,-0.0030176310439474774,-0.00892646109443429,-0.00233462025122122,-0.001203091616559182,0.012576779163433693
2024-10-11,-0.0065053414127963505,-0.016184430720547427,-0.0008202183137593355,0.013563895816307792,0.01386952550919096,0.012218303230398853,0.0008055810594331803,0.0037453317686904075,0.0003404756687821475,-0.00847677638347577,0.0010298971989060046,0.022436025022846362,0.008513789185224718,0.010839137249002206,-0.006747232585218033,0.010482513492208856,0.009665790475137381,0.007124019938447468,-0.010269892876734854,0.004303759288579512,0.010520755755329292,0.0075195377240317995,0.019364908445036022,0.03237128201971684,0.013248987716784733,-0.0023994096345310023
2024-10-14,0.01647993322955732,0.028723063427121165,-0.005439422964663265,-0.020073606771406682,0.015254439106456852,-0.01727365475116094,-0.0016099420118401708,0.018656683865994284,0.011688786078122293,0.00010752297816285505,0.008574057806763458,-0.005224534957883664,0.008760342880362204,-0.001037683659305566,-0.0018399611986518183,0.0007965189357250768,0.007495305821806353,0.010791919606595979,-0.013544684983870736,-0.003469077542265442,0.007379649458568727,0.013471618970240185,0.007068743618015683,-0.003400019681853994,-0.00022281128535361905,-0.039473696993221896
2024-10-15,0.011024618277751363,-0.0031786424734393526,0.006810586842132871,-0.015128721452603244,0.01153544254084271,-0.03187220459779605,0.03426729977876142,-0.007325936385993326,-0.005720856162543031,-0.008978546230776208,-0.009776231445157824,0.014705927221878357,0.00112499085348583,-0.008483347444854683,0.01800661260874703,-0.007028863244167294,-0.00022087809102122602,0.0008879385614162238,-0.009845770672608722,-0.0035834864963832924,-0.0011358582982847754,0.0051873141694351865,-0.008554454128272049,0.0004602591432503189,-0.005721973639800426,0.007806728296681831
2024-10-16,-0.008851884000882437,-0.010806429241514204,0.011376387097483232,0.014510621597652262,0.0029708230896738907,-0.0063436395722669126,0.023776990320661273,0.01752781066678244,0.02211172228646907,0.0026040007094827455,0.003047537997658001,-0.030020890481123885,0.013485023584540512,-0.008730590200723976,0.0015320251997918977,-0.016170133707807843,0.004567865848566388,0.006632739336539961,-0.00563759068132752,-0.005754181636814848,-0.00807268139551831,0.012578989969599608,0.0057521185030138255,0.010067935042958664,0.015246781721900193,0.007453992251960528
2024-10-17,0.0015963480057223922,-0.01136232314953256,-0.02432097290579549,0.0022103209280333047,0.0027707425438066036,0.0009907223358101014,-0.033885376368948394,0.0036262928730823596,0.009051064145133347,-0.004924096544901668,-0.003380759683910717,-0.012273270732529928,-0.0006029348660233635,0.002289950720779421,-0.010985956460543345,0.00024285533222689892,-0.004913939562815162,0.002245357337247622,-0.02044156155237098,0.021289778730151587,0.00108893620640238,0.009965387067645937,-0.006159213837959476,-0.003992364268078141,-0.003165498490989349,0.01842443982944597
2024-10-18,0.012276487203049857,-0.0038846139080627173,-0.0014540397070225142,-0.001597060882455481,-0.005812302042417117,-0.009896557269882256,0.01596061819292638,0.002710204793215709,0.0005104135395552767,0.009679185365972565,-0.0029198993985394273,0.008103804365000578,0.00502183466309547,0.0070298740999636955,0.006467968211007369,-0.0007974861433859282,-0.003979885695877705,-0.005066766444481896,0.11087036453117594,0.00364300886130553,0.0022327243267208363,0.005677024295210886,-0.0006639931628427131,-0.007532518518707065,0.0038400488308403258,0.004558400409335528
2024-10-21,0.006297964303881631,0.005677909867142672,-0.030892581347649717,-0.005019696539950491,-0.004121043329195162,-0.008662979438134322,0.004072906882842675,-0.019819839313142573,-0.0203716639734578,-0.005439335373235932,-0.0019380057064304346,-0.0005359035519605371,-0.002575926007979068,-0.005235658026809031,-0.01606589432386618,-0.0022724472789039663,-0.0022198437628698775,0.0039982798803746,0.01070835845619933,0.004738884355365736,-0.00028565159231164206,-0.0019712053491882653,-0.014175147524159715,0.0007589687983997617,-0.03384096873372966,0.02339764044842929
2024-10-22,-0.002621721458623383,-0.009242342292681949,0.006439824111014625,-0.005173212016364781,-0.01174102478979222,-0.018709379061545905,-0.0471315164213616,0.021139558378565404,0.003645685350735617,-0.006497928828269051,0.002157429005606115,-0.01823059796133608,-0.0038640325461695157,0.006666722698047911,0.013062668337673777,0.011909857309474692,-0.023064478288636114,-0.014504304033981508,-0.010141530222904316,-0.011841482750421073,-0.003656868456252793,-0.016878517717031416,-0.0130304682892316,-0.011348868642660492,0.0,0.0006928509495145452
2024-10-23,-0.021623077408411406,-0.01638576952868842,-0.004478971111423702,-0.007027745069514646,-0.001265963276133153,0.002283457082013607,0.006284158667891893,-0.004500394339305935,-0.006449601056387699,-0.00812149919479721,0.0021529221630962603,-0.028945817179752087,0.0013839585174970637,0.0026141018950094352,-0.011072291984627336,-0.03147717924262772,-0.02899872250066171,-0.006593239348053559,-0.0195619527391655,-0.001320181423153044,-0.008143606911139134,0.008858115103335562,-0.008877881094468965,0.005506641446182625,0.0006091951728881551,0.004430901265790599
2024-10-24,-0.000823286853178895,-0.004453340345021095,0.008248494445181942,0.0034479677145500265,0.0005849845947469845,0.009568242238945368,-0.02034646119967154,0.016274873411512347,0.017981774451517163,0.0012091046153086538,-0.061697066768336084,-0.016310507703407917,-0.006053717935823655,0.014427317666536377,-0.00864503704473163,0.007255763571495155,-0.011257848311353458,-0.003639509531467189,0.007019991866486608,-0.006202924863709436,-0.004567741323522778,0.05707173635264007,0.02135964543789237,0.00043595353631653566,0.05281189583451118,0.0016542975608970778
2024-10-25,0.003643102381711616,0.0017603208153560423,-0.015299629243323287,-0.002816025431998659,-0.017345409666870704,-0.015570344316952367,0.00020559986250456852,-0.015124631707852498,-0.002748741147020395,-0.005159219805970339,-0.017033859944371232,-0.0005718675306031207,-0.006384444467761541,-0.009767007095635605,-0.01029296868297358,0.009634078699570559,-0.013599963652492497,-0.006575300265894035,0.00017229458572343148,-0.003785993343155325,-0.0021491659004138075,-0.03082727886353498,0.13537217377395816,0.016667561520955276,-0.006649927740642325,-0.000412970096051013
2024-10-28,0.008599370511064741,-0.005540380114566479,-0.01230027562308933,0.012021653290869905,0.0020824459017863006,0.0168481249845287,0.0026727193615652123,0.02710041591481871,0.0122374939113703,0.00877195789773122,-0.008198472820939107,0.0102975573140196,0.0016752959215065033,-0.006229487509938236,0.00447762401596874,0.008565049786799284,0.044408724244566544,-0.01066364115496199,-0.0073673575392484425,0.0019515199757729196,-0.011351151634012568,0.00640579148833198,-0.00039615922163926953,0.018162333246732,-0.015207622797550613,0.016797484053955536
2024-10-29,0.001156808284072497,0.009042919562291196,-0.01715103434397436,-0.007936197574961779,-0.004156390960273981,0.00033825742651449886,-0.026450705421758647,-0.08443282076417757,-0.001488463747948754,-0.015477189020217219,-0.011648215994626177,-0.007986359202745708,-0.0037975259521639826,-0.008357920981734601,-0.005608096057256984,0.026152118241065114,-0.007828637323786691,0.001836513865161038,0.013776132600241242,-0.01988727554436409,-0.013777699524803344,-0.0077256778961481976,-0.02853182571068602,-0.0006314203400693552,-0.007610499382821989,0.022342607447136453
2024-10-30,-0.015278041486451066,0.0026576113813920887,0.004890499698194883,-0.021341564256466494,-0.0010930925152136117,-0.018028182525649084,0.010741409880949737,0.005763964426576784,-0.00349044579855462,-0.013998312006958225,-0.026279609098115775,0.0011500771825510014,0.014636100585232459,-0.009657619546446838,0.009255012085288561,-0.002494610877607495,-0.013228205614311817,-0.011413444297844966,-0.007505526348254188,-0.00700760781888321,-0.007701421001439224,-0.01451005090263513,-0.012849257485091026,-0.009819953196845699,-0.003797237359016603,-0.009536440009312863
2024-10-31,-0.018209362470878787,-0.01767076155367009,0.00022118041542307232,-0.008015892658111423,-0.006068377453744556,-0.20895007493115225,0.07188991097264763,-0.017192287110727844,-0.0008390955019720314,0.00045073015561758467,0.008882532039581337,-0.0183799821781776,-0.027448435540536886,-0.012411322974703265,-0.01877035180321518,-0.040925969278682306,0.007133845275834494,-0.008057524511808523,0.003038133510050889,-0.004423887246621794,-0.0007822200945075686,0.0017505456337236769,-0.01962804111537597,-0.018957152542944944,0.0019433825261707671,-0.0005349146319914011
2024-11-01,-0.013279547527440982,0.009872827462501732,0.005197411411243191,0.009117253598843078,0.04844368442070812,-0.0342326463284901,0.02585540176053036,-0.00680261640522517,0.0018255524627059927,0.009460342954105583,0.007401242032405442,0.005851211064209716,0.016993851985392716,0.0,0.00043794358146231893,-0.0007400640005704728,-0.009729849094401999,0.01010357489032021,9.263897561884171e-05,0.003597167859216599,-0.0029502049733777236,0.0005378174611121445,-0.010115974599860134,0.02349716150471215,-7.47811825152489e-05,0.011506564556224674
2024-11-04,-0.004037604306502018,-0.003003276151852141,0.021122037511244418,-0.008191960250492958,-0.017088409339496624,-0.0019525749824993444,-0.009475080455991103,0.013698521878172443,-0.011554474730747777,-0.0014503785366628552,-0.009267527619342908,-0.011052965209625953,-0.00492046560367887,0.008617511014285872,-0.002189343334819016,-0.011425366326706765,-0.01076876344082367,0.00945153939473431,-0.0007802950328514857,-0.0030571957502472102,0.004529134509970945,0.004344251085100392,0.03385142065402702,0.01654971561236973,-0.007832803688905265,-0.0007936185159354014
2024-11-05,0.006486148494016186,0.010532891367884156,0.00021552653131595711,0.01819290046735267,0.011460782831321126,-0.0088787335401328,0.008800441561969352,0.02316631149967585,0.01563545592709592,0.006201171044241782,0.006058512086695611,-0.007058884352621142,-3.9526700347014554e-05,-0.00498393891299409,0.010093427707213998,0.02095667985146088,0.005323798167471194,0.008533832240957828,0.011118268587680058,-0.011843015154426206,0.009077805504245973,0.012753588283842099,0.01770987891393716,-0.0025787711646642064,0.006315751081227505,0.02925601082456941
2024-11-06,-0.0032668598042842056,0.03784789407573652,-0.03705288992121869,0.08740903928000221,-0.008930291831959924,-0.039174185064026146,0.006637631174982506,0.05566013541599202,0.016846868952850702,-0.01826662705113058,0.029050294213626815,0.008886421387441779,0.030797571929257028,-0.06440077064196592,-0.03881237344880817,-0.0006638321306108308,0.05848873104817964,0.015235106714319269,0.02133765636733509,-0.026431244581028523,-0.01870721583416124,0.022368181212337968,0.006879810547208098,0.012065485552747113,0.0005978340248187219,0.024951799889469495
2024-11-07,0.02137210678805812,-0.007745128555218139,0.007941810928518755,-0.020797400990911763,0.006782316442840219,0.04788231858490355,0.0062169933114877285,-0.007246326573039363,0.011247650338122916,-0.02245221770487693,0.00042127812190462244,0.002348777318722961,-0.006236245357706616,0.028107139843185802,-0.009793676159520426,0.03435018792303057,-0.006347050399385545,0.0017479275413714301,0.02093020504149612,-0.0012090615813021843,-0.004310706949861909,-0.0030148541163689258,0.03597280231047795,0.014785980451519576,0.0017173169464625992,0.0062743127705089385
2024-11-08,-0.0011881973656511224,-0.012457120068438576,-0.010098860992030168,-0.036353784382038734,0.024444156852594823,-0.03634437044202521,-0.0018722799926377265,0.0009124502196604656,0.010839956984757038,0.016314615100283092,0.00014054143081354553,-0.008201573706877907,0.013284703457606906,-0.02622280112514841,0.007303867414750309,-0.003988540499528903,0.009543812307816868,0.07373123949778027,-0.0018831637726069994,-0.004512039519280031,0.0067683997469307755,0.016501751539005793,0.012997077467615803,-0.02034277526659234,-0.012746841551641852,0.01583734386333724
2024-11-11,-0.012028588279958119,0.01981082407949719,0.0010090907880211386,0.008058536852328935,0.011836562908255743,0.010798241538401587,0.012943136539754097,0.023701027391466623,0.012260909241855078,0.016166738061015096,-0.0007017857695734708,0.0023626509469807377,0.010214189809351737,0.00935825343326857,-0.0015105931896088887,-0.01046942637159054,-0.009974691639078603,-0.015140743904857756,0.013081114714605935,-0.010170141053208015,-0.0051480335923812515,0.012791772398087264,-0.013404798248846661,-0.012251469400041182,-0.00626701712115485,0.050577004577543105
2024-11-12,0.0,0.0434902700722124,0.010191327019669405,-0.008901981936040637,0.0025996415884752544,-0.028642286420441088,0.0,-0.011576193798194856,-0.008695953900327735,0.016749746211863314,-0.00490809235412859,-0.006482092633228298,-0.001792028296993431,-0.014947908308416635,0.006353968786704023,0.002829483076946415,-0.01992467925412067,0.00098604532189972,0.017456275481163575,-0.011614948727091678,0.00048687654882861864,0.0028532414112922844,-0.006793577927019956,-0.001970883437112936,-0.011169344662072866,0.00864685496537354
2024-11-13,0.003969155952552539,0.011549745996024319,0.005543299101639754,-0.015114177599819256,-0.006759965285533132,0.0019126819230541603,-0.010555549904152195,0.0,0.01608236110615824,0.016253460010543508,0.000284583279904993,0.007117499420035145,-0.01377623346895629,-0.011909394466611656,-0.00781717722026487,-0.008241967115397486,0.008438748688380349,-0.001507558986018842,0.013386213092395183,-0.009604548562407444,0.002434082340444732,0.007866068383400648,0.0017588734167159892,0.007767402046081395,0.02720133287923998,-0.014828530859849254
2024-11-14,0.013770445194280168,-0.0049389763057511304,0.009702368413680551,0.0007492382034968159,0.005780447649634368,0.03133953443556248,-0.04473141261458902,-0.002702919956447225,0.0013703967519977933,-0.02987244958576951,-0.00915038842009408,-0.01295643324811957,-0.0028360970942572505,0.020023439812791866,-0.006666751533204951,-0.004896418739074315,0.006618652725293606,-0.0060400272354586,0.008176103633431797,0.0029663975103626505,0.0024886459388300253,-0.012994104777032778,0.12797508155835402,7.837900418627974e-05,-0.007779744436757663,-0.028339647650090005
2024-11-15,-0.01410917774135001,-0.05001226762073818,0.011792954008146062,-0.008493334788603923,0.013234546832536331,-0.016659063219499726,-0.027625388364426184,-0.005419828067289467,0.007424093438193724,-0.04481952664720068,-0.019139726445256633,-0.011336484719833062,0.0028633343620951823,0.0091479959228018,-0.01632098398975934,-0.03998880011391159,-0.013903929347607535,-0.00951987464587778,-0.01588508031704372,-0.008531417631882476,-0.03953959121356321,-0.009000991024644023,-0.010204129223103653,-0.045980552527875584,0.010781246761869312,-0.018032166444346576
2024-11-18,0.013422205914992658,-0.007668286526819834,-0.03949912932739952,0.001015265431888679,0.011649276195823122,0.012862842075757719,0.01873867187509015,0.018165177122142717,0.002546880499579185,0.002595145596652415,0.015122758109362922,-0.023536503946691267,-0.000498201424417144,0.010575927458674528,-0.01007899464162565,0.0005773434960252288,0.002927984186755772,0.0027606624651541622,0.02802318078032684,0.016406577042437975,-0.0018283312865849943,0.006026885354200928,-0.011881887507014133,-0.032368504777454565,0.020310907824721225,-0.02723686345941234
2024-11-19,0.0011403056843550807,0.00020014731233186644,-0.022247378727384914,-0.005540102770059452,0.005712236439933127,0.0034070606736267273,-0.0029668022508825276,-0.01427287244176767,-0.007282858551077687,0.0014705717796343887,0.010380078832723294,-0.011742860102885722,-0.004159965772015051,-0.011960377890908203,0.00046996215485450854,0.012067105331715178,-0.015210952639318709,-0.005893782547225834,0.028652404234235096,-0.016593308274524876,-0.010168726495298541,-0.016158193766595996,-0.01644560724700872,-0.03163999570586118,-0.014282519196641696,-0.014949959465519025
2024-11-20,0.0031539296611460266,-0.0002201424206625946,-0.0028728399545450145,-0.002170858324296532,0.003335800999856975,0.008334674999368907,0.008926815399753485,-0.02895926382466063,-0.017163645562878083,0.02208637182991846,0.020689659333803956,-0.011882455564059424,-0.013321594977893425,-0.018535963601961414,0.008611132113091502,0.007895477234018733,-0.0027302616270782343,0.010544471735532746,0.014380460653176108,-0.0028696247709857348,0.01288929500489333,0.0097340266268231,-0.005753362727386246,0.003185540214267979,-0.008333269692804346,0.014276535181370509
2024-11-21,-0.0020960985194468096,0.009889894777590058,-0.002996346408296602,0.021205698801183726,0.008626026457535296,0.023113334900079163,0.022217873664068355,0.006523768422881382,0.024754326475067145,0.005459829880178235,0.03634663752590428,0.010759533537082477,0.004994738459756398,-0.000770903908340892,0.005743538581201912,-0.004296923462663971,-0.004067605712947175,0.004547442889467179,0.015421156638108169,-0.013698614621696747,0.010079295967925672,0.004714138919198474,0.020072443442121557,-0.013051362986871151,-0.005450998579635824,0.029672791272886023
2024-11-22,0.005907584524886378,0.01528431911692385,0.03502470336744112,0.0202776912257423,-0.0031179834722078192,0.04622983194005337,0.00596263798010499,0.03518523049011257,0.016296321452191842,-0.0008001873377617708,0.002562973391396106,0.021916041177245216,0.011182323771083524,0.008100308171709036,-0.006019370568897786,-0.007014947839075414,0.008639622649493583,0.012246198379729734,0.00034539187058224563,-0.0070028107704220854,0.010352928239153236,0.007185632144198539,0.04449564210938495,-0.0011806892317304252,0.026261957236799915,0.05763547390474488
2024-11-25,0.013050866513805381,0.012847712078536855,0.038977077217646094,0.020528827351149248,-0.013315493645340681,0.043472125690732444,0.0646271724172438,0.019677951795929793,0.017268245739708865,0.004175864348965108,0.01417240623942062,0.0484067810322486,0.011020176857723163,0.010713683789245865,0.008385200478064458,0.010676992300197474,0.014795187614871974,-0.025014928118794577,-0.03586586222594357,0.003055906611648229,0.006481584197652435,0.006966601591359867,0.03275610471170842,0.07172406366646,0.020174842985581476,0.03667910603890401
2024-11-26,0.009404410213577297,0.012665563147674197,-0.048908962441336246,0.00537410023279028,-0.0002716854341818786,0.0028779080023879633,-0.016163820419290542,-0.02631578947368418,-0.007111115977579852,-0.012817516033505116,0.011939929652749148,-0.019286930483351727,0.0035701233720404346,-0.010410778692089617,-0.0009241263325054927,0.014917526821540683,0.0201810748468505,0.016811034904477662,0.008098569110589704,-0.0003514490692844152,-0.005458369227152371,0.020755211484720926,0.003451211899786255,-0.006011285571408287,-0.018758047229155417,-0.06312473541776997
2024-11-27,-0.0005531422228151062,-0.022120684156130554,-0.00350363673166576,-0.01012671939267451,-0.00018117284481089513,0.010658636724048653,-0.00857972647826133,0.0,0.0013532158722120435,0.004616511240985277,-0.008346820463144167,0.007747256725509244,0.007379718191228513,0.0009564837644242541,0.0027743884071005365,-0.007566898465576233,-0.0035351507049451447,0.008216193644784209,0.005432030848423475,0.01230802144958254,0.0034532675253251544,0.00885099910000764,-0.0022928733326216255,0.04100202160858202,0.00533470623796406,0.023378454173692997
2024-11-28,,,,,,,,,,,,,,0.0,,,,,,,,,,,,
2024-11-29,,,,,,,,,,,,,,0.012038839889295216,,,,,,,,,,,,
2024-12-02,0.009522535156770262,0.0005233646717253126,0.010333300335115148,-0.00886449141381429,0.010078977797175703,0.05352197061153907,0.010936902432477913,-0.013477135669681672,-0.01975748181332304,0.009595364559236153,-8.800396478081396e-05,0.04123701243089384,-0.0029645548782383235,0.007364077280388015,0.004311001705920914,0.03222936657716913,-0.004792820814977228,-0.006003517641037459,0.012325101457414833,-0.0018437326506401952,-0.00244733570453759,-0.008585061197732946,0.03693013582694005,0.019190933760187878,-0.012525863392723324,0.0050791892193124966
2024-12-03,0.012771816182552076,0.00011622928549970268,-0.02155508054361599,-0.00807433757591336,-0.01150660917963553,0.01974200780594293,0.031914902397811806,-0.014571942910442948,-0.04664818248239466,0.009335082148057783,0.007080409576650348,0.012101333574835005,-0.009748665373705778,-0.025304531144054287,-0.006438837119482899,0.035119587971217614,-0.013093694165449588,0.002133918657662326,0.0049346223095410036,-0.0068114288959670866,-0.008279502095004054,0.00012243641209286338,-0.004026130238223624,0.0031467041619483993,-0.03215935023403971,-0.005775518630832588
2024-12-04,0.0014836069438348698,0.03918564305984917,0.017084377083946833,0.0006261587072331487,-0.0006366683943356266,0.023360815581449534,0.03197626849016699,-0.007393760658673698,0.0020506388897463257,-0.008970341551084782,0.019606971407622353,0.004891265231912856,-0.009578373210938351,0.01999999146958209,-0.023761760873414084,0.0002118772806789515,-0.0053372818478476525,0.0002209975310314416,0.009854017654068459,0.0015111759447781203,-0.009400303401160603,-0.007228778357571297,-0.007618040713279872,0.011409081469506699,-0.007169845170128308,0.012344237036976846
2024-12-05,0.0001234138976056176,0.003224627672911984,-0.007625072522061127,-0.011338948778613744,-0.0066427912501523245,-0.014125439473887669,-0.031324115235374705,-0.02793296253001709,-0.01414826692432647,-0.0189462915361992,0.005396347729253792,-0.031909208765316,0.006965478081917498,0.006410191006095856,-0.000474069588635051,-0.007901748136874054,0.022077217167117302,-0.005824750813082535,0.007474806652393751,-0.0010445981656296288,0.0019353196593860922,0.0035378929739491305,-0.004073375870868645,-0.01735825137886693,-0.009240627635712206,-0.0034668369424670775
2024-12-06,-0.0008229105266140957,0.027386667295669076,-0.01815150077589911,0.00012649424277921817,-0.017863836989415738,0.014711513083858208,0.0015731542392616316,0.006704984594594121,0.0045093426183246965,0.0011459416718437865,0.014014887135924692,-0.0072626236380636255,0.0072414266969549335,0.007493440590706557,-0.006008931564633224,0.024370640977710245,-0.0016498609869719516,-0.010121837888734553,0.01837946999951634,-0.0031369762140421864,-0.008451913793859789,-0.0006558817786339599,-0.015343291484360089,0.08985165258043537,-0.015518464654941111,0.034309028183913126
2024-12-09,0.016101137954386058,-0.009096551463034563,-0.009640386947832091,0.010708202563019409,-0.012312344283521792,0.029753085328769524,0.025305423773926083,0.008563463102786883,0.00082363238728278,0.10847176249961565,-0.0337758434384281,-0.012380207557614487,-0.010878537753023276,0.032354085476342664,-0.02258978938948253,-0.016352296239314,-0.012170440129602444,-0.022552819728933304,-0.022519585655164542,-0.001748301868040758,0.010647134051631646,-0.06120272939023064,0.0003212976980511151,-0.023728900538300235,0.023246602753724144,-0.007422864539402996
2024-12-10,0.004133717309796614,-0.0016060535005850696,-0.006985762810758911,-0.02722543669232369,0.011049268183043415,0.011018535381611017,0.0001701841963097639,-0.003773755858411776,-0.0007513640354263051,-0.033359070414276215,0.007478220040079808,-0.006837665134898585,0.011839683565215475,0.0,0.005045539308393243,0.00937149407345994,-0.013080729184914652,-0.003946524591781353,-0.0003721635368578724,-0.018797460690044066,0.002320276927274989,0.02027434754331159,-0.014131933792488782,-0.01456902034787455,0.013148729041876805,-0.020448702530466267
2024-12-11,-0.005165924914445674,0.005264610085143451,0.004151701604938385,0.0012358622572279376,-0.013824069185345178,-0.016468914135881585,0.003914284606936436,-0.014204496374484066,0.006587464076748928,-0.05443673324778742,-0.006904782533534326,0.002868594418396375,0.010283234221165616,0.0030619284700463822,0.02218616092971626,0.021571867190784078,0.0,0.002284937378221663,0.025411935936641372,0.0028558650601808733,-0.019206876104315485,0.0035974862010001996,0.01482320610830068,0.044110463968374036,-0.008447274965236673,0.03292370805858069
2024-12-12,0.0059635856448063684,-0.13692649754668484,0.015275082905325199,-0.020803882932807882,-0.001610128432486535,-0.0024624953708347608,-0.0069503277800681,-0.0019212161383767024,0.008998458012811072,0.03926548330354063,0.009299536708075484,-0.006292856068677577,-0.003817048538601431,0.010235197101560845,-0.007762995446052412,-0.0029871803086500837,-0.00015421682223326627,-0.01712983531159451,-0.011755765200442303,-0.007119136231965251,0.01358676697773964,-0.004566024052626072,-0.013001551422145319,-0.014369068633082294,-0.0010843236451505422,0.005312469492112726
2024-12-13,0.0006855702814509979,-0.01883572961977731,-0.009049780089643966,-0.0007089176811521103,0.002181943925346763,-0.012095629181700374,0.006828229748698789,0.0,-0.0009517472544944283,-0.0046207066748464865,-0.006200012289961143,-0.004030133331532237,-0.006404630859262683,0.004799214199536772,-0.01117670386570524,-0.0165506641684654,0.0013102327480554177,0.0020475645402779907,-0.00721732229890959,0.0015535165127389394,-0.005852685270884783,-0.005701535595697416,0.027809346706479277,0.0004717550605684018,-0.0017056191769787565,-0.037449764755230985
2024-12-16,0.011727659701931126,-0.008932988984733048,0.01095891184983544,-0.004178771048379271,0.0017039384965862325,-0.005872177101778786,0.04459140536669315,-0.038498689948223586,7.049727694585783e-05,-0.02676143330244385,-0.006455177064784823,-0.010982573120413508,0.0024761532011234877,-0.038563598660293685,-0.0071048217847866635,0.007082325634137465,-0.0034636789112973965,-0.0053853224908753106,0.0024051353171956613,-0.012647659648319931,-0.012344175022416137,-0.010649408054412945,0.01582272623145653,0.0016034123619976803,-0.0016309676489274505,0.00011937147775609169
2024-12-17,0.009719649401637831,-0.013650223841638942,-0.001597745717912047,-0.008233827972207175,-0.00018897995570732462,-0.01746894022369494,-0.010387914028699208,-0.002001778332305526,-0.021203798351276726,-0.003198616321940184,-0.0015698410181576028,-0.009351066459477253,0.0013201401383104994,-0.005519838224471663,-0.002439354635160984,-0.007689357383177997,-0.01096771034089783,-0.011792169451349976,-0.0021170765971052496,0.012084674764863967,0.0007692179815581568,-0.038174791550488196,-0.0060746406922769225,-0.002872010160695937,-0.009568257469828367,0.009546484406082634
2024-12-18,-0.02142179102508246,-0.030577978366528313,-0.016803923652354835,-0.031692402523935015,0.0005669735378788232,-0.041187007483574845,-0.0710185623152716,-0.028084368892270506,-0.015391233758892175,-0.029105432491535077,-0.03843299591685778,-0.009439568927329889,-0.020809328999747745,-0.0020351416888819696,-0.021519478091785782,-0.03591951919344294,-0.01967988643334606,0.002014046812570891,-0.0321826087526742,-0.027104535393898233,-0.010951803124914727,-9.065835817501089e-05,-0.027111759382709155,-0.016455370069127673,-0.02748981628775926,-0.030141790406099322
2024-12-19,0.007014609420589402,-0.008882606176706442,-0.009417653607195153,-0.009673268259536738,-9.445428486065666e-05,-0.003468480033148147,0.008827683710946221,0.005160085012803739,0.00995750574683485,-0.020410574982561158,0.017032256856324146,-0.008338525531105256,0.006384943051434,-0.008713330799911767,-0.01249576134395014,-0.002712600514239716,0.012745914115595003,0.002442216802799324,0.014040813035882227,0.007363780179820756,-0.01916729104132009,-0.012189115946536488,0.00934270966315287,0.02141138449225033,-0.009449198472751164,0.024375379958710974
2024-12-20,0.018815946506364867,0.022359904094193306,0.0041082031190500246,0.015733882540567512,0.002361947458183078,-0.0045514192349853655,-0.0057752541106468325,0.01437361451112329,-0.000543691810650615,0.007813454299003597,-0.002500887736181401,0.0444445147733874,0.009077381407720742,-0.00037406210708545995,0.002024523792744759,-0.017328018836843095,0.016911798802986544,0.013216731318107744,0.007771233874632522,0.003167598949008532,0.008714724065800095,0.01059645912794327,0.023779186278842124,0.010551844491161866,0.02470445237401475,0.018441348793393875
2024-12-23,0.0030649197836760678,-0.0009616548078952292,-0.0026886390712178576,-0.0017757970774054943,-0.006314854087166366,0.005244646844665191,-0.024115520391909895,0.002024277319731649,-0.024371598797903515,-0.007400252114039163,-0.006402258650113457,-0.004025270138928616,0.0017613335844748335,-0.013657587584159137,-0.0018521537501835494,0.02494655207761598,-0.002320450050982359,-0.00036182500662995665,0.002640095341205795,-0.00048573818711716843,-0.009817652703731583,0.006127687184527053,0.009041419857352517,-0.002023197361525786,0.000556934513638474,-0.0038551616464626015
2024-12-24,0.011478076862364572,0.002686153541798797,0.01793256311625102,0.005966237806606767,0.009769502370582162,0.004414697083076291,-0.0055915866932292335,0.012121127395114062,0.01052003171493876,0.008816476010633068,0.01117480348629174,0.006928466388689047,0.012760779794644295,,0.012145769754237756,0.013169922608469387,0.010699235507709792,0.005705037160242288,0.022678165767760605,0.0006075176170643459,0.010047064794572735,0.006090297069877071,0.008496683245087233,0.014377552079851696,0.004055684111646141,0.004690999667248619
2024-12-26,0.003175573645010754,0.004956023593792658,0.029015528459601425,-0.0012241895245804768,0.002630106540056687,-0.0010655507705585876,-0.023399254317689855,0.0049901424569573916,0.025088315819400853,-0.001818502465657179,0.002138917112086025,0.0017200557404779548,0.0008214838370812494,,-0.002499998666382841,-0.007239767265898589,0.006290260518468482,-0.002413057011156239,-0.008561092329737674,0.0015786066981313684,-0.00242119360056392,0.0030043713785099513,0.013786826870958002,0.025039613051885512,0.0007920800517542403,-0.0026846706251294483
2024-12-27,-0.013241962407404051,-0.008174854820161781,-0.014993972802310407,-0.006156160227783092,-0.007494919411696999,-0.005066661211385881,-0.020988132706402318,-0.003972166720635384,0.006100592578501596,0.009284251769333451,-0.009382390426189158,-0.01602734979851428,-0.007367299870813859,,0.006015047746835478,-0.005867283485731956,-0.007623021194245294,-0.008444601842024224,-0.017951870767731082,0.0,0.0029518901559935085,-0.002950540438150795,-0.004684201098813956,-0.009098849502123918,-0.0019784333006444,-0.018960705761835728
2024-12-30,-0.013263452725055913,-0.0015230764572351507,-0.024764133886725714,-0.0050703215614731345,-0.012459798253856569,-0.005762433276951029,0.02124839244992449,-0.014955185873567034,0.0006777610792623179,-0.017990077212804656,-0.011356535050969563,0.008725818168357824,-0.012495401762969038,0.004668584353681782,-0.010795520880476972,-0.014287881659355905,-0.008065755896200621,-0.00800282074825287,-0.007845275823784248,-0.0024248667083783815,-0.0076524721861322975,-0.010582133968495055,-0.0007589234875077233,-0.015266312548180894,-0.00626444793802583,-0.013004012668326626
2024-12-31,-0.007057920935259476,-0.0025123264868899264,-0.0005825104632265488,-0.0006887722833303078,0.0008603127388415732,0.01064843605983401,-0.01746242633162909,0.002024277319731649,0.0027802029692394203,0.00403153583879079,-0.0019067938323359401,-0.0023067870868545004,0.0019409614461827207,,0.010830847019701606,-0.009691376546731911,-0.0003099018696485212,-0.0029336482521916674,-0.010117338280694721,-0.007049137086329482,0.0022409386869635117,0.0003172703459488613,-0.0074446578376822226,-0.0010794699754057557,0.006224109673988565,-0.013538047880281678
2025-01-02,-0.026235799642565727,-0.00827559759016272,0.004312347848520748,-0.008242406383712098,-0.00830866342302028,-0.013337042251019393,0.004159599607523878,-0.02525271941649987,-0.025059598549610707,-0.00330687362494797,0.000500350736055255,0.006936591849556306,-0.0079192054620566,,-0.0038505937206959606,0.023449706902212375,0.00472539686994633,-0.006490254346231961,-0.005149746933716615,0.00232568175272152,-0.012166097998004166,-0.005436540096008691,0.004591893010035042,-0.01326647761901556,-0.01768427576291265,-0.00036758704904449324
2025-01-03,-0.002009509115526331,-0.02365077704258789,-0.02959250373503275,0.011173908983054925,0.007704158977433151,-0.02460119374475722,0.014874805242863554,0.023834415319842428,0.0004740168981021142,0.0014219337086265327,0.01232153636414246,0.010907030441335674,-0.001990977942807781,-0.008131688747888166,0.006050449879503983,0.008994637843520392,0.0013108583792531547,0.0056834114128547775,-0.0064054806575529755,0.001587374058378943,-0.0037282805196676705,-0.0019130660403221533,0.017370074437084826,0.005102997536393206,-0.0006459715515975128,0.01372879495034729
2025-01-06,0.006738942640489798,0.0014166926195191554,0.01375249644974863,0.0011269354504919171,-0.02838303495764094,0.019539749157192476,0.05027827472642121,0.004048554639463298,-0.0016034640676253487,-0.013547867957674709,8.974293776509157e-05,0.013060769138699246,-0.01808725782337728,0.03603431639905308,-0.027397312958139852,0.04229035304815576,0.003233955401381383,-0.011670756487061507,0.0008398784942873494,-0.0019506332735470533,-0.022585950242931085,-0.030715198410385947,0.013329570654082135,-0.00011595759786509063,0.0033928296990188844,-0.004353090975043994
2025-01-07,-0.011387714951863415,-0.01982927765249487,-0.005780312314412672,-0.003294911913874654,0.011114423330025991,0.008155657023710239,-0.04645824129587306,-0.01612902543909034,0.003759560759472924,-0.007316622370561854,0.00579345507935769,-0.009529294429840629,-0.0010352166746213642,-0.0003679916488426027,0.0012023740956967899,-0.019533571581931253,0.019034460638142514,-0.002848001008381784,-0.0029485720376839497,0.007940380041677075,-0.0059481297082382145,-0.00018842835792531876,-0.004433992178416668,-0.007025269800729372,0.006199256627958505,-0.022953600603680235
2025-01-08,0.0020230522329021117,-0.007216757625603476,-0.0010677993513404926,-0.005316728751018296,-0.002237417006366038,-0.006876123304201842,-0.010374238200073438,-0.0020490585921826288,-0.00036373511825493754,-0.019937239944320617,-0.003482900944648759,0.010752716002688567,0.009776922301592217,-0.018593522497972748,0.0,-0.011604023939572272,0.013256085659665517,0.016653879776318048,-0.004765735783734404,0.0016966802047979623,0.007840655194508495,0.014976057755302863,0.017369286065265888,-0.030658170551416397,0.014242155934017564,-0.006836487796477164
2025-01-09,,,,,,,,,,,,,,-0.004689518573602225,,,,,,,,,,,,
2025-01-10,,,,,,,,,,,,,,0.03731620848140649,,,,,,,,,,,,
2025-01-13,-0.01034417252455,0.006355898913382729,0.012489602698093627,0.03276355309094048,0.014198474441174502,0.021102884634552677,0.016739605729955365,0.006217791661007777,0.014257516043181262,-0.0058154696787962035,-0.010694055688326154,-0.011350648131262187,0.0004755729676428899,0.0074490946830232385,-0.0014222371130004907,-0.012226557688086448,0.02583642012116738,0.003316858094161157,0.0031037990777584845,0.0070675757185429955,0.013039928945766555,0.010222570348797921,-0.005956698551023321,-0.03416782193898804,0.014033212285801566,-0.008054359388653731
2025-01-14,-0.004778134860750183,0.010305976634218172,-0.017910106183335328,0.025020697820573368,0.023527100480361218,-0.01506654386746653,-0.0007483800740201163,0.007208958622832107,0.011034581074871097,-0.012525439567782737,0.0016098864975311322,-0.0017222588255491056,0.008140026505187636,0.001803445842307072,0.01655692199824177,-0.023145446028779992,0.01939084911568778,0.008910409739886438,-0.014149912532848363,0.002462484786764252,0.003114312486268034,0.003372799129299109,0.013632965814931008,0.0002970617330846359,0.006639341847927582,0.0048210765654559395
2025-01-15,0.0196758237559016,0.011073168614373463,0.004951706738463235,0.008935141667111068,-0.01747725353730678,0.008799200820266195,-0.002621220558854276,0.017382561840548982,-0.0037100194477464044,-0.022921906813646586,0.01047082060584903,0.018976387856612043,0.026187403671704246,0.01350133489759453,-0.008056108794693762,0.03848562133479838,0.004154268357085877,-0.0016491883134099883,0.023973927436387044,-0.012527691926107365,-0.0011731329254263123,9.349510361200686e-05,-0.00014786101294561593,0.00821661967103604,0.012952940213678765,0.013383904404453473
2025-01-16,-0.04040017869501,0.023125944029702472,-0.012017872612904434,0.015097683424148745,0.02735893567908798,0.04763809387843021,-0.010324746242430183,0.006030003122273753,0.0028200080289768614,0.01495880986810394,0.011952890138853034,-0.008464944793545537,0.001512751909981791,-0.020248679970022332,0.02401134160126528,-0.009431020734840145,0.010161012957113469,0.005694694812335532,-0.006943589373675674,0.012437794709641237,0.012156590231865438,0.007236178902657597,0.02926817049114927,0.014605482886094867,0.01937726568782927,-0.010216791340627918
2025-01-17,0.007535246582444088,0.007167445743071932,-0.003770838347085914,0.014373885336572023,0.0018820167276556443,-0.0026898462518878397,0.007587209823973984,0.0169831623268335,-0.00818394181021731,-0.0074665187698716995,0.009566167917741009,-0.011382949093726946,0.0029819086025264507,-0.0012689848129537884,-0.002413732832693083,0.0024048883691718537,0.013292092908546271,0.004668222852371118,0.018673481439188455,-0.00257982608636087,0.011669267861522892,0.014924696645201907,0.025276445599125452,-0.02012913913078984,-0.0016161564926013838,-0.017245754084568743
2025-01-20,,,,,,,,,,,,,,0.023234616735793967,,,,,,,,,,,,
2025-01-21,,,,,,,,,,,,,,0.0,,,,,,,,,,,,
2025-01-22,0.005344970004767413,0.0022000687617651504,-0.00721621313681986,-0.001882768501486054,0.00037491038198500526,0.011164598808018678,0.0038424738880120657,-0.03835084394535326,-0.018652349507861876,-0.015953542458331027,-0.004459246450214005,0.004560853342451043,-0.0016665286723631656,-0.0021287518740287226,-0.02239569752101922,0.011419999761424826,0.015181381661376614,0.008720994812667415,0.0969436980385241,-0.010516141059481288,-0.0030967660441915124,-0.005968538732787798,-0.00958822761865985,-0.008811827715636822,-0.0024082967445759884,0.009421923289324008
2025-01-23,-0.000759478195257568,-9.14857409947123e-05,0.020376286070393324,0.022107137238686958,-0.003842502503809686,0.005144391129296544,0.01607655794426588,0.012960972927542613,-0.0014790636293127157,-0.008139410906816913,0.01245190738886337,0.010783228576639159,0.013353901784672884,-0.007644431798968898,0.011543124166194074,0.02076975590789698,0.0034202235654754443,0.00875138802067621,0.0323588079402195,0.008551163097004544,0.0035790520209615373,-0.00980836326207668,0.0038179840594767533,0.00026284616891492085,0.007997078433321203,0.00920791332207016
2025-01-24,-0.0039345742628749125,-0.0043450281325200235,-0.010510222269668912,0.0030265717778474865,-0.000376361787771895,0.029584407819423175,-0.0161989189655265,-0.003936980652655464,0.012072712032718647,0.005470838599223926,-0.005485597561532551,-0.015159902285658111,-0.001366333608940562,0.0,0.00807570063434615,0.017346262625017816,-0.0013367496568891246,0.006575004262521444,-0.007381733190887418,-0.0013323694774968198,0.0033643007721517737,0.011710743616398789,0.013990833340724373,-0.0017202275515517673,-0.004341101211277509,0.0019997003929885793
2025-01-27,0.03178021786229279,0.007395840839245382,0.006019047795192911,-0.031033042184382076,0.02955292607242388,0.013093863512664727,0.023358246819752626,0.02569172847499135,0.030151206516534357,0.019972054862748667,-0.0029805272128039517,0.03990868543783943,0.026523543638933722,0.03224653418972734,0.0158482957878483,0.01913547338214161,0.013986624225255762,-0.022768174403680175,-0.005830661925405378,0.04875682972212325,0.03681601152502734,0.013085021650449669,-0.02866729096276721,-0.006773057614849254,0.024280176307109658,0.022826517061884655
2025-01-28,0.03654401552062425,0.009667100263045292,0.018066691639070598,-0.01187394518650331,-0.017003198294925026,-0.007060745771116261,0.043779235157848095,-0.028901633677757776,-0.010230008060782891,-0.025956193237237413,0.006826439641788307,0.006579004028030688,-0.0005113566885824872,0.014231106242985847,-0.02434428116464782,0.021897946466795437,-0.0007920659419374809,-0.006470483476628597,-6.177996801415286e-05,-0.0018503426130186407,-0.02819995454025337,-0.0013096742480659396,0.017652784125122833,-0.004240987387048145,-0.006164600262533959,0.08097560231278589
2025-01-29,0.004616809098630492,-0.0026194645282768825,-0.019474506142092007,0.007532799792113076,-0.007067905340915059,-0.008316232743000418,-0.013264055678852693,0.01289689020069762,-0.012883545040458744,-0.0033393241178093502,0.01316143250378965,-0.01470587279675628,0.002630778638351483,0.00513352540029377,0.003865845730387507,0.0032030867116203954,0.0009246203373152184,-0.003933450807397598,0.006503234031796312,-0.005561318183074704,0.000798438202449514,0.06335351541568324,0.008131079070861968,-0.006243312925262479,-0.012110486594122949,-0.01624551501942384
2025-01-30,-0.007394764006926291,0.00978085354975522,0.0208015212441528,-0.04641039999318952,0.00327808756306025,0.03889168177300939,0.018346996371082946,-0.004897381425913339,-0.02115886125669819,0.019500025975041524,0.12964157524112174,0.042012154062848195,0.031359444877206544,0.010044324947720229,0.022404995747944856,0.015536101861346463,0.018872799124957318,0.019852787357484303,-0.005019730425726676,0.008621622703415488,0.010174973254015285,-0.003316903547040617,0.020433026513654973,0.019164260086216967,-0.14112718554517534,0.0010321556242551821
2025-01-31,-0.006692090478919499,-0.019170376217418683,-0.011512768734477818,-0.009440515132871252,-0.01493659009834214,-0.023982225737147145,-0.020513761999777724,-0.007873858107914966,-0.01623093355769567,-0.01899561196835242,-0.009950778152681305,0.009549100550320988,-0.018692363501409237,-0.006910618918741673,-0.00719057354155983,0.0031732714122454375,-0.014248564083491955,-0.0071094199306840355,0.0036168366891387027,-0.01836659910245453,-0.007965636932645292,-0.005973486487319657,-0.03912542198555091,-0.015243841305093264,-0.005831171499380172,-0.004009605572805497
2025-02-03,-0.033855971652832606,0.002628857845225374,-0.024225506728414947,-0.026626150389557734,0.008624066450701573,-0.007910882960137533,-0.001821134117628409,-0.01884922905119979,-0.06618336080515264,-0.009782228726239017,0.019671483917685695,-0.01944303730806174,0.015339553680134399,-0.029022384015637726,-0.01000170913809817,0.012014063518797968,-0.014191848834246845,0.008779956915304643,0.0022318142057047297,0.0014121374740336812,-0.002787277122217602,0.022020013454591814,0.00808878351090292,-0.009729417220503467,-0.02573766839756897,-0.009431788265440444
2025-02-04,0.021007948613143146,0.0037163813500444842,0.015158820304752796,0.001106456627946173,-0.004228189723768261,-0.16068624851352087,-0.015508160326968445,0.027300163877525874,0.014595211495889604,-0.02063726678865363,0.014306089691930035,0.03001058482517771,-0.0085824222867108,0.0022723388893350904,-0.022470023156782593,0.009649415833634878,0.010930500245480035,-0.004203926300141658,0.016272727286897215,0.006110376405738194,-0.04511870514443117,-0.0035699043207829684,-0.007751871604386951,0.002572616639594072,0.004313190932614841,0.0006966739047873372
2025-02-05,-0.0014175531871034597,-0.0059060173968839,0.016813606505255985,-0.008564747890926983,0.011417347010418633,-0.05081316513028633,0.024091906210477187,-0.0147638322435516,0.005817922292921551,0.008152410991066894,-0.00438638518806167,-0.0015608618167077815,0.012841932877963647,-0.012033489726719138,0.023342860925818387,0.0009656834714619755,0.005076332891301272,0.020450582680112683,0.016323746391860183,0.0004672259077005414,0.01512294273941528,0.02183345181136187,0.0057565909509087465,0.0036169285111995464,0.0011630606871271265,-0.0022047161839571228
2025-02-06,0.003226159110898852,-0.005095653774757181,-0.006244187954965175,0.018391995408889805,-0.016699415810593754,-0.025477784117772906,0.0036192683498783573,-0.07492492748847479,0.0251971205527608,0.043996753136498645,-0.03744769461193975,-0.006774204679087958,0.0015362134049849985,0.01535748187755126,0.00696507386088463,0.010101074206863903,-0.0008525894985927929,0.002245311683614082,0.004519792427589486,-0.004085910657854908,-0.002128188105360862,0.019551980350646314,0.12019617015650907,-0.022085876805355786,0.014030368077787347,0.008140534888088968
2025-02-07,-0.023968751732536098,-0.005351370245585185,-0.012217914346195902,-0.004295983327683106,-0.0036053697982670885,0.011982499445964523,-0.019112830438010597,-0.002160038506363482,-0.010395415236604921,0.017001404341117965,-0.00434040427887139,-0.03252890791375296,-0.007775431267872168,-0.011126560382874628,0.01072110480367261,0.003553431915836569,-0.016084559483158345,-0.005787222913853252,-0.0017230136498767035,-0.003633846237240612,-0.005297560681159608,-0.0037625294802033915,-0.02214104039333442,-0.0667579610337039,-0.003172632646450735,-0.006575149137981406
2025-02-10,0.0011873911085920064,0.04163298883406319,0.03746036184095081,-0.0018138865820862549,-0.0044753034663390645,0.056589166783437506,-0.004044139973019445,0.0,0.00839588967578897,-0.0029691062523838907,-0.005584916445894428,-0.01247289333642454,0.0048688512408976425,0.0,0.0013686374892585285,0.004030733333945102,-0.0012010230891114082,0.005111535439290771,0.013482236692653249,0.0008235852116968978,-0.0015908444609024075,0.038945682334996956,-0.01654632573739545,0.004135616632328087,0.009283000480285963,0.011379420532797946
2025-02-11,0.02183176104072171,0.01711372448736248,-0.0006813552853550675,-0.002725603442662705,0.0031564185629806563,0.0291079586569869,-0.016426714371269857,-0.0032466744054893137,0.011733729767771761,0.024535527330574514,0.021783611733341424,-0.023064175755922567,-0.0013969121564524345,0.005274240050409773,0.03280376146398267,0.0033453743690372573,0.002538681137726373,-0.014903738143557166,-0.01899575163900935,0.0072880996379225405,0.008936610656231414,0.011218470078814935,0.029222019893826445,-0.004809474348213216,0.0032411632221314157,-0.03765785116829157
2025-02-12,0.018270070070558475,0.008587250726889373,-0.013862031824998566,-0.028131300166007733,0.010202007382008382,-0.02375903569869242,-0.009382623220303143,0.0021714238616190595,0.0053202425480256554,-0.00113718025958498,0.004358013320883369,-0.010192627128125853,-0.00017717230175129384,0.01434069266866711,0.002481308600223775,0.007752206588158117,-0.00799646104853613,-0.01618270378290787,0.019075908420018717,0.010152880712932966,-0.011329249257225005,-0.013219952272285007,0.04633711413763986,-0.003764728237270698,-0.002357561774056771,-0.009186311690167592
2025-02-13,0.019673266018733315,-0.007649771955694273,0.02742237361890809,0.004715318189326245,0.014912934800372923,0.00927128557373802,0.047925719557105007,0.013001336336493363,0.0017896054323371935,0.01726954907737932,0.01321301678074871,0.042334158773901676,0.0030285821830886572,0.053965544404827925,0.009240889634828164,0.004384000754236617,-0.0010076805482721607,-0.0018205731121756497,0.0159445585413851,0.06631242272996118,0.004097481612702847,0.038389263808227714,0.017737678315006944,-0.033983685789336415,0.012077744853887573,0.025406388113394573
2025-02-14,0.012710634316781988,0.0020469544856660526,0.02164406352093562,-0.001074226058596417,-0.02084217894060958,-0.014066250857698193,0.033984112047837245,0.013903701938576596,0.01767251558331595,-0.009784367000141292,0.008063552984838296,0.002744204398483996,-0.0027368980439512747,0.0031081198751905514,-0.005559133705287822,0.011131356670314618,0.004257192741455862,-0.05988616726671081,0.014285824980295736,-0.005200493444151855,-0.008230732023214005,0.021653762780674324,0.012234472874582902,0.013039652023072223,0.005015546223160916,-0.000704617019820275
2025-02-17,,,,,,,,,,,,,,0.0029354376604520116,,,,,,,,,,,,
2025-02-18,,,,,,,,,,,,,,0.011544665579759084,,,,,,,,,,,,
2025-02-19,0.0016362166519758858,-0.015341180629402151,0.0003292759084752017,-0.002824961652916458,0.004814113895232008,-0.01094334069549563,-0.1005411423316862,0.005382102972091074,-0.002168725990759568,0.00558305639909884,0.004751528042506781,0.007186314413340167,-0.00019358184267204148,-0.016556773046429107,0.012258832847521495,-0.017588724410725898,0.008121279215948185,0.03075250363637516,0.0072211334193557075,-0.001970841634574949,0.011866636801473263,0.0005319620953343485,0.002359599011406921,-0.02383731130826272,-0.003638864950457732,-0.000352098361166564
2025-02-20,0.003920455054429617,-0.005032906282671834,-0.0017562171358841416,-0.0109064266404576,0.0006708494265867948,-0.0008403524506244153,-0.0025227490102366357,0.005353399713736051,0.005958035879148227,0.013422777907295957,0.001588908110213616,0.02469816460069496,-0.00918188263964792,-0.025335129701618442,0.0038753196158058945,-0.01268885363554273,-0.0074567073947957585,-0.010408058742762294,-0.018009621111601426,0.00767962919302545,0.02256356447484853,0.007784323645086966,-0.030153656815771535,0.01866874480560643,0.013912983815536517,-0.02019491907574411
2025-02-21,-0.0011390838546048165,-0.022806736593078747,-0.012755647875835718,-0.02609191798168642,0.008618225976447347,0.006448011643823248,-0.0027237976690567267,-0.011714614170939774,-0.05315500361321268,0.04069857309205882,-0.012313960959634662,-0.014997459912341915,-0.01024349297313476,-0.013919153857558264,0.040212375956007795,-0.01624824363572608,-0.027502053512235558,-0.029021223703516008,-0.02087766108954514,0.0351660285992621,0.02951043092468697,-0.0008665753271629439,-0.02230699933146829,-0.014017629086744754,-0.0023156577688552282,-0.011384026159178884
2025-02-24,0.006312429791959895,0.00022507675069127764,-0.012029619539179248,-0.0032937990545572893,0.021456246527204126,0.045961027410849065,0.038626676195224086,0.007543238557627285,-0.0025572196956323845,0.028809378251320128,0.0014915773294705836,0.028276332573533125,0.002672445475670804,0.014455861729229635,0.01066961082030482,-0.022558639634179034,0.003448743789045583,-0.002844266684497443,-0.01463392596928259,0.028397091544531072,0.0022802455347363804,0.011162620922227529,-0.0023643462213742694,0.006499989068909917,-0.0014612879111947086,-0.016969715465198876
2025-02-25,-0.00024278609930084016,-0.002272646899573627,0.01567093565616129,0.010149826548445207,0.02769771529504883,-0.004260860574366809,-0.002066127101495785,0.007486546932300886,0.011595909785672598,0.004554716528826663,-0.01573298288534153,-0.040190419126673316,0.00899822748185275,0.017602572045219533,0.00795586714913421,-0.015910173607053824,0.0072861017475642775,0.013715303486455888,-0.011361003340981224,0.015545184552370639,0.016704431669487763,0.008988220629421617,-0.004265890862572674,0.004974023704229502,0.016787091936998566,-0.08483350657045163
2025-02-26,-0.027040185672464467,-0.004307533989613921,0.0035520839127842763,0.0006425440579975739,-0.01790715307156887,-0.020058913300297743,-0.026915119074483962,0.005307827250626174,-0.001403583522269436,-0.041197983223692836,-0.007410449731569235,-0.02093671719504475,-0.004893453136660453,0.012026400642323853,-0.036885202195587774,0.024638958021166335,0.006073467192386328,-0.00046906131886959024,0.013118555252293662,-0.016817765553020947,-0.03138983572682996,-0.025726424897425493,0.030108315077922443,0.0028165128381614224,-0.010329307554086786,-0.0009431378829550807
2025-02-27,-0.012730896109299117,-0.009762168875637078,-0.019798675682744182,-0.007531042989059045,0.007183074062366179,-0.004230431173656624,-0.009864644655789956,-0.019007440784746477,0.009448652554360226,0.006130064434421767,-0.010201648815012732,-0.015756819190641425,0.006324931899886588,-0.023604138199653124,0.008353066085598382,-0.022948039862129455,0.02095921205345208,0.007694633697426179,-0.027260949714238647,-0.010959780517170059,0.0033661729366458726,0.002238642584116768,-0.025993602986625897,-0.002590494856082759,0.0063307932352605345,-0.01712750163622989
2025-02-28,0.019131861615869106,0.003133637799439537,0.014556472840701051,0.01161772078250567,0.016732144952370298,-0.009776857406518347,0.0,0.027987022886997837,0.016863787863117263,0.002146897404034398,-0.0031197215622533747,0.027444154356749628,0.020342617898267967,-0.0035011750701425814,0.003907488364203848,0.015131396367381145,0.030560756656215826,0.02484006256355009,0.018160679532392532,-0.0006213931621108504,0.009538158743371827,0.024307408213418702,0.013165706210100048,0.0015856158734790515,0.01190171030805609,0.011251368355200686
2025-03-03,-0.015754232451486216,0.004925218155175548,-0.03525742774421914,-0.0346270979900426,0.0077338046097275015,-0.02405792899322179,-0.04180502924514373,-0.016753818160361922,-0.015709284284964986,0.03352431346851792,-0.008912937622541417,-0.041179589549709905,-0.002411771296261689,0.016061563836144543,0.02413208239539566,-0.019679859971179492,-0.010959332277766132,-0.02923545067865052,-0.0069959718016781025,0.023834258964632538,0.01642030985771492,0.0116431057320463,-0.015570050850621131,-0.04776722540592648,0.0019323421900816484,0.0082768064533294
2025-03-04,-0.008822402413990571,0.012048460573348407,-0.1330413120613424,-0.015931904285723886,-0.012047101505683555,-0.02978043962437571,0.008358814552280824,-0.028754013646397736,-0.042624760073867285,-0.011876697985497398,0.012070881388170251,-0.03946620746762852,-0.03452647548540022,-0.048081620215116305,-0.007449126788725113,-0.02297536141004808,-0.04927648737682955,-0.010038682476668725,-0.0011502465703964182,0.015688183555116808,-0.011539357637053493,-0.02998187353660353,-0.03353551328020343,-0.015507577170478237,-0.020711124040669993,0.008343463422847641
2025-03-05,-0.0008052330722259082,0.011680809518052504,0.00438837319883989,0.03592963084176426,-0.00045167387227385003,0.056102167364867395,0.010917932177982426,0.05811388298915743,0.01077746829421855,0.003685256422467198,-0.007345726187421797,0.0066466265008580105,0.005819057940982253,0.03079045101467881,0.015469429465161388,0.025734362314612236,0.011997832542377518,0.007185855709070266,0.018857056209145462,-0.01843540687096812,-0.0020105577384563755,-0.0072172540422521525,0.0001230036182766625,0.023817127340354682,0.019094156474333213,0.008941654427019108
2025-03-06,-0.0017391694763003729,-0.014316088101417601,0.04064602600274547,0.00744493926176415,0.0020784004430631775,-0.005145315608136358,-0.06099998474121093,-0.004144972180099016,-0.00247601055539326,0.016833321008903557,-0.010582876416471487,-0.010804312198876453,-0.015188885473219615,0.0454774422027977,0.006938097139346899,-0.04347497340287243,-0.004538924960981627,-0.006547733643224696,-0.08533485081482117,0.009543199028549276,0.0047441042822728985,0.0007994248205163146,-0.039663788104794206,0.00958392364243954,0.012434922210270871,-0.001587237031870803
2025-03-07,0.015892550982702147,0.010387146746407394,0.010305501494184632,0.027242570515847442,0.012985960492584825,0.024741411785635492,-0.0031949206270793784,0.030176867071359137,0.01653395934522406,0.028053861780565237,0.05167085301321617,0.0,-0.00554725935257705,-0.025682174299726412,0.01467943844084596,-0.003615144962979988,-0.004355614883057246,-0.00042528464842261915,-0.0168255604746258,0.024939524331180962,0.007732195493479033,0.008708859468509189,-0.03602688754141803,0.0012112469740317433,0.00929457944935752,0.006624271035542639
2025-03-10,-0.04847958752014636,-0.03186472523076456,-0.006926231883998435,-0.014530518876693765,0.007744912672658311,-0.017323825663012826,0.03952996408071208,0.006060656406337239,-0.02387740408474759,0.0070248090653504125,-0.017741167422965387,-0.017597118267664302,-0.017649183108545574,0.02075787297352738,0.006052712317799358,-0.04422524213876644,0.00902253626508931,-0.01763043152153221,-0.02741525503903819,0.005102133987531454,0.011719698909651077,0.005240374887907295,-0.05632668899021598,-0.002672767377624452,-0.008222398802765762,-0.03303503586909773
2025-03-11,-0.029189390099861323,-0.003263728403927413,-0.051230006819599994,-0.015758496621607998,-0.008922176110643276,-0.03387009034319399,-0.03658792473104622,-0.027108555631046527,-0.0144009461889818,-0.03659576480136928,-0.030945925817956743,0.002470631682632618,-0.021075272214872154,-0.019367326137753937,-0.004402143259354285,0.012910015714803214,-0.0005419307895009329,-0.009478668753590158,0.03279183657947349,-0.01464265741693127,-0.02508802141867217,-0.03735499982421753,0.017963258990551623,-0.03317538197119552,-0.03531746975194261,-0.004355515033447999
2025-03-12,-0.017478623870416543,0.011391418160977773,-0.029136631002042113,-0.004826668080085805,-0.028166464658304746,-0.04540201186341919,-0.041391053358638796,-0.010319759461621891,0.002263675430801415,-0.04790017338414754,0.0027314823046886705,0.00801000703581689,-0.002206171549719693,-0.004279147540428241,-0.04229918224065332,0.022865768372959394,0.018300292177767075,0.002793114564652255,0.02746062031553187,-0.0007926268643647649,-0.02730916816271689,-0.004129865532976229,-0.003890577311472021,-0.03936154932985014,-0.009453397757775872,0.010936369182169559
2025-03-13,-0.03364377414854525,-0.13853171208411885,-0.032213688685618136,-0.014254964229897027,0.00669530974866106,-0.023780989091382487,-0.011796100060026515,-0.006256568650690797,-0.010389773104757749,0.005849919710438467,-0.01534262841178069,-0.04706599542113221,-0.009168166466335226,-0.012892538690960187,-0.004462965577159084,-0.046678305614260784,-0.0275559484222484,0.0030031240431451778,-0.03208729073046179,0.0028753280674536086,0.0011473277182252328,0.013653586700044906,-0.02761884742502596,-0.04483190861430286,-0.0002603105447271936,-0.023258873053266238
2025-03-14,0.018170562751941066,0.04472791144474608,0.01692748470264971,0.01899148419984842,-0.0060130771960345,0.025593451242829746,0.028153152185623753,0.020986354954014574,0.005062624696624329,-0.010003450069439257,0.01037422941203725,0.03335475861986881,0.015023999006325894,0.0041862469902065325,-0.0058742763611503435,0.02962968342692629,0.029500326382108755,0.011936194095961028,0.03126374528653453,-0.0007909812893772683,0.0016853193312642567,-0.012041715880122927,0.010758858062814847,0.1367698336841976,0.013277784039484875,0.02727389588470075
2025-03-17,0.0023888932558169262,0.011653255857822842,0.031892622022582584,0.008832837915028646,0.002016436960439405,0.03562841828042007,0.014019701385675098,0.019527257875713744,0.012799439659844314,0.0015862347189790071,0.018602854135482128,0.020483986618021532,0.00824429402550897,0.0,0.012128616775902712,-0.004443590394436425,0.018615740249982693,0.00868504741633469,0.03488012792117301,0.016127358749626897,0.018507215092519624,0.01636852858396387,0.0107860404858513,-0.0013707640620271855,0.011133955721995381,0.012938096406349464
2025-03-18,-0.006121429375262943,-0.019957933825289875,-0.008675587656218231,-0.017306918497525636,-0.017746060196180746,-0.012338411565791185,-0.035212811317281156,0.0030242185166755586,0.00203828491058089,-0.006276140903992644,-0.023797432472581703,-0.037712869596069676,-0.0033834534320015264,0.021844162351354557,-0.006759546656794235,-0.03726247510212444,-0.014946821642493058,0.0007353654661721443,-0.02109426986704732,0.007400274764929771,-0.015527737653002083,0.002152519599202485,-0.0035101057769979516,-0.03686378896357689,0.006776186536434414,0.00385834582228739
2025-03-19,0.01198932032463107,-0.008891791686043815,0.009025066678214566,0.005672621933156208,0.006053346569868889,-0.006466762478993582,0.0013435148566058874,0.0221104966670429,0.00537017708270926,-0.01221809065439361,0.021623951546364983,0.016434884890611512,0.011128110361126042,-0.021703656545527417,-0.010054279973017444,0.00291934857987175,0.015173619019650975,0.005830777581553148,0.031731826104477,-0.010052218565895,-0.005906489127942005,-0.005676374510718896,0.03564893649738732,-0.00031988295337170847,-0.011694382544592874,0.010735655675956357
2025-03-20,-0.005296458501596657,0.0044341711262763095,-0.004201119251348806,-0.006999039498287285,0.0003703605876617111,0.0062129185272497,0.004695864909221914,-0.015732543957389544,-0.0036823513119685902,-0.017209343906370744,-0.03555436806980983,-0.01741291318450655,0.0005409562744218555,-0.024353637736725275,-0.0007812039210780553,0.003321460218110417,-0.012662329956346863,-0.00490152707711855,-0.009015183965747409,0.010642545026937178,-0.006481726934697729,-0.008563289249386874,-0.00802712804505501,-0.008233406732849669,-0.004171279274626349,-0.003016041837013317
2025-03-21,0.019476826454002172,-0.006031610262290932,0.0010885617156177751,-0.0013978564603110977,-0.008513059130715317,-0.015730613122089232,0.004006238681352636,-0.0009990768935220773,-0.06449775283788872,0.016476938039455158,0.0022602975549137483,0.015822659483095247,-0.0012864267362145965,-0.0022225350155818946,0.008756808525230975,0.01749139394121757,-0.0060157709168464635,0.0010182879786786447,0.009938577452187847,0.00038647356771104313,-0.01155280631168032,-0.0046297649257796,0.002880233374062069,0.028396234151253363,-0.016071217281576677,-0.0007891300744053975
2025-03-24,0.011270431174758455,0.018617960216036122,0.028684144974121972,0.01754123605610114,-0.0023332576156513962,0.007468240182160857,0.016626025046603488,0.02500007360965828,0.05205572478751863,0.004964777683716726,0.01878058734682342,-0.0006227996702260485,0.014896589407660477,0.0,0.0068206885934671835,0.03790358694088458,0.01855537301326793,0.015684497991405033,0.01218380048865808,-0.02008696136211019,0.006875221901900375,0.012195033918871223,0.03555782971508381,0.04447042248960131,0.006081732616191271,0.029353635536487843
2025-03-25,0.013681911591246765,0.02324641518837267,-0.0013382560561560064,0.0027804852735615615,-0.02029937111553115,-0.020311297711186893,0.042738749637745155,0.0039024383479224767,-0.005158410407812952,-0.016546612883477363,0.005836133021021261,0.0031171080493059833,0.0027407037085631636,0.015250136472071851,-0.004003075198754313,0.0120547653552181,0.0022853869176389097,-0.00034936892632864147,0.026018779964030125,-0.0075885595231197644,-0.006213848184100312,-0.0008107942733437401,-0.013206415455840115,0.01253549347821803,-0.0505181969247801,-0.0008951367973908386
2025-03-26,-0.00992184063628776,-0.014443605386650238,0.0028142441190441847,-0.0044071833968197804,0.015086504001621703,-0.0028752903089590554,-0.023630302704446438,0.0009718911324061441,0.010785189878299128,0.019911717903981163,0.0017607775763224254,-0.0031074218795525965,0.0071722724919860426,-0.020590802981797718,0.025351604005653172,-0.024476834269347103,-0.005342108883736318,0.004753207363694001,-0.02670257570105694,-0.003276910588037918,0.021300097832719578,0.014531406000919622,-0.013918796128910893,0.003101804171232292,0.009640807134255969,-0.004479693925828032
2025-03-27,0.010472665543175053,-0.00417285556496072,0.0005344293335143302,-0.005306215543538606,0.019565379754443057,0.016087380058104506,0.004926098714955973,-0.03883504045943065,0.0010259278671633787,0.012461273646668936,-0.016497625316067577,-0.003740849621303277,0.015480498547649768,-0.026882524283867282,0.017639150254514346,-0.013748347431543073,-0.027770339254669096,0.002550761980582905,0.006253485948992443,0.01434675517038686,0.00692946280487905,0.02198008921625938,-0.012622126270004475,-0.004194669492325831,0.0,-0.012856775722477565
2025-03-28,-0.02658025247090634,-0.02635366048783594,-0.03232270126523851,-0.028323008511628833,0.006642703706384978,-0.022852875159013242,-0.004901951219353551,-0.018181764106773635,-0.009060375625168593,-0.004454304091849659,-0.008976078634310825,-0.018147594049506277,-0.030417545613028785,-0.012750205982328566,0.00325939613788484,-0.04288238752298068,-0.02425237664120361,0.001526606104797379,-0.04389175058021899,0.0052058178947060885,-0.002672464286910925,-0.012487096974982514,-0.0343642293611206,-0.02935139392092545,-0.01216109883377181,-0.025267028812839154
2025-03-31,0.01941241674373928,-0.005651895787187944,0.016011251516514058,0.0003336655259298382,0.008981674008021745,0.008865852180427458,0.010494788881542094,0.03189302356626489,0.00856398144666426,0.006888065690267231,0.019098427721134126,-0.006373410523814238,0.013891645686880949,-0.027982092822767424,0.008921734628948519,-0.0006587105472987131,0.013946608294814089,0.011131876115928918,-0.001413543729293032,-0.01143248801646568,0.004488510909022914,0.006718847827961394,0.0022777770861177604,0.019667864634629106,0.0030092642105254974,-0.014297163912105781
2025-04-01,0.004772185559612119,-0.0008603931200060755,0.010324530123130726,0.0023346916418489627,-0.005631692825206813,0.028333383636252707,0.02861378688827587,-0.008973154634166147,-0.007383706463244932,-0.008244160895686137,0.006756211840897253,0.05067334549803415,0.0007115029450746047,0.0007381842631688507,-0.0029477299052137473,0.01672559841949739,0.005515496965598388,-0.004156981875567456,-0.004450268869217733,0.007215650068607582,-0.0018008024970337377,0.006861373671261939,0.035222121591497624,0.020106932245799403,-0.006636839382986093,0.0033889116358458704
2025-04-02,0.0031363354016349376,0.006732741362418748,0.018286998756122053,0.012372583051330599,-0.010505110432501463,0.013113127174138928,0.038944970887877295,0.02112673179058633,0.013182943205922282,-0.033427640018799054,-0.0014380754142278018,0.02136763054568669,-0.002060008062899632,-0.004794412980103857,-0.022468571897367395,-0.0035323812234332452,0.0006093077600868302,0.0022935771701717567,0.0076908651232998615,-0.0016682428059694443,-0.0036746914111722706,-0.014820905676550478,0.025380661609760935,0.023000203309048617,0.008603191992686776,0.013780117788704027
2025-04-03,-0.09245618035294689,-0.04803255440388399,-0.17839687350573452,-0.0863562439814014,0.02252578406987249,-0.15372313641401925,-0.0398651010418164,-0.06009838961527425,-0.11954971465420616,0.01756632854530804,-0.025962022305160648,-0.13687987720869954,-0.03074652757689078,-0.040948671580668394,0.02676557018407877,-0.089582698767111,-0.05427708640496687,-0.003409583658736337,-0.01974303150664558,0.03293025388089643,0.015088534471932702,0.012587124120311488,-0.12911428532076863,-0.0385610823858904,-0.09146995843324146,-0.0238539564723933
2025-04-04,-0.07288746190437001,-0.04950304336495914,-0.028608256553396605,-0.05782312614838747,-0.042163264400327916,-0.09039348860999596,-0.08242102233099047,0.004192764575673191,-0.026591324172042463,-0.027512896581212587,-0.06575227091486024,-0.038088668124506286,-0.07686360015406013,-0.05206729587975434,-0.02341690423484777,-0.05058123525202718,-0.0918134868871,-0.07662463620675009,-0.0667248587723851,-0.04253906673668395,-0.0314461439296666,-0.07383638841455176,-0.03303114707586963,-0.022841049029272864,-0.024071133745813267,-0.07508532423208192
2025-04-07,-0.03673422126260195,-0.023977984191043356,0.013070787246219684,-0.027839615854811872,-0.033367879510340814,0.00037795615049684983,-0.01755963105469427,-0.035490652776834275,-0.023272390442094726,0.002218812154995753,-0.00747314293810708,-0.028077704823563976,-0.008677543326194748,-0.0004075546234395544,-0.01628694430108535,0.022824063361729596,0.01292263750131406,0.0024619198386932606,0.013985916115703434,-0.03210416280584816,-0.023327213801852764,-0.005803907527797025,0.0007944607010033078,-0.045720150672055926,-0.022003890743630072,0.004428089324838513
2025-04-08,-0.049818177330232194,-0.002054629239654604,-0.08263925858713272,-0.021852423481598993,-0.009263758801568933,-0.054579830490474435,-0.0650779145808501,-0.05952383045363063,-0.03488764299422897,-0.021525142540398057,-0.02103817181422507,-0.0799999970756734,-0.011534064452074833,-0.01488425088901768,-0.017936599461246372,-0.011234789076859486,-0.010812948871048556,-0.02083742613724593,0.002961453195615027,0.005647998829311662,-0.02018291906428238,-0.0014999810308174988,-0.037942507561690264,-0.04350737243406455,-0.0380912541473678,-0.019838442953321156
2025-04-09,0.15328843665210412,0.07247063131893383,0.13316728832507785,0.09881743234149942,0.0030512612811037787,0.12185382557530633,0.07941180732973518,0.09321066634077191,0.10031807721375352,0.03180384347618026,0.06460656599625847,0.20209337279266992,0.07569507068908554,-0.0350822992655998,0.03325003764212098,0.14755608085829275,0.08776355472530106,0.05692634206421299,0.08624765712112903,0.028387573088851648,0.03770478730173088,0.03491672526647149,0.1102309044867038,0.10725280213527211,0.08420371626876344,0.07691162095244586
2025-04-10,-0.042393787772871505,-0.040012138737805625,-0.061272561120993996,-0.03936750113169096,0.018251267757719347,-0.05092602943762237,-0.010445028948908863,-0.03789462389287612,-0.05295047506948891,-0.00042652379438967714,-0.024478343956080395,-0.027461490702609948,-0.03121676306878074,0.020913805079020742,-0.003172620573278717,-0.06739850542592096,-0.038678616452042625,-0.00556102208627951,-0.025701506980371325,0.020752736932860394,-0.009959333575106033,0.004786142361341783,-0.04994055332858216,-0.022687822294074178,-0.031105895737624234,-0.030906322763635807
2025-04-11,0.04059450740721626,0.006913336700830497,0.01138065133478161,0.01483605284221623,0.005589269642414907,0.03621020100062955,0.0004588490643926413,0.020787768168663234,0.006637655844123014,0.009506904656076953,0.025833116302243164,0.035812586040399275,0.02084753063866862,0.012606314695412735,0.016217076491036986,-0.004978941626630595,0.022411255448693712,0.018077940767253775,-0.0031263978948412596,0.028210021300363763,0.002011771815838781,0.009956425791476597,-0.008135085723599,0.018340552258524268,0.005385461982202244,0.024852689446490217
2025-04-14,0.022053996592583225,-0.00442590164607215,0.0220089109535484,0.015914049639852434,0.011787320421531966,0.006518213097965075,0.001146859025407787,0.04072876512633705,0.01289889482015738,0.028071491374518365,0.015203093695804082,-0.005319086106249982,0.005316341915941436,0.02209772623268691,0.018642713481932027,-0.02224201112078028,0.0004413376932910218,0.009659768671884894,0.014145813827956433,-0.00851452111180806,0.01606318028949727,0.015347843514861292,0.0059936900622601375,0.013251836048685295,0.016378132460729944,0.008971223043125365
2025-04-15,-0.0018763741147476143,-0.0015103552870131542,-0.01003877731719427,-0.01573182237192472,-0.004830499580762759,-0.021226869395275516,-0.0034364609538438673,-0.02677656503434267,-0.014730306079430822,-0.013799350765496321,0.006860080104996724,-0.04077537866682779,0.00960081726722617,0.017864386984125735,-0.018594469687044923,-0.018739993590368265,-0.005514458887437623,0.009825401355509689,0.04832059186957616,-0.004675732359151974,-0.026643881621727927,0.015496330724533047,0.0025085368403539032,-0.022279873480162138,-0.021992496660809935,0.005834928443426479
2025-04-16,-0.03893338032138549,-0.017666540199622882,-0.02469741201556852,-0.011212171820741745,-0.020081733511440714,-0.03216319203211382,-0.022528725108881154,-0.005290977436257838,-0.018278338789658677,-0.022149423777537258,-0.008849017146377869,-0.016724746009052716,-0.007634706059514995,0.004986092729293068,-0.008205247142994199,-0.036834659738600894,-0.03548713235294121,-0.023662514883233787,-0.015005903661035713,0.0009587346369199778,-0.019252329699326443,-0.026508133610466555,-0.01673438841466346,-0.023737049587890358,-0.02383428829780876,-0.016574648513063672
2025-04-17,0.013949730279158024,0.013393722417452514,0.03924201839728103,0.014165564333152414,0.023407006045786938,0.03437150173892389,0.03833492593054788,0.02446810682353351,0.019601151162664143,0.014370177596835898,0.0010057956730580297,0.03827069458358179,0.007595985980743736,-0.003175231958309155,0.012635360653027838,-0.0016523748904836433,-0.0019162918457389377,0.0011892110593179073,0.011854864820885824,0.03189347027926592,0.019630257896431358,0.009243615856018517,0.012247492040238228,0.023341639485079613,0.023673106528495413,0.004073046740973307
2025-04-21,-0.019392854269901894,-0.015997668484947436,0.0022590590609337102,-0.027660258955980566,-0.021163395088478754,-0.0014687968537409057,0.008833507954010722,-0.016614741645343156,-0.011708021381211298,-0.0007202598605486887,-0.010845372404731268,0.025255942713457546,-0.015483322598910054,,0.0065359438854795116,-0.03354074144253072,-0.031641182917001465,-0.020429958584257335,0.015292426142407889,0.0019491167294289902,-0.007771015901673506,-0.03266686684943709,-0.007228144918027035,0.022138402313722993,-0.001866678355968432,-0.013987970763484792
2025-04-22,0.03406499428742693,0.019491878146997488,0.020447648010513797,0.022581968269843822,0.006883772974571656,0.02849783998557265,0.03120788866360047,0.019007226359088802,0.007069023834277655,0.0058268761365407595,0.01981200330695776,0.029960093160641188,0.03536073757747693,,0.007821684806427642,0.03222882188779441,0.0812118941422817,0.01804289930159131,0.05307159757857405,0.008244541609426115,0.012206347981749577,0.019015240552197277,0.027540444986732693,0.03555117872023472,0.006129760372387327,0.017662119227016326
2025-04-23,0.024331638502555597,0.005858614419461672,0.0014200170651286204,0.015798444395662914,-0.01656233202867441,0.023596703058337276,-0.0030481033903381194,0.013471580437406372,0.021639102187476666,-0.005016886702070011,0.019012063261547585,0.014221095685382323,0.005082290919590449,0.030921842650103448,-0.013325466416144405,0.0399576752004871,-0.0019805408865710694,0.010409885521905249,0.00889135361658866,0.002902112099390841,-0.008364665521789938,0.0040651109917457795,0.025569786227559677,-0.0024560254585273,0.0038207687822939818,0.015264532116629148
2025-04-24,0.01842626323361718,0.025429061326061486,0.039861364033758395,0.03749531707471743,-0.018799511883990982,0.024275344417409306,-0.0052413556162522745,0.028629956206901452,0.022033836045489696,-0.015666116254066553,-0.06578936560330229,0.02570688589387249,0.010282887423760823,0.015091570640961782,-0.02760464045592581,0.02475630160725495,0.020726102883439568,0.009383343793779364,0.04504613080029585,-0.0030259909979678534,-0.04885421568174664,0.010911818741376367,0.025833551881466965,0.02168158694641953,0.01759089984395512,0.03652335529093209
2025-04-25,0.00436713498115382,0.01886896314730424,0.025909103370266084,-0.0013361105721722,-0.00898130757092197,0.012617208430740545,0.006805738276254303,-0.0019881215314601075,-0.019147857117598033,-0.004329674131644312,0.01343043579537162,0.0075188426420831345,-0.0036978896081746315,0.014495420210230314,0.0010683344186330768,0.026484150196779632,-0.011232693756302536,0.0048581799839670925,0.004248483712824269,-0.019064834465970737,-0.014263538797428366,-0.11217474937828487,0.00849208732555562,-0.0058559305856942245,-0.010210309245181182,0.007153277663377811
2025-04-28,0.004109273968162741,0.002447497806746135,-0.00339681878026854,0.0019904896590468013,-0.005034678561113948,-0.004209516996930618,0.00043611987565395083,-0.001991980906593027,-0.00028355830728521436,-0.0013474230703638401,0.016135214625006444,-0.012437845316898843,0.0018932676273217819,0.006960958793132521,-0.0074706004737770115,0.004513241803569379,0.004442112215135241,0.0018363511914087915,0.00803429899513608,0.017211346496035507,0.002848939119989069,0.017184323235426513,0.005516783850754603,0.007219717248488022,-0.008374998814878576,0.0017099156240931723
2025-04-29,0.0050919934157460656,0.006402300201838962,-0.01185548685547344,0.0011073925661941875,0.0020242031764805546,0.00760908285240447,0.005448997257625265,0.012973921949759326,-0.007801466455036432,0.012326768264395938,0.013677184740451542,-0.006926922215675813,0.00971023337573107,-0.01873751644569077,0.008448626460923148,0.00854946158383263,0.003262573634083221,0.011020601542390374,0.013743051467801859,-0.0019010472333634842,0.004111775367219517,0.0203573030252302,0.011261907603567156,0.009859221443234034,-0.0037078926680530477,0.01825104152850754
2025-04-30,0.006107585626286438,0.010782252093219702,0.00015005844604232266,0.006083169192765636,0.0033328945129253995,0.006209089690558223,-0.05744637902708771,-0.013793051708564263,0.002287397431698812,0.012843171197285841,0.010150838879591673,0.015218799530705596,0.015527641878251952,-0.02725240074035562,0.03777601575683831,-0.009811617951271057,0.003830080789257728,0.010625136906357469,0.0054013189246651105,0.015142780886534313,0.009455955549316775,0.02218634689013621,0.008709329966281265,0.013811696728859735,-0.014783519779250187,-0.00012897660653599097
2025-05-01,0.0038588909727230725,-0.0009333993633287019,0.005248175927432541,0.015164794719148,-0.07006238624113592,-0.01784516818159987,-0.02230913594561723,0.016982988611233374,-0.0012837710163645655,-0.0003587901161238305,-0.008932391676746643,-0.012492165458665827,-0.0026090309438463466,,-0.003816299687774083,0.042276868489486086,-0.007270934084687819,-0.002793054618193569,0.001546345883152389,-0.010132246376001519,-0.014972798703617674,0.00020254844021683205,-0.002264771297866286,-0.0068497165916454605,-0.007345216842486457,-0.00374001692163084
2025-05-02,-0.037361736221225184,0.01665640806407631,0.015364004197346848,0.03095937664452797,0.0060620151460148985,0.008490383201128937,0.04210776255478299,0.009823231109282293,0.04598690698521102,-0.022617295357912792,0.02457659254635658,0.025300325635619014,0.023343003051869093,,-0.0017680005947153798,0.043358222593530504,0.03031186453283996,-0.07455132567849099,0.02030933285085479,0.002843305392395301,0.001497520452169887,0.007611275723877542,0.03220325974446503,0.007329562355879782,0.019027536378414256,0.01268612759784582
2025-05-05,-0.031458456524213974,0.0004988642944891986,-0.006023269721880831,-0.0017610192601832386,-0.0017215562367807191,-0.028456019066386284,0.0176072823347051,-0.010700411682690203,-0.012424879290412583,0.020263225758379244,0.014783112394034736,0.004935396107548007,0.003092557885720826,0.011819914457794622,0.0007380783130994661,0.00376868176128875,-0.009009097691326406,-0.0025835764395135685,-0.01939492606911075,0.003307897190708564,-0.013158759664094521,-0.002330481087547076,0.007284253313773137,-0.0038401986383551634,-0.00871364763841298,0.0
2025-05-06,-0.0019107744308995978,0.00503861187223964,-0.014484268625791996,-0.006870715767503088,-0.007652679390516837,0.014384808125205595,0.0006654564791124251,0.026548692886441794,-0.016498541635277753,0.020100894835439753,-0.00024086876622464448,-0.007366586186979496,-0.003795980154069123,0.00352307385952888,-0.004277301604761363,-0.019957592555055692,-0.01974427459853212,0.017934156719355387,0.0032008797424118995,0.0068763697556457615,-0.009470423398204142,0.022150628498996516,0.00027278009488895805,-0.01813384499107784,-0.018313121302886204,-0.0023009113824846716
2025-05-07,-0.011384749387458926,0.0051960681426947986,0.02549482724423191,-0.001869867202033193,-0.0008689541659101518,0.012472245770329238,0.017956052929156474,-0.015325667517195773,0.01007451202324705,-0.007882054713035824,0.01706008347576038,0.023500107744792498,0.0131308931023848,-0.0024019968719781737,-0.004888307298794747,0.016175346708767302,0.004492092478309395,0.00608274516192675,0.015575448650845258,0.0001871213264064142,0.009025475405310956,-0.010007874096155889,0.01964262355347457,0.0142583788934465,0.0015989809213428074,0.0075592096710024315
2025-05-08,0.006318509532712513,-0.0025456814380876436,0.015209255887264739,0.012363799989444146,0.0020656242398044977,0.03341203531459036,0.04224744161070615,0.0,0.016932671635000007,0.00859676364871187,0.0030390359344130147,0.031420174425625946,0.0013950162966913648,0.023747191771908094,0.0005955429914563659,0.0020108283738851096,0.01788801529428219,-0.011513781856281491,-0.009503116376643472,-0.01861382560464242,-0.0037142702986676657,-0.015004362580804731,0.03732444628429321,-0.011256591928160531,0.031822095544529194,0.02047304962928953
2025-05-09,0.0052661511223814905,-0.0018489842785869293,-0.008211029912181145,0.0042251816717762125,-0.006617552551127837,-0.0040822251927471465,-0.019222774172794166,0.014591461497747593,-0.006295380081597912,0.0045849632842407395,-0.012912923262576759,0.008201362038941395,0.0026801606082753615,0.003931571444026005,-0.012645205477845534,-0.00923057234196667,0.010487725484996657,-0.009430571419313694,-0.003678666381605189,0.006385810232559352,-0.007532608651683925,-0.014869281681024415,0.006061425170071688,0.01012266456885813,-0.010933539420601823,0.013208692318925186
2025-05-12,0.06314609922458425,0.03303069218960042,0.065650288802507,0.051993069889602506,0.039423396009385936,0.07165103491590163,0.013847497760876681,0.02626448367869627,0.06941185181238896,-0.019426462903518238,0.01801770742650266,0.03079622877971988,0.016935096400410687,0.03504995962636426,-0.008136110137110797,0.07922473591703016,0.054207498159395184,0.015768745307350285,-0.026503684286453333,-0.03219993965177226,0.00950618892634969,-0.014314397714513705,0.05960772283271076,0.05153375006526928,0.05548023724963835,0.016726117958268505
2025-05-13,0.010152295700247338,0.003687405783895814,0.0054515182535457285,0.029163767691254394,-0.011346841509021433,0.0018361085456426451,-0.017230504143623704,0.004739447529869212,-0.007726913252862455,-0.02554012213599255,0.019314858778481492,0.003382041842243444,-0.002905059179353131,0.020431260621933234,-0.025672151160346823,0.025960762700455442,0.002727378543064596,0.0008960724114375207,0.025621637567743605,-0.010568587734832269,-0.010404028437304147,-0.012400227083703141,0.011371767700876223,-0.00036372737452927684,-0.013832607870863156,0.006169132061527582
2025-05-14,-0.0028178117705190964,0.005208876084577874,-0.005150906021721302,-0.008169335425324387,-0.009989411536892812,-0.02092254833131335,0.004062403781256441,0.004716902311956206,0.0028120791800736455,-0.009675374089264,-0.0029776725994390407,-0.01516838474216109,-0.005740690477937238,0.0,-0.00935463703775996,0.005075890100651792,-0.01897312431096365,0.0046458050474336154,0.011023832910874276,0.0005933760441529934,-0.014273571292561904,-0.008637338561164554,-0.004066851645599612,-0.0020619704554790674,-0.0016030057853195778,0.001081946832897751
2025-05-15,-0.004144435260722168,0.01306731720717913,-0.007494399297166665,0.0004290257111059237,0.01825226265999258,-0.006863241443617163,0.0008518082688926398,0.009389703123577453,-0.0029767261960316205,0.0121814582764328,0.03436498849689085,-0.0011409267290980463,0.015559467632867419,-0.013162714771794648,0.025181053532986608,-0.02347726270725936,0.005815617742562562,0.024999868110060275,0.023449356818550537,0.026094711760266565,0.023744660010528884,0.020697872755826907,-0.00024020890738130074,0.000875067692376108,0.007024576828236873,0.006965315893320501
2025-05-16,-0.0008985839062412015,0.030739584290094824,0.013179709653591054,0.010777216766926667,0.01332484436297321,0.023559036675524947,0.0004255416545462243,0.0046511783776477245,-0.006923124686165405,-0.023595296857752524,0.0003000948637772449,0.009137504047051381,0.001855157658873674,-0.013714093316823273,0.002763266401754505,-0.005497920842833848,0.029379899078947558,-0.0032895375915463765,0.011502770819129093,-0.005201868730518866,0.003650222822775051,0.010409681487798528,-0.005045692035282379,0.00303589651150582,0.009666133389717002,0.009183116117749135
2025-05-19,-0.011739086232724016,0.008510506919697791,-0.029810401391479724,-0.002856467336586954,0.0015655490162120866,0.0027618950772450024,0.00021263975831264936,-0.004629645072589894,-0.014770552030828554,-0.012240407464901404,0.006185238495043377,-0.005093215910411564,0.0053660162200441786,0.0043809819751263746,0.006123804770352237,0.00014055281429770083,0.00672722567025108,0.002616866965843956,9.233159824195702e-05,0.015299770790728529,-0.0014395798235408153,0.006552456232536974,-0.005433414320551222,-0.00702194717803839,-0.0057182412164753504,-0.015481034571831143
2025-05-20,-0.009196290225973569,-0.007297726009481975,-0.006284851665951718,-0.008735866065160969,0.009169451505705695,0.011170747947775617,0.002764215851361218,-0.002790707026588679,-0.022023747851768194,-0.005429784488111156,-0.0054393036124196215,0.014789528873699442,-0.00903811964059853,0.009861557886443606,0.0022823295583600522,-0.00519962769254656,6.492635143851011e-05,-0.005549121140094315,0.0003189051533434295,0.01211255535356437,7.592412332169118e-05,-0.012446286183061206,0.001821032531083011,0.01050988221386051,-0.015739971336096614,-0.002520694882087393
2025-05-21,-0.02305911477177236,-0.008572559799430612,-0.014054718886931883,-0.01997197751634361,-0.010531765365372037,-0.03662232857109349,-0.014206916266181424,-0.02238813493819347,-0.019580347270596876,-0.028323659455964934,-0.022775872768433625,-0.029148082688702837,-0.019909990462754545,-0.00037559271428333485,-0.009260645577475302,-0.002511295882299258,-0.030814223391627205,0.008299152001459031,0.0021895098228403853,0.006596243263445434,-0.012519184286428842,-0.0018656080218314441,-0.03393119329817573,-0.023286665151097785,-0.01742714788989641,-0.00998798852340732
2025-05-22,-0.003612234385890978,0.0007245556936772424,0.00869543638085113,0.007824589699439777,-0.006469717474834935,0.011938433103864776,0.03161964622356073,-0.0038167115264668983,0.009224722050778622,0.016987208952642385,-0.009583376999571236,0.035219340024621015,0.0010535167765512998,-0.01108403315262474,0.0035243041629902105,0.0016835826175658486,0.0025437098387950385,-0.011068386150399068,-0.005574951076920853,-0.0029956802268820137,-0.00023045962978307521,0.00024926853511697544,-0.009157149611696336,0.013934563677424405,0.011684955132171382,-0.002430982817586469
2025-05-23,-0.030244329373685708,-0.016025835314966375,-0.011871053100364959,-0.005214439932511694,0.007667228716326635,-0.011331833154709647,-0.007506268082230094,-0.007662956809564414,-0.010054423411661961,0.009684188807463912,0.0010063441778249693,-0.01059662082454671,-0.011505954671828134,-0.03989354400345091,0.009925110708852714,-0.014939416911942782,-0.009594261101933621,-0.006639366041021999,-0.002171735076064718,0.01624414913183836,-0.0059944902573296766,0.008554089166661338,-0.02683866484440134,-0.008162981514999612,-0.016499955348936668,-0.03399538108811884
2025-05-26,,,,,,,,,,,,,,0.020775583662773656,,,,,,,,,,,,
2025-05-27,,,,,,,,,,,,,,0.00019379947712927503,,,,,,,,,,,,
2025-05-28,0.0010488851004830657,-0.0021060157451788797,-0.009692630001085889,-0.005746664950117886,0.0007150560757618329,-0.011780620899425331,0.019215555259495032,-0.013579094278624138,-0.011876663436263812,-0.014725399150795848,-0.011358960069599466,-0.019031819226937086,0.0023843385301220987,0.027131812385287724,-0.004185305931404648,0.0019616737747951696,-0.005552188941593816,0.0009274995470736069,-0.002492586722282808,-0.014910080281972937,-0.005328419030119713,-0.0076019131784414995,-0.0059333809651919145,-0.01020623250785957,-0.00830352979843596,0.009759146111218309
2025-05-29,-0.002345136061230768,0.0027411259130083465,-0.07270693234993342,0.006580976310109454,0.001837491952885184,0.03621557742348691,0.02993199013976766,0.004916437293604803,0.014322001860832323,0.03476595896105139,-0.005955891943300928,-0.01662975614313622,0.0032296909833031684,-0.004150931275081038,0.01275897418420291,0.0022840435361968225,0.006524919105566518,-0.005702868603535083,-0.019602029126604026,0.006811112568885447,0.009566092419759809,-0.009150726051034508,-0.024620682420356532,0.011462551659091824,0.014058233945897447,0.0033890332454680205
2025-05-30,0.0045011768949494435,0.004185240583596261,-0.0006030666409601038,-0.010688148657584606,0.0017321298550021513,-0.020198876873232408,0.044536643157218725,0.015655629419204065,-0.009806591746231885,-0.00390526172326211,0.0014301869502730824,-0.021984320276239644,0.013534507308655241,-0.003599865998971663,0.0002963163069080732,0.003782687888621794,-0.008554372004339506,-0.007289229255598051,0.018879863532961005,0.0007516456943261751,-0.0035628122806588003,0.015854335941642095,0.0014024300235471188,0.117759979857053,-0.0057084340644155684,0.016387259426892564
